queue_id,queue_audit_status,source_id,paper_title,response_type,local_relpath,candidate_descriptor,candidate_type,candidate_label,pdf_page,source_page_render,render_status,candidate_text,next_action
DIG-002a60bc-rate,audited_candidate_available,002a60bc-55c8-4fdb-860a-1169fc99b2a8,Rice et al. - 2021 - Complex interactions with nutrients and sediment a.pdf,rate,literature/META_ANALYSIS_POOL/Rice et al. - 2021 - Complex interactions with nutrients and sediment a.pdf,figure:Figure 5:p9,figure,Figure 5,9,digitization/figures/source_pages/002a60bc__page-009.png,rendered,FIGURE 5. Percent of each wound healed (mean +/- SE; n = 10-11 per treatment) for massive Porites nubbins exposed to predation by Coralliophila violacea. Corals were exposed to nutrient enrichment and sediment addition.,"Crop exact figure/table panel from rendered source page; do not pool until panel, axes, units, variance, and sample size are verified."
DIG-002a60bc-survival,audited_candidate_available,002a60bc-55c8-4fdb-860a-1169fc99b2a8,Rice et al. - 2021 - Complex interactions with nutrients and sediment a.pdf,survival,literature/META_ANALYSIS_POOL/Rice et al. - 2021 - Complex interactions with nutrients and sediment a.pdf,figure:Figure 4:p7,figure,Figure 4,7,digitization/figures/source_pages/002a60bc__page-007.png,rendered,"FIGURE 4. The percent tissue mortality (mean +/- SE; n = 10-11 per treatment) of massive Porites nubbins after the addition of Coralliophila violacea snails, averaged over three study dates. Panels show significant two-way interactions among nutrient enrichment, snail predation, and sediment addition.","Crop exact figure/table panel from rendered source page; do not pool until panel, axes, units, variance, and sample size are verified."
DIG-034d4e10-rate,audited_candidate_available,034d4e10-aee2-4964-9c77-cb6f4174bd3e,Cróquer et al. - 2002 - Environmental factors affecting tissue regeneration of the reef - building coral Montastraea annular.pdf,rate,literature/META_ANALYSIS_POOL/Cróquer et al. - 2002 - Environmental factors affecting tissue regeneration of the reef - building coral Montastraea annular.pdf,figure:Fig. 2:p4,figure,Fig. 2,4,digitization/figures/source_pages/034d4e10__page-004.png,rendered,Fig. 2. Means and standard deviations of tissue regeneration of small injuries. a. Small-Top-Tissue lesion (STT). b. Small-Top-Skeleton lesion (STSk). c. Small-Bottom-Tissue lesion (SBT). d. Small-Bottom-Skeleton lesion (SBSk).,"Crop exact figure/table panel from rendered source page; do not pool until panel, axes, units, variance, and sample size are verified."
DIG-034d4e10-rate,audited_candidate_available,034d4e10-aee2-4964-9c77-cb6f4174bd3e,Cróquer et al. - 2002 - Environmental factors affecting tissue regeneration of the reef - building coral Montastraea annular.pdf,rate,literature/META_ANALYSIS_POOL/Cróquer et al. - 2002 - Environmental factors affecting tissue regeneration of the reef - building coral Montastraea annular.pdf,figure:Fig. 3:p4,figure,Fig. 3,4,digitization/figures/source_pages/034d4e10__page-004.png,rendered,Fig. 3. Means and standard deviations of tissue regeneration of large injuries. a. Large-Top-Tissue lesion (LTT). b. Large-Top-Skeleton lesion (LTSk). c. Large-Bottom-Tissue lesion (LBT). d. Large-Bottom-Skeleton lesion (LBSk).,"Crop exact figure/table panel from rendered source page; do not pool until panel, axes, units, variance, and sample size are verified."
DIG-034d4e10-rate,audited_candidate_available,034d4e10-aee2-4964-9c77-cb6f4174bd3e,Cróquer et al. - 2002 - Environmental factors affecting tissue regeneration of the reef - building coral Montastraea annular.pdf,rate,literature/META_ANALYSIS_POOL/Cróquer et al. - 2002 - Environmental factors affecting tissue regeneration of the reef - building coral Montastraea annular.pdf,figure:Fig. 4:p5,figure,Fig. 4,5,digitization/figures/source_pages/034d4e10__page-005.png,rendered,"Fig. 4. Representative images showing the tissue regeneration mechanism at 0, 3, 17, 60 and 90 days. a. Small-Top-Tissue lesion (STT) recovering homogeneously at many points. b. Small-Top-Skeleton lesion (STSk) recovering from the edge toward the center. c. Large-Bottom-Tissue lesion (LBT) recovering homogeneously at many points.","Crop exact figure/table panel from rendered source page; do not pool until panel, axes, units, variance, and sample size are verified."
DIG-034d4e10-rate,audited_candidate_available,034d4e10-aee2-4964-9c77-cb6f4174bd3e,Cróquer et al. - 2002 - Environmental factors affecting tissue regeneration of the reef - building coral Montastraea annular.pdf,rate,literature/META_ANALYSIS_POOL/Cróquer et al. - 2002 - Environmental factors affecting tissue regeneration of the reef - building coral Montastraea annular.pdf,table:Table 1:p6,table,Table 1,6,digitization/figures/source_pages/034d4e10__page-006.png,rendered,"TABLE 1. Means and standard deviations (in brackets) of tissue regeneration rates at each reef site for small-top-tissue, small-top-skeleton, large-top-tissue, large-top-skeleton, small-bottom-tissue, and small-bottom-skeleton lesions. Tissue regeneration rates are reported in cm2/day by monitoring day.","Crop exact figure/table panel from rendered source page; do not pool until panel, axes, units, variance, and sample size are verified."
DIG-04e10b24-rate,audited_candidate_available,04e10b24-592e-4cf3-8f94-226c7904262d,Kramarsky-Winter and Loya - 2000 - Tissue regeneration in the coral Fungia granulosa  the effect of extrinsic and intrinsic factors.pdf,rate,literature/META_ANALYSIS_POOL/Kramarsky-Winter and Loya - 2000 - Tissue regeneration in the coral Fungia granulosa  the effect of extrinsic and intrinsic factors.pdf,figure:Fig. 1:p3,figure,Fig. 1,3,digitization/figures/source_pages/04e10b24__page-003.png,rendered,Fig. 1. Fungia granulosa. A comparison of repair rates of three lesion sizes in large and small individuals during fall and spring experiments.,"Crop exact figure/table panel from rendered source page; do not pool until panel, axes, units, variance, and sample size are verified."
DIG-04e10b24-rate,audited_candidate_available,04e10b24-592e-4cf3-8f94-226c7904262d,Kramarsky-Winter and Loya - 2000 - Tissue regeneration in the coral Fungia granulosa  the effect of extrinsic and intrinsic factors.pdf,rate,literature/META_ANALYSIS_POOL/Kramarsky-Winter and Loya - 2000 - Tissue regeneration in the coral Fungia granulosa  the effect of extrinsic and intrinsic factors.pdf,table:Table 1:p4,table,Table 1,4,digitization/figures/source_pages/04e10b24__page-004.png,rendered,Table 1. Fungia granulosa. Percent of large corals undergoing complete recovery during fall and spring at two different temperature regimes in the laboratory.,"Crop exact figure/table panel from rendered source page; do not pool until panel, axes, units, variance, and sample size are verified."
DIG-06ab1757-survival,audited_candidate_available,06ab1757-8fe9-4325-96ed-6f3106b325e4,Raymundo et al. - 2016 - Effects of Coralliophila violacea on tissue loss in the scleractinian corals Porites spp. depend on.pdf,survival,literature/META_ANALYSIS_POOL/Raymundo et al. - 2016 - Effects of Coralliophila violacea on tissue loss in the scleractinian corals Porites spp. depend on.pdf,table:Table 1:p4,table,Table 1,4,digitization/figures/source_pages/06ab1757__page-004.png,rendered,"Table 1. Fate of feeding scars formed on healthy Porites rus plates (n = 10 per treatment; several plates contained more than one scar) partitioned by feeding treatment. Metrics include lesions progressing, scars healing, lesion progression rate, and feeding scar healing rate.","Crop exact figure/table panel from rendered source page; do not pool until panel, axes, units, variance, and sample size are verified."
DIG-06ab1757-survival,audited_candidate_available,06ab1757-8fe9-4325-96ed-6f3106b325e4,Raymundo et al. - 2016 - Effects of Coralliophila violacea on tissue loss in the scleractinian corals Porites spp. depend on.pdf,survival,literature/META_ANALYSIS_POOL/Raymundo et al. - 2016 - Effects of Coralliophila violacea on tissue loss in the scleractinian corals Porites spp. depend on.pdf,figure:Fig. 2:p4,figure,Fig. 2,4,digitization/figures/source_pages/06ab1757__page-004.png,rendered,"Fig. 2. Time series photographs of progressive tissue loss resembling white syndrome in Porites rus, originating from three feeding scars. Tissue continued to slough after the snail was removed; areas of tissue loss coalesced and additional tissue loss initiated along another feeding scar.","Crop exact figure/table panel from rendered source page; do not pool until panel, axes, units, variance, and sample size are verified."
DIG-070cf5f2-rate,audited_candidate_available,070cf5f2-ae03-4d99-8e1b-7e07f8428803,Loya - 1976 - Skeletal regeneration in a Red Sea scleractinian coral population.pdf,rate,literature/META_ANALYSIS_POOL/Loya - 1976 - Skeletal regeneration in a Red Sea scleractinian coral population.pdf,figure:Fig. 1:p1,figure,Fig. 1,1,digitization/figures/source_pages/070cf5f2__page-001.png,rendered,"Fig. 1 Skeletal growth rate in damaged colonies of S. pistillata. The corals were divided into size groups according to geometric mean radius after breakage; bars show radius, standard deviations, decrease after breakage, and estimated days of growth required to regain original radius.","Crop exact figure/table panel from rendered source page; do not pool until panel, axes, units, variance, and sample size are verified."
DIG-070cf5f2-rate,audited_candidate_available,070cf5f2-ae03-4d99-8e1b-7e07f8428803,Loya - 1976 - Skeletal regeneration in a Red Sea scleractinian coral population.pdf,rate,literature/META_ANALYSIS_POOL/Loya - 1976 - Skeletal regeneration in a Red Sea scleractinian coral population.pdf,figure:Fig. 2:p2,figure,Fig. 2,2,digitization/figures/source_pages/070cf5f2__page-002.png,rendered,Fig. 2 Comparison between the mean percentage increase in geometric mean radius per month of damaged corals and intact control corals belonging to the same size interval.,"Crop exact figure/table panel from rendered source page; do not pool until panel, axes, units, variance, and sample size are verified."
DIG-0ccdd954-rate,audited_candidate_available,0ccdd954-1740-44d7-a2c6-6280125057b5,Rice et al. - 2019 - Different nitrogen sources speed recovery from corallivory and uniquely alter the microbiome of a re.pdf,rate,literature/META_ANALYSIS_POOL/Rice et al. - 2019 - Different nitrogen sources speed recovery from corallivory and uniquely alter the microbiome of a re.pdf,figure:Figure 2:p8,figure,Figure 2,8,digitization/figures/source_pages/0ccdd954__page-008.png,rendered,Figure 2. Wound healing rates of Pocillopora meandrina. Wound healing rates (mm2 day-1; mean +/- SE) of wounded Pocillopora meandrina nubbins under different temperature and nutrient treatments. Points show data distribution; letters represent significant differences among treatments.,"Crop exact figure/table panel from rendered source page; do not pool until panel, axes, units, variance, and sample size are verified."
DIG-0ccdd954-rate,audited_candidate_available,0ccdd954-1740-44d7-a2c6-6280125057b5,Rice et al. - 2019 - Different nitrogen sources speed recovery from corallivory and uniquely alter the microbiome of a re.pdf,rate,literature/META_ANALYSIS_POOL/Rice et al. - 2019 - Different nitrogen sources speed recovery from corallivory and uniquely alter the microbiome of a re.pdf,table:Table 1:p9,table,Table 1,9,digitization/figures/source_pages/0ccdd954__page-009.png,rendered,Table 1. Linear mixed-effects model results for healing rate (mm2 day-1) of wounded corals with Kenward-Roger approximation for degrees of freedom.,"Crop exact figure/table panel from rendered source page; do not pool until panel, axes, units, variance, and sample size are verified."
DIG-12e9e864-rate,audited_candidate_available,12e9e864-5ff1-42c4-a63d-19b5d62a7464,Bak and Es - REGENERATION OF SUPERFICIAL DAMAGE IN THE SCLERACTINIAN CORALS AGARCA AGARCTES F. PURPUREA AND P.pdf,rate,literature/META_ANALYSIS_POOL/Bak and Es - REGENERATION OF SUPERFICIAL DAMAGE IN THE SCLERACTINIAN CORALS AGARCA AGARCTES F. PURPUREA AND P.pdf,figure:Figure I:p2,figure,Figure I,2,digitization/figures/source_pages/12e9e864__page-002.png,rendered,"Figure I. (Left) Rates of regeneration of the two coral species expressed as percentage of lesions completely recovered. Open circles, Agaricia agaricites 1 cm2 tissue lesions; closed circles, A. agaricites 1 cm2 tissue and skeleton lesions; open squares, Porites astreoides 1 cm2 tissue lesions; closed squares, P. astreoides 1 cm2 tissue and skeleton lesions. Figure 2. (Right) Regeneration in A. agaricites expressed as mean surface area of all lesions.","Crop exact figure/table panel from rendered source page; do not pool until panel, axes, units, variance, and sample size are verified."
DIG-12e9e864-rate,audited_candidate_available,12e9e864-5ff1-42c4-a63d-19b5d62a7464,Bak and Es - REGENERATION OF SUPERFICIAL DAMAGE IN THE SCLERACTINIAN CORALS AGARCA AGARCTES F. PURPUREA AND P.pdf,rate,literature/META_ANALYSIS_POOL/Bak and Es - REGENERATION OF SUPERFICIAL DAMAGE IN THE SCLERACTINIAN CORALS AGARCA AGARCTES F. PURPUREA AND P.pdf,figure:Figure 3:p3,figure,Figure 3,3,digitization/figures/source_pages/12e9e864__page-003.png,rendered,Figure 3. (Left) Regeneration in Porites astreoides expressed as mean surface area of all lesions. Figure 4. (Right) Regeneration expressed as percentage of lesions regenerating >75% of surface area. After about 70 days the number of lesions re-covering for 75% does not increase.,"Crop exact figure/table panel from rendered source page; do not pool until panel, axes, units, variance, and sample size are verified."
DIG-12e9e864-rate,audited_candidate_available,12e9e864-5ff1-42c4-a63d-19b5d62a7464,Bak and Es - REGENERATION OF SUPERFICIAL DAMAGE IN THE SCLERACTINIAN CORALS AGARCA AGARCTES F. PURPUREA AND P.pdf,rate,literature/META_ANALYSIS_POOL/Bak and Es - REGENERATION OF SUPERFICIAL DAMAGE IN THE SCLERACTINIAN CORALS AGARCA AGARCTES F. PURPUREA AND P.pdf,table:Table I:p3,table,Table I,3,digitization/figures/source_pages/12e9e864__page-003.png,rendered,Table I. Changes in size (area) of natural lesions on control colonies after a 140 days period.,"Crop exact figure/table panel from rendered source page; do not pool until panel, axes, units, variance, and sample size are verified."
DIG-1d237b2c-survival,audited_candidate_available,1d237b2c-1d5d-479a-985a-bde3d28a4fce,Wolf and Nugues - 2013 - Synergistic effects of algal overgrowth and corallivory on Caribbean reef‐building corals.pdf,survival,literature/META_ANALYSIS_POOL/Wolf and Nugues - 2013 - Synergistic effects of algal overgrowth and corallivory on Caribbean reef‐building corals.pdf,figure:FIG. 3:p6,figure,FIG. 3,6,digitization/figures/source_pages/1d237b2c__page-006.png,rendered,FIG. 3. Independent and combined effects of Halimeda opuntia and corallivores on coral mortality and bleaching for Hermodice carunculata on Montastraea faveolata and Coralliophila abbreviata on Montastraea annularis.,"Crop exact figure/table panel from rendered source page; do not pool until panel, axes, units, variance, and sample size are verified."
DIG-2059b598-rate,audited_candidate_available,2059b598-335f-4890-8512-6e1f86fed557,Sani et al. - 2024 - Ocean warming and acidification detrimentally affect coral tissue regeneration at a Mediterranean CO.pdf,rate,literature/META_ANALYSIS_POOL/Sani et al. - 2024 - Ocean warming and acidification detrimentally affect coral tissue regeneration at a Mediterranean CO.pdf,figure:Fig. 3:p4,figure,Fig. 3,4,digitization/figures/source_pages/2059b598__page-004.png,rendered,Fig. 3. Tissue regeneration rates in Balanophyllia europaea. Variation in tissue regeneration rates with average pH in the solitary zooxanthellate B. europaea analyzed at the four sites in two experimental periods. r = Spearman correlation coefficient; n = number of individuals.,"Crop exact figure/table panel from rendered source page; do not pool until panel, axes, units, variance, and sample size are verified."
DIG-2059b598-rate,audited_candidate_available,2059b598-335f-4890-8512-6e1f86fed557,Sani et al. - 2024 - Ocean warming and acidification detrimentally affect coral tissue regeneration at a Mediterranean CO.pdf,rate,literature/META_ANALYSIS_POOL/Sani et al. - 2024 - Ocean warming and acidification detrimentally affect coral tissue regeneration at a Mediterranean CO.pdf,figure:Fig. 4:p5,figure,Fig. 4,5,digitization/figures/source_pages/2059b598__page-005.png,rendered,Fig. 4. Tissue regeneration rates in Leptopsammia pruvoti. Variation in tissue regeneration rates with average pH in the solitary non-zooxanthellate L. pruvoti analyzed at the four sites in three experimental periods. r = Spearman correlation coefficient; n = number of individuals.,"Crop exact figure/table panel from rendered source page; do not pool until panel, axes, units, variance, and sample size are verified."
DIG-2059b598-rate,audited_candidate_available,2059b598-335f-4890-8512-6e1f86fed557,Sani et al. - 2024 - Ocean warming and acidification detrimentally affect coral tissue regeneration at a Mediterranean CO.pdf,rate,literature/META_ANALYSIS_POOL/Sani et al. - 2024 - Ocean warming and acidification detrimentally affect coral tissue regeneration at a Mediterranean CO.pdf,figure:Fig. 5:p5,figure,Fig. 5,5,digitization/figures/source_pages/2059b598__page-005.png,rendered,Fig. 5. Tissue regeneration rates in Astroides calycularis. Variation in tissue regeneration rates with average pH in the colonial non-zooxanthellate A. calycularis analyzed at the four sites in three experimental periods. r = Spearman correlation coefficient; n = number of individuals.,"Crop exact figure/table panel from rendered source page; do not pool until panel, axes, units, variance, and sample size are verified."
DIG-26d408bb-rate,audited_candidate_available,26d408bb-bf97-4b1a-8b59-a62f74d3d475,Van Woesik - 1998 - Lesion healing on massive Porites spp. corals.pdf,rate,literature/META_ANALYSIS_POOL/Van Woesik - 1998 - Lesion healing on massive Porites spp. corals.pdf,table:Table 1:p3,table,Table 1,3,digitization/figures/source_pages/26d408bb__page-003.png,rendered,"Table 1. Porites lutea and P. lobata. Regression analyses and slope comparisons for lesion healing on massive corals. Data were fitted to ln y = ln b - at, with intercept, slope, number of data points, variance accounted for, regression probability, and slope-comparison probability reported.","Crop exact figure/table panel from rendered source page; do not pool until panel, axes, units, variance, and sample size are verified."
DIG-26d408bb-rate,audited_candidate_available,26d408bb-bf97-4b1a-8b59-a62f74d3d475,Van Woesik - 1998 - Lesion healing on massive Porites spp. corals.pdf,rate,literature/META_ANALYSIS_POOL/Van Woesik - 1998 - Lesion healing on massive Porites spp. corals.pdf,figure:Fig. 1:p4,figure,Fig. 1,4,digitization/figures/source_pages/26d408bb__page-004.png,rendered,"Fig. 1. Regeneration of lesions on massive Porites spp. using the exponential equation y = be^-at and its equivalent ln y = ln b - at, with fitted regressions and 95% confidence limits for three lesion-size classes; time constants are 34, 59 and 83 days.","Crop exact figure/table panel from rendered source page; do not pool until panel, axes, units, variance, and sample size are verified."
DIG-26d408bb-rate,audited_candidate_available,26d408bb-bf97-4b1a-8b59-a62f74d3d475,Van Woesik - 1998 - Lesion healing on massive Porites spp. corals.pdf,rate,literature/META_ANALYSIS_POOL/Van Woesik - 1998 - Lesion healing on massive Porites spp. corals.pdf,table:Table 2:p5,table,Table 2,5,digitization/figures/source_pages/26d408bb__page-005.png,rendered,"Table 2. Porites lobata, P. lutea and P. solida. Ratio of lesion perimeter to surface area on massive corals, where H indicates completely healed and R indicates re-classified into a smaller size class at the first observation; lesion depth below low water datum is given.","Crop exact figure/table panel from rendered source page; do not pool until panel, axes, units, variance, and sample size are verified."
DIG-28b1e816-rate,audited_candidate_available,28b1e816-45f3-42fc-a2b0-0cfea52a0adc,"DeFilippo et al. - 2016 - Patterns of surface lesion recovery in the Northern Star Coral, Astrangia poculata.pdf",rate,"literature/META_ANALYSIS_POOL/DeFilippo et al. - 2016 - Patterns of surface lesion recovery in the Northern Star Coral, Astrangia poculata.pdf",figure:Fig. 3:p6,figure,Fig. 3,6,digitization/figures/source_pages/28b1e816__page-006.png,rendered,"Fig. 3. Healing patterns in Astrangia poculata. Mean proportion of the lesion area recovered for each wound group of symbiotic colonies, aposymbiotic colonies, all wound groups combined, and mean surface area of new tissue by recovery type. Error bars represent standard error from the mean.","Crop exact figure/table panel from rendered source page; do not pool until panel, axes, units, variance, and sample size are verified."
DIG-28b1e816-rate,audited_candidate_available,28b1e816-45f3-42fc-a2b0-0cfea52a0adc,"DeFilippo et al. - 2016 - Patterns of surface lesion recovery in the Northern Star Coral, Astrangia poculata.pdf",rate,"literature/META_ANALYSIS_POOL/DeFilippo et al. - 2016 - Patterns of surface lesion recovery in the Northern Star Coral, Astrangia poculata.pdf",table:Table 1:p6,table,Table 1,6,digitization/figures/source_pages/28b1e816__page-006.png,rendered,"Table 1. Model summary of beta regression for central recovery with logit link function. Pseudo-R2 = 0.555, Log-likelihood = 39.651, AICc = -67.427.","Crop exact figure/table panel from rendered source page; do not pool until panel, axes, units, variance, and sample size are verified."
DIG-28b1e816-rate,audited_candidate_available,28b1e816-45f3-42fc-a2b0-0cfea52a0adc,"DeFilippo et al. - 2016 - Patterns of surface lesion recovery in the Northern Star Coral, Astrangia poculata.pdf",rate,"literature/META_ANALYSIS_POOL/DeFilippo et al. - 2016 - Patterns of surface lesion recovery in the Northern Star Coral, Astrangia poculata.pdf",figure:Fig. 2:p4,figure,Fig. 2,4,digitization/figures/source_pages/28b1e816__page-004.png,rendered,"Fig. 2. Time series of wounding and recovery in Astrangia poculata. Pre-wounding and post-wounding images after 3, 7, 10, 15, 20, 30, and 60 days, with close-ups of single polyp recovery.","Crop exact figure/table panel from rendered source page; do not pool until panel, axes, units, variance, and sample size are verified."
DIG-292bbd72-rate,audited_candidate_available,292bbd72-e4b1-422c-8fbb-5b3201d2cd0c,Titlyanov and Titlyanova - 2009 - The dynamics of the restoration of mechanical damage to colonies of the scleractinian coral Porites.pdf,rate,literature/META_ANALYSIS_POOL/Titlyanov and Titlyanova - 2009 - The dynamics of the restoration of mechanical damage to colonies of the scleractinian coral Porites.pdf,figure:unlabeled figure:p3,figure,unlabeled figure,3,digitization/figures/source_pages/292bbd72__page-003.png,rendered,"Regeneration of damaged colonies of the coral Porites lutea. A, one of the coral colonies used in the experiment; B, mechanically damaged colony after 1 month of exposure to moderate illumination; C, regeneration of the damaged colony after 3 months of exposure to moderate illumination in an aquarium; D, a completely recovered colony fragment after 6 months of maintenance at moderate illumination.","Crop exact figure/table panel from rendered source page; do not pool until panel, axes, units, variance, and sample size are verified."
DIG-2b8676ad-growth,audited_candidate_available,2b8676ad-34ad-450c-8649-095d5be68458,Hall_Injury_and_regeneration_of_common_reef-crest_corals.pdf,growth,literature/META_ANALYSIS_POOL/INJURY AND REGENERATION OF COMMON REEF-CREST CORALS.pdf,table:Table 3.4:p74,table,Table 3.4,74,digitization/figures/source_pages/2b8676ad__page-074.png,rendered,"Table 3.4. (a) Linear extension of new growth for the two injury types (tissue removal and branch removal) inflicted on A. millepora and A. gemmifera in experiment 2b (mean + 1 SE). KW represents the Kruskal-Wallis statistic obtained by comparing the differences in linear extension between the two injury types, and P equals the probability. (b) Injury size and regeneration (percent of injury recovered) for the two injury types inflicted on A. millepora and A. gemmifera in experiment 2b (mean + 1 SE).","Crop exact figure/table panel from rendered source page; do not pool until panel, axes, units, variance, and sample size are verified."
DIG-2b8676ad-growth,audited_candidate_available,2b8676ad-34ad-450c-8649-095d5be68458,Hall_Injury_and_regeneration_of_common_reef-crest_corals.pdf,growth,literature/META_ANALYSIS_POOL/INJURY AND REGENERATION OF COMMON REEF-CREST CORALS.pdf,table:Table 5.1:p111,table,Table 5.1,111,digitization/figures/source_pages/2b8676ad__page-111.png,rendered,Table 5.1. Summary of ANCOVA results testing the effects of injury size and frequency on colony growth (cm2) and regeneration (cm2) for each species. The covariate for colony growth is initial colony size and the covariate for regeneration is injury size.,"Crop exact figure/table panel from rendered source page; do not pool until panel, axes, units, variance, and sample size are verified."
DIG-2b8676ad-growth,audited_candidate_available,2b8676ad-34ad-450c-8649-095d5be68458,Hall_Injury_and_regeneration_of_common_reef-crest_corals.pdf,growth,literature/META_ANALYSIS_POOL/INJURY AND REGENERATION OF COMMON REEF-CREST CORALS.pdf,figure:Figure 5.2:p109,figure,Figure 5.2,109,digitization/figures/source_pages/2b8676ad__page-109.png,rendered,"Figure 5.2. (a) Final colony size (cm2) adjusted for initial colony size by ANCOVA showing the effect of injury size and frequency of damage on absolute colony growth for each species. (b) The amount of regeneration (cm2) over nine months, adjusted for initial injury size by ANCOVA, for each injury treatment by species. Error bars represent one standard error.","Crop exact figure/table panel from rendered source page; do not pool until panel, axes, units, variance, and sample size are verified."
DIG-2b8676ad-rate,audited_candidate_available,2b8676ad-34ad-450c-8649-095d5be68458,Hall_Injury_and_regeneration_of_common_reef-crest_corals.pdf,rate,literature/META_ANALYSIS_POOL/INJURY AND REGENERATION OF COMMON REEF-CREST CORALS.pdf,figure:Figure 4.2:p89,figure,Figure 4.2,89,digitization/figures/source_pages/2b8676ad__page-089.png,rendered,Figure 4.2. Mean regeneration of injuries (expressed as a percentage of the original injury size) for injury type and species after 12 and 24 days. Error bars represent one SE.,"Crop exact figure/table panel from rendered source page; do not pool until panel, axes, units, variance, and sample size are verified."
DIG-2b8676ad-rate,audited_candidate_available,2b8676ad-34ad-450c-8649-095d5be68458,Hall_Injury_and_regeneration_of_common_reef-crest_corals.pdf,rate,literature/META_ANALYSIS_POOL/INJURY AND REGENERATION OF COMMON REEF-CREST CORALS.pdf,table:Table 4.1:p90,table,Table 4.1,90,digitization/figures/source_pages/2b8676ad__page-090.png,rendered,Table 4.1. Summary of the repeated measures ANOVA testing for differences in regeneration between species and injury types (Between Subject Effects) and how these patterns change between censuses (Within Subject Effects).,"Crop exact figure/table panel from rendered source page; do not pool until panel, axes, units, variance, and sample size are verified."
DIG-2b8676ad-rate,audited_candidate_available,2b8676ad-34ad-450c-8649-095d5be68458,Hall_Injury_and_regeneration_of_common_reef-crest_corals.pdf,rate,literature/META_ANALYSIS_POOL/INJURY AND REGENERATION OF COMMON REEF-CREST CORALS.pdf,table:Table 4.4:p94,table,Table 4.4,94,digitization/figures/source_pages/2b8676ad__page-094.png,rendered,Table 4.4. A summary of the repeated measures analysis of covariance testing for differences in regeneration between A. hyacinthus and M. tuberculosa for breakage injuries (Between Subject Effects) and how these patterns change between censuses (Within Subject Effects) after the effect of the amount of tissue available for regeneration (ATR) has been adjusted for.,"Crop exact figure/table panel from rendered source page; do not pool until panel, axes, units, variance, and sample size are verified."
DIG-2b8676ad-rate,audited_candidate_available,2b8676ad-34ad-450c-8649-095d5be68458,Hall_Injury_and_regeneration_of_common_reef-crest_corals.pdf,rate,literature/META_ANALYSIS_POOL/INJURY AND REGENERATION OF COMMON REEF-CREST CORALS.pdf,figure:Figure 3.1:p68,figure,Figure 3.1,68,digitization/figures/source_pages/2b8676ad__page-068.png,rendered,"Figure 3.1. A photographic series showing the recovery of the tissue and scraping injuries inflicted on Porites australiensis over time, where a = tissue injury and b = scraping injury.","Crop exact figure/table panel from rendered source page; do not pool until panel, axes, units, variance, and sample size are verified."
DIG-2b8676ad-reproduction,audited_candidate_available,2b8676ad-34ad-450c-8649-095d5be68458,Hall_Injury_and_regeneration_of_common_reef-crest_corals.pdf,reproduction,literature/META_ANALYSIS_POOL/INJURY AND REGENERATION OF COMMON REEF-CREST CORALS.pdf,table:Table 5.2:p112,table,Table 5.2,112,digitization/figures/source_pages/2b8676ad__page-112.png,rendered,"Table 5.2. Summary of ANOVA results testing colony-wide effects of injury size and frequency on egg volume per polyp (mm3), and the proportion of polyps with mature gonads (polyp fecundity) for the three species.","Crop exact figure/table panel from rendered source page; do not pool until panel, axes, units, variance, and sample size are verified."
DIG-2b8676ad-reproduction,audited_candidate_available,2b8676ad-34ad-450c-8649-095d5be68458,Hall_Injury_and_regeneration_of_common_reef-crest_corals.pdf,reproduction,literature/META_ANALYSIS_POOL/INJURY AND REGENERATION OF COMMON REEF-CREST CORALS.pdf,figure:Figure 5.3:p115,figure,Figure 5.3,115,digitization/figures/source_pages/2b8676ad__page-115.png,rendered,"Figure 5.3. Proportion of polyps with mature gonads averaged over colonies for injury treatments and position effects within colonies for A. hyacinthus, A. gemmifera, and G. retiformis.","Crop exact figure/table panel from rendered source page; do not pool until panel, axes, units, variance, and sample size are verified."
DIG-2b8676ad-reproduction,audited_candidate_available,2b8676ad-34ad-450c-8649-095d5be68458,Hall_Injury_and_regeneration_of_common_reef-crest_corals.pdf,reproduction,literature/META_ANALYSIS_POOL/INJURY AND REGENERATION OF COMMON REEF-CREST CORALS.pdf,table:Table 5.3:p113,table,Table 5.3,113,digitization/figures/source_pages/2b8676ad__page-113.png,rendered,Table 5.3. Summary of ANOVA results testing the localised effects of injury size and frequency on egg volume per polyp (mm3) and proportion of polyps with mature gonads (polyp fecundity) for the three species.,"Crop exact figure/table panel from rendered source page; do not pool until panel, axes, units, variance, and sample size are verified."
DIG-2e76dce4-reproduction,audited_candidate_available,2e76dce4-6cb4-46c0-b8c4-a1cc91b1578c,Van Veghel and Bak - 1994 - Reproductive characteristics of the polymorphic Caribbean reef building coral Montastrea annularis..pdf,reproduction,literature/META_ANALYSIS_POOL/Van Veghel and Bak - 1994 - Reproductive characteristics of the polymorphic Caribbean reef building coral Montastrea annularis..pdf,table:Table 2:p5,table,Table 2,5,digitization/figures/source_pages/2e76dce4__page-005.png,rendered,Table 2. Montastrea annularis. Fecundity (eggs per polyp) and aspects of reproductive effort for coral tissue adjacent to lesions and tissue more than 20 cm distant from lesion. One-way ANOVA F-values compare regenerated and normal samples.,"Crop exact figure/table panel from rendered source page; do not pool until panel, axes, units, variance, and sample size are verified."
DIG-32a1561c-survival,audited_candidate_available,32a1561c-9cd6-4e97-9287-c9e5eafafc22,Welsh et al. - 2015 - Clustered parrotfish feeding scars trigger partial coral mortality of massive Porites colonies on th.pdf,survival,literature/META_ANALYSIS_POOL/Welsh et al. - 2015 - Clustered parrotfish feeding scars trigger partial coral mortality of massive Porites colonies on th.pdf,figure:Fig. 1:p3,figure,Fig. 1,3,digitization/figures/source_pages/32a1561c__page-003.png,rendered,"Fig. 1. A single parrotfish (C. microrhinos) feeding scar, a scar cluster on the surface of a Porites colony, and a single scar resulting in partial coral mortality surrounding a scar.","Crop exact figure/table panel from rendered source page; do not pool until panel, axes, units, variance, and sample size are verified."
DIG-32a1561c-survival,audited_candidate_available,32a1561c-9cd6-4e97-9287-c9e5eafafc22,Welsh et al. - 2015 - Clustered parrotfish feeding scars trigger partial coral mortality of massive Porites colonies on th.pdf,survival,literature/META_ANALYSIS_POOL/Welsh et al. - 2015 - Clustered parrotfish feeding scars trigger partial coral mortality of massive Porites colonies on th.pdf,table:Table 1:p4,table,Table 1,4,digitization/figures/source_pages/32a1561c__page-004.png,rendered,Table 1. Results of the binary General Linear Model assessing the influence of initial scar count and colony size on the fate of feeding scars (n = 30).,"Crop exact figure/table panel from rendered source page; do not pool until panel, axes, units, variance, and sample size are verified."
DIG-32a1561c-survival,audited_candidate_available,32a1561c-9cd6-4e97-9287-c9e5eafafc22,Welsh et al. - 2015 - Clustered parrotfish feeding scars trigger partial coral mortality of massive Porites colonies on th.pdf,survival,literature/META_ANALYSIS_POOL/Welsh et al. - 2015 - Clustered parrotfish feeding scars trigger partial coral mortality of massive Porites colonies on th.pdf,figure:Fig. 2:p4,figure,Fig. 2,4,digitization/figures/source_pages/32a1561c__page-004.png,rendered,"Fig. 2. Logistic model of the relationship between the probability of feeding scar recovery, the number of feeding scars initially recorded, and the initial area-to-perimeter ratio. Each dot marks the final status of a scar after four months of monitoring as fully recovered, reduced, or expanded.","Crop exact figure/table panel from rendered source page; do not pool until panel, axes, units, variance, and sample size are verified."
DIG-33b7b9b2-rate,audited_candidate_available,33b7b9b2-9041-454b-bba3-abfadd68029f,Hall et al. - 2015 - Lesion recovery of two scleractinian corals under low pH conditions Implications for restoration ef.pdf,rate,literature/META_ANALYSIS_POOL/Hall et al. - 2015 - Lesion recovery of two scleractinian corals under low pH conditions Implications for restoration ef.pdf,figure:Fig. 1:p3,figure,Fig. 1,3,digitization/figures/source_pages/33b7b9b2__page-003.png,rendered,Fig. 1. Lesion recovery of representative Porites porites and P. astreoides after 10 days under 2 pH conditions (C-8.1 and L-7.6) and for 2 fragment sizes (1 x 1 cm and 5 x 5 cm).,"Crop exact figure/table panel from rendered source page; do not pool until panel, axes, units, variance, and sample size are verified."
DIG-33b7b9b2-rate,audited_candidate_available,33b7b9b2-9041-454b-bba3-abfadd68029f,Hall et al. - 2015 - Lesion recovery of two scleractinian corals under low pH conditions Implications for restoration ef.pdf,rate,literature/META_ANALYSIS_POOL/Hall et al. - 2015 - Lesion recovery of two scleractinian corals under low pH conditions Implications for restoration ef.pdf,figure:Fig. 2:p4,figure,Fig. 2,4,digitization/figures/source_pages/33b7b9b2__page-004.png,rendered,"Fig. 2. Average percent lesion recovery (mean +/- SEM, n = 9) after 10 days for (A) Porites porites and (B) P. astreoides in low (L-7.6) and control (C-8.1) pH and two fragment sizes (1 x 1 cm and 5 x 5 cm).","Crop exact figure/table panel from rendered source page; do not pool until panel, axes, units, variance, and sample size are verified."
DIG-347f789a-rate,audited_candidate_available,347f789a-ef73-4089-aa77-0e46f2b2d196,Townsend et al. - 2023 - Differing lesion recovery rates of two Caribbean stony coral species across a shallow water to mesop.pdf,rate,literature/META_ANALYSIS_POOL/Townsend et al. - 2023 - Differing lesion recovery rates of two Caribbean stony coral species across a shallow water to mesop.pdf,figure:Fig. 1:p4,figure,Fig. 1,4,digitization/figures/source_pages/347f789a__page-004.png,rendered,"Fig. 1. Sample images of lesion generation and recovery on an O. franksi individual and an A. lamarcki individual through time, including lesion boundaries used for determining tissue regeneration rate and lesion closure rate and polygons used for pigmentation recovery measurements.","Crop exact figure/table panel from rendered source page; do not pool until panel, axes, units, variance, and sample size are verified."
DIG-347f789a-rate,audited_candidate_available,347f789a-ef73-4089-aa77-0e46f2b2d196,Townsend et al. - 2023 - Differing lesion recovery rates of two Caribbean stony coral species across a shallow water to mesop.pdf,rate,literature/META_ANALYSIS_POOL/Townsend et al. - 2023 - Differing lesion recovery rates of two Caribbean stony coral species across a shallow water to mesop.pdf,figure:Fig. 2:p7,figure,Fig. 2,7,digitization/figures/source_pages/347f789a__page-007.png,rendered,"Fig. 2. Tissue regeneration rates, lesion closure rates, and pigmentation recovery rates for O. franksi individuals and A. lamarcki individuals. Points indicate actual values and lines indicate best-fit regression modeling outputs.","Crop exact figure/table panel from rendered source page; do not pool until panel, axes, units, variance, and sample size are verified."
DIG-347f789a-rate,audited_candidate_available,347f789a-ef73-4089-aa77-0e46f2b2d196,Townsend et al. - 2023 - Differing lesion recovery rates of two Caribbean stony coral species across a shallow water to mesop.pdf,rate,literature/META_ANALYSIS_POOL/Townsend et al. - 2023 - Differing lesion recovery rates of two Caribbean stony coral species across a shallow water to mesop.pdf,table:Table 1:p6,table,Table 1,6,digitization/figures/source_pages/347f789a__page-006.png,rendered,"Table 1. Slope, significant terms and r2 value of all linear regressions tested for O. franksi; Orbicella franksi recovery model summaries.","Crop exact figure/table panel from rendered source page; do not pool until panel, axes, units, variance, and sample size are verified."
DIG-347f789a-rate,audited_candidate_available,347f789a-ef73-4089-aa77-0e46f2b2d196,Townsend et al. - 2023 - Differing lesion recovery rates of two Caribbean stony coral species across a shallow water to mesop.pdf,rate,literature/META_ANALYSIS_POOL/Townsend et al. - 2023 - Differing lesion recovery rates of two Caribbean stony coral species across a shallow water to mesop.pdf,table:Table 2:p8,table,Table 2,8,digitization/figures/source_pages/347f789a__page-008.png,rendered,"Table 2. Slope, significant terms and r2 value of all linear regressions tested for A. lamarcki; Agaricia lamarcki recovery model summaries.","Crop exact figure/table panel from rendered source page; do not pool until panel, axes, units, variance, and sample size are verified."
DIG-398d01aa-survival,audited_candidate_available,398d01aa-1e0e-4c46-9989-8490ca8748d5,Meesters et al. - 1996 - Partial Mortality in Three Species of Reef-Building Corals and the Relation with Colony Morphology.pdf,survival,literature/META_ANALYSIS_POOL/Meesters et al. - 1996 - Partial Mortality in Three Species of Reef-Building Corals and the Relation with Colony Morphology.pdf,table:Table 4:p6,table,Table 4,6,digitization/figures/source_pages/398d01aa__page-006.png,rendered,"Table 4. Partial mortality measured as lesion size (cm2) in Acropora palmata, Diploria strigosa, and Porites astreoides. Lesions are grouped into type I and type II; Acropora lesions are separated by branch side.","Crop exact figure/table panel from rendered source page; do not pool until panel, axes, units, variance, and sample size are verified."
DIG-398d01aa-survival,audited_candidate_available,398d01aa-1e0e-4c46-9989-8490ca8748d5,Meesters et al. - 1996 - Partial Mortality in Three Species of Reef-Building Corals and the Relation with Colony Morphology.pdf,survival,literature/META_ANALYSIS_POOL/Meesters et al. - 1996 - Partial Mortality in Three Species of Reef-Building Corals and the Relation with Colony Morphology.pdf,figure:Figure 3:p9,figure,Figure 3,9,digitization/figures/source_pages/398d01aa__page-009.png,rendered,Figure 3. Percentage of colonies with and without partial mortality in colony size classes of Diploria strigosa and Porites astreoides. Total number of colonies is shown in white bars.,"Crop exact figure/table panel from rendered source page; do not pool until panel, axes, units, variance, and sample size are verified."
DIG-398d01aa-survival,audited_candidate_available,398d01aa-1e0e-4c46-9989-8490ca8748d5,Meesters et al. - 1996 - Partial Mortality in Three Species of Reef-Building Corals and the Relation with Colony Morphology.pdf,survival,literature/META_ANALYSIS_POOL/Meesters et al. - 1996 - Partial Mortality in Three Species of Reef-Building Corals and the Relation with Colony Morphology.pdf,table:Table 1:p5,table,Table 1,5,digitization/figures/source_pages/398d01aa__page-005.png,rendered,Table 1. Geometric mean number of lesions per colony and per square meter and percent colonies damaged for the three surveyed species.,"Crop exact figure/table panel from rendered source page; do not pool until panel, axes, units, variance, and sample size are verified."
DIG-398d01aa-survival,audited_candidate_available,398d01aa-1e0e-4c46-9989-8490ca8748d5,Meesters et al. - 1996 - Partial Mortality in Three Species of Reef-Building Corals and the Relation with Colony Morphology.pdf,survival,literature/META_ANALYSIS_POOL/Meesters et al. - 1996 - Partial Mortality in Three Species of Reef-Building Corals and the Relation with Colony Morphology.pdf,table:Table 2:p5,table,Table 2,5,digitization/figures/source_pages/398d01aa__page-005.png,rendered,"Table 2. Acropora palmata. Relation of lesion abundance to reef location, lesion type, and branch side.","Crop exact figure/table panel from rendered source page; do not pool until panel, axes, units, variance, and sample size are verified."
DIG-398d01aa-survival,audited_candidate_available,398d01aa-1e0e-4c46-9989-8490ca8748d5,Meesters et al. - 1996 - Partial Mortality in Three Species of Reef-Building Corals and the Relation with Colony Morphology.pdf,survival,literature/META_ANALYSIS_POOL/Meesters et al. - 1996 - Partial Mortality in Three Species of Reef-Building Corals and the Relation with Colony Morphology.pdf,table:Table 3:p6,table,Table 3,6,digitization/figures/source_pages/398d01aa__page-006.png,rendered,"Table 3. Number of lesions per branch per colony, including geometric mean of type I and II lesions, damaged branches, and maximum number per branch.","Crop exact figure/table panel from rendered source page; do not pool until panel, axes, units, variance, and sample size are verified."
DIG-3d374a40-growth,audited_candidate_available,3d374a40-79d3-413b-99c2-670f9da97bef,"Dias et al. - 2018 - Mortality, growth and regeneration following fragmentation of reef-forming corals under thermal stre.pdf",growth,"literature/META_ANALYSIS_POOL/Dias et al. - 2018 - Mortality, growth and regeneration following fragmentation of reef-forming corals under thermal stre.pdf",table:Table 1:p3,table,Table 1,3,digitization/figures/source_pages/3d374a40__page-003.png,rendered,"Table 1. Summary of results of PERMANOVA permutation tests applied to report the effects of temperature, coral species and presence/absence of injury in coral fragments' mortality, partial mortality, growth and regeneration rates. Significant differences are marked in bold.","Crop exact figure/table panel from rendered source page; do not pool until panel, axes, units, variance, and sample size are verified."
DIG-3d374a40-growth,audited_candidate_available,3d374a40-79d3-413b-99c2-670f9da97bef,"Dias et al. - 2018 - Mortality, growth and regeneration following fragmentation of reef-forming corals under thermal stre.pdf",growth,"literature/META_ANALYSIS_POOL/Dias et al. - 2018 - Mortality, growth and regeneration following fragmentation of reef-forming corals under thermal stre.pdf",table:Table 2:p8,table,Table 2,8,digitization/figures/source_pages/3d374a40__page-008.png,rendered,Table 2. Coral fragments' average growth rate ± standard deviation in the three temperature experiments (g g−1 day−1). NA – not available.,"Crop exact figure/table panel from rendered source page; do not pool until panel, axes, units, variance, and sample size are verified."
DIG-3d374a40-rate,audited_candidate_available,3d374a40-79d3-413b-99c2-670f9da97bef,"Dias et al. - 2018 - Mortality, growth and regeneration following fragmentation of reef-forming corals under thermal stre.pdf",rate,"literature/META_ANALYSIS_POOL/Dias et al. - 2018 - Mortality, growth and regeneration following fragmentation of reef-forming corals under thermal stre.pdf",table:Table 3:p8,table,Table 3,8,digitization/figures/source_pages/3d374a40__page-008.png,rendered,Table 3. Coral fragments' average regeneration rate ± standard deviation in the three temperature experiments (mm2 day−1) measured until complete regeneration or the last time point they were still alive. For more information see Supplementary material – Table 1.,"Crop exact figure/table panel from rendered source page; do not pool until panel, axes, units, variance, and sample size are verified."
DIG-3d374a40-rate,audited_candidate_available,3d374a40-79d3-413b-99c2-670f9da97bef,"Dias et al. - 2018 - Mortality, growth and regeneration following fragmentation of reef-forming corals under thermal stre.pdf",rate,"literature/META_ANALYSIS_POOL/Dias et al. - 2018 - Mortality, growth and regeneration following fragmentation of reef-forming corals under thermal stre.pdf",table:Table 1:p3,table,Table 1,3,digitization/figures/source_pages/3d374a40__page-003.png,rendered,"Table 1. Summary of results of PERMANOVA permutation tests applied to report the effects of temperature, coral species and presence/absence of injury in coral fragments' mortality, partial mortality, growth and regeneration rates. Significant differences are marked in bold.","Crop exact figure/table panel from rendered source page; do not pool until panel, axes, units, variance, and sample size are verified."
DIG-3d374a40-survival,audited_candidate_available,3d374a40-79d3-413b-99c2-670f9da97bef,"Dias et al. - 2018 - Mortality, growth and regeneration following fragmentation of reef-forming corals under thermal stre.pdf",survival,"literature/META_ANALYSIS_POOL/Dias et al. - 2018 - Mortality, growth and regeneration following fragmentation of reef-forming corals under thermal stre.pdf",figure:Fig. 1:p5,figure,Fig. 1,5,digitization/figures/source_pages/3d374a40__page-005.png,rendered,Fig. 1. Mortality of the coral species' fragments studied throughout the three temperature experiments.,"Crop exact figure/table panel from rendered source page; do not pool until panel, axes, units, variance, and sample size are verified."
DIG-3d374a40-survival,audited_candidate_available,3d374a40-79d3-413b-99c2-670f9da97bef,"Dias et al. - 2018 - Mortality, growth and regeneration following fragmentation of reef-forming corals under thermal stre.pdf",survival,"literature/META_ANALYSIS_POOL/Dias et al. - 2018 - Mortality, growth and regeneration following fragmentation of reef-forming corals under thermal stre.pdf",table:Table 1:p3,table,Table 1,3,digitization/figures/source_pages/3d374a40__page-003.png,rendered,"Table 1. Summary of results of PERMANOVA permutation tests applied to report the effects of temperature, coral species and presence/absence of injury in coral fragments' mortality, partial mortality, growth and regeneration rates. Significant differences are marked in bold.","Crop exact figure/table panel from rendered source page; do not pool until panel, axes, units, variance, and sample size are verified."
DIG-3d374a40-survival,audited_candidate_available,3d374a40-79d3-413b-99c2-670f9da97bef,"Dias et al. - 2018 - Mortality, growth and regeneration following fragmentation of reef-forming corals under thermal stre.pdf",survival,"literature/META_ANALYSIS_POOL/Dias et al. - 2018 - Mortality, growth and regeneration following fragmentation of reef-forming corals under thermal stre.pdf",figure:Fig. 2:p6,figure,Fig. 2,6,digitization/figures/source_pages/3d374a40__page-006.png,rendered,"Fig. 2. Partial mortality of the coral species' fragments studied throughout the three temperature experiments separated in percentage classes [0,25%[, [25,50%[, [50,75%[ and [75,100%].","Crop exact figure/table panel from rendered source page; do not pool until panel, axes, units, variance, and sample size are verified."
DIG-3f852e08-growth,audited_candidate_available,3f852e08-6b2f-488b-9351-0f78b2ba41a5,Palacios et al. - 2014 - Fish corallivory on a pocilloporid reef and experimental coral responses to predation.pdf,growth,literature/META_ANALYSIS_POOL/Palacios et al. - 2014 - Fish corallivory on a pocilloporid reef and experimental coral responses to predation.pdf,figure:Fig. 6:p8,figure,Fig. 6,8,digitization/figures/source_pages/3f852e08__page-008.png,rendered,"Fig. 6. Mean (+/- 95% CI) growth in terms of (a) normalized linear extension and (b) normalized weight of Pocillopora spp. nubbins in each of three predation treatments (Predation, cage control = CC, and Predation exclusion), plus (c) ratio between normalized weight gained and increased linear extension.","Crop exact figure/table panel from rendered source page; do not pool until panel, axes, units, variance, and sample size are verified."
DIG-3f852e08-growth,audited_candidate_available,3f852e08-6b2f-488b-9351-0f78b2ba41a5,Palacios et al. - 2014 - Fish corallivory on a pocilloporid reef and experimental coral responses to predation.pdf,growth,literature/META_ANALYSIS_POOL/Palacios et al. - 2014 - Fish corallivory on a pocilloporid reef and experimental coral responses to predation.pdf,figure:Fig. 5:p8,figure,Fig. 5,8,digitization/figures/source_pages/3f852e08__page-008.png,rendered,"Fig. 5. Adjusted mean (+/- 95% CI) of the change in weight attained by pocilloporid colonies exposed to different levels of simulated bite-inflicted damage (control = 0% or no damage, and 25, 50, or 75% of colony branch tips damaged). Means of change in weight were adjusted by ANCOVA to the mean initial weight of colonies.","Crop exact figure/table panel from rendered source page; do not pool until panel, axes, units, variance, and sample size are verified."
DIG-3f852e08-growth,audited_candidate_available,3f852e08-6b2f-488b-9351-0f78b2ba41a5,Palacios et al. - 2014 - Fish corallivory on a pocilloporid reef and experimental coral responses to predation.pdf,growth,literature/META_ANALYSIS_POOL/Palacios et al. - 2014 - Fish corallivory on a pocilloporid reef and experimental coral responses to predation.pdf,table:Table 1:p9,table,Table 1,9,digitization/figures/source_pages/3f852e08__page-009.png,rendered,"Table 1. Carbonate budget estimated for La Azufrada coral reef, considering only the production of Pocillopora spp. and the destruction by the puffer Arothron meleagris.","Crop exact figure/table panel from rendered source page; do not pool until panel, axes, units, variance, and sample size are verified."
DIG-40359446-growth,audited_candidate_available,40359446-8345-4a72-8169-af86ad3de9d6,Lenihan and Edmunds - 2010 - Response of Pocillopora verrucosa to corallivory varies with environmental conditions.pdf,growth,literature/META_ANALYSIS_POOL/Lenihan and Edmunds - 2010 - Response of Pocillopora verrucosa to corallivory varies with environmental conditions.pdf,figure:Fig. 1:p7,figure,Fig. 1,7,digitization/figures/source_pages/40359446__page-007.png,rendered,Fig. 1. Pocillopora verrucosa. Growth after 10 d incubation at high/low flow and high/low temperature for corals that were injured or uninjured in two replicate trials.,"Crop exact figure/table panel from rendered source page; do not pool until panel, axes, units, variance, and sample size are verified."
DIG-40359446-growth,audited_candidate_available,40359446-8345-4a72-8169-af86ad3de9d6,Lenihan and Edmunds - 2010 - Response of Pocillopora verrucosa to corallivory varies with environmental conditions.pdf,growth,literature/META_ANALYSIS_POOL/Lenihan and Edmunds - 2010 - Response of Pocillopora verrucosa to corallivory varies with environmental conditions.pdf,table:Table 2:p7,table,Table 2,7,digitization/figures/source_pages/40359446__page-007.png,rendered,"Table 2. Results of a 3-way, blocked ANOVA comparing the growth in buoyant weight of Pocillopora verrucosa nubbins as a function of injury, flow speed, temperature, and their interaction in the laboratory experiment.","Crop exact figure/table panel from rendered source page; do not pool until panel, axes, units, variance, and sample size are verified."
DIG-40359446-growth,audited_candidate_available,40359446-8345-4a72-8169-af86ad3de9d6,Lenihan and Edmunds - 2010 - Response of Pocillopora verrucosa to corallivory varies with environmental conditions.pdf,growth,literature/META_ANALYSIS_POOL/Lenihan and Edmunds - 2010 - Response of Pocillopora verrucosa to corallivory varies with environmental conditions.pdf,table:Table 4:p8,table,Table 4,8,digitization/figures/source_pages/40359446__page-008.png,rendered,"Table 4. Results of a 2-way ANOVA comparing the growth in buoyant weight of juvenile Pocillopora verrucosa as a function of substrate type, predation, and their interaction.","Crop exact figure/table panel from rendered source page; do not pool until panel, axes, units, variance, and sample size are verified."
DIG-40359446-rate,audited_candidate_available,40359446-8345-4a72-8169-af86ad3de9d6,Lenihan and Edmunds - 2010 - Response of Pocillopora verrucosa to corallivory varies with environmental conditions.pdf,rate,literature/META_ANALYSIS_POOL/Lenihan and Edmunds - 2010 - Response of Pocillopora verrucosa to corallivory varies with environmental conditions.pdf,figure:Fig. 2:p8,figure,Fig. 2,8,digitization/figures/source_pages/40359446__page-008.png,rendered,Fig. 2. Pocillopora verrucosa. Mean percent (+ SE) of lesions healed at the end of the 10 d trials; results from the two trials are pooled.,"Crop exact figure/table panel from rendered source page; do not pool until panel, axes, units, variance, and sample size are verified."
DIG-45fcfd8e-survival,audited_candidate_available,45fcfd8e-a2d2-4345-aec0-baeb03f883a4,Jayewardene et al. - 2009 - Effects of frequent fish predation on corals in Hawaii.pdf,survival,literature/META_ANALYSIS_POOL/Jayewardene et al. - 2009 - Effects of frequent fish predation on corals in Hawaii.pdf,figure:Fig. 6:p7,figure,Fig. 6,7,digitization/figures/source_pages/45fcfd8e__page-007.png,rendered,"Fig. 6. Probability of over-predation versus coral cover (C) and healing time (h). The surface is the model prediction as a function of C and h, the line is the model prediction for the measured healing time h = 42 days, and the points are site-specific probabilities of over-predation.","Crop exact figure/table panel from rendered source page; do not pool until panel, axes, units, variance, and sample size are verified."
DIG-4cc9b30b-growth,audited_candidate_available,4cc9b30b-9ed8-4123-82aa-2f182db391b7,Jayewardene - 2010 - Experimental determination of the cost of lesion healing on Porites compressa growth.pdf,growth,literature/META_ANALYSIS_POOL/Jayewardene - 2010 - Experimental determination of the cost of lesion healing on Porites compressa growth.pdf,figure:Fig. 2:p3,figure,Fig. 2,3,digitization/figures/source_pages/4cc9b30b__page-003.png,rendered,"Fig. 2. The average cumulative weight gain (g cm-2) for 5-cm undamaged controls, 4-cm treatment nubbins, 2-cm treatment nubbins, and 1-cm treatment nubbins over the 3-month monitoring period. The dashed line indicates the average time of scar healing.","Crop exact figure/table panel from rendered source page; do not pool until panel, axes, units, variance, and sample size are verified."
DIG-4cc9b30b-rate,audited_candidate_available,4cc9b30b-9ed8-4123-82aa-2f182db391b7,Jayewardene - 2010 - Experimental determination of the cost of lesion healing on Porites compressa growth.pdf,rate,literature/META_ANALYSIS_POOL/Jayewardene - 2010 - Experimental determination of the cost of lesion healing on Porites compressa growth.pdf,figure:Fig. 2:p3,figure,Fig. 2,3,digitization/figures/source_pages/4cc9b30b__page-003.png,rendered,"Fig. 2. The average cumulative weight gain (g cm-2) for 5-cm undamaged controls, 4-cm treatment nubbins, 2-cm treatment nubbins, and 1-cm treatment nubbins over the 3-month monitoring period. The dashed line indicates the average time of scar healing.","Crop exact figure/table panel from rendered source page; do not pool until panel, axes, units, variance, and sample size are verified."
DIG-58b15640-growth,audited_candidate_available,58b15640-3061-4ea9-a606-877701eef38c,"Hamman - 2019 - Spatial distribution of damage affects the healing, growth, and morphology of coral.pdf",growth,"literature/META_ANALYSIS_POOL/Hamman - 2019 - Spatial distribution of damage affects the healing, growth, and morphology of coral.pdf",figure:Fig. 3:p8,figure,Fig. 3,8,digitization/figures/source_pages/58b15640__page-008.png,rendered,Fig. 3. Effect of lesion spacing on coral growth rates at different locations on the colony represented by the angle of growth.,"Crop exact figure/table panel from rendered source page; do not pool until panel, axes, units, variance, and sample size are verified."
DIG-58b15640-growth,audited_candidate_available,58b15640-3061-4ea9-a606-877701eef38c,"Hamman - 2019 - Spatial distribution of damage affects the healing, growth, and morphology of coral.pdf",growth,"literature/META_ANALYSIS_POOL/Hamman - 2019 - Spatial distribution of damage affects the healing, growth, and morphology of coral.pdf",table:Table 2:p7,table,Table 2,7,digitization/figures/source_pages/58b15640__page-007.png,rendered,Table 2. Model selection information: effect of lesion spacing on linear extension.,"Crop exact figure/table panel from rendered source page; do not pool until panel, axes, units, variance, and sample size are verified."
DIG-58b15640-growth,audited_candidate_available,58b15640-3061-4ea9-a606-877701eef38c,"Hamman - 2019 - Spatial distribution of damage affects the healing, growth, and morphology of coral.pdf",growth,"literature/META_ANALYSIS_POOL/Hamman - 2019 - Spatial distribution of damage affects the healing, growth, and morphology of coral.pdf",figure:Fig. 2:p7,figure,Fig. 2,7,digitization/figures/source_pages/58b15640__page-007.png,rendered,Fig. 2. Effect of lesion spacing on percent of lesion healed and coral skeletal growth rate after 20 and 39 days. Values plotted are fitted values from the mixed effects model and error bars represent +/- 1 SE.,"Crop exact figure/table panel from rendered source page; do not pool until panel, axes, units, variance, and sample size are verified."
DIG-58b15640-growth,audited_candidate_available,58b15640-3061-4ea9-a606-877701eef38c,"Hamman - 2019 - Spatial distribution of damage affects the healing, growth, and morphology of coral.pdf",growth,"literature/META_ANALYSIS_POOL/Hamman - 2019 - Spatial distribution of damage affects the healing, growth, and morphology of coral.pdf",table:Table 3:p7,table,Table 3,7,digitization/figures/source_pages/58b15640__page-007.png,rendered,Table 3. Parameter estimates: effect of lesion spacing on linear extension.,"Crop exact figure/table panel from rendered source page; do not pool until panel, axes, units, variance, and sample size are verified."
DIG-58b15640-rate,audited_candidate_available,58b15640-3061-4ea9-a606-877701eef38c,"Hamman - 2019 - Spatial distribution of damage affects the healing, growth, and morphology of coral.pdf",rate,"literature/META_ANALYSIS_POOL/Hamman - 2019 - Spatial distribution of damage affects the healing, growth, and morphology of coral.pdf",figure:Fig. 2:p7,figure,Fig. 2,7,digitization/figures/source_pages/58b15640__page-007.png,rendered,Fig. 2. Effect of lesion spacing on percent of lesion healed and coral skeletal growth rate after 20 and 39 days. Values plotted are fitted values from the mixed effects model and error bars represent +/- 1 SE.,"Crop exact figure/table panel from rendered source page; do not pool until panel, axes, units, variance, and sample size are verified."
DIG-5f4a560f-rate,audited_candidate_available,5f4a560f-1449-4b1d-96ad-236a0da5fcb7,Horwitz and Fine - 2014 - High CO2 detrimentally affects tissue regeneration of Red Sea corals.pdf,rate,literature/META_ANALYSIS_POOL/Horwitz and Fine - 2014 - High CO2 detrimentally affects tissue regeneration of Red Sea corals.pdf,figure:Fig. 1:p3,figure,Fig. 1,3,digitization/figures/source_pages/5f4a560f__page-003.png,rendered,"Fig. 1. Lesion recovery of representative Stylophora pistillata fragments after 0, 30, and 60 d under three pCO2 treatments (400, 1,800, and 4,000 uatm).","Crop exact figure/table panel from rendered source page; do not pool until panel, axes, units, variance, and sample size are verified."
DIG-5f4a560f-rate,audited_candidate_available,5f4a560f-1449-4b1d-96ad-236a0da5fcb7,Horwitz and Fine - 2014 - High CO2 detrimentally affects tissue regeneration of Red Sea corals.pdf,rate,literature/META_ANALYSIS_POOL/Horwitz and Fine - 2014 - High CO2 detrimentally affects tissue regeneration of Red Sea corals.pdf,figure:Fig. 2:p5,figure,Fig. 2,5,digitization/figures/source_pages/5f4a560f__page-005.png,rendered,"Fig. 2. Percentage tissue regeneration of lesions after 60 d under three pCO2 treatments (400, 1,800, and 4,000 uatm) in Porites sp., Favia favus, Acropora eurystoma, and Stylophora pistillata.","Crop exact figure/table panel from rendered source page; do not pool until panel, axes, units, variance, and sample size are verified."
DIG-635d9cb2-reproduction,audited_candidate_available,635d9cb2-270b-4bcc-b676-c84b81b0620b,Soong and Lang - 1992 - Reproductive Integration in Reef Corals.pdf,reproduction,literature/META_ANALYSIS_POOL/Soong and Lang - 1992 - Reproductive Integration in Reef Corals.pdf,figure:Figure 1:p4,figure,Figure 1,4,digitization/figures/source_pages/635d9cb2__page-004.png,rendered,"Figure 1. Brood sizes of central versus marginal polyps in Favia fragum. Mean number of planulae per polyp based on five marginal polyps per colony and, depending upon colony size, up to five central polyps per colony; each point represents one colony. The diagonal line indicates equal brood size in marginal and central polyps.","Crop exact figure/table panel from rendered source page; do not pool until panel, axes, units, variance, and sample size are verified."
DIG-635d9cb2-reproduction,audited_candidate_available,635d9cb2-270b-4bcc-b676-c84b81b0620b,Soong and Lang - 1992 - Reproductive Integration in Reef Corals.pdf,reproduction,literature/META_ANALYSIS_POOL/Soong and Lang - 1992 - Reproductive Integration in Reef Corals.pdf,figure:Figure 3:p5,figure,Figure 3,5,digitization/figures/source_pages/635d9cb2__page-005.png,rendered,"Figure 3. Fecundity gradient on horizontal surface of Siderastrea siderea. Gonad index: mean gonad length x frequency of gonads, based on two randomly chosen mesenteries per polyp in each of ten randomly chosen polyps at any given location relative to that in the center of the horizontal surface of the colony. Vertical bars represent standard errors; 0 is beginning of fertile zone and C is center of the horizontal surface.","Crop exact figure/table panel from rendered source page; do not pool until panel, axes, units, variance, and sample size are verified."
DIG-635d9cb2-reproduction,audited_candidate_available,635d9cb2-270b-4bcc-b676-c84b81b0620b,Soong and Lang - 1992 - Reproductive Integration in Reef Corals.pdf,reproduction,literature/META_ANALYSIS_POOL/Soong and Lang - 1992 - Reproductive Integration in Reef Corals.pdf,figure:Figure 5:p6,figure,Figure 5,6,digitization/figures/source_pages/635d9cb2__page-006.png,rendered,Figure 5. Comparison of fecundity between the upper and the lower surfaces of Acropora palmata. Mean area fertility: mean number of fertile polyps per square centimeter; mean fertile polyp fecundity: mean number of eggs per fertile polyp. The diagonal line indicates equal numbers on both surfaces.,"Crop exact figure/table panel from rendered source page; do not pool until panel, axes, units, variance, and sample size are verified."
DIG-635d9cb2-reproduction,audited_candidate_available,635d9cb2-270b-4bcc-b676-c84b81b0620b,Soong and Lang - 1992 - Reproductive Integration in Reef Corals.pdf,reproduction,literature/META_ANALYSIS_POOL/Soong and Lang - 1992 - Reproductive Integration in Reef Corals.pdf,figure:Figure 6:p6,figure,Figure 6,6,digitization/figures/source_pages/635d9cb2__page-006.png,rendered,"Figure 6. Comparison of fecundity between vertical and horizontal surfaces of Siderastrea siderea. For each surface on each colony, relative gonad lengths and relative fecundity are plotted relative to the largest estimates in any colony.","Crop exact figure/table panel from rendered source page; do not pool until panel, axes, units, variance, and sample size are verified."
DIG-635d9cb2-reproduction,audited_candidate_available,635d9cb2-270b-4bcc-b676-c84b81b0620b,Soong and Lang - 1992 - Reproductive Integration in Reef Corals.pdf,reproduction,literature/META_ANALYSIS_POOL/Soong and Lang - 1992 - Reproductive Integration in Reef Corals.pdf,figure:Figure 2:p4,figure,Figure 2,4,digitization/figures/source_pages/635d9cb2__page-004.png,rendered,"Figure 2. Fecundity of polyps within colonies of Siderastrea radians. Fecundity: mean number of eggs per polyp, based on five polyps per location in each colony. Penultimate polyp: row of polyps immediately adjacent to margin polyps. Difference significant among the three groups.","Crop exact figure/table panel from rendered source page; do not pool until panel, axes, units, variance, and sample size are verified."
DIG-6da70b1c-rate,audited_candidate_available,6da70b1c-7428-4a76-904c-b69d981f2824,Sabine et al. - 2015 - Environmental conditions influence tissue regeneration rates in scleractinian corals.pdf,rate,literature/META_ANALYSIS_POOL/Sabine et al. - 2015 - Environmental conditions influence tissue regeneration rates in scleractinian corals.pdf,table:Table 7:p7,table,Table 7,7,digitization/figures/source_pages/6da70b1c__page-007.png,rendered,"Table 7. Results of ANCOVA with repeated measures assessing the effects of time, site, initial lesion area:colony area, and initial lesion perimeter on lesion recovery rates.","Crop exact figure/table panel from rendered source page; do not pool until panel, axes, units, variance, and sample size are verified."
DIG-6da70b1c-rate,audited_candidate_available,6da70b1c-7428-4a76-904c-b69d981f2824,Sabine et al. - 2015 - Environmental conditions influence tissue regeneration rates in scleractinian corals.pdf,rate,literature/META_ANALYSIS_POOL/Sabine et al. - 2015 - Environmental conditions influence tissue regeneration rates in scleractinian corals.pdf,figure:Fig. 6:p7,figure,Fig. 6,7,digitization/figures/source_pages/6da70b1c__page-007.png,rendered,Fig. 6. Mean overall daily tissue regeneration rates +/- SE by site. Means labeled with the same letters are not significantly different (Tukey HSD post hoc test).,"Crop exact figure/table panel from rendered source page; do not pool until panel, axes, units, variance, and sample size are verified."
DIG-6da70b1c-rate,audited_candidate_available,6da70b1c-7428-4a76-904c-b69d981f2824,Sabine et al. - 2015 - Environmental conditions influence tissue regeneration rates in scleractinian corals.pdf,rate,literature/META_ANALYSIS_POOL/Sabine et al. - 2015 - Environmental conditions influence tissue regeneration rates in scleractinian corals.pdf,table:Table 2:p4,table,Table 2,4,digitization/figures/source_pages/6da70b1c__page-004.png,rendered,"Table 2. Results of multiple regression examining effects of environmental variables on lesion recovery rates, including Variance Inflation Factor (VIF) scores.","Crop exact figure/table panel from rendered source page; do not pool until panel, axes, units, variance, and sample size are verified."
DIG-6dffe94d-growth,audited_candidate_available,6dffe94d-a664-4a6c-8daf-f25ecfa5b50d,"Ward - 1995 - The effect of damage on the growth, reproduction and storage of lipids in the scleractinian coral Po.pdf",growth,"literature/META_ANALYSIS_POOL/Ward - 1995 - The effect of damage on the growth, reproduction and storage of lipids in the scleractinian coral Po.pdf",figure:Fig. 1:p6,figure,Fig. 1,6,digitization/figures/source_pages/6dffe94d__page-006.png,rendered,"Fig. 1. Growth, as linear extension, of colonies of P. damicornis at Rottnest Island. Treatments are controls, fragmentation, dislodged, and fragmentation plus dislodgement. Error bars are standard errors.","Crop exact figure/table panel from rendered source page; do not pool until panel, axes, units, variance, and sample size are verified."
DIG-6dffe94d-growth,audited_candidate_available,6dffe94d-a664-4a6c-8daf-f25ecfa5b50d,"Ward - 1995 - The effect of damage on the growth, reproduction and storage of lipids in the scleractinian coral Po.pdf",growth,"literature/META_ANALYSIS_POOL/Ward - 1995 - The effect of damage on the growth, reproduction and storage of lipids in the scleractinian coral Po.pdf",table:Table 3:p7,table,Table 3,7,digitization/figures/source_pages/6dffe94d__page-007.png,rendered,"Table 3. Three-factor orthogonal analysis of variance information for growth, as cumulative linear extension, of corals from Little Salmon Bay and Mary Cove between 17th December and 10th June, 1989.","Crop exact figure/table panel from rendered source page; do not pool until panel, axes, units, variance, and sample size are verified."
DIG-6dffe94d-reproduction,audited_candidate_available,6dffe94d-a664-4a6c-8daf-f25ecfa5b50d,"Ward - 1995 - The effect of damage on the growth, reproduction and storage of lipids in the scleractinian coral Po.pdf",reproduction,"literature/META_ANALYSIS_POOL/Ward - 1995 - The effect of damage on the growth, reproduction and storage of lipids in the scleractinian coral Po.pdf",table:Table 4:p10,table,Table 4,10,digitization/figures/source_pages/6dffe94d__page-010.png,rendered,"Table 4. Analysis of variance comparing index of reproductive potential for fragmented, dislodged and control corals from Little Salmon Bay and Mary Cove.","Crop exact figure/table panel from rendered source page; do not pool until panel, axes, units, variance, and sample size are verified."
DIG-6dffe94d-reproduction,audited_candidate_available,6dffe94d-a664-4a6c-8daf-f25ecfa5b50d,"Ward - 1995 - The effect of damage on the growth, reproduction and storage of lipids in the scleractinian coral Po.pdf",reproduction,"literature/META_ANALYSIS_POOL/Ward - 1995 - The effect of damage on the growth, reproduction and storage of lipids in the scleractinian coral Po.pdf",figure:Fig. 3:p9,figure,Fig. 3,9,digitization/figures/source_pages/6dffe94d__page-009.png,rendered,"Fig. 3. The standardised number of larvae captured at the new moon in March, 1989 from colonies of P. damicornis at Rottnest Island. Treatments are controls, fragmentation, dislodged, and fragmentation plus dislodgement; error bars are standard errors.","Crop exact figure/table panel from rendered source page; do not pool until panel, axes, units, variance, and sample size are verified."
DIG-6dffe94d-survival,audited_candidate_available,6dffe94d-a664-4a6c-8daf-f25ecfa5b50d,"Ward - 1995 - The effect of damage on the growth, reproduction and storage of lipids in the scleractinian coral Po.pdf",survival,"literature/META_ANALYSIS_POOL/Ward - 1995 - The effect of damage on the growth, reproduction and storage of lipids in the scleractinian coral Po.pdf",table:Table 2:p6,table,Table 2,6,digitization/figures/source_pages/6dffe94d__page-006.png,rendered,Table 2. The number of corals from Little Salmon Bay and Mary Cove which died during the study period.,"Crop exact figure/table panel from rendered source page; do not pool until panel, axes, units, variance, and sample size are verified."
DIG-6f750c49-rate,audited_candidate_available,6f750c49-3261-482c-ade2-373835f7cf40,Paz-García - 2006 - Temporal variation in the regeneration rate of artificial lesions in two morphotypes of Porites pana.pdf,rate,literature/META_ANALYSIS_POOL/Paz-García - 2006 - Temporal variation in the regeneration rate of artificial lesions in two morphotypes of Porites pana.pdf,figure:Figure 3:p5,figure,Figure 3,5,digitization/figures/source_pages/6f750c49__page-005.png,rendered,"Figure 3. Curve of lesion regeneration in Porites panamensis morphotypes. (a) Massive colonies and (b) columnar colonies, with cold and warm season fitted models.","Crop exact figure/table panel from rendered source page; do not pool until panel, axes, units, variance, and sample size are verified."
DIG-6f750c49-rate,audited_candidate_available,6f750c49-3261-482c-ade2-373835f7cf40,Paz-García - 2006 - Temporal variation in the regeneration rate of artificial lesions in two morphotypes of Porites pana.pdf,rate,literature/META_ANALYSIS_POOL/Paz-García - 2006 - Temporal variation in the regeneration rate of artificial lesions in two morphotypes of Porites pana.pdf,figure:Figure 4:p5,figure,Figure 4,5,digitization/figures/source_pages/6f750c49__page-005.png,rendered,"Figure 4. Percentage of lesions with complete regeneration, partial regeneration and algal colonization in massive (grey) and columnar (black) colonies of Porites panamensis during the warm and cold seasons.","Crop exact figure/table panel from rendered source page; do not pool until panel, axes, units, variance, and sample size are verified."
DIG-84a7b2a4-rate,audited_candidate_available,84a7b2a4-6982-4dce-a39a-2d4f07d0176b,Oren et al. - 1997 - Effect of lesion size and shape on regeneration of the Red Sea coral Favia favus.pdf,rate,literature/META_ANALYSIS_POOL/Oren et al. - 1997 - Effect of lesion size and shape on regeneration of the Red Sea coral Favia favus.pdf,table:Table 3:p6,table,Table 3,6,digitization/figures/source_pages/84a7b2a4__page-006.png,rendered,Table 3. One-way ANOVA of the NFT/P ratios attained during the first month. Definitions of lesion type abbreviations are given in Table 1.,"Crop exact figure/table panel from rendered source page; do not pool until panel, axes, units, variance, and sample size are verified."
DIG-84a7b2a4-rate,audited_candidate_available,84a7b2a4-6982-4dce-a39a-2d4f07d0176b,Oren et al. - 1997 - Effect of lesion size and shape on regeneration of the Red Sea coral Favia favus.pdf,rate,literature/META_ANALYSIS_POOL/Oren et al. - 1997 - Effect of lesion size and shape on regeneration of the Red Sea coral Favia favus.pdf,table:Table 1:p5,table,Table 1,5,digitization/figures/source_pages/84a7b2a4__page-005.png,rendered,"Table 1. Percent reduction of lesion areas during the first, second, and third monthly intervals and during the entire 0-90 d study period for the five lesion types.","Crop exact figure/table panel from rendered source page; do not pool until panel, axes, units, variance, and sample size are verified."
DIG-8c205a55-rate,audited_candidate_available,8c205a55-4093-46c5-a7c2-e356c8bf6a7c,Nagelkerken and Bak - 1998 - Differential regeneration of artificial lesions among sympatric morphs of the Caribbean corals Porit.pdf,rate,literature/META_ANALYSIS_POOL/Nagelkerken and Bak - 1998 - Differential regeneration of artificial lesions among sympatric morphs of the Caribbean corals Porit.pdf,figure:Fig. 2:p3,figure,Fig. 2,3,digitization/figures/source_pages/8c205a55__page-003.png,rendered,Fig. 2. Regression slopes of lesion recovery (lesion size vs time) for the different morphs of Porites astreoides and Stephanocoenia michelinii and species/morphs of Madracis.,"Crop exact figure/table panel from rendered source page; do not pool until panel, axes, units, variance, and sample size are verified."
DIG-9c887b4c-rate,audited_candidate_available,9c887b4c-dae5-4725-96db-948c2491e53d,Titlyanov et al. - 2006 - Three stages of injuries regeneration on scleractinian corals.pdf,rate,literature/META_ANALYSIS_POOL/Titlyanov et al. - 2006 - Three stages of injuries regeneration on scleractinian corals.pdf,figure:Fig. 2:p5,figure,Fig. 2,5,digitization/figures/source_pages/9c887b4c__page-005.png,rendered,"Fig. 2. Growth rate and regeneration of lesions on fragments of the corals Porites lutea and Porites cylindrica inflicted with different injury types and maintained in aquaria under moderate light intensity during two winter months. Means +/- SD, n = 8.","Crop exact figure/table panel from rendered source page; do not pool until panel, axes, units, variance, and sample size are verified."
DIG-9c887b4c-rate,audited_candidate_available,9c887b4c-dae5-4725-96db-948c2491e53d,Titlyanov et al. - 2006 - Three stages of injuries regeneration on scleractinian corals.pdf,rate,literature/META_ANALYSIS_POOL/Titlyanov et al. - 2006 - Three stages of injuries regeneration on scleractinian corals.pdf,figure:Fig. 3:p8,figure,Fig. 3,8,digitization/figures/source_pages/9c887b4c__page-008.png,rendered,"Fig. 3. Regeneration rate of Water-Pik injury at the different positions on the fragments of Porites lutea maintained in aquaria at 30% PAR0 during the winter and spring periods. Means +/- SD, n = 5.","Crop exact figure/table panel from rendered source page; do not pool until panel, axes, units, variance, and sample size are verified."
DIG-9c887b4c-rate,audited_candidate_available,9c887b4c-dae5-4725-96db-948c2491e53d,Titlyanov et al. - 2006 - Three stages of injuries regeneration on scleractinian corals.pdf,rate,literature/META_ANALYSIS_POOL/Titlyanov et al. - 2006 - Three stages of injuries regeneration on scleractinian corals.pdf,figure:Fig. 4:p8,figure,Fig. 4,8,digitization/figures/source_pages/9c887b4c__page-008.png,rendered,"Fig. 4. Regeneration rate of Water-Pik injury at the different position of lesions on the fragments of Porites lutea maintained in aquaria at different irradiance levels during the experiment from May 10, 2003 to July 10, 2003. Means +/- SD, n = 5.","Crop exact figure/table panel from rendered source page; do not pool until panel, axes, units, variance, and sample size are verified."
DIG-9cbae935-growth,audited_candidate_available,9cbae935-6259-4ba6-a2ec-44d3f3bc0902,Yap and Gomez - 1984 - Growth of Acropora pulchra II. Responses of natural and transplanted colonies to temperature and da.pdf,growth,literature/META_ANALYSIS_POOL/Yap and Gomez - 1984 - Growth of Acropora pulchra II. Responses of natural and transplanted colonies to temperature and da.pdf,figure:Fig. 2:p3,figure,Fig. 2,3,digitization/figures/source_pages/9cbae935__page-003.png,rendered,Fig. 2. Acropora pulchra. Mean monthly growth rates (cm/month) of transplants from December 1980 to March 1982. Solid lines represent significant differences and dashed lines insignificant differences.,"Crop exact figure/table panel from rendered source page; do not pool until panel, axes, units, variance, and sample size are verified."
DIG-9cbae935-growth,audited_candidate_available,9cbae935-6259-4ba6-a2ec-44d3f3bc0902,Yap and Gomez - 1984 - Growth of Acropora pulchra II. Responses of natural and transplanted colonies to temperature and da.pdf,growth,literature/META_ANALYSIS_POOL/Yap and Gomez - 1984 - Growth of Acropora pulchra II. Responses of natural and transplanted colonies to temperature and da.pdf,table:Table 1:p4,table,Table 1,4,digitization/figures/source_pages/9cbae935__page-004.png,rendered,"Table 1. Acropora pulchra. Regeneration and growth of broken branches, including length of new growth, growth period, and projected growth rate.","Crop exact figure/table panel from rendered source page; do not pool until panel, axes, units, variance, and sample size are verified."
DIG-9cbae935-growth,audited_candidate_available,9cbae935-6259-4ba6-a2ec-44d3f3bc0902,Yap and Gomez - 1984 - Growth of Acropora pulchra II. Responses of natural and transplanted colonies to temperature and da.pdf,growth,literature/META_ANALYSIS_POOL/Yap and Gomez - 1984 - Growth of Acropora pulchra II. Responses of natural and transplanted colonies to temperature and da.pdf,table:Table 3:p5,table,Table 3,5,digitization/figures/source_pages/9cbae935__page-005.png,rendered,"Table 3. Acropora pulchra. Correlation coefficients showing the relationship between biological parameters, including growth rates, zero growth, percentage mortality, and budding, and the environmental factors day length and temperature.","Crop exact figure/table panel from rendered source page; do not pool until panel, axes, units, variance, and sample size are verified."
DIG-9cbae935-growth,audited_candidate_available,9cbae935-6259-4ba6-a2ec-44d3f3bc0902,Yap and Gomez - 1984 - Growth of Acropora pulchra II. Responses of natural and transplanted colonies to temperature and da.pdf,growth,literature/META_ANALYSIS_POOL/Yap and Gomez - 1984 - Growth of Acropora pulchra II. Responses of natural and transplanted colonies to temperature and da.pdf,table:Table 4:p6,table,Table 4,6,digitization/figures/source_pages/9cbae935__page-006.png,rendered,"Table 4. Acropora pulchra. Projected annual growth rates for Site A, Site B, Site D and mean controls under different observation periods.","Crop exact figure/table panel from rendered source page; do not pool until panel, axes, units, variance, and sample size are verified."
DIG-9cbae935-survival,audited_candidate_available,9cbae935-6259-4ba6-a2ec-44d3f3bc0902,Yap and Gomez - 1984 - Growth of Acropora pulchra II. Responses of natural and transplanted colonies to temperature and da.pdf,survival,literature/META_ANALYSIS_POOL/Yap and Gomez - 1984 - Growth of Acropora pulchra II. Responses of natural and transplanted colonies to temperature and da.pdf,figure:Fig. 4:p4,figure,Fig. 4,4,digitization/figures/source_pages/9cbae935__page-004.png,rendered,Fig. 4. Acropora pulchra. Percentage mortalities of branches of transplants for each monthly interval from October 1980 to September 1981 and for the period September 1981-March 1982.,"Crop exact figure/table panel from rendered source page; do not pool until panel, axes, units, variance, and sample size are verified."
DIG-9cbae935-survival,audited_candidate_available,9cbae935-6259-4ba6-a2ec-44d3f3bc0902,Yap and Gomez - 1984 - Growth of Acropora pulchra II. Responses of natural and transplanted colonies to temperature and da.pdf,survival,literature/META_ANALYSIS_POOL/Yap and Gomez - 1984 - Growth of Acropora pulchra II. Responses of natural and transplanted colonies to temperature and da.pdf,table:Table 3:p5,table,Table 3,5,digitization/figures/source_pages/9cbae935__page-005.png,rendered,"Table 3. Acropora pulchra. Correlation coefficients showing the relationship between biological parameters, including growth rates, zero growth, percentage mortality, and budding, and the environmental factors day length and temperature.","Crop exact figure/table panel from rendered source page; do not pool until panel, axes, units, variance, and sample size are verified."
DIG-9d6998fc-growth,audited_candidate_available,9d6998fc-caf1-4dbd-883f-ad9b9184d062,Shaver et al. - 2017 - Effects of predation and nutrient enrichment on the success and microbiome of a foundational coral.pdf,growth,literature/META_ANALYSIS_POOL/Shaver et al. - 2017 - Effects of predation and nutrient enrichment on the success and microbiome of a foundational coral.pdf,figure:FIG. 2:p6,figure,FIG. 2,6,digitization/figures/source_pages/9d6998fc__page-006.png,rendered,"FIG. 2. Effects of predation by Coralliophila abbreviata and nutrient enrichment on (A) full colony mortality, (B) tissue loss per coral colony, (C) growth as total linear extension of all branches, and (D) turf algae colonization. Error bars represent standard error of the mean.","Crop exact figure/table panel from rendered source page; do not pool until panel, axes, units, variance, and sample size are verified."
DIG-9d6998fc-growth,audited_candidate_available,9d6998fc-caf1-4dbd-883f-ad9b9184d062,Shaver et al. - 2017 - Effects of predation and nutrient enrichment on the success and microbiome of a foundational coral.pdf,growth,literature/META_ANALYSIS_POOL/Shaver et al. - 2017 - Effects of predation and nutrient enrichment on the success and microbiome of a foundational coral.pdf,table:Table 2:p8,table,Table 2,8,digitization/figures/source_pages/9d6998fc__page-008.png,rendered,TABLE 2. Significant correlations among microbial OTUs in coral microbiomes and metrics of coral health. P-values are false discovery rate corrected.,"Crop exact figure/table panel from rendered source page; do not pool until panel, axes, units, variance, and sample size are verified."
DIG-9d6998fc-survival,audited_candidate_available,9d6998fc-caf1-4dbd-883f-ad9b9184d062,Shaver et al. - 2017 - Effects of predation and nutrient enrichment on the success and microbiome of a foundational coral.pdf,survival,literature/META_ANALYSIS_POOL/Shaver et al. - 2017 - Effects of predation and nutrient enrichment on the success and microbiome of a foundational coral.pdf,figure:FIG. 2:p6,figure,FIG. 2,6,digitization/figures/source_pages/9d6998fc__page-006.png,rendered,"FIG. 2. Effects of predation by Coralliophila abbreviata and nutrient enrichment on (A) full colony mortality, (B) tissue loss per coral colony, (C) growth as total linear extension of all branches, and (D) turf algae colonization. Error bars represent standard error of the mean.","Crop exact figure/table panel from rendered source page; do not pool until panel, axes, units, variance, and sample size are verified."
DIG-9d6998fc-survival,audited_candidate_available,9d6998fc-caf1-4dbd-883f-ad9b9184d062,Shaver et al. - 2017 - Effects of predation and nutrient enrichment on the success and microbiome of a foundational coral.pdf,survival,literature/META_ANALYSIS_POOL/Shaver et al. - 2017 - Effects of predation and nutrient enrichment on the success and microbiome of a foundational coral.pdf,figure:FIG. 1:p4,figure,FIG. 1,4,digitization/figures/source_pages/9d6998fc__page-004.png,rendered,"FIG. 1. (A) Coralliophila abbreviata on Acropora cervicornis creating feeding scars, (B) tissue sloughing after snail removal, and (C) tissue sloughing leading to rapid coral mortality.","Crop exact figure/table panel from rendered source page; do not pool until panel, axes, units, variance, and sample size are verified."
DIG-9d6998fc-survival,audited_candidate_available,9d6998fc-caf1-4dbd-883f-ad9b9184d062,Shaver et al. - 2017 - Effects of predation and nutrient enrichment on the success and microbiome of a foundational coral.pdf,survival,literature/META_ANALYSIS_POOL/Shaver et al. - 2017 - Effects of predation and nutrient enrichment on the success and microbiome of a foundational coral.pdf,table:Table 2:p8,table,Table 2,8,digitization/figures/source_pages/9d6998fc__page-008.png,rendered,TABLE 2. Significant correlations among microbial OTUs in coral microbiomes and metrics of coral health. P-values are false discovery rate corrected.,"Crop exact figure/table panel from rendered source page; do not pool until panel, axes, units, variance, and sample size are verified."
DIG-9f560a14-survival,audited_candidate_available,9f560a14-a39a-4d71-8d68-9c14a4001c75,Nicolet et al. - 2018 - Predation scars may influence host susceptibility to pathogens evaluating the role of corallivores.pdf,survival,literature/META_ANALYSIS_POOL/Nicolet et al. - 2018 - Predation scars may influence host susceptibility to pathogens evaluating the role of corallivores.pdf,figure:Figure 1:p3,figure,Figure 1,3,digitization/figures/source_pages/9f560a14__page-003.png,rendered,Figure 1. Percentage of nubbins infected in disease transmission experiments involving the butterflyfish Chaetodon plebeius and the snail Drupella under brown band and black band disease treatments and controls.,"Crop exact figure/table panel from rendered source page; do not pool until panel, axes, units, variance, and sample size are verified."
DIG-9f560a14-survival,audited_candidate_available,9f560a14-a39a-4d71-8d68-9c14a4001c75,Nicolet et al. - 2018 - Predation scars may influence host susceptibility to pathogens evaluating the role of corallivores.pdf,survival,literature/META_ANALYSIS_POOL/Nicolet et al. - 2018 - Predation scars may influence host susceptibility to pathogens evaluating the role of corallivores.pdf,figure:Figure 2:p4,figure,Figure 2,4,digitization/figures/source_pages/9f560a14__page-004.png,rendered,"Figure 2. Table plot illustrating the proportion of healthy and infected nubbins in relation to caging treatment, disease type, and reef site. The field experiment ran for 7 days and was monitored every second day; N = 96 nubbins overall.","Crop exact figure/table panel from rendered source page; do not pool until panel, axes, units, variance, and sample size are verified."
DIG-9f7a74ab-rate,audited_candidate_available,9f7a74ab-485d-44be-88c3-28c6b4a7c491,Chadwick and Loya - 1990 - Regeneration after experimental breakage in the solitary reef coral Fungia granulosa Klunzing.pdf,rate,literature/META_ANALYSIS_POOL/Chadwick and Loya - 1990 - Regeneration after experimental breakage in the solitary reef coral Fungia granulosa Klunzing.pdf,figure:Fig. 2:p5,figure,Fig. 2,5,digitization/figures/source_pages/9f7a74ab__page-005.png,rendered,Fig. 2. Correlation of tissue regeneration and fracture orientation in damaged polyps (n = 18) of Fungia granulosa at 8 months after breakage. Only corals with 10-50% breakage are shown. See Fig. 1 for explanation of fracture orientation.,"Crop exact figure/table panel from rendered source page; do not pool until panel, axes, units, variance, and sample size are verified."
DIG-9f7a74ab-survival,audited_candidate_available,9f7a74ab-485d-44be-88c3-28c6b4a7c491,Chadwick and Loya - 1990 - Regeneration after experimental breakage in the solitary reef coral Fungia granulosa Klunzing.pdf,survival,literature/META_ANALYSIS_POOL/Chadwick and Loya - 1990 - Regeneration after experimental breakage in the solitary reef coral Fungia granulosa Klunzing.pdf,figure:Fig. 3:p6,figure,Fig. 3,6,digitization/figures/source_pages/9f7a74ab__page-006.png,rendered,Fig. 3. Tissue necrosis in experimentally fragmented polyps of Fungia granulosa. (A) Intact control corals (n = 21). (B) Corals with 10-50% breakage (n = 18). (C) Corals with 51-90% breakage (n = 25). 100% tissue necrosis = dead coral.,"Crop exact figure/table panel from rendered source page; do not pool until panel, axes, units, variance, and sample size are verified."
DIG-a3b88246-rate,audited_candidate_available,a3b88246-eb7f-49ed-a997-67c6d36e9413,Oren et al. - 2001 - Colony Integration during Regeneration in the Stony Coral Favia favus.pdf,rate,literature/META_ANALYSIS_POOL/Oren et al. - 2001 - Colony Integration during Regeneration in the Stony Coral Favia favus.pdf,table:Table 2:p6,table,Table 2,6,digitization/figures/source_pages/a3b88246__page-006.png,rendered,TABLE 2. Average percentage (+/- 1 SD) lesion recovery during three consecutive monthly intervals (see Fig. 2 for description of lesion type). Recovery rates (%).,"Crop exact figure/table panel from rendered source page; do not pool until panel, axes, units, variance, and sample size are verified."
DIG-a3b88246-rate,audited_candidate_available,a3b88246-eb7f-49ed-a997-67c6d36e9413,Oren et al. - 2001 - Colony Integration during Regeneration in the Stony Coral Favia favus.pdf,rate,literature/META_ANALYSIS_POOL/Oren et al. - 2001 - Colony Integration during Regeneration in the Stony Coral Favia favus.pdf,figure:FIG. 3:p7,figure,FIG. 3,7,digitization/figures/source_pages/a3b88246__page-007.png,rendered,"FIG. 3. Average percentage recovery rates recorded for the small, intermediate, and large Favia favus colonies during the first month after injury: (a) colonies inflicted with SP lesions (n = 8), (b) colonies inflicted with E-2 lesions (n = 8), and (c) colonies inflicted with E-3 lesions (n = 8). Error bars represent the upper range of the 95% confidence interval for the mean deduced from the calculated percentage data.","Crop exact figure/table panel from rendered source page; do not pool until panel, axes, units, variance, and sample size are verified."
DIG-a3b88246-reproduction,audited_candidate_available,a3b88246-eb7f-49ed-a997-67c6d36e9413,Oren et al. - 2001 - Colony Integration during Regeneration in the Stony Coral Favia favus.pdf,reproduction,literature/META_ANALYSIS_POOL/Oren et al. - 2001 - Colony Integration during Regeneration in the Stony Coral Favia favus.pdf,table:Table 4:p8,table,Table 4,8,digitization/figures/source_pages/a3b88246__page-008.png,rendered,TABLE 4. Two-way analysis of variance examining the effect of lesion type and the distance from the lesion on polyp fecundity of Favia favus (for details see Fig. 5).,"Crop exact figure/table panel from rendered source page; do not pool until panel, axes, units, variance, and sample size are verified."
DIG-a3b88246-reproduction,audited_candidate_available,a3b88246-eb7f-49ed-a997-67c6d36e9413,Oren et al. - 2001 - Colony Integration during Regeneration in the Stony Coral Favia favus.pdf,reproduction,literature/META_ANALYSIS_POOL/Oren et al. - 2001 - Colony Integration during Regeneration in the Stony Coral Favia favus.pdf,figure:FIG. 5:p8,figure,FIG. 5,8,digitization/figures/source_pages/a3b88246__page-008.png,rendered,"FIG. 5. Gray bars depict fecundity in terms of average oocytes per septum (+/- SD) recorded in Favia favus polyps sampled at distances of 1, 7, and 15 cm away from: (a) monthly repeated SP lesions (n = 8), (b) monthly repeated E-3 lesions (n = 8), and (c) monthly repeated E-10 lesions (n = 8). The lesions were inflicted on the upper surface of the colonies in February 1996 and then re-inflicted monthly throughout oogenesis. Black bars present fecundity of intact controls.","Crop exact figure/table panel from rendered source page; do not pool until panel, axes, units, variance, and sample size are verified."
DIG-a67392b0-growth,audited_candidate_available,a67392b0-7a7e-43ad-917d-94febf750c1a,Lenihan et al. - 2015 - Hydrodynamics influence coral performance through simultaneous direct and indirect effects.pdf,growth,literature/META_ANALYSIS_POOL/Lenihan et al. - 2015 - Hydrodynamics influence coral performance through simultaneous direct and indirect effects.pdf,figure:FIG. 2:p5,figure,FIG. 2,5,digitization/figures/source_pages/a67392b0__page-005.png,rendered,FIG. 2. Skeletal growth (mean and 95% CI) of Acropora elseyi as a function of mean current velocity and velocity fluctuations. Data are from corallivorous fish exclusion treatments.,"Crop exact figure/table panel from rendered source page; do not pool until panel, axes, units, variance, and sample size are verified."
DIG-a67392b0-growth,audited_candidate_available,a67392b0-7a7e-43ad-917d-94febf750c1a,Lenihan et al. - 2015 - Hydrodynamics influence coral performance through simultaneous direct and indirect effects.pdf,growth,literature/META_ANALYSIS_POOL/Lenihan et al. - 2015 - Hydrodynamics influence coral performance through simultaneous direct and indirect effects.pdf,figure:FIG. 3:p6,figure,FIG. 3,6,digitization/figures/source_pages/a67392b0__page-006.png,rendered,FIG. 3. Skeletal growth (mean and 95% CI) of Acropora elseyi exposed to predators shown as a function of mean current velocity and velocity fluctuations.,"Crop exact figure/table panel from rendered source page; do not pool until panel, axes, units, variance, and sample size are verified."
DIG-a67392b0-growth,audited_candidate_available,a67392b0-7a7e-43ad-917d-94febf750c1a,Lenihan et al. - 2015 - Hydrodynamics influence coral performance through simultaneous direct and indirect effects.pdf,growth,literature/META_ANALYSIS_POOL/Lenihan et al. - 2015 - Hydrodynamics influence coral performance through simultaneous direct and indirect effects.pdf,figure:FIG. 5:p7,figure,FIG. 5,7,digitization/figures/source_pages/a67392b0__page-007.png,rendered,FIG. 5. Difference in growth (mean and 95% CI) of Acropora elseyi between predator-exclusion and predator-exposed treatments as a function of corallivorous fish density and consumer pressure.,"Crop exact figure/table panel from rendered source page; do not pool until panel, axes, units, variance, and sample size are verified."
DIG-acf00158-rate,audited_candidate_available,acf00158-0890-4388-9a0e-da9194664ef6,Kaufman et al. - 2021 - Thermal history influences lesion recovery of the threatened Caribbean staghorn coral Acropora cervi.pdf,rate,literature/META_ANALYSIS_POOL/Kaufman et al. - 2021 - Thermal history influences lesion recovery of the threatened Caribbean staghorn coral Acropora cervi.pdf,figure:Fig. 3:p4,figure,Fig. 3,4,digitization/figures/source_pages/acf00158__page-004.png,rendered,"Fig. 3. Log(-log(survival)) curves as a function of time (log scale) using separate Cox proportional hazard models for the ambient temperature treatment and the warm temperature treatment, with thermal history indicated.","Crop exact figure/table panel from rendered source page; do not pool until panel, axes, units, variance, and sample size are verified."
DIG-ad751939-rate,audited_candidate_available,ad751939-b061-4323-9097-c1e7d2e9576f,Fine et al. - 2002 - Bleaching effect on regeneration and resource translocation in the coral Oculina patagonica.pdf,rate,literature/META_ANALYSIS_POOL/Fine et al. - 2002 - Bleaching effect on regeneration and resource translocation in the coral Oculina patagonica.pdf,table:Table 1:p4,table,Table 1,4,digitization/figures/source_pages/ad751939__page-004.png,rendered,"Table 1. Oculina patagonica. Percentage lesion recovery over 45 d of 2 cm2 lesions inflicted on the surface of unbleached, partly bleached, and totally bleached colonies.","Crop exact figure/table panel from rendered source page; do not pool until panel, axes, units, variance, and sample size are verified."
DIG-b269f689-rate,audited_candidate_available,b269f689-c2c5-48a1-8ecb-f284c3ed7edc,Titlyanov et al. - 2005 - Regeneration of artificial injuries on scleractinian corals and coralalgal competition for newly fo.pdf,rate,literature/META_ANALYSIS_POOL/Titlyanov et al. - 2005 - Regeneration of artificial injuries on scleractinian corals and coralalgal competition for newly fo.pdf,figure:Fig. 1:p5,figure,Fig. 1,5,digitization/figures/source_pages/b269f689__page-005.png,rendered,"Fig. 1. Regeneration and growth rates of inflicted injuries on fragments of the corals P. lutea and P. cylindrica under light intensity 30-70% PAR0 during winter, spring and summer periods. File, osmotic shock, cement, and Water-Pik injuries are compared; error bars represent mean +/- S.D.; inserts summarize statistical comparisons among recovery periods.","Crop exact figure/table panel from rendered source page; do not pool until panel, axes, units, variance, and sample size are verified."
DIG-b269f689-rate,audited_candidate_available,b269f689-c2c5-48a1-8ecb-f284c3ed7edc,Titlyanov et al. - 2005 - Regeneration of artificial injuries on scleractinian corals and coralalgal competition for newly fo.pdf,rate,literature/META_ANALYSIS_POOL/Titlyanov et al. - 2005 - Regeneration of artificial injuries on scleractinian corals and coralalgal competition for newly fo.pdf,figure:Fig. 3:p11,figure,Fig. 3,11,digitization/figures/source_pages/b269f689__page-011.png,rendered,Fig. 3. Regeneration and growth rates of damaged tissue in fragments of the corals P. lutea and P. cylindrica at different irradiance during winter and spring periods. Error bars represent mean +/- S.D.,"Crop exact figure/table panel from rendered source page; do not pool until panel, axes, units, variance, and sample size are verified."
DIG-b2eaa7a6-rate,audited_candidate_available,b2eaa7a6-c475-4f8e-bec2-2a52585da7c3,Nagelkerken et al. - 1999 - Depth-related variation in regeneration of artificial lesions in the Caribbean corals Porites ast.pdf,rate,literature/META_ANALYSIS_POOL/Nagelkerken et al. - 1999 - Depth-related variation in regeneration of artificial lesions in the Caribbean corals Porites ast.pdf,figure:Fig. 1:p4,figure,Fig. 1,4,digitization/figures/source_pages/b2eaa7a6__page-004.png,rendered,Fig. 1. Lesion recovery as a function of time for shallow and deep water colonies of (a) Porites astreoides and (b) Stephanocoenia michelinii.,"Crop exact figure/table panel from rendered source page; do not pool until panel, axes, units, variance, and sample size are verified."
DIG-b2eaa7a6-rate,audited_candidate_available,b2eaa7a6-c475-4f8e-bec2-2a52585da7c3,Nagelkerken et al. - 1999 - Depth-related variation in regeneration of artificial lesions in the Caribbean corals Porites ast.pdf,rate,literature/META_ANALYSIS_POOL/Nagelkerken et al. - 1999 - Depth-related variation in regeneration of artificial lesions in the Caribbean corals Porites ast.pdf,figure:Fig. 2:p6,figure,Fig. 2,6,digitization/figures/source_pages/b2eaa7a6__page-006.png,rendered,Fig. 2. Regression slopes calculated at each time interval for the relation between percentage lesion area recovered versus water depth for (a) Porites astreoides and (b) Stephanocoenia michelinii. Bars indicate 95 percent confidence intervals.,"Crop exact figure/table panel from rendered source page; do not pool until panel, axes, units, variance, and sample size are verified."
DIG-b9536b7f-rate,audited_candidate_available,b9536b7f-eb24-428a-8a9f-9750a74faa1f,Hall - 2001 - The response of Acropora hyacinthus and Montipora tuberculosa to three different types of colony dam.pdf,rate,literature/META_ANALYSIS_POOL/Hall - 2001 - The response of Acropora hyacinthus and Montipora tuberculosa to three different types of colony dam.pdf,figure:Fig. 2:p8,figure,Fig. 2,8,digitization/figures/source_pages/b9536b7f__page-008.png,rendered,Fig. 2. Mean regeneration of injuries (expressed as a percentage of the original injury size) for injury type and species after 12 and 24 days. Error bars represent 1 SE.,"Crop exact figure/table panel from rendered source page; do not pool until panel, axes, units, variance, and sample size are verified."
DIG-b9536b7f-rate,audited_candidate_available,b9536b7f-eb24-428a-8a9f-9750a74faa1f,Hall - 2001 - The response of Acropora hyacinthus and Montipora tuberculosa to three different types of colony dam.pdf,rate,literature/META_ANALYSIS_POOL/Hall - 2001 - The response of Acropora hyacinthus and Montipora tuberculosa to three different types of colony dam.pdf,table:Table 4:p11,table,Table 4,11,digitization/figures/source_pages/b9536b7f__page-011.png,rendered,"Table 4. A summary of the repeated measures analysis of covariance testing for differences in regeneration between A. hyacinthus and M. tuberculosa for breakage injuries (Between Subject Effects), and how these patterns change between censuses (Within Subject Effects) after the effect of amount of tissue available for regeneration (ATR) has been adjusted for.","Crop exact figure/table panel from rendered source page; do not pool until panel, axes, units, variance, and sample size are verified."
DIG-b9536b7f-rate,audited_candidate_available,b9536b7f-eb24-428a-8a9f-9750a74faa1f,Hall - 2001 - The response of Acropora hyacinthus and Montipora tuberculosa to three different types of colony dam.pdf,rate,literature/META_ANALYSIS_POOL/Hall - 2001 - The response of Acropora hyacinthus and Montipora tuberculosa to three different types of colony dam.pdf,table:Table 1:p7,table,Table 1,7,digitization/figures/source_pages/b9536b7f__page-007.png,rendered,Table 1. Summary of the repeated measures ANOVA testing for differences in regeneration between species and injury types (Between Subject Effects) and how these patterns change between censuses (Within Subject Effects).,"Crop exact figure/table panel from rendered source page; do not pool until panel, axes, units, variance, and sample size are verified."
DIG-c849a042-growth,audited_candidate_available,c849a042-644e-4b4f-a530-33cfb800d9a9,E and Y - 1996 - Regeneration versus budding in fungiid corals a trade-off.pdf,growth,literature/META_ANALYSIS_POOL/E and Y - 1996 - Regeneration versus budding in fungiid corals a trade-off.pdf,figure:Fig. 1:p3,figure,Fig. 1,3,digitization/figures/source_pages/c849a042__page-003.png,rendered,Fig. 1. Fungia granulosa. Corallum after experimental treatment: (a) 1 yr after coverage of the polyp's mouth and part of its corallum with putty; (b) close-up showing asexually derived anthocauli; (c) 6 mo after removal of tissue by air pick; (d) close-up of anthocauli developed 6 mo after tissue removal.,"Crop exact figure/table panel from rendered source page; do not pool until panel, axes, units, variance, and sample size are verified."
DIG-c849a042-growth,audited_candidate_available,c849a042-644e-4b4f-a530-33cfb800d9a9,E and Y - 1996 - Regeneration versus budding in fungiid corals a trade-off.pdf,growth,literature/META_ANALYSIS_POOL/E and Y - 1996 - Regeneration versus budding in fungiid corals a trade-off.pdf,figure:Fig. 2:p4,figure,Fig. 2,4,digitization/figures/source_pages/c849a042__page-004.png,rendered,"Fig. 2. Fungia granulosa. Residual tissue developing into a new polyp: (a) new mouth developing 10 d after breakage; (b) new polyp at Day 14; (c) developed anthocaulus at 21 d, showing calyx, scleroseptae and tentacles.","Crop exact figure/table panel from rendered source page; do not pool until panel, axes, units, variance, and sample size are verified."
DIG-c849a042-growth,audited_candidate_available,c849a042-644e-4b4f-a530-33cfb800d9a9,E and Y - 1996 - Regeneration versus budding in fungiid corals a trade-off.pdf,growth,literature/META_ANALYSIS_POOL/E and Y - 1996 - Regeneration versus budding in fungiid corals a trade-off.pdf,table:Table 2:p4,table,Table 2,4,digitization/figures/source_pages/c849a042__page-004.png,rendered,"Table 2. Fungia granulosa. Characteristics of survival, regeneration, and bud formation, following experimental breakage of various-sized fragments of coral raised under laboratory conditions. Large fragments were greater than 5 septae in thickness, medium-sized fragments were 2 to 5 septae in thickness, and small fragments were 1 septum in thickness. W: with mouth; WO: without mouth.","Crop exact figure/table panel from rendered source page; do not pool until panel, axes, units, variance, and sample size are verified."
DIG-c849a042-growth,audited_candidate_available,c849a042-644e-4b4f-a530-33cfb800d9a9,E and Y - 1996 - Regeneration versus budding in fungiid corals a trade-off.pdf,growth,literature/META_ANALYSIS_POOL/E and Y - 1996 - Regeneration versus budding in fungiid corals a trade-off.pdf,figure:Fig. 3:p5,figure,Fig. 3,5,digitization/figures/source_pages/c849a042__page-005.png,rendered,"Fig. 3. Fungia granulosa. Tissue fragment: (a) planula-like tissue ball 1 d after excision; (b) tissue ball 21 d after settlement in vitro. Note development of mouth, calyx and septae.","Crop exact figure/table panel from rendered source page; do not pool until panel, axes, units, variance, and sample size are verified."
DIG-c849a042-growth,audited_candidate_available,c849a042-644e-4b4f-a530-33cfb800d9a9,E and Y - 1996 - Regeneration versus budding in fungiid corals a trade-off.pdf,growth,literature/META_ANALYSIS_POOL/E and Y - 1996 - Regeneration versus budding in fungiid corals a trade-off.pdf,figure:Fig. 4:p5,figure,Fig. 4,5,digitization/figures/source_pages/c849a042__page-005.png,rendered,"Fig. 4. Fungia granulosa. Residual tissue: (a) decalcified bud developed from residual tissue, surrounded by remnant parental tissue; (b) histological section of the bud revealing tissue formation from parental tissues.","Crop exact figure/table panel from rendered source page; do not pool until panel, axes, units, variance, and sample size are verified."
DIG-c849a042-rate,audited_candidate_available,c849a042-644e-4b4f-a530-33cfb800d9a9,E and Y - 1996 - Regeneration versus budding in fungiid corals a trade-off.pdf,rate,literature/META_ANALYSIS_POOL/E and Y - 1996 - Regeneration versus budding in fungiid corals a trade-off.pdf,table:Table 2:p4,table,Table 2,4,digitization/figures/source_pages/c849a042__page-004.png,rendered,"Table 2. Fungia granulosa. Characteristics of survival, regeneration, and bud formation, following experimental breakage of various-sized fragments of coral raised under laboratory conditions. Large fragments were greater than 5 septae in thickness, medium-sized fragments were 2 to 5 septae in thickness, and small fragments were 1 septum in thickness. W: with mouth; WO: without mouth.","Crop exact figure/table panel from rendered source page; do not pool until panel, axes, units, variance, and sample size are verified."
DIG-c849a042-rate,audited_candidate_available,c849a042-644e-4b4f-a530-33cfb800d9a9,E and Y - 1996 - Regeneration versus budding in fungiid corals a trade-off.pdf,rate,literature/META_ANALYSIS_POOL/E and Y - 1996 - Regeneration versus budding in fungiid corals a trade-off.pdf,figure:Fig. 2:p4,figure,Fig. 2,4,digitization/figures/source_pages/c849a042__page-004.png,rendered,"Fig. 2. Fungia granulosa. Residual tissue developing into a new polyp: (a) new mouth developing 10 d after breakage; (b) new polyp at Day 14; (c) developed anthocaulus at 21 d, showing calyx, scleroseptae and tentacles.","Crop exact figure/table panel from rendered source page; do not pool until panel, axes, units, variance, and sample size are verified."
DIG-c849a042-rate,audited_candidate_available,c849a042-644e-4b4f-a530-33cfb800d9a9,E and Y - 1996 - Regeneration versus budding in fungiid corals a trade-off.pdf,rate,literature/META_ANALYSIS_POOL/E and Y - 1996 - Regeneration versus budding in fungiid corals a trade-off.pdf,figure:Fig. 3:p5,figure,Fig. 3,5,digitization/figures/source_pages/c849a042__page-005.png,rendered,"Fig. 3. Fungia granulosa. Tissue fragment: (a) planula-like tissue ball 1 d after excision; (b) tissue ball 21 d after settlement in vitro. Note development of mouth, calyx and septae.","Crop exact figure/table panel from rendered source page; do not pool until panel, axes, units, variance, and sample size are verified."
DIG-c84ce087-growth,audited_candidate_available,c84ce087-58f5-4e19-a373-34f57299f6d0,Meesters et al. - 1994 - Damage and regeneration links to growth in the reef-building coral Montastrea annularis.pdf,growth,literature/META_ANALYSIS_POOL/Meesters et al. - 1994 - Damage and regeneration links to growth in the reef-building coral Montastrea annularis.pdf,figure:Fig. 7:p7,figure,Fig. 7,7,digitization/figures/source_pages/c84ce087__page-007.png,rendered,"Fig. 7. Montastrea annularis. Mean difference in growth (mg cm-2 d-1, SE) between damaged and undamaged cores relative to the time of lesion infliction. Horizontal line represents equal growth.","Crop exact figure/table panel from rendered source page; do not pool until panel, axes, units, variance, and sample size are verified."
DIG-c84ce087-growth,audited_candidate_available,c84ce087-58f5-4e19-a373-34f57299f6d0,Meesters et al. - 1994 - Damage and regeneration links to growth in the reef-building coral Montastrea annularis.pdf,growth,literature/META_ANALYSIS_POOL/Meesters et al. - 1994 - Damage and regeneration links to growth in the reef-building coral Montastrea annularis.pdf,table:Table 3:p7,table,Table 3,7,digitization/figures/source_pages/c84ce087__page-007.png,rendered,Table 3. Montastrea annularis. Repeated-measures ANOVA on the difference in growth between cores with and without a lesion through time.,"Crop exact figure/table panel from rendered source page; do not pool until panel, axes, units, variance, and sample size are verified."
DIG-c84ce087-rate,audited_candidate_available,c84ce087-58f5-4e19-a373-34f57299f6d0,Meesters et al. - 1994 - Damage and regeneration links to growth in the reef-building coral Montastrea annularis.pdf,rate,literature/META_ANALYSIS_POOL/Meesters et al. - 1994 - Damage and regeneration links to growth in the reef-building coral Montastrea annularis.pdf,figure:Fig. 5:p6,figure,Fig. 5,6,digitization/figures/source_pages/c84ce087__page-006.png,rendered,Fig. 5. Montastrea annularis. Mean lesion size (SE) at infliction of lesion and subsequently through time. The model Size = S0 + (Smax x 10^(slope x days)) is fitted to lesion-size data.,"Crop exact figure/table panel from rendered source page; do not pool until panel, axes, units, variance, and sample size are verified."
DIG-c84ce087-rate,audited_candidate_available,c84ce087-58f5-4e19-a373-34f57299f6d0,Meesters et al. - 1994 - Damage and regeneration links to growth in the reef-building coral Montastrea annularis.pdf,rate,literature/META_ANALYSIS_POOL/Meesters et al. - 1994 - Damage and regeneration links to growth in the reef-building coral Montastrea annularis.pdf,table:Table 2:p6,table,Table 2,6,digitization/figures/source_pages/c84ce087__page-006.png,rendered,Table 2. Estimated parameters (SE) in the model Lesion size = S0 + (Smax x 10^(slope x days)). Parameters were estimated by iterative least-squares line fitting.,"Crop exact figure/table panel from rendered source page; do not pool until panel, axes, units, variance, and sample size are verified."
DIG-d110a8f5-growth,audited_candidate_available,d110a8f5-278e-4ba7-a502-32eb61aed5cb,Lirman et al. - 2010 - Propagation of the threatened staghorn coral Acropora cervicornis methods to minimize the impacts o.pdf,growth,literature/META_ANALYSIS_POOL/Lirman et al. - 2010 - Propagation of the threatened staghorn coral Acropora cervicornis methods to minimize the impacts o.pdf,figure:Fig. 3:p4,figure,Fig. 3,4,digitization/figures/source_pages/d110a8f5__page-004.png,rendered,"Fig. 3 Mean daily growth (cm, SE) of branches from fragmented and unfragmented staghorn colonies. White bars represent growth from the initial sampling period (24-39 d after fragmentation), and black bars represent growth from the complete sampling period (90-129 d after fragmentation). Data from both experiments were pooled for analysis.","Crop exact figure/table panel from rendered source page; do not pool until panel, axes, units, variance, and sample size are verified."
DIG-d110a8f5-growth,audited_candidate_available,d110a8f5-278e-4ba7-a502-32eb61aed5cb,Lirman et al. - 2010 - Propagation of the threatened staghorn coral Acropora cervicornis methods to minimize the impacts o.pdf,growth,literature/META_ANALYSIS_POOL/Lirman et al. - 2010 - Propagation of the threatened staghorn coral Acropora cervicornis methods to minimize the impacts o.pdf,figure:Fig. 2:p4,figure,Fig. 2,4,digitization/figures/source_pages/d110a8f5__page-004.png,rendered,Fig. 2 Amount of tissue and skeleton (linear length) of staghorn branch tips and branches used in experiment 1 (a) and 2 (b). White bars represent new coral produced by fragmented donor branches; striped bars represent total linear length of all surviving branch tips; black bars represent new coral produced by unfragmented branches in control colonies.,"Crop exact figure/table panel from rendered source page; do not pool until panel, axes, units, variance, and sample size are verified."
DIG-d110a8f5-survival,audited_candidate_available,d110a8f5-278e-4ba7-a502-32eb61aed5cb,Lirman et al. - 2010 - Propagation of the threatened staghorn coral Acropora cervicornis methods to minimize the impacts o.pdf,survival,literature/META_ANALYSIS_POOL/Lirman et al. - 2010 - Propagation of the threatened staghorn coral Acropora cervicornis methods to minimize the impacts o.pdf,figure:Fig. 2:p4,figure,Fig. 2,4,digitization/figures/source_pages/d110a8f5__page-004.png,rendered,Fig. 2 Amount of tissue and skeleton (linear length) of staghorn branch tips and branches used in experiment 1 (a) and 2 (b). White bars represent new coral produced by fragmented donor branches; striped bars represent total linear length of all surviving branch tips; black bars represent new coral produced by unfragmented branches in control colonies.,"Crop exact figure/table panel from rendered source page; do not pool until panel, axes, units, variance, and sample size are verified."
DIG-d17e3c0b-growth,audited_candidate_available,d17e3c0b-32a1-4c10-94fa-7558d22f726e,Okubo - 2008 - Size-independent investment allocation to regeneration and growth of the branching coral Acropora mu.pdf,growth,literature/META_ANALYSIS_POOL/Okubo - 2008 - Size-independent investment allocation to regeneration and growth of the branching coral Acropora mu.pdf,table:Table 2:p4,table,Table 2,4,digitization/figures/source_pages/d17e3c0b__page-004.png,rendered,"Table 2 Number of new polyps formed on the new layer on the cut surface 24 days after fragmentation. The rendered table also reports survival rate, linear extension rate, spawning ratio, and growth-rate comparisons among fragment size groups.","Crop exact figure/table panel from rendered source page; do not pool until panel, axes, units, variance, and sample size are verified."
DIG-d17e3c0b-growth,audited_candidate_available,d17e3c0b-32a1-4c10-94fa-7558d22f726e,Okubo - 2008 - Size-independent investment allocation to regeneration and growth of the branching coral Acropora mu.pdf,growth,literature/META_ANALYSIS_POOL/Okubo - 2008 - Size-independent investment allocation to regeneration and growth of the branching coral Acropora mu.pdf,table:Table 1:p3,table,Table 1,3,digitization/figures/source_pages/d17e3c0b__page-003.png,rendered,Table 1 Number of new polyps formed on the new layer on the cut surface 24 days after fragmentation. The rendered table also reports survival rate and number of polyps among fragment size groups.,"Crop exact figure/table panel from rendered source page; do not pool until panel, axes, units, variance, and sample size are verified."
DIG-d7f996dc-survival,audited_candidate_available,d7f996dc-c00b-423c-b424-965cd78f9d1b,Page and Willis - 2008 - Epidemiology of skeletal eroding band on the Great Barrier Reef and the role of injury in the initia.pdf,survival,literature/META_ANALYSIS_POOL/Page and Willis - 2008 - Epidemiology of skeletal eroding band on the Great Barrier Reef and the role of injury in the initia.pdf,figure:Fig. 7:p12,figure,Fig. 7,12,digitization/figures/source_pages/d7f996dc__page-012.png,rendered,"Fig. 7. Mean size of injuries, artificially created on three scleractinian species (Acropora muricata, Porites cylindrica and Pocillopora damicornis), 1-133 days after injury.","Crop exact figure/table panel from rendered source page; do not pool until panel, axes, units, variance, and sample size are verified."
DIG-daec544d-growth,audited_candidate_available,daec544d-cfab-46db-be2a-1d3596bc0395,Burmester et al. - 2018 - The impact of autotrophic versus heterotrophic nutritional pathways on colony health and wound recov.pdf,growth,literature/META_ANALYSIS_POOL/Burmester et al. - 2018 - The impact of autotrophic versus heterotrophic nutritional pathways on colony health and wound recov.pdf,figure:Figure 5:p6,figure,Figure 5,6,digitization/figures/source_pages/daec544d__page-006.png,rendered,"Figure 5. Mean proportional change in total colony tissue cover proportion after 60 days for control (C) and wounded (W) fed and starved colonies of different symbiont states (aposymbiotic, symbiotic). Error bars signify standard error.","Crop exact figure/table panel from rendered source page; do not pool until panel, axes, units, variance, and sample size are verified."
DIG-daec544d-rate,audited_candidate_available,daec544d-cfab-46db-be2a-1d3596bc0395,Burmester et al. - 2018 - The impact of autotrophic versus heterotrophic nutritional pathways on colony health and wound recov.pdf,rate,literature/META_ANALYSIS_POOL/Burmester et al. - 2018 - The impact of autotrophic versus heterotrophic nutritional pathways on colony health and wound recov.pdf,figure:Figure 4:p6,figure,Figure 4,6,digitization/figures/source_pages/daec544d__page-006.png,rendered,Figure 4. Mean proportional change in wound surface area 60 days after lesions were induced. Error bars signify standard error.,"Crop exact figure/table panel from rendered source page; do not pool until panel, axes, units, variance, and sample size are verified."
DIG-dde85c3e-growth,audited_candidate_available,dde85c3e-6c0d-4057-9a5a-116138865992,"Bak - 1983 - Neoplasia, regeneration and growth in the reef-building coral Acropora palmata.pdf",growth,"literature/META_ANALYSIS_POOL/Bak - 1983 - Neoplasia, regeneration and growth in the reef-building coral Acropora palmata.pdf",figure:Fig. 3:p4,figure,Fig. 3,4,digitization/figures/source_pages/dde85c3e__page-004.png,rendered,"Fig. 3. Acropora palmata. Growth rates of branches. Horizontal bar of each data point denotes experimental period. Vertical bars show SD. Growth of controls: closed circles. Growth of neoplasia branches: open circles, indicating branches with neoplasia closer (<) and farther (>) than 25 cm from tip of branch. Growth of branches with tissue lesions: open squares, and tissue+skeleton lesions: closed squares.","Crop exact figure/table panel from rendered source page; do not pool until panel, axes, units, variance, and sample size are verified."
DIG-dde85c3e-rate,audited_candidate_available,dde85c3e-6c0d-4057-9a5a-116138865992,"Bak - 1983 - Neoplasia, regeneration and growth in the reef-building coral Acropora palmata.pdf",rate,"literature/META_ANALYSIS_POOL/Bak - 1983 - Neoplasia, regeneration and growth in the reef-building coral Acropora palmata.pdf",figure:Fig. 5:p5,figure,Fig. 5,5,digitization/figures/source_pages/dde85c3e__page-005.png,rendered,"Fig. 5. Acropora palmata. Surface area of lesions over time showing recovery rate. Tissue lesions: closed circles, tissue+skeleton lesions: open circles.","Crop exact figure/table panel from rendered source page; do not pool until panel, axes, units, variance, and sample size are verified."
DIG-dde85c3e-rate,audited_candidate_available,dde85c3e-6c0d-4057-9a5a-116138865992,"Bak - 1983 - Neoplasia, regeneration and growth in the reef-building coral Acropora palmata.pdf",rate,"literature/META_ANALYSIS_POOL/Bak - 1983 - Neoplasia, regeneration and growth in the reef-building coral Acropora palmata.pdf",figure:Fig. 4:p4,figure,Fig. 4,4,digitization/figures/source_pages/dde85c3e__page-004.png,rendered,"Fig. 4. Rates of regeneration of tissue lesions (t, dashed lines) and tissue+skeleton lesions (ts, solid lines) expressed as percentage of lesions completely recovered. Coral species and depth of experimental colonies; Ap: Acropora palmata 2 m; Pa: Porites astreoides 10 m and 23 m; Ma: Montastrea annularis 10 m; Aa: Agaricia agaricites 10 m and 25 m.","Crop exact figure/table panel from rendered source page; do not pool until panel, axes, units, variance, and sample size are verified."
DIG-e2191f69-rate,audited_candidate_available,e2191f69-a271-4c74-be4c-ebe977248362,Hall - 1997 - Interspecific differences in the regeneration of artificial injuries on scleractinian corals.pdf,rate,literature/META_ANALYSIS_POOL/Hall - 1997 - Interspecific differences in the regeneration of artificial injuries on scleractinian corals.pdf,figure:Fig. 1:p6,figure,Fig. 1,6,digitization/figures/source_pages/e2191f69__page-006.png,rendered,"Fig. 1. A photographic series showing the recovery of the tissue and scraping injuries inflicted on Porites over time, where a = tissue injury and b = scraping injury.","Crop exact figure/table panel from rendered source page; do not pool until panel, axes, units, variance, and sample size are verified."
DIG-e2191f69-rate,audited_candidate_available,e2191f69-a271-4c74-be4c-ebe977248362,Hall - 1997 - Interspecific differences in the regeneration of artificial injuries on scleractinian corals.pdf,rate,literature/META_ANALYSIS_POOL/Hall - 1997 - Interspecific differences in the regeneration of artificial injuries on scleractinian corals.pdf,figure:Fig. 2:p8,figure,Fig. 2,8,digitization/figures/source_pages/e2191f69__page-008.png,rendered,Fig. 2. The amount of regeneration of a central and edge injury for several common reef crest species over 71 days. The error bars are one standard error.,"Crop exact figure/table panel from rendered source page; do not pool until panel, axes, units, variance, and sample size are verified."
DIG-e2191f69-rate,audited_candidate_available,e2191f69-a271-4c74-be4c-ebe977248362,Hall - 1997 - Interspecific differences in the regeneration of artificial injuries on scleractinian corals.pdf,rate,literature/META_ANALYSIS_POOL/Hall - 1997 - Interspecific differences in the regeneration of artificial injuries on scleractinian corals.pdf,figure:Fig. 3:p9,figure,Fig. 3,9,digitization/figures/source_pages/e2191f69__page-009.png,rendered,Fig. 3. Percentage of injury regeneration over time for Porites australiensis and Acropora cytherea. The error bars are one standard error.,"Crop exact figure/table panel from rendered source page; do not pool until panel, axes, units, variance, and sample size are verified."
DIG-e2191f69-rate,audited_candidate_available,e2191f69-a271-4c74-be4c-ebe977248362,Hall - 1997 - Interspecific differences in the regeneration of artificial injuries on scleractinian corals.pdf,rate,literature/META_ANALYSIS_POOL/Hall - 1997 - Interspecific differences in the regeneration of artificial injuries on scleractinian corals.pdf,table:Table 4:p10,table,Table 4,10,digitization/figures/source_pages/e2191f69__page-010.png,rendered,Table 4. (a) Linear extension of new growth for the two injury types (tissue removal and branch removal) inflicted on Acropora millepora and A. gemmifera. (b) Injury size and regeneration (percent of injury recovered) for the three injury types inflicted on A. millepora and A. gemmifera.,"Crop exact figure/table panel from rendered source page; do not pool until panel, axes, units, variance, and sample size are verified."
DIG-ec19aed9-rate,audited_candidate_available,ec19aed9-6875-473a-accb-914b065e6e10,Counsell et al. - 2019 - Colony size and depth affect wound repair in a branching coral.pdf,rate,literature/META_ANALYSIS_POOL/Counsell et al. - 2019 - Colony size and depth affect wound repair in a branching coral.pdf,figure:Fig. 5:p8,figure,Fig. 5,8,digitization/figures/source_pages/ec19aed9__page-008.png,rendered,"Fig. 5. Plots of the average effect of depth, colony size, inter-branch distance, bleaching history stress index, percent live coral tissue, and wound size on the time (in days) for wounds to heal in Pocillopora meandrina, based on a Generalized Linear Mixed Model. Gray bars show the 95% confidence interval on model estimates.","Crop exact figure/table panel from rendered source page; do not pool until panel, axes, units, variance, and sample size are verified."
DIG-ec19aed9-rate,audited_candidate_available,ec19aed9-6875-473a-accb-914b065e6e10,Counsell et al. - 2019 - Colony size and depth affect wound repair in a branching coral.pdf,rate,literature/META_ANALYSIS_POOL/Counsell et al. - 2019 - Colony size and depth affect wound repair in a branching coral.pdf,figure:Fig. 3:p6,figure,Fig. 3,6,digitization/figures/source_pages/ec19aed9__page-006.png,rendered,Fig. 3. Chronological photographs of wound healing from an initial (April 2017) and subsequent (May 2017) broken branch of a Pocillopora meandrina colony.,"Crop exact figure/table panel from rendered source page; do not pool until panel, axes, units, variance, and sample size are verified."
DIG-ec19aed9-rate,audited_candidate_available,ec19aed9-6875-473a-accb-914b065e6e10,Counsell et al. - 2019 - Colony size and depth affect wound repair in a branching coral.pdf,rate,literature/META_ANALYSIS_POOL/Counsell et al. - 2019 - Colony size and depth affect wound repair in a branching coral.pdf,table:Table 1:p4,table,Table 1,4,digitization/figures/source_pages/ec19aed9__page-004.png,rendered,"Table 1. Site names with coordinates, number of Pocillopora meandrina colonies sampled, depth, colony bleaching history, average daily temperature, significant wave height, and time to heal wound.","Crop exact figure/table panel from rendered source page; do not pool until panel, axes, units, variance, and sample size are verified."
DIG-ec19aed9-rate,audited_candidate_available,ec19aed9-6875-473a-accb-914b065e6e10,Counsell et al. - 2019 - Colony size and depth affect wound repair in a branching coral.pdf,rate,literature/META_ANALYSIS_POOL/Counsell et al. - 2019 - Colony size and depth affect wound repair in a branching coral.pdf,figure:Fig. 4:p6,figure,Fig. 4,6,digitization/figures/source_pages/ec19aed9__page-006.png,rendered,Fig. 4. Scatterplot comparing the number of days to heal an initial wound versus a subsequent wound for each Pocillopora meandrina colony.,"Crop exact figure/table panel from rendered source page; do not pool until panel, axes, units, variance, and sample size are verified."
DIG-f46ad039-growth,audited_candidate_available,f46ad039-b2d6-4a0a-860d-98cf61f2a7de,Miller and Hay - 1998 - Effects of fish predation and seaweed competition on the survival and growth of corals.pdf,growth,literature/META_ANALYSIS_POOL/Miller and Hay - 1998 - Effects of fish predation and seaweed competition on the survival and growth of corals.pdf,figure:Fig. 5A-C:p4,figure,Fig. 5A-C,4,digitization/figures/source_pages/f46ad039__page-004.png,rendered,"Fig. 5A-C Results of the experiment with P. porites. Bars represent means + 1 SE. Panels show macroalgal percent cover, coral growth as relative change in buoyant weight, and grazing scars on corals in the six treatment groups.","Crop exact figure/table panel from rendered source page; do not pool until panel, axes, units, variance, and sample size are verified."
DIG-f46ad039-survival,audited_candidate_available,f46ad039-b2d6-4a0a-860d-98cf61f2a7de,Miller and Hay - 1998 - Effects of fish predation and seaweed competition on the survival and growth of corals.pdf,survival,literature/META_ANALYSIS_POOL/Miller and Hay - 1998 - Effects of fish predation and seaweed competition on the survival and growth of corals.pdf,figure:Fig. 2:p3,figure,Fig. 2,3,digitization/figures/source_pages/f46ad039__page-003.png,rendered,Fig. 2 Results of the experiment with P. divaricata. Bars represent means + 1 SE; treatments with the same letter are not significantly different by Dunn post hoc pairwise comparisons. Surrounding text identifies the plotted response as 48-hour survivorship.,"Crop exact figure/table panel from rendered source page; do not pool until panel, axes, units, variance, and sample size are verified."
DIG-f7335f31-rate,audited_candidate_available,f7335f31-f560-4d42-9f0d-52fdbec8ece6,Meesters et al 1992 sedimentation and lesion position.pdf,rate,literature/META_ANALYSIS_POOL/Meesters et al 1992 sedimentation and lesion position.pdf,figure:Fig. 2:p4,figure,Fig. 2,4,digitization/figures/source_pages/f7335f31__page-004.png,rendered,Fig. 2. Regeneration of the four species used in the long-term sediment stress experiment. Lesion size is given as the mean size of all lesions at a certain time. Fitted regression lines are drawn in graphs. Low: low sedimentation site; High: high sedimentation site.,"Crop exact figure/table panel from rendered source page; do not pool until panel, axes, units, variance, and sample size are verified."
DIG-f7335f31-rate,audited_candidate_available,f7335f31-f560-4d42-9f0d-52fdbec8ece6,Meesters et al 1992 sedimentation and lesion position.pdf,rate,literature/META_ANALYSIS_POOL/Meesters et al 1992 sedimentation and lesion position.pdf,figure:Fig. 3:p5,figure,Fig. 3,5,digitization/figures/source_pages/f7335f31__page-005.png,rendered,Fig. 3. Regeneration of Montastrea annularis up-current (SedUp) and down-current (SedDown) of the construction site of an artificial beach. Lesion size is the mean size of all lesions at a given time. Fitted regression lines are drawn in graph.,"Crop exact figure/table panel from rendered source page; do not pool until panel, axes, units, variance, and sample size are verified."
DIG-f7335f31-rate,audited_candidate_available,f7335f31-f560-4d42-9f0d-52fdbec8ece6,Meesters et al 1992 sedimentation and lesion position.pdf,rate,literature/META_ANALYSIS_POOL/Meesters et al 1992 sedimentation and lesion position.pdf,table:Table 2:p6,table,Table 2,6,digitization/figures/source_pages/f7335f31__page-006.png,rendered,"Table 2. Life history characteristics. Comparison of regeneration, reproduction, growth, polyp position, sediment rejection, and competitive characteristics of the species used in this study.","Crop exact figure/table panel from rendered source page; do not pool until panel, axes, units, variance, and sample size are verified."
DIG-f7335f31-rate,audited_candidate_available,f7335f31-f560-4d42-9f0d-52fdbec8ece6,Meesters et al 1992 sedimentation and lesion position.pdf,rate,literature/META_ANALYSIS_POOL/Meesters et al 1992 sedimentation and lesion position.pdf,table:Table 1:p5,table,Table 1,5,digitization/figures/source_pages/f7335f31__page-005.png,rendered,"Table 1. Results of regression analyses and slope comparisons. Data were fitted to the line Size = C * 10^(b*Time), with C, slope, days to lesion closure, sample size, R2, days included, and slope-comparison probabilities reported.","Crop exact figure/table panel from rendered source page; do not pool until panel, axes, units, variance, and sample size are verified."
