source_id,paper_title,final_status,extraction_readiness,response_rate,response_growth,response_reproduction,response_survival,moderator_environment,moderator_traits,study_type,study_year,location_raw,site_name,country_territory,water_body,latitude_raw,longitude_raw,latitude,longitude,depth_min_m,depth_max_m,species,growth_form,tissue_type,colony_size_cm,symbiont_status,lesion_source,lesion_method,lesion_type,area_mm2,rel_wound_size,perimeter_mm,lesion_depth,num_lesions,lesion_position,temperature_c,temp_manip,ph_or_pco2,nutrient_enrich,light_par,light_regime,sedimentation,flow_regime,sample_size,replication_level,randomization,blocking,control_description,notes,notebook_covariate_status,query_batch_id,query_attempts,latitude_approx,longitude_approx,approx_coordinate_basis,approx_coordinate_confidence,approx_location_notes,latitude_best,longitude_best,best_coordinate_basis,best_coordinate_confidence
12e9e864-5ff1-42c4-a63d-19b5d62a7464,Bak and Es - REGENERATION OF SUPERFICIAL DAMAGE IN THE SCLERACTINIAN CORALS AGARCA AGARCTES F. PURPUREA AND P.pdf,include_primary,needs_digitization,1,0,0,1,0,0,field,1976-1977,"fringing reef 700-800 m northwest of the entrance of Piscadera Bay, southwest coast of Curacao",,Netherlands Antilles,,,,,,18,25,"Agaricia agaricites f. purpurea, Porites astreoides","massive, encrusting, plating",living surfaces,150-1350,,experimental,method: Bak et al. 1977,"tissue, tissue and skeleton","100, 500",,,,147,horizontal plane,,,,,,,,,147,22 to 26 lesions per treatment group,,,Eleven control colonies of each species,"Regeneration of 1 cm2 and 5 cm2 lesions studied over 140 days in situ. [repair: Coordinates and temperature were not reported; growth forms were inferred from the standard morphologies of Porites astreoides (massive/encrusting) and Agaricia agaricites (encrusting/plating).] [agent repair: Multiple depth bands were explicitly reported. Lesion areas were reported as 1 cm2 and 5 cm2, converted here to 100 mm2 and 500 mm2. Coordinates and temperature were not recoverable.]",parsed,batch_002,1,12.132222,-68.968611,reef_centroid,medium,Fringing reef about 700-800 m northwest of Piscadera Bay entrance; proxy point at the bay mouth.,12.132222,-68.968611,reef_centroid,medium
dde85c3e-6c0d-4057-9a5a-116138865992,"Bak - 1983 - Neoplasia, regeneration and growth in the reef-building coral Acropora palmata.pdf",include_primary,needs_digitization,1,1,0,0,0,0,field,1977-1978,"southwest, leeward coast of Curacao",,Netherlands Antilles,Caribbean Sea,,,,,1,2,Acropora palmata,branched,branch,,,experimental,compressed air; scraping protruding skeletal elements,"tissue, tissue and skeleton",100,,,,32,upper side of the branch at a distance of 4 to 9 cm from the tip,,,,,,,,,32,"22 tissue lesions, 10 tissue + skeleton lesions",,,Branches of normal colonies,"Studied regeneration of 1 cm2 lesions alongside effects of natural neoplasia on growth. All A. palmata recovered from all lesions within 80 d. [repair: Coordinates and experimental or ambient temperatures were not explicitly reported in the study.] [agent repair: Depth was explicitly reported as 1-2 m. Lesion area was 1 cm2, converted here to 100 mm2. Growth form was branching. Coordinates and temperature were not explicitly reported.]",parsed,batch_003,1,12.13,-69.13,coast_or_region_centroid,low,Broad southwest/leeward Curaçao reef zone; exact site not named in the source.,12.13,-69.13,coast_or_region_centroid,low
12939915-cb9c-4190-9682-7477eb8d2698,Bonesso et al. - 2017 - Exposure to elevated sea-surface temperatures below the bleaching threshold impairs coral recovery a.pdf,include_primary,ready_extract,1,0,0,1,1,0,mesocosm,2014,Heron Island reef flat,,Australia,Great Barrier Reef,23°26′36.2′′S,151°54′43.1′′E,-23.443389,151.911972,0.3,0.3,Acropora aspera,branching,apical tips,20,,experimental,removal of apical tips (~3 cm of the apical region),tissue and skeleton,,50% of colony branches,,30,,apical region,"26, 32",increased to 32 °C during daylight hours,,,700-1500,full sunlight with no direct shading,,flow-through seawater with high turnover rate and internal pumps,20,"10 colony fragments per mesocosm (5 injured, 5 intact)",randomly sampled and randomly assigned,,Ambient seawater temperature (26 °C) and tips left intact,"Monitored GFP fluorescence, linear extension, and gene expression for catalase, HSP70, HSP90. [repair: Lesion area was not reported; the study only notes the removal of approximately 3 cm of the apical region.] [agent repair: Damage is described as apical-region removal rather than an explicit lesion area.]",parsed,batch_005,1,,,,,,-23.443389,151.911972,reported_exact,high
9616c9c9-f92f-4a43-8be4-4bd0b5875f3c,"Burmester et al. - 2017 - Temperature and symbiosis affect lesion recovery in experimentally wounded, facultatively symbiotic.pdf",include_primary,ready_extract,1,1,0,0,1,0,laboratory,2014,"Fort Wetherill State Park in Jamestown, RI",Fort Wetherill State Park,USA,,41° 28’ 40” N,71° 21’ 34” W,41.477778,-71.359444,6,10,Astrangia poculata,,single polyp,,symbiotic and aposymbiotic,experimental,"single polyp removed using a scalpel, cleared of tissue using a Waterpik, surrounding skeleton filed to a uniform basal skeletal height",tissue and skeleton,38.4,,,,1,centrally located in the colony,"9, 18, 24",temperature increase or decrease from 18°C at a rate of 1°C every 12 h,,,37.5,10 h d−1 using T5 HO fluorescent lighting,,flow-through aquarium system,159,"40 colonies of each symbiont state at 18 °C (39 aposymbiotic), 20 colonies of each symbiont state at 9 °C and 24 °C",randomly placed into treatment groups,paired controlling for colony mass; randomized placement to control for tank microclimate,18 °C treatment served as ambient/acclimation temperature,"Assessed how symbiotic state (symbiotic vs. aposymbiotic) and temperature deviations (winter 9 °C, elevated 24 °C) affected wound healing and tissue loss. [repair: Growth form was not explicitly reported in the text and cannot be unambiguously inferred for Astrangia poculata.] [agent repair: No additional explicit value recovered in this conservative pass; remaining fields appear unreported or too ambiguous to infer.]",parsed,batch_008,1,,,,,,41.477778,-71.359444,reported_exact,high
daec544d-cfab-46db-be2a-1d3596bc0395,Burmester et al. - 2018 - The impact of autotrophic versus heterotrophic nutritional pathways on colony health and wound recov.pdf,include_primary,needs_digitization,1,1,0,0,1,0,laboratory,2014,Fort Wetherill State Park in Jamestown RI,Fort Wetherill State Park,USA,,41 28′40″N,71 21′34″W,41.477778,-71.359444,6,10,Astrangia poculata,solitary,single polyp and coenenchyme,,symbiotic or aposymbiotic,experimental,"single polyp and surrounding connective tissue removed using a scalpel, wound site cleaned via Waterpik",tissue,34.28,,,,1,center of the colony,18,,,fed (frozen copepod slurry 50 g/L) vs starved,,10-hr light cycles (14 hr dark) via T5 HO fluorescent lighting,,,224,28 paired symbiotic and aposymbiotic colonies per treatment group,sorted randomly into one of four treatment groups,paired by approximate mass,un-wounded fed and un-wounded starved colonies,"Assessed how symbiotic state (symbiotic vs. aposymbiotic) and nutritional state (fed vs. starved) affected wound healing, colony tissue cover, and polyp activity. [repair: Growth form was not explicitly reported in the text and cannot be unambiguously inferred for Astrangia poculata.] [agent repair: Growth form inferred from Astrangia poculata, which is a solitary coral. Growth-form label was not explicit in the text, but the inference is unambiguous.]",parsed,batch_009,1,,,,,,41.477778,-71.359444,reported_exact,high
26babed0-9e6c-4621-9dca-9253eb39b9fb,Cameron and Edmunds - 2014 - Effects of simulated fish predation on small colonies of massive Porites spp. and Pocillopora meandr.pdf,include_primary,ready_extract,1,1,0,0,0,1,field,2009,back reef along the north shore of Moorea,,French Polynesia,,17° 30’ S,149° 50’W,-17.500000,-149.833333,2,3,"Porites spp., Pocillopora meandrina","massive, branching","perforate, imperforate","<5 (Porites), <7 (Pocillopora)",,experimental,pressurized seawater from a 60 ml syringe; snub-nose pliers to abrade,"tissue, tissue and skeleton","35, 105, 108",,,1-5,1,top of each coral,29.00,,,,1200,,,,64,8 nubbins in each of 4 treatments per taxon,allocated haphazardly,cages on cinderblocks held 2 replicate corals of same taxon and treatment,undamaged controls,"Simulated damage caused by fishes belonging to 3 functional feeding guilds: excavators, scrapers, and browsers. [repair: The study explicitly contrasts two taxa with different skeletal porosities, identifying Porites as perforate and Pocillopora as imperforate.]",parsed,batch_010,4,,,,,,-17.500000,-149.833333,reported_exact,high
9f7a74ab-485d-44be-88c3-28c6b4a7c491,Chadwick and Loya - 1990 - Regeneration after experimental breakage in the solitary reef coral Fungia granulosa Klunzing.pdf,include_primary,needs_digitization,1,0,0,1,0,0,field,1989,"fringing coral reef adjacent to the H. Steinitz Marine Biology Laboratory, Eilat, Gulf of Eilat, Red Sea",H. Steinitz Marine Biology Laboratory,Israel,Red Sea,,,,,10,10,Fungia granulosa,solitary,,3-9,,experimental,broken into fragments with the aid of a hammer and chisel,fragmentation,,10-90%,,,,"radially along the septa, or perpendicular to the septal edges",,,,,,,,,64,7 to 14 corals per treatment per size class,,divided into two size classes by live wet mass,"undamaged, intact controls","Studied regeneration after experimental breakage. Recovery depended on fracture orientation (parallel vs perpendicular to septa), fragment size, and percent breakage. [repair: Coordinates, tissue type (perforate/imperforate), precise initial lesion area, and experimental temperatures were not explicitly reported in the study.] [agent repair: Depth was explicitly reported as 10 m. Growth form was solitary. No explicit coordinates, tissue type, lesion area, or temperature were recoverable.]",parsed,batch_011,1,29.500000,34.916667,site_facility_centroid,high,H. Steinitz Marine Biology Laboratory / adjacent Eilat fringing-reef study area used as the locality proxy.,29.500000,34.916667,site_facility_centroid,high
d4f87f68-6209-4973-bf99-fac310af5656,Coral-Damsel-Wounding-Manuscript.pdf,include_primary,needs_digitization,1,1,0,0,0,0,laboratory,2024,"northshore lagoon reef, Mo'orea",Richard B. Gump South Pacific Research Station,French Polynesia,,17°30'S,149°50'W,-17.500000,-149.833333,,,Pocillopora spp.,branching,surface tissue,>20,,experimental,airbrush fitted with a circular stencil to remove surface tissue,tissue,"148, 382",,,,1,upper surface of fragments,,,,2 g of TetraMarine Saltwater Flakes three times per day,,ambient light,,flow-through aquaria supplied with unfiltered seawater at ~6 L h-1,72,"4 fragments per treatment per tank across 6 tanks (3 with fish, 3 without)",fragments randomly distributed across tanks and assigned to treatments; fish randomly introduced to half the tanks,,fragments with no wound; tanks without fish,"Tested whether coral-associated yellowtail damselfish (Dascyllus flavicaudus) facilitate wound healing, calcification, and photosynthetic recovery in Pocillopora spp. [repair: Numeric depth bounds and specific experimental or ambient temperatures were not explicitly reported in the study.] [agent repair: No additional explicit value recovered in this conservative pass; remaining fields appear unreported or too ambiguous to infer.]",parsed,batch_014,1,,,,,"Exact coordinates reported in source (17°30'S, 149°50'W); no approximate point added.",-17.500000,-149.833333,reported_exact,high
ec19aed9-6875-473a-accb-914b065e6e10,Counsell et al. - 2019 - Colony size and depth affect wound repair in a branching coral.pdf,include_primary,needs_digitization,1,0,0,1,1,1,field,2017,"four sites on O‘ahu, Hawai‘i","Lanikai, Kāne‘ohe Bay, Kewalo Shallow, Kewalo Deep",USA,Pacific Ocean,"21.3842 N, 21.4564 N, 21.2930 N, 21.2898 N","157.7077 W, 157.7945 W, 157.8663 W, 157.8628 W",21.289800,-157.862800,1,8,Pocillopora meandrina,branching,branch,13.7-44.3,,experimental,breaking branches using bone cutters,tissue and skeleton,,,,,108,branch,26.77-27.25,,,,,,,,54,"12, 20, 6, and 16 colonies across 4 sites; 2 sequential wounds per colony",,,pre-wounding observations of colony health used as a baseline,"Investigated the effects of colony size, depth, and disturbance history (bleaching) on the wound repair of broken branches. Larger colonies and shallower colonies healed faster. [repair: Lesion area was not explicitly reported; the study only provided the mean wound diameter of 13.4 mm.]",parsed,batch_016,1,,,,,,21.289800,-157.862800,reported_exact,high
740435e0-2577-4691-baa4-77cc09e904e9,Cox - 2014 - Corallivory The Coral’s Point of View.pdf,include_primary,needs_digitization,0,0,0,0,0,0,review,,,,,,,,,,,,various,various,,,,,,,,,,,,,,,,,,,,,,,,,,"Review chapter synthesizing the impacts of corallivory on coral physiology, population dynamics, community structure, and defense mechanisms.",parsed,batch_017,1,,,,,,,,,
034d4e10-aee2-4964-9c77-cb6f4174bd3e,Cróquer et al. - 2002 - Environmental factors affecting tissue regeneration of the reef - building coral Montastraea annular.pdf,include_primary,needs_digitization,1,0,0,0,0,0,field,1998,"Dos Mosquises, Archipiélago Los Roques National Park",S1 (horseshoe reef) and S2 (fringing reef lagoon),Venezuela,,11º 48' N,66º 53'W,11.800000,-66.883333,1,1.5,Montastraea annularis,massive,imperforate,30-60 cm2 area,,experimental,scratching the coral surface with a hard-nylon brush; jetting out the tissue from the polyps using a syringe,"tissue, tissue and skeleton",,,,,32,top and bottom of the colonies,26-31,,,,,,"0.16 g/cm2/day, 0.266 g/cm2/day",,32,"16 colonies per site, 2 replicates per treatment combination",,,,"Lesion diameter ranged from 4.5-5 cm (small) to 7.5-8 cm (large). Evaluated tissue regeneration under different sedimentation regimes, lesion types (simulated parrotfish vs butterflyfish), sizes, and positions. [repair: Growth form and tissue type were inferred from the standard characteristics of Montastraea annularis, while initial lesion area was provided as a range of diameters rather than a explicitly stated area.] [agent repair: No additional explicit value recovered in this conservative pass; remaining fields appear unreported or too ambiguous to infer.]",parsed,batch_018,1,,,,,,11.976667,-66.882500,reported_exact,high
28b1e816-45f3-42fc-a2b0-0cfea52a0adc,"DeFilippo et al. - 2016 - Patterns of surface lesion recovery in the Northern Star Coral, Astrangia poculata.pdf",include_primary,needs_digitization,1,0,0,0,0,0,laboratory,2013,"Fort Wetherill National Park in Jamestown, Rhode Island",Fort Wetherill National Park,USA,,41 28° 40°° N,71 21° 34°°W,,,6,10,Astrangia poculata,,visible polyp and coenenchyme tissue,8.48-11.78 cm2 live surface area,symbiotic and aposymbiotic,experimental,"removed visible polyp and coenenchyme tissue with a Waterpik, eroded raised corallite structure relatively flat with a diamond coated file",tissue and skeleton,,"25%, 50%, and 75% of total colony live surface area",,,1 or 2,"1, 2, or 3 quadrants of the coral surface",18,,,targeted ad libitum feedings of copepods daily,,high output (HO) T5 fluorescent fixtures (daylight and actinic bulb),,"integrated, flow-through aquarium system with ultraviolet-sterilized, particulate-filtered seawater",50,5 colonies of each symbiotic state per wound treatment and control group,randomly and evenly allocated among tanks; randomly assigned to wound treatments,,no wounding treatment,"Evaluated the response of symbiotic and aposymbiotic A. poculata to wounds of varying size and shape. Recovery originated primarily from tissue remnants within the lesion site, demonstrating a 'Phoenix effect' healing pattern. [repair: Coordinates were extracted as reported despite typographical errors in the source, while growth form and specific absolute initial lesion areas were not explicitly reported and could not be unambiguously inferred.] [agent repair: No additional explicit value recovered in this conservative pass; remaining fields appear unreported or too ambiguous to infer.]",parsed,batch_022,1,41.477778,-71.359444,site_facility_centroid,high,"Exact coordinates are reported in the paper; approximate duplicate intentionally omitted. Fort Wetherill State Park proxy, aligned with other Astrangia studies from the same site.",41.477778,-71.359444,site_facility_centroid,high
09f69156-3ca0-4bf2-98e2-fe2b25612587,Denis et al. - 2011 - Lesion regeneration capacities in populations of the massive coral Porites lutea at Réunion Island.pdf,include_primary,ready_extract,1,0,0,0,0,1,field,2007-2008,Réunion Island,"Planch’Alizé, Trou d’Eau, Varangue, Kiosque",Réunion,south-western Indian Ocean,21° 07’ S,55° 32’ E,-21.116667,55.533333,1,2,Porites lutea,massive,perforate,68,,experimental,grinding stone (Dremel) powered by a pneumatic drill,tissue and skeleton,330,,,3,,top of the colonies,23.2-32.7,,,,,,,,70,"25 colonies at 2 sites initially, reduced to 10 colonies at 4 sites in subsequent seasons",selected haphazardly,,,"Evaluated the regeneration capacity of standard artificial lesions in Porites lutea across four sites and four seasons to assess the role of extrinsic environmental factors. [repair: Tissue type was inferred as perforate based on the standard biological classification of the focal genus Porites, as it was not explicitly stated in the text.]",parsed,batch_023,1,,,,,,-21.116667,55.533333,reported_exact,high
4d1dfa9c-9c0b-438d-bf33-ec928b7d6696,Denis_2013_Fast_Growth_May_Impair_Regeneration_Capacity_in_th..._doi-10.1371-journal.pone.0072618.pdf,include_primary,ready_extract,1,1,0,0,0,0,field,2008,west coast of Réunion Island at two shallow reef-flat sites,Planch’Alizé and Kiosque,Réunion,Indian Ocean,21°07'S,55°32'E,-21.116667,55.533333,1,2,Acropora muricata,branching,branch,,C3 Symbiodinium,experimental,grinding stone,tissue and skeleton,104,,,3,1,mid-height on the side of each branch,,,,,,,,,150,5 colonies per site; 5 injured and 9-10 control nubbins per colony,5 replicate nubbins from each colony were randomly selected for injury,,undamaged nubbins left intact to monitor baseline growth and photosynthetic efficiency,Investigated relationships between skeletal growth and lesion regeneration in contrasting natural environments. Demonstrated a trade-off where fast growth associated with high zooxanthellae densities impaired regeneration capacity. [repair: Specific ambient or experimental temperature values were plotted in figures but not explicitly reported in the text.] [agent repair: Temperature was not reported as a single explicit study-level value.],parsed,batch_024,1,,,,,,-21.116667,55.533333,reported_exact,high
3d374a40-79d3-413b-99c2-670f9da97bef,"Dias et al. - 2018 - Mortality, growth and regeneration following fragmentation of reef-forming corals under thermal stre.pdf",include_primary,needs_digitization,1,1,0,1,1,0,laboratory,,Oceanário de Lisboa (Portugal),Oceanário de Lisboa,Portugal,,,,,,,,"Acropora tenuis, Pocillopora damicornis, Stylophora pistillata, Psammocora contigua, Montipora capricornis, Turbinaria reniformis, Echinopora lamellosa, Galaxea fascicularis","branching, plating, encrusting, massive",fragment,"2-4 (branching), 3x3 (plating, encrusting, massive)",,experimental,circular injuries inflicted using a Dremel rotatory tool with a cutting disk,tissue and skeleton,7.07,,,,1,middle section of the fragments,"26, 30, 32","acclimated 1 °C per hour to 26 °C, 30 °C, and 32 °C for 60 days",pH 8.2-8.3,,320-345,12 h light/ 12 h dark cycle,,"turnover rate of 5 times per hour, increased surface water motion using a powerhead",180,10 control and 10 injured fragments per species,,,undamaged fragments,"Investigated mortality, growth, and regeneration of 9 Indo-Pacific coral species subjected to experimental injury and thermal stress. [repair: Coordinates and natural collection depths were not reported, as the study was conducted in a laboratory using captive coral colonies.] [agent repair: Explicit latitude/longitude were not reported in the accessible text. Numeric depth bounds were not explicitly reported in the accessible text.]",parsed,batch_025,1,38.763503,-9.093783,site_facility_centroid,high,"Oceanário de Lisboa, Doca dos Olivais, Parque das Nações, Lisbon; used the aquarium location as the study-site proxy for captive corals.",38.763503,-9.093783,site_facility_centroid,high
c849a042-644e-4b4f-a530-33cfb800d9a9,E and Y - 1996 - Regeneration versus budding in fungiid corals a trade-off.pdf,include_primary,needs_digitization,1,1,0,0,0,0,laboratory and field,,coral reef in Ellat (Red Sea),,Israel,Red Sea,,,,,,,"Fungia scutaria, Fungia granulosa, Fungia horrida",solitary,tissue and skeleton fragments,,,experimental,broken into wedge-shaped fragments; placement of putty on adult corallum; removal of surface tissues,fragmentation and tissue loss,,,,,,,25,,,,,12 h light: 12 h dark,,daily water changes in petri dishes; aerated sea water in aquaria,20,"8 large fragments with mouth, 10 large fragments without mouth, 10 medium fragments without mouth, 32 small fragments without mouth",,,,"Investigated the mechanism of bud formation and a physiological trade-off between tissue regeneration and asexual budding in solitary fungiid corals after experimental damage. [repair: Coordinates, explicit numeric depth bounds, and exact initial lesion areas in mm^2 were not reported in the provided text.] [agent repair: Explicit latitude/longitude were not reported in the accessible text. Numeric depth bounds were not explicitly reported in the accessible text. A single directly comparable wound area was not explicitly reported.]",parsed,batch_027,1,29.500000,34.916667,town_or_lab_centroid,medium,Only Eilat/Red Sea was given; used the Eilat marine-lab / north-beach reef area as a conservative proxy.,29.500000,34.916667,town_or_lab_centroid,medium
b0949a7c-520e-4a37-af04-25979598ec2d,Edmunds and Lenihan - 2010 - Effect of sub-lethal damage to juvenile colonies of massive Porites spp. under contrasting regimes o.pdf,include_primary,ready_extract,1,1,0,0,0,1,laboratory,2008,lagoon of Moorea,,French Polynesia,,17°30'S,149°50'W,-17.500000,-149.833333,3,4,"Porites spp., Porites lutea, Porites lobata",massive,tissue and skeleton,<4,,experimental,gouging with snub nose pliers,tissue and skeleton,68,,,1-2,2,haphazard locations,"26.7, 29.6",maintained at ~26.7 or ~29.6 °C,,,700,12-h light/12-h dark cycle,,6 and 21 cm s-1,80,10 colonies per treatment combination,allocated randomly to treatments; position within raceways randomized daily,,undamaged colonies,"Evaluated how sub-lethal damage interacts with temperature and water flow to affect growth, maximum dark-adapted quantum yield of PSII (Fv/Fm), and healing.",parsed,batch_028,1,,,,,,-17.500000,-149.833333,reported_exact,high
2e3b055f-28df-4def-97aa-660ac537a95f,Edmunds and Yarid - 2017 - The effects of ocean acidification on wound repair in the coral Porites spp..pdf,include_primary,ready_extract,1,1,0,0,0,0,mesocosm,2013-2014,back reef in Moorea,Richard B. Gump South Pacific Research Station,French Polynesia,,,,,,2,3,"Porites spp., Porites lutea, Porites lobata",massive,perforate,~4,,experimental,snub-nose pliers to scrape a rectangular lesion,tissue and skeleton,"99, 250","~4%, ~10%",,"1-2, 5-6",1,upper surface,"28.0, 28.8",,"400, 1000 μatm",,"373, 627",,,supplied with fresh seawater at 100-200 mL min-1,152,6 corals per treatment combination in each of 3 tanks (Experiment 1); 10 corals per treatment combination in each of 2 tanks (Experiment 2),"randomly assigned to tanks, randomly repositioned within tanks daily",,undamaged corals,"Tested the effects of ocean acidification (~400 vs ~1000 μatm PCO2) on calcification and tissue regeneration in massive Porites spp. following superficial (scraping) and deep (excavation) damage simulating corallivory. [repair: Coordinates were not explicitly reported; tissue type was inferred as perforate based on the standard biological classification of the focal genus Porites.] [agent repair: Temperature was explicitly reported as 28.1-29.0 C. Sample sizes were 2, 6, and 20. Coordinates and lesion area were not recoverable.]",parsed,batch_029,1,-17.487250,-149.886930,site_facility_centroid,medium,Back-reef study on Moorea proxied to the Richard B. Gump station / Cook's Bay centroid from local Moorea records.,-17.487250,-149.886930,site_facility_centroid,medium
f7335f31-f560-4d42-9f0d-52fdbec8ece6,Meesters et al 1992 sedimentation and lesion position.pdf,include_primary,needs_digitization,1,0,0,0,1,0,field,1990-1991,leeward fringing reefs of Curaçao,"Low, High, SedDown, SedUp",Netherlands Antilles,,,,,,3,6,"Acropora palmata, Diploria strigosa, Porites astreoides, Siderastrea siderea, Montastrea annularis","branching, massive",perforate,,,experimental,submersible drill with a small grinding point,tissue and skeleton,78,,,2,1,"top of the colony, sides of colonies, in between two ridges",,,,,"244, 829",,24-107 g dry weight m-2 d-1,,344,22-35 colonies per species per treatment,haphazardly selected colonies,,low sedimentation sites (Low and SedUp),"Studied the effects of long-term and short-term sedimentation stress, as well as intra-colony lesion position (top vs side) and photoadaptation, on tissue regeneration rates. [repair: Coordinates and experimental water temperatures were not reported, initial lesion area was provided as an approximate diameter rather than an exact area, and tissue type was explicitly noted as perforate for Porites astreoides.] [agent repair: Two depth bands were explicitly reported. Lesion area was approximately 0.78 cm2, converted here to 78 mm2. Growth form was branching. Temperature and coordinates were not recoverable.]",parsed,batch_030,1,12.13,-69.12,coast_or_region_centroid,low,Leeward fringing reefs of Curaçao; site names are treatment labels rather than place names.,12.13,-69.12,coast_or_region_centroid,low
348d7203-b68d-472c-89da-e3e6704b2f50,Eh and Rpm - 1995 - Age-related deterioration of a physiological function in the branching coral Acropora palmata.pdf,include_primary,ready_extract,1,0,0,0,1,1,field,1991,fringing reef in front of the Curaçao Seaquarium,Curaçao Seaquarium,Netherlands Antilles,Caribbean,,,,,2,4,Acropora palmata,branching,perforate,,,experimental,submersible pneumatic drill powered by a SCUBA tank and equipped with a small grinding point,tissue and skeleton,159.4,,,1.90,1,"upperside of branches at 3, 12, or 66 cm from the tip",,,,,,,,,21,"3 branches per colony randomly chosen; each received a single lesion at 3, 12, or 66 cm",haphazardly selected colonies; randomly chosen branches,randomized blocks design,,"Assessed regeneration potential of Acropora palmata at different distances from the branch tip (3, 12, and 66 cm). Regeneration capability decreased exponentially from tip to base, indicating age-related senescence. [repair: Coordinates and temperature were not explicitly reported, and tissue type was inferred as perforate based on the standard biological classification of the focal genus Acropora.] [agent repair: Depth was reported as 2-4 m. Lesion area was 1.59 cm2, converted here to 159 mm2. Growth form was branching. Coordinates and temperature were not recoverable.]",parsed,batch_031,1,12.083611,-68.895833,site_facility_centroid,high,Curaçao Seaquarium fringing reef site.,12.083611,-68.895833,site_facility_centroid,high
1d9e4e6d-fe25-4609-b0ac-78fdb306c80b,Eh et al. - 1997 - Predicting regeneration of physical damage on a reef-building coral by regeneration capacity and les.pdf,include_primary,ready_extract,1,0,0,0,1,0,field,1992,southwestern coast of the island of Curaçao,Carmabi buoy 2,Netherlands Antilles,Caribbean,,,,,4,6,Montastrea annularis,columnar,imperforate,,,experimental,small grinding stones attached to a pneumatic drill powered by a SCUBA tank,tissue and skeleton,"83, 183, 243, 406",,,2.5,4,column,,,,,,,,,25,"25 colonies, each receiving 4 circular lesions of different sizes (1 per randomly selected column)",colonies selected haphazardly; columns selected randomly,randomized complete block design,,"Presented a relationship predicting regeneration of physical damage based on regeneration capacity and lesion shape. Found that regeneration slows exponentially and is primarily determined by the initial length of the lesion perimeter. [repair: Coordinates and specific temperatures were not explicitly reported in the text, and tissue type was inferred as imperforate based on the standard biological classification of the focal species Montastraea annularis.] [agent repair: No additional explicit value recovered in this conservative pass; remaining fields appear unreported or too ambiguous to infer.]",parsed,batch_032,1,12.126389,-68.976111,site_facility_centroid,high,Carmabi buoy 2 on Curaçao's southwest coast.,12.126389,-68.976111,site_facility_centroid,high
ad751939-b061-4323-9097-c1e7d2e9576f,Fine et al. - 2002 - Bleaching effect on regeneration and resource translocation in the coral Oculina patagonica.pdf,include_primary,needs_digitization,1,0,0,1,0,0,field,2000,"Sdot-Yam, Mediterranean coast of Israel",Sdot-Yam,Israel,Mediterranean Sea,32° 29.77’ N,34° 53.23’ E,32.496167,34.887167,3,6,Oculina patagonica,encrusting,tissue,12-15,"unbleached, partly bleached, and totally bleached",experimental,air-pick jet,tissue,200,,,,1,center of colony or center of bleached section,,,,,,,,,51,"13 unbleached, 11 partly bleached, and 10 totally bleached colonies for recovery; 17 colonies for 14C-labelling",,,intact unbleached colonies or background 14C activity in intact tissues,"Compared regeneration capabilities and intra-colonial translocation of 14C photosynthetic products in unbleached, partly bleached, and totally bleached colonies. Demonstrated a bleaching threshold of ~30-40% above which resource translocation to lesions is terminated. [repair: Specific experimental or ambient temperature values were not explicitly reported in the study.] [agent repair: No additional explicit value recovered in this conservative pass; remaining fields appear unreported or too ambiguous to infer.]",parsed,batch_034,1,32.496167,34.887167,site_facility_centroid,high,Sdot-Yam locality; retained the site point already associated with the study locality as the approximate coordinate.,32.496167,34.887167,site_facility_centroid,high
a1e7fabd-36e1-4556-804c-e6f1a9c17581,Fisher et al. - 2007 - Lesion regeneration rates in reef-building corals Montastraea spp. as indicators of colony condition.pdf,include_primary,ready_extract,1,0,0,0,0,0,field,2001-2003,Biscayne National Park (BNP) and the upper Florida Keys National Marine Sanctuary (FKNMS),"Alina’s Reef, Key Largo (KL) 6 m, White Banks (WB), Algae Reef (AR), KL 3 m, KL 9 m, KL 18 m",USA,,"25° 01.09’ N, 25° 02.23’ N, 25° 08.80’ N, 25° 23.19’ N, 25° 02.45’ N, 25° 00.15’ N, 25° 00.21’ N","80° 23.84’ W, 80° 22.50’ W, 80° 17.60’ W, 80° 09.78’ W, 80° 25.44’ W, 80° 23.63’ W, 80° 23.02’ W",25.003500,-80.383667,3,18,"Montastraea spp., Montastraea faveolata, Montastraea annularis, Montastraea franksi",boulder,imperforate,19-40,,experimental,leather punch,tissue and skeleton,100-200,,,3,,,,,,,,,,,264,5 colonies at each site,haphazardly selected,,,"Assessed regeneration rates of biopsy-induced lesions across sites and depths to evaluate their utility as indicators of coral health. Regeneration was dynamic and geographic location was the strongest factor affecting rates. [repair: Tissue type was inferred as imperforate based on the standard biological classification of the focal genus Montastraea, while specific experimental or ambient temperature values were not explicitly reported in the study.] [agent repair: Temperature was not reported as a single explicit study-level value.]",parsed,batch_035,1,,,,,,25.003500,-80.383667,reported_exact,high
3a3fb59c-a303-49f1-aa80-21ffe7d182cf,Fong and Lirman - 1995 - Hurricanes Cause Population Expansion of the Branching Coral Acropora palmata (Scleractinia).pdf,include_primary,ready_extract,1,1,0,1,0,1,field,1992-1994,"Elkhorn reef, in the northern region of the Florida Reef Tract",Elkhorn reef,USA,,25 21.766 N,80 09.961 W,25.362767,-80.166017,,,Acropora palmata,branching,branch,,,natural,hurricane-generated broken branches,tissue and skeleton,,,,,5-8 per colony,branch ends,,,,,,,,,5,"5 large colonies, each with 5-8 injury sites",,,,"Measured the pattern and rate of wound-healing on colonies that were still standing after Hurricane Andrew, and the temporal changes in size-frequency distribution and upward growth of hurricane-generated fragments. [repair: Explicit numeric depth bounds and specific temperature values were not reported, and initial natural lesion areas varied widely across colonies rather than being a single standardized size.] [agent repair: No additional explicit value recovered in this conservative pass; remaining fields appear unreported or too ambiguous to infer.]",parsed,batch_036,1,,,,,,25.362767,-80.166017,reported_exact,high
6a14a9e9-da4e-425f-bf9d-59fa573487e1,"Guzmán et al. - 1994 - Injury, regeneration and growth of Caribbean reef corals after a major oil spill in Panama.pdf",include_primary,ready_extract,1,1,0,1,0,0,field,1986-1991,Caribbean coast of Panama,"LRE1, LRE2, PAYW, PAYN, JUG, PALW, DONR, DMA, MAR3, NARS, GALC, PM",Panama,Caribbean Sea,,,,,0.5,6,"Siderastrea siderea, Porites astreoides, Diploria clivosa, Diploria strigosa",massive,"perforate, imperforate",<30,,"experimental, oil spill",blasting,artificial injury,570,,,,1,,,,,,,,,,5 to 9 colonies per species per reef depending on the specific experiment,2 transects per reef; 5 colonies per species for transplant,haphazardly placed,,unoiled reefs,"Studied the effects of a major oil spill on injury, regeneration, and growth of massive corals over 5 years. Regeneration was faster on oiled reefs, likely due to a reallocation of resources from growth and reproduction to regeneration. [repair: Coordinates and ambient water temperatures were not explicitly reported, tissue types were inferred as perforate (Porites) and imperforate (Diploria) based on the focal taxa, and sample sizes varied by experimental design.] [agent repair: Explicit latitude/longitude were not reported in the accessible text. Temperature was not reported as a single explicit study-level value.]",parsed,batch_038,1,9.402032,-79.814606,bay_centroid,medium,Bay-level proxy for Bahía Las Minas; the paper samples multiple named sub-sites across the bay.,9.402032,-79.814606,bay_centroid,medium
e2191f69-a271-4c74-be4c-ebe977248362,Hall - 1997 - Interspecific differences in the regeneration of artificial injuries on scleractinian corals.pdf,include_primary,needs_digitization,1,0,0,0,0,1,field,,Lizard Island,"North Reef, Osprey Island",Australia,Great Barrier Reef,128409,1458289,128409.000000,1458289.000000,,,"Goniastrea retiformis, Acropora hyacinthus, Acropora robusta, Acropora palifera, Acropora gemmifera, Acropora millepora, Acropora cytherea, Porites lichen, Porites mayeri, Porites australiensis, Pocillopora damicornis","arborescent, tabular, submassive, bushy, massive, corymbose, digitate","perforate, imperforate",18-68,,experimental,"compressed air from an air gun, hammer and chisel","tissue loss, scraping (tissue and skeleton), branch removal",400,<25% of total surface area,,2,2,"center and edge of colony, base and tips of branches and columns",,,,,,,,,110,10 replicate colonies per species per experiment,haphazardly selected,,,"Determined if regenerative ability differed among species with different morphologies, and if regeneration was influenced by the position of the injury within the colony or the type of injury (tissue loss, scraping, branch removal). [repair: Numeric depth bounds and temperatures were not explicitly reported; tissue types were inferred as perforate (Acropora, Porites) and imperforate (Pocillopora, Goniastrea) based on the standard biological classifications of the focal taxa.] [agent repair: Coordinates were reported in a nonstandard grid-like form and were preserved raw rather than converted. Lesion area was 4 cm2, converted here to 400 mm2. Depth and temperature were not recoverable.]",parsed,batch_039,1,,,,,,128409.000000,1458289.000000,reported_exact,high
b9536b7f-eb24-428a-8a9f-9750a74faa1f,Hall - 2001 - The response of Acropora hyacinthus and Montipora tuberculosa to three different types of colony dam.pdf,include_primary,needs_digitization,1,0,0,0,0,0,field,,"reef-crest at Mermaid Cove, Lizard Island, Australia",Mermaid Cove,Australia,,14840,145828,14840.000000,145828.000000,,,"Acropora hyacinthus, Montipora tuberculosa","tabular, foliaceous",perforate,>75,,experimental,"blowing tissue away with compressed air, dragging a fine chisel, chiselling away a small section","tissue mortality, scraping, breakage",330,,,1-2,,edge of colonies,,,,,,,,,60,10 colonies per injury type and species,,,,"Investigated the amount of regeneration and algal settlement in response to tissue mortality, scraping, and breakage injuries. Regeneration was up to four times greater for scraping injuries compared to tissue mortality and breakage. [repair: Numeric depth bounds and temperatures were not explicitly reported, while tissue type was inferred as perforate based on the standard biological classification of the focal genera Acropora and Montipora.] [agent repair: No additional explicit value recovered in this conservative pass; remaining fields appear unreported or too ambiguous to infer.]",parsed,batch_040,1,,,,,,14840.000000,145828.000000,reported_exact,high
33b7b9b2-9041-454b-bba3-abfadd68029f,Hall et al. - 2015 - Lesion recovery of two scleractinian corals under low pH conditions Implications for restoration ef.pdf,include_primary,needs_digitization,1,0,0,0,1,0,laboratory,2013,"Wonderland Reef, Lower Keys portion of the Florida Keys National Marine Sanctuary",Wonderland Reef,USA,western Atlantic,24°33.69 N,081°30.18 W,24.561500,-81.503000,8,8,"Porites porites, Porites astreoides",branching,fragment,"1x1, 5x5",symbiotic,experimental,air brush,tissue,"10, 250",10% of surface area,,,1,,26,,"7.6, 8.1",,,,,flow through aquarium tanks with water turnover adjusted to 50% aquarium volume per hour,4-5 replications of each pH and fragment size combination,4-5 replications of each pH and fragment size combination,,,ambient pH 8.1 treatment,Investigated the effects of reduced pH and fragment size on lesion recovery rates and physiological responses of P. porites and P. astreoides microfragments. [repair: Initial lesion areas were directly converted to 10 and 250 mm^2 based on the study's explicit statement that lesions comprised 10% of the 1 cm^2 and 25 cm^2 fragments.],parsed,batch_041,1,,,,,,24.561500,-81.503000,reported_exact,high
2b8676ad-34ad-450c-8649-095d5be68458,Hall_Injury_and_regeneration_of_common_reef-crest_corals.pdf,include_primary,needs_digitization,1,1,1,0,0,0,field,1994-1996,"Lizard Island, Great Barrier Reef","South Reef, Lizard Head, Washing Machine, North Reef, Mermaid Cove",Australia,Great Barrier Reef,14° 40' S,145° 28' E,-14.666667,145.466667,,,"Acropora robusta, Acropora hyacinthus, Acropora palifera, Pocillopora damicornis, Porites mayeri, Porites lichen, Goniastrea retiformis, Acropora cytherea, Porites australiensis, Acropora millepora, Acropora gemmifera, Montipora tuberculosa","arborescent, tabular, submassive, bushy, massive, digitate, corymbose, foliaceous","perforate, imperforate",18-68,,natural and experimental,"compressed air from an air gun, hammer and chisel","tissue loss, scraping (tissue and skeleton), branch removal","330, 400","8%, 16%, 25%",,1-2,"1, 2, 3","center and edge of colony, base and tips of branches",,,,,,,,,10 replicate colonies per species or treatment for most manipulative experiments; up to 673 colonies for spatial surveys,10 replicate colonies per species per experiment,haphazardly selected,,undamaged colonies,"Examined spatial and temporal patterns of natural injury, interspecific differences in regeneration from different artificial injury types (tissue, scraping, breakage) across morphological groups, and trade-offs between regeneration and reproduction. [repair: Numeric depth bounds and temperatures were not explicitly reported; tissue types were inferred as perforate (e.g., Acropora, Porites) and imperforate (e.g., Goniastrea, Pocillopora) based on the standard biological classifications of the focal taxa, and sample sizes varied depending on the specific experiment or survey.] [agent repair: Numeric depth bounds were not explicitly reported in the accessible text. Temperature was not reported as a single explicit study-level value.]",parsed,batch_042,1,,,,,,-14.666667,145.466667,reported_exact,high
58b15640-3061-4ea9-a606-877701eef38c,"Hamman - 2019 - Spatial distribution of damage affects the healing, growth, and morphology of coral.pdf",include_primary,needs_digitization,1,1,0,0,1,1,field,,north shore of Moorea,"Cook’s Bay, Richard B. Gump South Pacific Research Station",French Polynesia,,,,,,2,3,Porites spp.,massive,perforate,5-7,,experimental,Waterpik and 1 cm diameter circular stencil,tissue,78.5,,,,2,tops of the corals,,,,,,,,,100,40 colonies across 4 treatments (Experiment 1); 60 colonies across 3 treatments (Experiment 2),randomly assigned to experimental treatments,blocked in space and time,"handled similarly, but not damaged","Investigated the spatial configuration of lesions on coral recovery. Found that closely clustered lesions regenerated tissue more slowly and caused local reductions in linear skeletal extension compared to lesions spaced further apart. [repair: Coordinates and experimental temperatures were not explicitly reported, initial lesion size was provided as a diameter rather than an explicit area, and tissue type was inferred as perforate based on the focal genus Porites.] [agent repair: Area derived from the explicit 1 cm diameter circular stencil used to create lesions. No explicit geographic coordinates or single study-level temperature value were stated in the accessible text.]",parsed,batch_043,1,-17.487250,-149.886930,site_facility_centroid,medium,"North-shore Moorea / Cook's Bay proxy; the paper did not print coordinates, so the Gump station centroid is the closest stable site-level point.",-17.487250,-149.886930,site_facility_centroid,medium
65ccf3b6-92c0-416b-93ba-1cfd827b1ba1,Horricks et al. - 2019 - Differential protein abundance during the first month of regeneration of the Caribbean star coral Mo.pdf,include_primary,ready_extract,1,0,0,0,0,0,field,2014-2015,coastal waters of Grenada and Carriacou,"Dragon Bay, Flamingo Bay, Quarter Wreck, Northern Exposure, Sandy Island, Whirlpool, Jackadam, Seaview",Grenada,Caribbean Sea,12°10'40.9800 N to 12°50'30.3600 N,61°28'04.1100 W to 61°47'00.8400 W,12.841767,-61.783567,10,12,Montastraea cavernosa,massive/submassive,polyp core samples,,normally pigmented brown,experimental,diamond coring drill bit attached to a pneumatic drill,tissue and skeleton,"158.7, 159.8",,,3,"1, 4",tops of targeted colonies,,,,,,,,,154,10-16 colonies per site,haphazardly selected,,day 0 initial polyp sample used for proteomic comparison,"Determined regeneration rates and proteomic mechanisms of tissue regeneration. Monitored lesion size over time and identified 111 differentially abundant proteins associated with regeneration, inflammation, and antioxidant activity. [repair: Specific ambient or experimental water temperature values were not reported in the study.] [agent repair: Multiple site coordinates were preserved in raw form. Depth was 10-12 m. Sample sizes were 10, 14, 16, 30, and 124. Lesion areas were 1.587 and 1.598 cm2, converted here to 158.7 and 159.8 mm2. Growth form was massive/submassive. Temperature was not recoverable.]",parsed,batch_046,1,,,,,,12.841767,-61.783567,reported_exact,high
5f4a560f-1449-4b1d-96ad-236a0da5fcb7,Horwitz and Fine - 2014 - High CO2 detrimentally affects tissue regeneration of Red Sea corals.pdf,include_primary,needs_digitization,1,0,0,0,1,0,laboratory,2010,"Gulf of Aqaba, Red Sea",Interuniversity Institute (IUI) for Marine Sciences in Eilat,Israel,Red Sea,29°30'N,34°55'E,29.500000,34.916667,10,10,"Porites sp., Favia favus, Acropora eurystoma, Stylophora pistillata","massive, branching",colony and fragment,"58.2 cm2 (colonies), 65.1 cm2 (fragments)",,experimental,regulator air-pick,tissue,"314, 350",5-6%,,,1,"top of the colony, base of the branch",21.6-24.3,,"400, 1800, 4000 µatm; pH 8.1, 7.6, 7.3",fed once a week with Artemia salina nauplii,350-500,,,running seawater at 0.5 l min-1,6 replicates per species per pCO2 condition for tissue regeneration; 4 per species per condition for tissue parameter analysis,6 replicates by species and condition,,,"ambient seawater (400 µatm, pH 8.1)","Investigated the effects of increased pCO2 (ocean acidification) on the tissue regeneration capacity, total protein, and Symbiodinium density of four coral species with contrasting life histories. [repair: Sample sizes were explicitly reported depending on the specific analyses conducted (n=6 for regeneration, n=4 for protein/Symbiodinium/chlorophyll).]",parsed,batch_047,1,,,,,,29.500000,34.916667,reported_exact,high
45fcfd8e-a2d2-4345-aec0-baeb03f883a4,Jayewardene et al. - 2009 - Effects of frequent fish predation on corals in Hawaii.pdf,include_primary,needs_digitization,0,1,0,1,0,0,field,2004-2005,nine shallow coral reefs located in the Main Hawaiian Islands,"Portlock, Wawaloli Beach, Puako, Anaehoomalu Bay, Wawaloli FMA, Wawaloli FMAshallow, Papawai, Keei, Keeishallow, Hanauma Bay, Hanauma Bayshallow, Kealakakua Bay",USA,,,,,,2,12,"Pocillopora meandrina, Porites compressa, Porites lobata","branching, massive",nubbins (branches),"1-2, 4-5",,natural,fish bites by Arothron meleagris and Cantherhines dumerilii,tissue and skeleton,90,,,,up to 4 bites per tile,"tips of colony branches/fingers, across colony surface",,,,,,,,,4 replicate tiles (each with 4 nubbins) per size class per site for predation experiments; 8 bite scars for healing observations,4 tiles of each size class per site (8 tiles total per site); 8 natural lesions monitored for healing,"randomly located transects/quadrats, haphazardly placed tiles, haphazardly selected scars",,,"Quantified abundance of fish bite lesions on corals and measured predation intensity using out-planted coral nubbins exposed to natural predation. Modeled risk of over-predation, which decreased exponentially with increasing coral cover. [repair: Coordinates and ambient or experimental temperatures were not explicitly reported, and sample sizes varied depending on the specific survey or experimental component.] [agent repair: Depth was explicitly reported as 6-12 m. Sample size was 150. Coordinates and temperature were not recoverable.]",parsed,batch_049,1,20.525000,-157.300000,study_extent_midpoint,low,Nine shallow reefs across the Main Hawaiian Islands; a single centroid would be misleading. Archipelago-level centroid for the Main Hawaiian Islands based on the island-chain span; broad multi-island proxy.,20.525000,-157.300000,study_extent_midpoint,low
4cc9b30b-9ed8-4123-82aa-2f182db391b7,Jayewardene - 2010 - Experimental determination of the cost of lesion healing on Porites compressa growth.pdf,include_primary,needs_digitization,1,1,0,0,0,0,laboratory,2007,Hawaii Institute of Marine Biology (HIMB),Hawaii Institute of Marine Biology,USA,,,,,,2,2,Porites compressa,finger-like,nubbin,"1, 2, 4",,experimental,7-inch wire cutter,tissue and skeleton,90,,,10,1,tips,23.8-25.1,,,,,shaded from direct irradiance,,continuous flow (7-8 l min-1) of sea water,64,16 nubbins per treatment group,"haphazardly collected, randomly chosen nubbins, placed randomly",,5-cm undamaged controls,"Determined the cost of tissue regeneration across simulated Arothron meleagris bite scars on the growth of P. compressa nubbins of three size classes (1, 2, and 4 cm). Lesions healed completely within ~36 days with little long-term effect on growth rates. [repair: Coordinates were not explicitly reported in the study.] [agent repair: No additional explicit value recovered in this conservative pass; remaining fields appear unreported or too ambiguous to infer.]",parsed,batch_050,1,21.432700,-157.787700,site_facility_centroid,high,Hawaii Institute of Marine Biology / Coconut Island centroid in Kāneʻohe Bay.,21.432700,-157.787700,site_facility_centroid,high
acf00158-0890-4388-9a0e-da9194664ef6,Kaufman et al. - 2021 - Thermal history influences lesion recovery of the threatened Caribbean staghorn coral Acropora cervi.pdf,include_primary,needs_digitization,1,0,0,0,1,0,laboratory,,"Florida Reef Tract; coral nursery off Key Biscayne, Miami, Florida",Key Biscayne Nursery,USA,,25.676° N,80.098° W,25.676000,-80.098000,9,9,Acropora cervicornis,branching,fragment,2.66-2.82,Symbiodinium fitti,experimental,band saw,tissue and skeleton,"32, 35",,,,1,tips,28,31.5,,fed every other day with Reef Chili,,,,"pumps and air bubblers, daily water changes",180,5 replicate fragments per genet per treatment (18 genets total),fragments randomly assigned to aquaria; fragment and aquaria positions rotated every other day,,ambient temperature (28 °C),"Evaluated lesion recovery of A. cervicornis genets from different thermal regimes under heat stress. Heat stress slowed recovery significantly, but genets from warmer donor reefs healed more rapidly under heat stress than those from cooler reefs.",parsed,batch_052,1,,,,,,25.676000,-80.098000,reported_exact,high
04e10b24-592e-4cf3-8f94-226c7904262d,Kramarsky-Winter and Loya - 2000 - Tissue regeneration in the coral Fungia granulosa  the effect of extrinsic and intrinsic factors.pdf,include_primary,needs_digitization,1,0,0,0,0,0,field and laboratory,1997-1998,"near the H. Steinitz Marine Biological Laboratory, Eilat",H. Steinitz Marine Biological Laboratory,Israel,Red Sea,,,,,8,8,Fungia granulosa,solitary,,"<5, >5",,experimental,air pick attached to an underwater regulator,tissue,,"10%, 30%, 50%",,surface tissue,1,midsection of the coral outward,"21, 24","21, 24",,fed weekly on Marine Cuisine Carnivore Diet,50,12 h light:12 h dark,,water changed every 4 d in lab,108,40 injured and 4 controls per season in field; 6 injured and 1 control per temperature in lab,placed randomly,,uninjured corals,"Investigated the effects of lesion size, coral size, reproductive state, season, and temperature on tissue regeneration in the free-living solitary coral Fungia granulosa. [repair: Coordinates were not explicitly reported, initial lesion sizes were given as percentages of total surface area rather than absolute areas, and tissue type was left null due to potential ambiguity for the focal genus Fungia.] [agent repair: No explicit coordinates, depth, sample size, temperature, lesion area, or unambiguous tissue-form recovery was found in the NotebookLM pass.]",parsed,batch_055,1,29.500000,34.916667,site_facility_centroid,high,Near the H. Steinitz Marine Biological Laboratory in Eilat; used the lab-adjacent reef area as the proxy point.,29.500000,34.916667,site_facility_centroid,high
40359446-8345-4a72-8169-af86ad3de9d6,Lenihan and Edmunds - 2010 - Response of Pocillopora verrucosa to corallivory varies with environmental conditions.pdf,include_primary,needs_digitization,1,1,0,0,0,0,laboratory and field,2008,"Richard B. Gump South Pacific Research Station, Moorea; mid-lagoon area near Cook's Bay",Cook's Bay,French Polynesia,,17° 30' S,149° 50' W,-17.500000,-149.833333,2,4,Pocillopora verrucosa,branching,branch,"1.3-4.2 (lab), 3-3.5 (field)",,"experimental, natural","snub-nose pliers, fish bites",tissue and skeleton,"96, 16-81",,,1-2,"1, 2, 3","haphazard locations, apices of branches",26.6-29.6,"26.6, 29.6",,,621-808,12:12 h light:dark cycle,,5-6 cm s-1 (low flow) and ~20 cm s-1 (high flow) in lab; 3.4 cm s-1 (seafloor) and 14.3 cm s-1 (bommies) in field,208,10 replicates per treatment in each of 2 lab trials; 12 replicates for each of the 2 substrate types and caging treatments in field,"allocated randomly to racks and treatments, position randomized daily (lab); allocated at random to location (field)",trial was the blocking factor (lab),"unmanipulated (lab), predator exclusion cages (field)","Evaluated the interactive effects of partial predation (simulated and natural corallivory), flow speed, and temperature on coral growth and photosynthetic efficiency.",parsed,batch_056,1,,,,,,-17.500000,-149.833333,reported_exact,high
a67392b0-7a7e-43ad-917d-94febf750c1a,Lenihan et al. - 2015 - Hydrodynamics influence coral performance through simultaneous direct and indirect effects.pdf,include_primary,needs_digitization,0,1,0,1,0,0,field,,Vaipahu Lagoon on the north shore of Mo‘orea,"L1, L2, L3, L4, L5",French Polynesia,Vaipahu Lagoon,17°30' S,149°50' W,-17.500000,-149.833333,,,Acropora elseyi,branching,nubbin,,,natural,fish bites,partial predation,,,,,,,28.72-28.94,,,,,,,12-31 cm/s mean velocity,120,12 cages and 12 cage controls at each of 5 sites,corals at each site randomly assigned to treatments,one cage and one cage control paired per cinder block,partial cage controls allowing corallivore access while altering hydrodynamics similarly to cages,"Quantified the simultaneous direct and indirect effects of hydrodynamics on coral growth. Mean current velocity directly enhanced growth in the absence of predators, while velocity fluctuations (waves/turbulence) indirectly enhanced growth by reducing the abundance and bite rates of corallivorous fishes. [repair: Numeric depth bounds were not explicitly reported in the text, and the study measured natural corallivory on coral nubbins rather than creating standardized initial lesions.] [agent repair: No additional explicit value recovered in this conservative pass; remaining fields appear unreported or too ambiguous to infer.]",parsed,batch_057,1,,,,,,-17.500000,-149.833333,reported_exact,high
cf0dfa52-c9e6-4d7f-9ae1-5970162a807f,Lester and Bak - 1985 - Effects of environment on regeneration rate of tissue lesions in the reef coral Montastrea annularis.pdf,include_primary,ready_extract,1,0,0,0,0,0,field,1982-1983,leeward coast of Curacao,"desalination-power plant, Awa Blancu",Netherlands Antilles,,,,,,5,9,Montastrea annularis,massive,colony,,symbiotic,experimental,method Bak et al. 1977,tissue,80,,,,1,horizontal plane of the colony,26.5-32,,,,,,,,74,"n = 24 (DPP), n = 25 (AB), n = 25 (T)",,,control series at Awa Blancu (pristine reef),"Investigated the influence of environment on regeneration rates of artificially induced tissue lesions. Lesions regenerated significantly faster at the desalination-power plant site compared to the pristine reef, possibly due to occasional influxes of colder oceanic water at the pristine reef. [repair: Coordinates were not explicitly reported in the text, and growth form was inferred as massive based on the standard biological morphology of the focal species Montastrea annularis.] [agent repair: Explicit latitude/longitude were not reported in the accessible text.]",parsed,batch_058,1,12.067497,-68.793922,site_facility_centroid,medium,"Reference site Awa Blancu on leeward Curaçao; this is a site proxy, not an exact paper coordinate.",12.067497,-68.793922,site_facility_centroid,medium
e1fe67b6-7beb-43ff-bb09-b0b2262e6d05,"Lirman - 2000 - Fragmentation in the branching coral Acropora palmata (Lamarck) growth, survivorship, and reproduct.pdf",include_primary,ready_extract,0,1,1,0,0,1,field,1993-1997,northern Florida Reef Tract and US Virgin Islands,"Elkhorn Reef, Ball Buoy Reef, Key Largo Dry Rocks, Little Grecian Reef, French Reef, Pickles Reef, Dry Tortugas, Saba Island, Hawksnest Bay, Buck Island","USA, US Virgin Islands","Caribbean Sea, Florida Reef Tract","25° 21.766' N, 25° 18.524' N","80° 09.961' W, 80° 11.996' W",25.308733,-80.199933,0.5,8,Acropora palmata,branching,colony and fragment,20-193,,natural and experimental,"storms, ship grounding, manual branch removal","fragmentation, branch removal",,,,,1-3,,,,,,,,,,"50 fragments for transplant experiments, 25 colonies per condition for survivorship, and 30 colonies or fragments for growth measurements",12-13 fragments per substrate type; 25 fragmented and 25 unfragmented colonies per reef,haphazardly assigned to substratum; fragments randomly chosen by tag number,,unfragmented and undamaged colonies,"Examined the incidence of fragmentation, survivorship of fragments across different substrata, and the long-term effects of fragmentation on growth and sexual reproduction of A. palmata following storm damage and ship groundings. [repair: Initial lesion areas and experimental temperatures were not explicitly reported, while sample sizes varied depending on the specific survey or experimental component.] [agent repair: Lesion sizes are reported as multiple size classes rather than a single study-level area value. Temperature was not reported as a single explicit study-level value.]",parsed,batch_062,1,,,,,,25.308733,-80.199933,reported_exact,high
3764e810-0eb0-4d34-baca-2c5136c95bc8,"Lirman - 2000 - Lesion regeneration in the branching coral Acropora palmata effects of colonization, colony size, l.pdf",include_primary,ready_extract,1,0,0,0,0,1,field,1994,northern Florida Reef Tract,Elkhorn Reef,USA,Florida Reef Tract,25°21.766' N,80°09.961' W,25.362767,-80.166017,0.1,0.5,Acropora palmata,branching,colony and fragment,,,"anthropogenic, natural","boat grounding, Tropical Storm Gordon",fragmentation,"0-500, 500-1000, 1000-2000, >2000",,,,,,,,,,,,,,100,30 lesions for colonizer experiment; 70 lesions across 4 size categories for size and shape experiment,lesions assigned to 1 of 2 groups at random for colonizer experiment,,colonizing algae left intact (brush passed lightly over lesions without removing algae),"Examined the regeneration of lesions caused by fragmentation of A. palmata. Recovery followed a negative exponential model and was influenced by initial lesion size and perimeter, but not by the presence of algal colonizers or the size of colonies or fragments. [repair: Coordinates, numeric depth bounds, and experimental or ambient temperatures were not explicitly reported in the study.] [agent repair: Explicit study coordinates were recovered from the methods; the reported lesion placement depth was 10-50 cm below low-water datum, converted here to 0.1-0.5 m. Temperature was not explicitly reported in a recoverable form.]",parsed,batch_063,1,,,,,Exact coordinates already exist in the source/current manifest; approximate duplicate omitted.,25.362767,-80.166017,reported_exact,high
d110a8f5-278e-4ba7-a502-32eb61aed5cb,Lirman et al. - 2010 - Propagation of the threatened staghorn coral Acropora cervicornis methods to minimize the impacts o.pdf,include_primary,needs_digitization,0,1,0,1,0,0,field,2009,"Biscayne National Park, Florida",staghorn coral nursery,USA,,25° 21.753' N,80° 09.985' W,25.362550,-80.166417,5.5,5.5,Acropora cervicornis,branching,branch,30-295,,experimental,clipped using pliers,fragmentation,,,,,2,branch tips,,,,,,,,,40,15 donor colonies and 7 control colonies (Exp 1); 12 donor colonies and 6 control colonies (Exp 2),subset of colonies chosen haphazardly as unfragmented controls,,"unfragmented control branch from each donor colony, and unfragmented branches from undisturbed colonies","Tested whether coral production is enhanced by removal of 2.5 and 3.5 cm branch tips from staghorn corals in a nursery, monitoring growth and survivorship of donor colonies and branch tips. [repair: Initial lesion areas were not explicitly reported as the study only provided the linear lengths of the clipped branch tips, and ambient or experimental water temperatures were not reported.] [agent repair: Growth form was explicitly branching. Lesion area and temperature were not recoverable.]",parsed,batch_064,1,,,,,,25.362550,-80.166417,reported_exact,high
070cf5f2-ae03-4d99-8e1b-7e07f8428803,Loya - 1976 - Skeletal regeneration in a Red Sea scleractinian coral population.pdf,include_primary,needs_digitization,1,0,0,0,0,0,field,1974-1975,Eilat,,Israel,"Gulf of Eilat, Red Sea",,,,,3,4,Stylophora pistillata,branched,colony,geometric mean radius (r) <1.00 to 4.00,,experimental,breaking branches with a diver's knife,breakage,,14-29% decrease in r,,,,,,,,,,,,,270,70 damaged colonies and approximately 200 intact control colonies,,,intact colonies studied previously in the same area,"Damaged colonies grew twice as fast as intact control colonies during the first 2 months of regeneration. Larger colonies showed a better capacity to resist damage than smaller colonies. [repair: Coordinates and ambient temperatures were not explicitly reported, and initial lesion sizes were described as percentages of colony volume lost to breakage rather than specific surface areas.] [agent repair: Explicit latitude/longitude were not reported in the accessible text. A single directly comparable wound area was not explicitly reported. Temperature was not reported as a single explicit study-level value.]",parsed,batch_067,1,29.500000,34.916667,town_or_lab_centroid,medium,City-level Eilat locality only; used the marine-lab / north-beach reef area as a conservative proxy.,29.500000,34.916667,town_or_lab_centroid,medium
6b96575e-9bf7-46f2-a12e-73b565f46629,Meesters and Bak - 1993 - Effects of coral bleaching on tissue regeneration potential and colony survival.pdf,include_primary,ready_extract,1,0,0,1,0,0,field,1990,leeward coast of Curacao,"Site 1, Site 2, Site 3",Netherlands Antilles,,,,,,2,25,"Montastrea annularis, Porites astreoides, Meandrina meandrites","hemispherical, massive",colony,12-80,zooxanthellate (normal and bleached),experimental,artificial lesions,tissue,"130, 160",,,,,"in between the collines, on top of a polyp mouth, and approximately in the middle of the colony",27.8-30.8,thermal effluent of a power plant,,,,,,,217,5 to 50 colonies per species per treatment,,,normally coloured colonies; colonies upcurrent of the thermal effluent,"Assessed the influence of coral bleaching and long-term exposure to a thermal effluent on tissue regeneration of artificial lesions. Bleached colonies exhibited lower regeneration rates and higher mortality, while colonies exposed to the thermal effluent regenerated as rapidly as normal colonies, suggesting acclimatization. [repair: Coordinates were not explicitly reported in the source text.] [agent repair: Multiple depth bands were explicitly reported. Temperature was 27.8-30.8 C. Sample sizes were 1, 5, 9, 20, 24, 27, 31, and 50. Growth form was massive/hemispherical. Coordinates were not recoverable.]",parsed,batch_072,1,12.1775,-68.2385,island_centroid,medium,Bonaire island-level bleaching experiment; site labels were not geographically specific.,12.1775,-68.2385,island_centroid,medium
c84ce087-58f5-4e19-a373-34f57299f6d0,Meesters et al. - 1994 - Damage and regeneration links to growth in the reef-building coral Montastrea annularis.pdf,include_primary,needs_digitization,1,1,0,0,0,0,field,,island of Curaçao,Carmabi buoy 1,Netherlands Antilles,,,,,,7,7,Montastrea annularis,columnar,core,,,experimental,cylindrical grinding stone,tissue and skeleton,170,8.8%,,2.16 mm,1,,,,,,49.8 E m-2,,,,40,"20 colonies, 2 cores per colony (1 control, 1 damaged)",haphazardly collected colonies; randomly assigned to 3 handling groups,pairwise design excluding variation between colonies,undamaged core from the same colony,"Studied the influence of colony tissue regeneration on short-term growth by buoyant weighing. Growth was reduced in damaged cores and calcification remained suppressed even after regeneration slowed down. [repair: Coordinates were not explicitly reported in the text, and specific ambient temperature values for the study were not provided, only referenced as being close to 26-27 °C from another study.] [agent repair: No additional explicit value recovered in this conservative pass; remaining fields appear unreported or too ambiguous to infer.]",parsed,batch_073,1,12.124722,-68.972222,site_facility_centroid,high,Carmabi buoy 1 site on Curaçao.,12.124722,-68.972222,site_facility_centroid,high
398d01aa-1e0e-4c46-9989-8490ca8748d5,Meesters et al. - 1996 - Partial Mortality in Three Species of Reef-Building Corals and the Relation with Colony Morphology.pdf,include_primary,needs_digitization,0,0,0,1,1,1,field,,"coast of the Caribbean island of Curacao, Netherlands Antilles","Avila beach hotel, Carmabi buoy 2, Seaquarium",Netherlands Antilles,Caribbean Sea,,,,,1.5,3.5,"Acropora palmata, Diploria strigosa, Porites astreoides","branching, massive","colony, branch",up to 100,,natural,bottom associated and non-bottom associated processes,tissue,10->10000,<0.1%,,,,"completely surrounded by living tissue (type I), edge of living tissue (type II), upperside and underside of branches",,,,,,,,,446,"111 A. palmata, 155 D. strigosa, and 179 P. astreoides colonies across 3 sites",three random branches measured per A. palmata colony,,,"Quantified partial tissue mortality in three coral species with distinctly different colony morphologies. Found that lesion type and size relate to colony morphology, where species with high perimeter-to-surface-area ratios are more vulnerable to bottom-associated (Type II) lesions. [repair: Coordinates and experimental or ambient water temperatures were not explicitly reported in the study.] [agent repair: Explicit latitude/longitude were not reported in the accessible text. Temperature was not reported as a single explicit study-level value.]",parsed,batch_074,1,12.105,-68.926,study_extent_midpoint,medium,"Three-site Curaçao reef survey across Avila Beach Hotel, Carmabi buoy 2, and Seaquarium; using the survey-area centroid.",12.105,-68.926,study_extent_midpoint,medium
f46ad039-b2d6-4a0a-860d-98cf61f2a7de,Miller and Hay - 1998 - Effects of fish predation and seaweed competition on the survival and growth of corals.pdf,include_primary,needs_digitization,0,1,0,1,0,0,field,1996,"relict spur and groove zone at Pickles Reef, Key Largo, Fl",Pickles Reef,USA,,24°59.200' N,80°25.133' W,24.986667,-80.418883,6,8,"Porites divaracata, Porites porites",branching,fragment,,,natural,fish bites,partial and total predation,,"one-quarter, one-half, three-quarters, or completely eaten",,,,"base, whole branches",,,,,,,,,"15 replicate blocks per treatment initially (n=12-13 analyzed), each containing 2 to 4 coral fragments depending on the experiment","15 groups of three cinder blocks, each with full-cage, half-cage, and no-cage treatments",,cinder block,"half-cage control, bare mesh control","Conducted field experiments using caging and seaweed pre-planting to examine the effects of grazing fishes on coral/seaweed competition and direct fish predation on coral transplants. [repair: Initial artificial lesion areas were not applicable as the study measured natural predation and bite scars, and ambient or experimental water temperatures were not reported.] [agent repair: No explicit lesion area, temperature, or other conservative covariate recovery was available from the NotebookLM pass.]",parsed,batch_076,1,,,,,,24.986667,-80.418883,reported_exact,high
c9a7e412-6f2f-4baf-9cde-29e23e6aeeb0,Barbara - Host and Symbiont Physiology During Wound Regeneration in Acropora pulchra Under.pdf,include_primary,ready_extract,1,1,0,0,1,0,laboratory,2023,northern shore of Moorea; Richard B. Gump Marine Research Station,Richard B. Gump Marine Research Station,French Polynesia,Cook's Bay,17.48725° S,149.88693° W,-17.487250,-149.886930,,,Acropora pulchra,branching,fragment,,symbiotic,experimental,"tapered micro spatula tool, Gryphon Diamond Blade Saw","abrasion, fragmentation","22, 95",,,,1,branch tip,27.9,29.5,,,344,11h:13h day:night cycle,,"partially recirculating seawater aquaria, 244 to 298 L/hr",108,6 parental colonies; 18 fragments per colony,treatments randomly assigned within parental colony; haphazardly distributed in aquaria,parental colony,uninjured fragments at ambient temperature (27.9 °C),"Investigated the role of temperature and injury type (abrasion vs. fragmentation) on energy acquisition, allocation, and utilization during regeneration in Acropora pulchra. [repair: Numeric depth bounds were not explicitly reported in the study.] [agent repair: No additional explicit value recovered in this conservative pass; remaining fields appear unreported or too ambiguous to infer.]",parsed,batch_078,1,,,,,"Exact coordinates reported in source (17.48725° S, 149.88693° W); no approximate point added.",-17.487250,-149.886930,reported_exact,high
8c205a55-4093-46c5-a7c2-e356c8bf6a7c,Nagelkerken and Bak - 1998 - Differential regeneration of artificial lesions among sympatric morphs of the Caribbean corals Porit.pdf,include_primary,needs_digitization,1,0,0,0,1,0,field,1996,"Carmabi buoy 1 on the southwestern coast of Curaçao, Netherlands Antilles",Carmabi buoy 1,Netherlands Antilles,,,,,,5,7,"Porites astreoides, Stephanocoenia michelinii, Madracis decactis, Madracis pharensis luciphila, Madracis senaria","encrusting, massive",colony,,zooxanthellate,experimental,hand-held drill equipped with a 2 mm steel bit,tissue and skeleton,13.7-16.1,,,2 mm,1,top of each colony,,,,,,,,,136,"18 green P. astreoides, 15 brown P. astreoides, 7 massive S. michelinii, 9 encrusting S. michelinii, 27 M. decactis, 29 M. pharensis luciphila, 31 M. senaria",haphazardly selected,,,"Regeneration of artificial lesions was studied as an ecophysiological character in morphs of Porites astreoides, Stephanocoenia michelinii, and Madracis species to better understand their taxonomic status. [repair: Coordinates and ambient or experimental water temperatures were not explicitly reported in the study.] [agent repair: No additional explicit value recovered in this conservative pass; remaining fields appear unreported or too ambiguous to infer.]",parsed,batch_079,1,12.124722,-68.972222,site_facility_centroid,high,Carmabi buoy 1 site on Curaçao.,12.124722,-68.972222,site_facility_centroid,high
b2eaa7a6-c475-4f8e-bec2-2a52585da7c3,Nagelkerken et al. - 1999 - Depth-related variation in regeneration of artificial lesions in the Caribbean corals Porites ast.pdf,include_primary,needs_digitization,1,0,0,0,1,1,field,1993,"Seaquarium reef on the leeward coast of Curaçao, Netherlands Antilles",Seaquarium reef,Netherlands Antilles,Caribbean Sea,,,,,5,35,"Porites astreoides, Stephanocoenia michelinii",massive,colony,,zooxanthellate,experimental,small grinding stone attached to a pneumatic drill,tissue and skeleton,"200, 220",,,2-3 mm,1,top of the colony,,,,,,,,,70,41 colonies of P. astreoides and 29 colonies of S. michelinii,haphazardly selected,,,"Studied depth-related variation in regeneration of artificial lesions along a 5-35 m gradient. Found faster initial regeneration in shallow water colonies, but similar total recovery after 7 weeks, with no sign of photoacclimatization in deep colonies. [repair: Coordinates and ambient or experimental water temperatures were not explicitly reported in the study.] [agent repair: Explicit latitude/longitude were not reported in the accessible text. Temperature was not reported as a single explicit study-level value.]",parsed,batch_080,1,12.083611,-68.895833,reef_centroid,high,Seaquarium reef on Curaçao's leeward coast.,12.083611,-68.895833,reef_centroid,high
9f560a14-a39a-4d71-8d68-9c14a4001c75,Nicolet et al. - 2018 - Predation scars may influence host susceptibility to pathogens evaluating the role of corallivores.pdf,include_primary,needs_digitization,0,0,0,1,0,0,laboratory and field,"2009, 2013, 2014",Lizard Island,"Horseshoe Reef, Palfrey Island, South Island lagoon, Lizard Island lagoon",Australia,Great Barrier Reef,14°40'08'' S,145°27'34'' E,-14.668889,145.459444,3,4,Acropora muricata,staghorn,nubbin,>100,,experimental,sterilised scalpel blade (injury control); Drupella sp. and Chaetodon plebeius feeding,tissue,5000,,,"tissue removed, skeleton minimally damaged",,,,,,fed every day at dusk with Artemia salina nauplii,,,,flow-through seawater filtered to 0.5 µm and UV sterilized,96 nubbins in the field experiment; 5 to 8 replicate trials for the various aquarium transmission experiments,"Field: 24 blocks (12 per site), 4 experimental nubbins per block; Lab Drupella: 8 BrB trials, 6 BBD trials (6 tanks per trial); Lab Fish: 7 BBD trials, 5 BrB trials (8 tanks per trial)",nubbins mixed in experimental aquaria to minimise effect of parent colony,concrete block (field experiment),"injury control, pathogen infectivity control, water control, caged branches","Tested the potential of the gastropod Drupella sp. and butterflyfish Chaetodon plebeius to act as vectors for black band disease (BBD) and brown band disease (BrB) in Acropora muricata. [repair: Experimental or ambient temperatures were not explicitly reported, and sample sizes varied depending on the specific field or aquarium experiment conducted.] [agent repair: No additional explicit value recovered in this conservative pass; remaining fields appear unreported or too ambiguous to infer.]",parsed,batch_081,1,,,,,,-14.668889,145.459444,reported_exact,high
d17e3c0b-32a1-4c10-94fa-7558d22f726e,Okubo - 2008 - Size-independent investment allocation to regeneration and growth of the branching coral Acropora mu.pdf,include_primary,needs_digitization,1,1,0,0,0,1,field,2000,Okinawa,,Japan,,,,,,2,3,Acropora muricata,branching,fragment,"5, 10, 20",,experimental,wire cutters,fragmentation,78.5,,,,2,upper and lower cut surfaces,,,,,,,,,112,"Exp 1: 11 (5 cm), 10 (10 cm), 8 (20 cm); Exp 2: 30 (5 cm), 26 (10 cm), 27 (20 cm)",,,,"Examined the effect of fragment size on investment allocation among regeneration, growth, sexual reproduction, and survivorship. Regeneration and growth were found to be independent of fragment size. [repair: Coordinates and ambient or experimental water temperatures were not explicitly reported in the study.] [agent repair: No explicit coordinates, temperature, or other conservative covariate recovery was available from the NotebookLM pass.]",parsed,batch_082,1,26.335830,127.801390,coast_or_region_centroid,low,Broad Okinawa-only locality; this is a prefecture-level centroid rather than a site-level geocode.,26.335830,127.801390,coast_or_region_centroid,low
84a7b2a4-6982-4dce-a39a-2d4f07d0176b,Oren et al. - 1997 - Effect of lesion size and shape on regeneration of the Red Sea coral Favia favus.pdf,include_primary,needs_digitization,1,0,0,0,0,0,field,1995,shallow reef across from the Marine Biology Laboratory of Eilat,Marine Biology Laboratory of Eilat,Israel,"Gulf of Eilat, Red Sea",,,,,2,3,Favia favus,colonial,colony,45,,experimental,air-pick,tissue,,,95-165,,,upper surface,,,,,,,,,46,"10 SP, 9 E-3, 8 SQ-6, 11 E-6, and 8 EP colonies",colonies randomly selected,,,"Examined the effect of lesion size and shape on recovery rates of the coral Favia favus. Found that initial high recovery rates are regulated mainly by perimeter length, while later recovery is influenced more by surface area and perimeter to surface area ratio. [repair: Coordinates and ambient water temperatures were not explicitly reported, and initial lesion surface areas were presented only in bar graphs without exact numerical values provided in the text.] [agent repair: No additional explicit value recovered in this conservative pass; remaining fields appear unreported or too ambiguous to infer.]",parsed,batch_083,1,29.500000,34.916667,site_facility_centroid,high,Marine Biology Laboratory of Eilat / adjacent shallow reef area used in the study.,29.500000,34.916667,site_facility_centroid,high
a3b88246-eb7f-49ed-a997-67c6d36e9413,Oren et al. - 2001 - Colony Integration during Regeneration in the Stony Coral Favia favus.pdf,include_primary,needs_digitization,1,0,0,0,0,0,field,1994-1996,shallow reef in front of the Marine Biology Laboratory (MBL) in the Red Sea at Eilat,Marine Biology Laboratory,Israel,Red Sea,,,,,2,3,Favia favus,massive,colony,6-40,zooxanthellate,experimental,air-pick jet,tissue,"87, 182, 274, 958",,"35, 59, 83, 282",soft tissue removed with minor damage to underlying skeleton,1,upper surface,,,,,,,,,128,Exp 1: 8 colonies per lesion type per size class; Exp 2: 8 to 16 colonies per lesion type; 10 intact control colonies,,colony size class,intact colonies,"Examined the relationship between colony size and recovery of lesions differing in size and shape, as well as the effect of different sized lesions on polyp fecundity, demonstrating extended colony integration during regeneration. [repair: Coordinates and ambient or experimental water temperatures were not explicitly reported in the study.] [agent repair: No additional explicit value recovered in this conservative pass; remaining fields appear unreported or too ambiguous to infer.]",parsed,batch_086,1,29.500000,34.916667,site_facility_centroid,high,"Marine Biology Laboratory, Eilat; used the lab-adjacent reef area as the proxy point.",29.500000,34.916667,site_facility_centroid,high
d7f996dc-c00b-423c-b424-965cd78f9d1b,Page and Willis - 2008 - Epidemiology of skeletal eroding band on the Great Barrier Reef and the role of injury in the initia.pdf,include_primary,needs_digitization,0,0,0,1,0,0,field and laboratory,2004-2005,Lizard Island,Lizard Island,Australia,Great Barrier Reef,14°21' 15.55 S,145°26' 36.85 E,-14.354319,145.443569,2,5,"Acropora muricata, Pocillopora damicornis, Porites cylindrica",branching,branch,,,experimental,airgun attached to a SCUBA tank,tissue,400,,,tissue,1,"mid-branch, basal",,,,,,,,high flow of unfiltered seawater,540,90 injured and 90 uninjured branches of each species,randomly selected branches; randomly assigned to aquaria,,uninjured branches,"Examined the role of artificial injury in the initiation and colonisation of skeletal eroding band (SEB) by Halofolliculina corallasia. Found that injury facilitates rapid colonisation, but did not lead to progressive tissue loss without additional factors. [repair: Experimental or ambient water temperatures were not explicitly reported in the study.] [agent repair: Temperature was not reported as a single explicit study-level value.]",parsed,batch_087,1,,,,,,-14.354319,145.443569,reported_exact,high
3f852e08-6b2f-488b-9351-0f78b2ba41a5,Palacios et al. - 2014 - Fish corallivory on a pocilloporid reef and experimental coral responses to predation.pdf,include_primary,needs_digitization,0,1,0,1,0,0,field,2012,"La Azufrada reef, Gorgona Island",La Azufrada reef,Colombia,Tropical Eastern Pacific,2°58'27''N,78°11'13''W,2.974167,-78.186944,4,12,Pocillopora spp.,branching,"colony, nubbin",4,,"experimental, natural","pliers, Arothron meleagris fish bites",tissue and skeleton,47,"25%, 50%, 75% of branch tips",,0.1-5 mm,15.2,branch tips,27.7,,,,,,,,70,10 replicates per treatment,haphazardly collected; treatments systematically assigned in sequence,,0% branch tips damaged (tolerance exp); fully caged and half-caged nubbins (exclusion exp),"Examined the effects of Guineafowl pufferfish predation on pocilloporid corals through predator exclusion and simulated predation experiments. Found that corals tolerate partial predation, maintaining carbonate production through branch thickening (reoriented growth).",parsed,batch_088,1,,,,,,2.974167,-78.186944,reported_exact,high
6f750c49-3261-482c-ade2-373835f7cf40,Paz-García - 2006 - Temporal variation in the regeneration rate of artificial lesions in two morphotypes of Porites pana.pdf,include_primary,needs_digitization,1,0,0,0,1,1,field,2004,"La Paz Bay, Baja California Sur","Punta Gaviotas, Punta Galeras",Mexico,Gulf of California,"24º17.134' N, 24º21.236' N","110º19.870' W, 110º17.028' W",24.353933,-110.283800,1,3,Porites panamensis,"columnar, massive",colony,>40 cm2,zooxanthellate,experimental,hand drill,tissue and skeleton,38.5,,,0.5 cm,1,upper surface,19-30,,,,,,,,114,26 to 30 colonies per morphotype per season,,,,"Compared the regeneration of artificial lesions in columnar and massive forms of Porites panamensis during cold and warm seasons. Regeneration was faster in the warm season. While regeneration rates did not differ significantly between morphotypes, the columnar form showed a higher percentage of full recovery and less algal colonization than the massive form.",parsed,batch_092,1,,,,,,24.353933,-110.283800,reported_exact,high
06ab1757-8fe9-4325-96ed-6f3106b325e4,Raymundo et al. - 2016 - Effects of Coralliophila violacea on tissue loss in the scleractinian corals Porites spp. depend on.pdf,include_primary,needs_digitization,0,1,0,1,1,0,field and laboratory,2011,"Luminao Reef, Gabgab Reef, and University of Guam Marine Lab, Guam","Luminao Reef, Gabgab Reef",USA,,,,,,,,"Porites cylindrica, Porites rus","branching, plating","colony, fragment",4-8,,"natural, experimental",Coralliophila violacea snail feeding,tissue,,,,tissue loss over dead skeleton,,"margin of active lesion, healthy tissue",,,,,,,,aerated aquaria,89,25 P. cylindrica colonies in situ; 40 P. rus fragments in lab; 11 P. cylindrica and 13 P. rus colonies for histology,fragments randomly arranged in water baths; snails randomly distributed,,snails previously fed healthy tissue,"Investigated whether tissue loss progresses in Porites during or after Coralliophila violacea predation, using field observations of natural scars, laboratory transmission experiments, and histological analysis. [repair: Coordinates, numeric depth bounds, initial lesion areas, and experimental or ambient temperatures were not explicitly reported in the study.] [agent repair: No additional explicit value recovered in this conservative pass; remaining fields appear unreported or too ambiguous to infer.]",parsed,batch_095,1,13.454835,144.646285,study_extent_midpoint,medium,Midpoint of the Luminao Reef and Gabgab Reef field sites on Guam; the lab component was not used in the centroid.,13.454835,144.646285,study_extent_midpoint,medium
0ccdd954-1740-44d7-a2c6-6280125057b5,Rice et al. - 2019 - Different nitrogen sources speed recovery from corallivory and uniquely alter the microbiome of a re.pdf,include_primary,needs_digitization,1,0,0,0,0,0,laboratory,2016,"Richard B. Gump South Pacific Research Station in Moorea, French Polynesia",Richard B. Gump South Pacific Research Station,French Polynesia,Cook's Bay,17°29'26.04''S,149°49'35.10''W,-17.490567,-149.826417,3,4,Pocillopora meandrina,branching,nubbin,,symbiotic,experimental,eight mm snub nose pliers,tissue and skeleton,45.2,,,2 mm,1,branch tip,26,29,,4 µM NO3- or 4 µM NH4+,700,12:12 light:dark cycle,,150 L flow-through seawater,120,"10 parent colonies; 2 tanks per treatment; 10 nubbins per treatment (5 intact, 5 wounded)",randomly assigned to treatment tanks; haphazardly moved within the tank every 2 days,parent colony,intact coral nubbins under ambient temperatures and ambient nutrients,Examined how nitrate vs. ammonium enrichment altered the effects of increased seawater temperature and simulated parrotfish corallivory on the health of Pocillopora meandrina and its microbial community.,parsed,batch_098,1,,,,,,-17.490567,-149.826417,reported_exact,high
002a60bc-55c8-4fdb-860a-1169fc99b2a8,Rice et al. - 2021 - Complex interactions with nutrients and sediment a.pdf,include_primary,needs_digitization,1,0,0,1,1,0,field,2017,"Mo'orea, French Polynesia",north shore of Mo'orea,French Polynesia,South Pacific,17°28.770'S,149°47.618'W,-17.479500,-149.793633,1,2,Porites spp.,massive,"colony, fragment",>10,zooxanthellate,experimental,Coralliophila violacea snail feeding,tissue,32.8,,,tissue,1,,24.6-30.5,,,30 g slow-release Classic Osmocote (19-6-12 N-P-K),1285.1,,5 ml sediment <500 µm twice per week (~100 mg cm-2 day-1),,88,11 massive Porites fragments per treatment across 8 treatments,randomly assigned to treatments,"parent colony, cinderblock","ambient nutrients, no sediment addition, and no snail predation","Investigated the interactive effects of sedimentation, nutrient enrichment, and corallivory by Coralliophila violacea snails on massive Porites mortality and physiology using field surveys and a factorial field experiment.",parsed,batch_099,1,,,,,,-17.479500,-149.793633,reported_exact,high
33d2bc0d-ec51-4225-a216-bf74b34fa89d,Rotjan et al. - 2006 - Chronic parrotfish grazing impedes coral recovery after bleaching.pdf,include_primary,needs_digitization,0,0,0,1,0,0,field,2004-2005,"Carrie Bow Cay, Belize on the outer ridge of the Belize barrier reef",Carrie Bow Cay,Belize,Belize barrier reef,16° 48' N,88° 05' W,16.800000,-88.083333,18,18,"Montastraea faveolata, Montastraea franksi",massive,colony,,zooxanthellate,natural,parrotfish grazing,tissue,,,,,>=6,,29.85 C,,,,,,,,64,"64 colonies in August 2004, 22 in October 2004, 24 in mid-January 2005",,,intact colonies with no grazing scars,"Examined the effects of chronic parrotfish grazing on Montastraea spp. during and after a natural bleaching event. Found that previously grazed colonies showed a persistent reduction in zooxanthellae density during recovery and increased Symbiodinium genetic diversity compared to intact colonies. [repair: Growth form was inferred as massive based on the focal species Montastraea faveolata and M. franksi, while initial individual grazing lesion areas and exact ambient water temperatures (beyond a referenced 29.85 °C threshold) were not explicitly reported.] [agent repair: Coordinates were explicitly reported as 16 deg 48' N, 88 deg 05' W. Depths were 2 m and 18 m. Temperature was 29.85 C. Sample sizes were 22, 24, and 64. Lesion area was not recoverable.]",parsed,batch_103,1,,,,,,16.800000,-88.083333,reported_exact,high
fe532d7a-f878-4a85-962a-7de43d06a80c,Rotjan and Lewis - 2009 - Predators selectively graze reproductive structures in a clonal marine organism.pdf,include_primary,ready_extract,1,0,1,0,0,0,field,2005,Southwater Caye on the Belizean barrier reef,Southwater Caye,Belize,Belizean barrier reef,16°46.575N,88°04.494W,16.776250,-88.074900,6,9,Montastraea annularis,massive,colony,"176 to 9,020 cm2 surface area",zooxanthellate,natural,parrotfish grazing,tissue and skeleton,,,,skeletal exposure,11 to 135 bites,central locations,,,,,,,,,72,"24 clusters for a total of 72 samples; each cluster contained Gi and Gg samples from the same colony, and an I sample",haphazardly sampled clusters; randomly chosen polyps,location (cluster) as a blocking factor,"nearby, similarly sized, intact colony","Examined the reproductive consequences of natural parrotfish grazing on Montastraea annularis corals. Found that parrotfish selectively grazed polyps with high total reproductive effort (number of gonads). [repair: Growth form was inferred as massive based on the focal species Montastraea annularis, while initial lesion sizes and ambient water temperatures were not explicitly reported in the study.] [agent repair: A single directly comparable wound area was not explicitly reported. Temperature was not reported as a single explicit study-level value.]",parsed,batch_104,1,,,,,Exact coordinates already exist in the source/current manifest; approximate duplicate omitted.,16.776250,-88.074900,reported_exact,high
6da70b1c-7428-4a76-904c-b69d981f2824,Sabine et al. - 2015 - Environmental conditions influence tissue regeneration rates in scleractinian corals.pdf,include_primary,needs_digitization,1,0,0,0,0,0,field,2012-2013,St. Thomas,"Brewers Bay, Perseverance Bay, Rupert's Rock, Flat Cay, Porpoise Rocks, Saba Island",USA,Caribbean Sea,18°20'N,64°55'W,18.333333,-64.916667,6,6,Orbicella annularis,boulder,colony,14.5,,experimental,chisel,tissue,370,2.9%,72.3,3 mm,1,center of the colony,26.1-29.3,,,,,,,,60,10 colonies at each of 6 sites,,,,Examined how environmental conditions affect recovery of experimental lesions in Orbicella annularis across six reefs with varying water quality. Found that water flow and turbidity most strongly influenced lesion recovery rates.,parsed,batch_105,1,,,,,,18.333333,-64.916667,reported_exact,high
2059b598-335f-4890-8512-6e1f86fed557,Sani et al. - 2024 - Ocean warming and acidification detrimentally affect coral tissue regeneration at a Mediterranean CO.pdf,include_primary,needs_digitization,1,0,0,0,1,0,field,2011,"Panarea Island, Aeolian Archipelago",underwater volcanic crater at Panarea Island,Italy,Mediterranean Sea,38°38'16'' N,15°06'37'' E,38.637778,15.110278,12,12,"Balanophyllia europaea, Leptopsammia pruvoti, Astroides calycularis","solitary, colonial","polyp, nubbin",2-4 polyps,"zooxanthellate, non-zooxanthellate",experimental,metal bristle brush,tissue,,,,exposing the axial skeleton,1,side/upper side,16.2-23.5,,"pHTS 7.40, 7.74, 7.87, 8.07",,,,,,10 corals/nubbins per Site per species initially (with final analyzed n values ranging from 55 to 71 for various comparisons due to missing specimens),10 replicates per Site per tile per species,randomly assigned to each of the four Sites,,Site 1 (mean pHTS 8.07) with normal pH conditions,"Investigated the combined effect of increasing seawater acidification along a natural CO2 vent gradient and seasonal warming on tissue regeneration rates of three Mediterranean coral species. Found a decrease in regenerative capacity with increasing temperature and acidification, especially in the zooxanthellate species. [repair: Initial lesion surface areas were not explicitly reported, and sample size was reported as 10 initial replicates per site per species, with some attrition occurring during the experimental periods.] [agent repair: Temperature was explicitly reported as 23.5 C. Sample sizes were 55 and 66. Growth form was solitary/colonial. Lesion area and coordinates were not recoverable.]",parsed,batch_106,1,,,,,,38.637778,15.110278,reported_exact,high
9d6998fc-caf1-4dbd-883f-ad9b9184d062,Shaver et al. - 2017 - Effects of predation and nutrient enrichment on the success and microbiome of a foundational coral.pdf,include_primary,needs_digitization,0,1,0,1,1,0,field,2013,"Coral Restoration Foundation's coral nursery in Key Largo, FL, USA",Coral Restoration Foundation nursery,USA,,N 25 0.579; N 24 59.170; N 24 57.110; N 24 31.568,W 80 22.471; W 80 24.940; W 80 27.564; W 81 31.383,24.526133,81.523050,9.1,9.1,Acropora cervicornis,branching,fragment,10,,experimental,Coralliophila abbreviata snail feeding,tissue,384-560,~30%,,bare coral skeleton,,base of coral,,,,70 g Osmocote 19-6-12 Smart-Release plant fertilizer pellets,,,,,80,10 replicates per genotype in each of the 4 treatments (total 80 colonies),evenly distributed genotypes and treatments throughout the experimental site,,no snails or nutrients,"Assessed the effects of grazing by Coralliophila abbreviata and nutrient enrichment on Acropora cervicornis and its microbiomes. Predation reduced growth and increased mortality, while both partial predation and nutrient enrichment independently altered coral microbiomes. [repair: Coordinates for four surveyed reefs were explicitly reported and have been concatenated, but no ambient or experimental water temperatures were provided in the study.] [agent repair: No additional explicit value recovered in this conservative pass; remaining fields appear unreported or too ambiguous to infer.]",parsed,batch_108,1,,,,,,24.526133,81.523050,reported_exact,high
635d9cb2-270b-4bcc-b676-c84b81b0620b,Soong and Lang - 1992 - Reproductive Integration in Reef Corals.pdf,include_primary,needs_digitization,0,0,1,0,0,0,field,1987-1988,Caribbean coast of Panama,,Panama,Caribbean Sea,,,,,0.5,6,"Acropora cervicornis, Acropora palmata, Diploria clivosa, Diploria strigosa, Favia fragum, Montastrea cavernosa, Porites astreoides, Porites furcata, Siderastrea radians, Siderastrea siderea","massive, encrusting, branching",colony,3.5-70,zooxanthellate,experimental,hacksaw,tissue and skeleton,570,,,1 cm,1,across the entire mid-region,,,,,,,,,100,"10 to 20 colonies per treatment (tissue cut, cut and fill, total cut) for each of the three manipulated species",,,undisturbed colonies collected in the same habitat,"Investigated reproductive integration in ten coral species by observing fertile polyp distribution and puberty size, and experimentally testing the cause of infertile colony margins by creating artificial margins with a hacksaw in three massive species. [repair: Coordinates, numeric depth bounds, explicit initial lesion areas, and experimental or ambient temperatures were not explicitly reported in the study.] [agent repair: Explicit latitude/longitude were not reported in the accessible text. Numeric depth bounds were not explicitly reported in the accessible text. A single directly comparable wound area was not explicitly reported. Temperature was not reported as a single explicit study-level value.] [approx georef pass exact repair: depth_min_m] [approx georef pass exact repair: depth_max_m] [approx georef pass exact repair: area_mm2]",parsed,batch_110,1,,,,,Caribbean coast of Panama is too broad for a single defensible centroid; no single site was named.,,,,
b269f689-c2c5-48a1-8ecb-f284c3ed7edc,Titlyanov et al. - 2005 - Regeneration of artificial injuries on scleractinian corals and coralalgal competition for newly fo.pdf,include_primary,needs_digitization,1,0,0,0,0,0,laboratory,2002-2003,"Sesoko Station of Tropical Biosphere Research Center of the University of the Ryukyus, Sesoko Island, Okinawa, Japan",Sesoko Station,Japan,,26°38'N,127°52'E,26.633333,127.866667,1,1.5,"Porites cylindrica, Porites lutea","branched, massive",fragment,,hermatypic,experimental,"Water-Pik, chisel, hand-saw or pincers and file, fresh water osmotic shock, cement","tissue and skeleton, tissue",,<= 10%,,1-2 mm,1,"middle part, top to bottom",18-31,,,,30-1400,"70-90% PAR0, 30-50% PAR0, 10-20% PAR0, 2-5% PAR0",,intensively aerated; water change approximately 30% h-1,5 coral fragments (n=5) for average regeneration and settlement measurements,5 fragments per measurement,,,,"Examined the regeneration rates of 5 types of artificial injuries (chisel, file, Water Pik, osmotic, cement) in fragments of massive Porites lutea and branching Porites cylindrica across different light intensities and seasons. Evaluated how colonization of the injured surface by algae and animals affected recovery physically and chemically. [repair: Initial artificial lesion areas were described proportionally (up to 10% of living tissue) rather than in absolute units, and the sample size for measurements was reported as n=5 fragments.] [agent repair: Injury size is not stated as a directly convertible area in the accessible text.]",parsed,batch_111,1,,,,,,26.633333,127.866667,reported_exact,high
9c887b4c-dae5-4725-96db-948c2491e53d,Titlyanov et al. - 2006 - Three stages of injuries regeneration on scleractinian corals.pdf,include_primary,needs_digitization,1,0,0,0,0,0,laboratory,2002-2003,"Sesoko Station of Tropical Biosphere Research Center of University of the Ryukyus, Sesoko Island, Okinawa, Japan",Sesoko Station,Japan,,26°38' N,127°52' E,26.633333,127.866667,1,1.5,"Porites lutea, Porites cylindrica","massive, branching","fragment, colony",,zooxanthellate,experimental,"Water-Pik, chisel, pincers, hand-saw, fresh water osmotic shock, cement","tissue and skeleton, tissue",,<=10%,,1-2 mm,1,"middle part, upper, lateral, basal",18-30,,,,800-1800,"70-90% PAR0, 30% PAR0, 20-30% PAR0, 3-5% PAR0, <1% PAR0",,"intensively aerated, water change approximately 30% h-1","8 fragments for growth rate measurements, and 5 fragments for lesion recovery measurements","8 fragments for growth, 5 fragments for regeneration",,,,"Examined the regeneration dynamics of different types of artificial injuries (Water-Pik, chisel, breakage, osmotic shock, cement) on massive Porites lutea and branching Porites cylindrica under different light intensities and positions. Assessed algal and animal colonization during three stages of recovery. [repair: Initial lesion areas were described proportionally (no more than 10% of the living tissue area) rather than in absolute units, and sample sizes varied depending on the specific measurement (n=8 or n=5).]",parsed,batch_112,1,,,,,,26.633333,127.866667,reported_exact,high
292bbd72-e4b1-422c-8fbb-5b3201d2cd0c,Titlyanov and Titlyanova - 2009 - The dynamics of the restoration of mechanical damage to colonies of the scleractinian coral Porites.pdf,include_primary,needs_digitization,1,0,0,0,0,0,laboratory,2003,"Sesoko Marine Biological Station (Sesoko Island, Okinawa, Japan)",Sesoko Marine Biological Station,Japan,,26°38'N,127°52'E,26.633333,127.866667,1.5,2,Porites lutea,massive,fragment,,hermatypic,experimental,hand saw,tissue and skeleton,2500,,,,1,upper parts,18-31,,,,800-1600,"70-90% PAR0, 20-30% PAR0, 2-5% PAR0",,"run-through aquaria, intensively aerated, water exchange about 30% per hour","3 specimens (n=3) for calculating means and standard deviations, with 3 damaged fragments placed in each aquarium",3 damaged fragments per aquarium (n=3),,,,"Investigated the dynamics of algal settling and the rate of regeneration on mechanically damaged fragments of massive Porites lutea under three different light intensities in aquaria, in the absence of herbivorous and corallivorous animals. [repair: Sample size was explicitly reported as 3 specimens (n=3) for the primary regeneration and algal covering measurements.]",parsed,batch_114,1,,,,,,26.633333,127.866667,reported_exact,high
347f789a-ef73-4089-aa77-0e46f2b2d196,Townsend et al. - 2023 - Differing lesion recovery rates of two Caribbean stony coral species across a shallow water to mesop.pdf,include_primary,needs_digitization,1,0,0,0,0,1,field,,"offshore from Saint Thomas, US Virgin Islands","South Capella, South Capella (deep), Buck Island, Flat Cay, Hind Bank, Grammanik Bank, College Shoal",USA,Caribbean Sea,,,,,13,41,"Orbicella franksi, Agaricia lamarcki","massive boulder, sheeting scroll",colony,>10,zooxanthellate,experimental,small chisel or flathead screwdriver,tissue,158-700,,,,1,center of the colony facing directly upwards,,,,,,,,,48,3 colonies per species at each of the 8 sites,random direction from a haphazardly placed marker at each site,,healthy area adjacent to the lesion with entirely healthy tissue used as baseline for pigmentation,"Assessed coral tissue recovery for O. franksi and A. lamarcki across a shallow to mesophotic depth gradient. O. franksi regeneration rates decreased significantly with depth, whereas A. lamarcki regeneration rates were consistent across depths with an increased pigmentation recovery rate at mesophotic depths. [repair: Coordinates and ambient water temperatures were not explicitly reported in the text, with temperature summaries relegated to supplemental tables.] [agent repair: No additional explicit value recovered in this conservative pass; remaining fields appear unreported or too ambiguous to infer.]",parsed,batch_115,1,18.335765,-64.896335,island_centroid,low,The US Virgin Islands sites span multiple banks/reefs across separate localities; a single point would be misleading. US Virgin Islands territory centroid used as a broad proxy for the multi-bank study extent.,18.335765,-64.896335,island_centroid,low
2e76dce4-6cb4-46c0-b8c4-a1cc91b1578c,Van Veghel and Bak - 1994 - Reproductive characteristics of the polymorphic Caribbean reef building coral Montastrea annularis..pdf,include_primary,needs_digitization,0,0,1,0,1,0,field,1992,leeward coast of Curaçao,CARMABI Buoy 1,Netherlands Antilles,Caribbean Sea,,,,,11,16,Montastrea annularis,"bumpy, massive, columnar",colony,,,experimental,submersible drill,tissue and skeleton,160,,,4 mm,1,upper surface,,,,,,,,,75,"25 colonies of each morphotype (Bumpy, Massive, Columnar)",haphazardly selected colonies,,living tissue >20 cm distant from the lesion on the same colony,Examined the relation between surface lesion regeneration and reproduction in three morphotypes of Montastrea annularis. Found that fecundity was reduced in polyps adjacent to lesions and that regeneration processes and reproduction are linked and compete for limited energy resources. [repair: Coordinates and ambient or experimental water temperatures were not explicitly reported in the study.] [agent repair: Explicit latitude/longitude were not reported in the accessible text. Temperature was not reported as a single explicit study-level value.],parsed,batch_119,1,12.124722,-68.972222,site_facility_centroid,high,CARMABI Buoy 1 site on Curaçao.,12.124722,-68.972222,site_facility_centroid,high
26d408bb-bf97-4b1a-8b59-a62f74d3d475,Van Woesik - 1998 - Lesion healing on massive Porites spp. corals.pdf,include_primary,needs_digitization,1,0,0,0,0,1,field,1994-1996,"eastern side of Ikei Island, Okinawa, Japan",Ikei Island,Japan,inner reef moat,26° 23' N,128° 00' E,26.383333,128.000000,0.1,3,"Porites lutea, Porites lobata",massive,colony,70-100,,experimental,,tissue,15-1310,,,,3,15 to 40 degrees to the horizontal plane,,,,,,,,well-flushed,10,3 differently sized tissue lesions to each of 10 massive colonies,,,,"Inflicted 3 differently sized tissue lesions on 10 massive Porites spp. colonies. Found that all but one lesion healed completely within 19 months, regeneration rates decreased exponentially over time based on surface area, and a higher perimeter to surface area ratio facilitated faster regeneration. [repair: Experimental or ambient water temperatures were not explicitly reported in the study.] [agent repair: No additional explicit value recovered in this conservative pass; remaining fields appear unreported or too ambiguous to infer.]",parsed,batch_120,1,,,,,,26.383333,128.000000,reported_exact,high
6dffe94d-a664-4a6c-8daf-f25ecfa5b50d,"Ward - 1995 - The effect of damage on the growth, reproduction and storage of lipids in the scleractinian coral Po.pdf",include_primary,needs_digitization,0,1,1,1,0,0,field,1988-1989,"Rottnest Island, off the Western Australian coast","Little Salmon Bay, Mary Cove",Australia,,32° S,,,,,,Pocillopora damicornis,branching,colony,30-50,,experimental,"hammer, knocked from reef",tissue and skeleton,,50%,,,,throughout the colony,,,,,,,,,58,orthogonal design with 4 treatments across 2 sites,,,"not fragmented, not dislodged corals","Investigated the effect of mechanical damage (fragmentation and dislodgement) on the growth, reproduction, and lipid storage of Pocillopora damicornis. Dislodgement increased mortality and decreased growth and reproduction, while fragmentation increased reproductive potential without affecting mortality or growth. [repair: Latitude was explicitly reported (as 32 S), but longitude, numeric depth bounds, initial lesion areas, and ambient or experimental water temperatures were not provided in the study.] [agent repair: Only latitude was explicitly reported. Longitude, depth, lesion area, and temperature were not recoverable. Sample sizes were reported as multiple treatment-group counts.] [coordinate cleanup: partial one-sided coordinate removed from decimal columns]",parsed,batch_122,1,-32.002000,115.517000,island_centroid,low,Coarse Rottnest Island proxy for the Little Salmon Bay / Mary Cove study extent; a site-specific midpoint was not recoverable.,-32.002000,115.517000,island_centroid,low
32a1561c-9cd6-4e97-9287-c9e5eafafc22,Welsh et al. - 2015 - Clustered parrotfish feeding scars trigger partial coral mortality of massive Porites colonies on th.pdf,include_primary,needs_digitization,0,0,0,1,0,1,field,,"fringing reefs of Pioneer Bay, on the leeward side of Orpheus Island, an inshore granitic island on the GBR","Pioneer Bay, Orpheus Island",Australia,Great Barrier Reef,18°35'S,146°20'E,-18.583333,146.333333,0.5,1,Porites spp.,massive,colony,"440.9 to 8,386.7 cm2 surface area",,natural,Chlorurus microrhinos feeding,tissue and skeleton,418-619,< 23.1%,,0.2-1.8 mm,1 to >3,relatively planar surface,,,,,,,,,30,"2 sites, 15 feeding marks per site (11 single feeding scars and 19 scar clusters overall)",,,,"Monitored the fate of single versus clustered feeding scars inflicted by the excavating parrotfish Chlorurus microrhinos on massive Porites colonies. Found that single scars had a 97% probability of healing, while focused biting with clustered scars often expanded and led to partial coral mortality. [repair: Experimental or ambient water temperatures were not explicitly reported in the study.] [agent repair: Temperature was not reported as a single explicit study-level value.]",parsed,batch_123,1,,,,,,-18.583333,146.333333,reported_exact,high
d48f4420-bee1-4bd3-95e6-7f646095131b,Wesseling et al. - 2001 - Partial Mortality in Porites Corals Variation among Philippine Reefs.pdf,include_primary,ready_extract,0,0,0,1,1,0,field,1995,"Bolinao, NW Luzon; Puerto Galera, Mindoro; and El Nido, N Palawan","Bolinao, Puerto Galera, El Nido",Philippines,,,,,,2,10,Porites spp.,massive,colony,1135 cm2 surface area,,natural,,tissue,,15%,,,1.7 per dm2,,,,,,,,10-30 mg DW cm-2 d-1,,642,"3 sites, 4-5 stations per site, ~50 colonies per station",,,,"Quantified partial mortality in massive Porites corals across three sites in the Philippines. Found that lesion density decreased with increasing colony area and increased with increasing sedimentation and wave exposure. [repair: Coordinates, exact initial lesion areas (as this was an observational study grouping existing lesions into size classes), and ambient water temperatures were not explicitly reported.] [agent repair: Explicit latitude/longitude were not reported in the accessible text. A single directly comparable wound area was not explicitly reported. Temperature was not reported as a single explicit study-level value.]",parsed,batch_124,1,13.691220,120.080573,study_extent_midpoint,low,"Three Philippine reef systems (Bolinao, Puerto Galera, El Nido) span a broad archipelago footprint; no single centroid would be interpretable. Midpoint proxy across Bolinao, Puerto Galera, and El Nido reef systems in the Philippines.",13.691220,120.080573,study_extent_midpoint,low
1d237b2c-1d5d-479a-985a-bde3d28a4fce,Wolf and Nugues - 2013 - Synergistic effects of algal overgrowth and corallivory on Caribbean reef‐building corals.pdf,include_primary,needs_digitization,0,1,0,1,0,0,field and laboratory,2010,"Curaçao, southern Caribbean","Carmabi Buoy One, Carmabi Buoy Zero, Marie Pompoen, Spanish Water, Playa Kalki",Curaçao,Caribbean Sea,"12°07.551' N, 12°05.525' N, 12°03.790' N, 12°22.530' N","68°58.529' W, 68°58.592' W, 68°54.516' W, 68°51.190' W, 69°09.470' W",12.375500,-69.157833,4,8,"Montastraea faveolata, Montastraea cavernosa, Siderastrea siderea, Colpophyllia natans, Diploria strigosa, Montastraea annularis",massive,"colony, fragment",~300 cm2,,experimental,Halimeda opuntia overgrowth and Hermodice carunculata or Coralliophila abbreviata corallivory,tissue,9000,,,,,,29.4-30.8,,,,,~30% of the incident surface photosynthetically active radiation,,flow-through seawater (~4-5 L/minute),11-14 replicates per species in the field survey; 20 colonies per treatment in the field experiment; 6 coral fragments per tank section in the laboratory experiments,Field: 20 colonies per treatment; Lab: 6 coral fragments per treatment combination per section,randomly allocated,,Field: untouched coral colony; Lab: no algae added and/or no corallivores added,"Investigated the indirect and synergistic effects of algal overgrowth (Halimeda opuntia) and corallivory on Caribbean reef-building corals. Found that algal contact enhanced coral tissue mortality by attracting corallivorous fireworms (Hermodice carunculata). [repair: Growth form was inferred as massive based on the standard morphology of the focal species (e.g., Montastraea spp., Diploria strigosa, Siderastrea siderea), and sample sizes varied depending on the specific survey or experiment conducted.]",parsed,batch_125,1,,,,,,12.375500,-69.157833,reported_exact,high
9cbae935-6259-4ba6-a2ec-44d3f3bc0902,Yap and Gomez - 1984 - Growth of Acropora pulchra II. Responses of natural and transplanted colonies to temperature and da.pdf,include_primary,needs_digitization,0,1,0,1,1,0,field,1980-1982,"lagoon of Santiago Island in Bolinao, Pangasinan, northern Philippines","Sites A, B, C (artificial reef), and D",Philippines,Lingayen Gulf,between Lat. 16o21 ' and 16~,between Long. 119~ ' and 120~,,,3,5,Acropora pulchra,branching,branch,,,experimental,broken off,tissue and skeleton,,,,,,,26.0-31.0,,,,,11.29 to ~13 h day length,,,"At least 15 colonies per control site and a minimum of 15 fragments for transplants, with 2 branches monitored per colony/transplant",at least 15 colonies per site (2 branches per colony) for controls; minimum 15 fragments broken off for transplants,,,"naturally-established undisturbed colonies growing side by side in each of Sites A, B and D","Studied the growth of undisturbed colonies and transplants of branching Acropora pulchra over a 17-month period. Monitored linear growth, budding, and regeneration of broken branches in relation to temperature and day length. [repair: Coordinates were explicitly reported but contain OCR artifacts (e.g., '~' or 'o'), and initial lesion areas were not reported as the study measured linear branch extension.] [agent repair: Depth was explicitly reported as 0.5-2 m and 3-5 m. Temperature was explicitly reported as 26-27 C. Growth form was branching. Coordinates and lesion area were not recoverable.]",parsed,batch_128,1,16.385600,119.894500,town_or_lab_centroid,medium,"Exact coordinates were reported in the source, but OCR artifacts make them unsuitable for a new approximate point. Bolinao town proxy used for the Bolinao Lingayen Gulf study.",16.385600,119.894500,town_or_lab_centroid,medium
