source_id,paper_title,final_status,extraction_readiness,response_rate,response_growth,response_reproduction,response_survival,moderator_environment,moderator_traits,study_type,study_year,location_raw,site_name,country_territory,water_body,latitude_raw,longitude_raw,latitude,longitude,depth_min_m,depth_max_m,species,growth_form,tissue_type,colony_size_cm,symbiont_status,lesion_source,lesion_method,lesion_type,area_mm2,rel_wound_size,perimeter_mm,lesion_depth,num_lesions,lesion_position,temperature_c,temp_manip,ph_or_pco2,nutrient_enrich,light_par,light_regime,sedimentation,flow_regime,sample_size,replication_level,randomization,blocking,control_description,notes,notebook_covariate_status,query_batch_id,query_attempts,latitude_approx,longitude_approx,approx_coordinate_basis,approx_coordinate_confidence,approx_location_notes,latitude_best,longitude_best,best_coordinate_basis,best_coordinate_confidence
5e605749-8df3-44d9-8113-3b61c21f4386,Ayling - 1983 - GROWTH AND REGENERATION RATES IN THINLY ENCRUSTING DEMOSPONGIAE FROM TEMPERATE WATERS.pdf,exclude_scope,not_for_extraction,0,0,0,0,0,0,field,1976-1978,"Goat Island, near the Leigh Marine Laboratory off the north coast of New Zealand",Goat Island and Sponge Garden,New Zealand,,38° 16'S,174° 48'E,-38.266667,174.800000,12,18,"Stylopus sp., Hymedesmia sp. (orange), Hymedesmia sp. (red), Microciona sp., Anchinoe sp., Stylopus sp. (pink), Tedania sp. (orange), Chondropsis sp., Aplysilla rosea, Chelonaplysilla sp., Eurypon sp.",thinly encrusting,sponge tissue,,,experimental,scraped almost clean of tissue from the rock to simulate urchin grazing,tissue removal,10000; 10-4200,,,,1,surface of the sponge,,,,,,,,,55,5 sponge patches per species,,,undisturbed sponge patches,Regeneration rates were measured after clearing tissue to simulate grazing. Sponges recovered space at 22 to 2900 times their natural undisturbed growth rates.,parsed,batch_001,1,,,,,,-38.266667,174.800000,reported_exact,high
12e9e864-5ff1-42c4-a63d-19b5d62a7464,Bak and Es - REGENERATION OF SUPERFICIAL DAMAGE IN THE SCLERACTINIAN CORALS AGARCA AGARCTES F. PURPUREA AND P.pdf,include_primary,needs_digitization,1,0,0,1,0,0,field,1976-1977,"fringing reef 700-800 m northwest of the entrance of Piscadera Bay, southwest coast of Curacao",,Netherlands Antilles,,,,,,18,25,"Agaricia agaricites f. purpurea, Porites astreoides","massive, encrusting, plating",living surfaces,150-1350,,experimental,method: Bak et al. 1977,"tissue, tissue and skeleton","100, 500",,,,147,horizontal plane,,,,,,,,,147,22 to 26 lesions per treatment group,,,Eleven control colonies of each species,"Regeneration of 1 cm2 and 5 cm2 lesions studied over 140 days in situ. [repair: Coordinates and temperature were not reported; growth forms were inferred from the standard morphologies of Porites astreoides (massive/encrusting) and Agaricia agaricites (encrusting/plating).] [agent repair: Multiple depth bands were explicitly reported. Lesion areas were reported as 1 cm2 and 5 cm2, converted here to 100 mm2 and 500 mm2. Coordinates and temperature were not recoverable.]",parsed,batch_002,1,12.132222,-68.968611,reef_centroid,medium,Fringing reef about 700-800 m northwest of Piscadera Bay entrance; proxy point at the bay mouth.,12.132222,-68.968611,reef_centroid,medium
dde85c3e-6c0d-4057-9a5a-116138865992,"Bak - 1983 - Neoplasia, regeneration and growth in the reef-building coral Acropora palmata.pdf",include_primary,needs_digitization,1,1,0,0,0,0,field,1977-1978,"southwest, leeward coast of Curacao",,Netherlands Antilles,Caribbean Sea,,,,,1,2,Acropora palmata,branched,branch,,,experimental,compressed air; scraping protruding skeletal elements,"tissue, tissue and skeleton",100,,,,32,upper side of the branch at a distance of 4 to 9 cm from the tip,,,,,,,,,32,"22 tissue lesions, 10 tissue + skeleton lesions",,,Branches of normal colonies,"Studied regeneration of 1 cm2 lesions alongside effects of natural neoplasia on growth. All A. palmata recovered from all lesions within 80 d. [repair: Coordinates and experimental or ambient temperatures were not explicitly reported in the study.] [agent repair: Depth was explicitly reported as 1-2 m. Lesion area was 1 cm2, converted here to 100 mm2. Growth form was branching. Coordinates and temperature were not explicitly reported.]",parsed,batch_003,1,12.13,-69.13,coast_or_region_centroid,low,Broad southwest/leeward Curaçao reef zone; exact site not named in the source.,12.13,-69.13,coast_or_region_centroid,low
e5029ad6-d2ad-4e7a-86eb-d54975b0d760,Barton et al. - 2017 - Coral propagation a review of techniques for ornamental trade and reef restoration.pdf,exclude_review,not_for_extraction,0,0,0,0,0,0,review,,,,,,,,,,,,various,various,,,,experimental,"fragmentation using wire cutters, pliers, tin snips, chisels, dremel tool, or scalpel",fragmentation,,,,,,,,,,,,,,,,,,,,Comprehensive review of coral aquaculture including asexual fragmentation and sexual propagation techniques for ornamental trade and reef restoration.,parsed,batch_004,1,,,,,,,,,
12939915-cb9c-4190-9682-7477eb8d2698,Bonesso et al. - 2017 - Exposure to elevated sea-surface temperatures below the bleaching threshold impairs coral recovery a.pdf,include_primary,ready_extract,1,0,0,1,1,0,mesocosm,2014,Heron Island reef flat,,Australia,Great Barrier Reef,23°26′36.2′′S,151°54′43.1′′E,-23.443389,151.911972,0.3,0.3,Acropora aspera,branching,apical tips,20,,experimental,removal of apical tips (~3 cm of the apical region),tissue and skeleton,,50% of colony branches,,30,,apical region,"26, 32",increased to 32 °C during daylight hours,,,700-1500,full sunlight with no direct shading,,flow-through seawater with high turnover rate and internal pumps,20,"10 colony fragments per mesocosm (5 injured, 5 intact)",randomly sampled and randomly assigned,,Ambient seawater temperature (26 °C) and tips left intact,"Monitored GFP fluorescence, linear extension, and gene expression for catalase, HSP70, HSP90. [repair: Lesion area was not reported; the study only notes the removal of approximately 3 cm of the apical region.] [agent repair: Damage is described as apical-region removal rather than an explicit lesion area.]",parsed,batch_005,1,,,,,,-23.443389,151.911972,reported_exact,high
7b6c3c16-42d6-411f-8069-1ae430f0761d,Brown et al. - 2021 - Extended phenotypes on coral reefs cryptic phenotypes modulate coral-vermetid interactions.pdf,exclude_scope,not_for_extraction,0,0,0,0,1,0,field,2015,"shallow back reef of Mo’orea, French Polynesia",Mo’orea back reef,French Polynesia,,17°28.511’ S,149°48.857’ W,-17.475183,-149.814283,1.7,2.3,Porites spp.,massive,,75.9,Symbiodiniaceae type C15,,,,,,,,,,,,,,,,,,80,10 reefs with and 10 without vermetids; 4 cores removed per reef,,,corals transplanted to reefs of the same type (with or without vermetids) as their origin,Reciprocal transplant experiment to evaluate the role of plasticity vs. heritable diversity on phenotypic traits and performance of corals exposed to vermetid gastropods.,parsed,batch_006,1,,,,,,-17.475183,-149.814283,reported_exact,high
c50bc867-17ea-4393-80b1-b34f18d5fde2,Bruckner et al. - 2000 - Parrotfish predation on live coral “spot biting” and “focused biting”.pdf,exclude_scope,not_for_extraction,0,0,0,0,0,0,observational,,western Atlantic,,,Atlantic Ocean,,,,,,,"Montastraea annularis, Montastraea faveolata, Colpophyllia natans",,,,,natural predation,biting by Sparisoma viride (stoplight parrotfish),tissue and skeleton,,,,,,,,,,,,,,,,,,,,Proposes terms 'spot biting' and 'focused biting' to differentiate coral injuries caused by stoplight parrotfish.,parsed,batch_007,1,,,,,Only the broad western Atlantic is named; no defensible local centroid was available.,,,,
9616c9c9-f92f-4a43-8be4-4bd0b5875f3c,"Burmester et al. - 2017 - Temperature and symbiosis affect lesion recovery in experimentally wounded, facultatively symbiotic.pdf",include_primary,ready_extract,1,1,0,0,1,0,laboratory,2014,"Fort Wetherill State Park in Jamestown, RI",Fort Wetherill State Park,USA,,41° 28’ 40” N,71° 21’ 34” W,41.477778,-71.359444,6,10,Astrangia poculata,,single polyp,,symbiotic and aposymbiotic,experimental,"single polyp removed using a scalpel, cleared of tissue using a Waterpik, surrounding skeleton filed to a uniform basal skeletal height",tissue and skeleton,38.4,,,,1,centrally located in the colony,"9, 18, 24",temperature increase or decrease from 18°C at a rate of 1°C every 12 h,,,37.5,10 h d−1 using T5 HO fluorescent lighting,,flow-through aquarium system,159,"40 colonies of each symbiont state at 18 °C (39 aposymbiotic), 20 colonies of each symbiont state at 9 °C and 24 °C",randomly placed into treatment groups,paired controlling for colony mass; randomized placement to control for tank microclimate,18 °C treatment served as ambient/acclimation temperature,"Assessed how symbiotic state (symbiotic vs. aposymbiotic) and temperature deviations (winter 9 °C, elevated 24 °C) affected wound healing and tissue loss. [repair: Growth form was not explicitly reported in the text and cannot be unambiguously inferred for Astrangia poculata.] [agent repair: No additional explicit value recovered in this conservative pass; remaining fields appear unreported or too ambiguous to infer.]",parsed,batch_008,1,,,,,,41.477778,-71.359444,reported_exact,high
daec544d-cfab-46db-be2a-1d3596bc0395,Burmester et al. - 2018 - The impact of autotrophic versus heterotrophic nutritional pathways on colony health and wound recov.pdf,include_primary,needs_digitization,1,1,0,0,1,0,laboratory,2014,Fort Wetherill State Park in Jamestown RI,Fort Wetherill State Park,USA,,41 28′40″N,71 21′34″W,41.477778,-71.359444,6,10,Astrangia poculata,solitary,single polyp and coenenchyme,,symbiotic or aposymbiotic,experimental,"single polyp and surrounding connective tissue removed using a scalpel, wound site cleaned via Waterpik",tissue,34.28,,,,1,center of the colony,18,,,fed (frozen copepod slurry 50 g/L) vs starved,,10-hr light cycles (14 hr dark) via T5 HO fluorescent lighting,,,224,28 paired symbiotic and aposymbiotic colonies per treatment group,sorted randomly into one of four treatment groups,paired by approximate mass,un-wounded fed and un-wounded starved colonies,"Assessed how symbiotic state (symbiotic vs. aposymbiotic) and nutritional state (fed vs. starved) affected wound healing, colony tissue cover, and polyp activity. [repair: Growth form was not explicitly reported in the text and cannot be unambiguously inferred for Astrangia poculata.] [agent repair: Growth form inferred from Astrangia poculata, which is a solitary coral. Growth-form label was not explicit in the text, but the inference is unambiguous.]",parsed,batch_009,1,,,,,,41.477778,-71.359444,reported_exact,high
26babed0-9e6c-4621-9dca-9253eb39b9fb,Cameron and Edmunds - 2014 - Effects of simulated fish predation on small colonies of massive Porites spp. and Pocillopora meandr.pdf,include_primary,ready_extract,1,1,0,0,0,1,field,2009,back reef along the north shore of Moorea,,French Polynesia,,17° 30’ S,149° 50’W,-17.500000,-149.833333,2,3,"Porites spp., Pocillopora meandrina","massive, branching","perforate, imperforate","<5 (Porites), <7 (Pocillopora)",,experimental,pressurized seawater from a 60 ml syringe; snub-nose pliers to abrade,"tissue, tissue and skeleton","35, 105, 108",,,1-5,1,top of each coral,29.00,,,,1200,,,,64,8 nubbins in each of 4 treatments per taxon,allocated haphazardly,cages on cinderblocks held 2 replicate corals of same taxon and treatment,undamaged controls,"Simulated damage caused by fishes belonging to 3 functional feeding guilds: excavators, scrapers, and browsers. [repair: The study explicitly contrasts two taxa with different skeletal porosities, identifying Porites as perforate and Pocillopora as imperforate.]",parsed,batch_010,4,,,,,,-17.500000,-149.833333,reported_exact,high
9f7a74ab-485d-44be-88c3-28c6b4a7c491,Chadwick and Loya - 1990 - Regeneration after experimental breakage in the solitary reef coral Fungia granulosa Klunzing.pdf,include_primary,needs_digitization,1,0,0,1,0,0,field,1989,"fringing coral reef adjacent to the H. Steinitz Marine Biology Laboratory, Eilat, Gulf of Eilat, Red Sea",H. Steinitz Marine Biology Laboratory,Israel,Red Sea,,,,,10,10,Fungia granulosa,solitary,,3-9,,experimental,broken into fragments with the aid of a hammer and chisel,fragmentation,,10-90%,,,,"radially along the septa, or perpendicular to the septal edges",,,,,,,,,64,7 to 14 corals per treatment per size class,,divided into two size classes by live wet mass,"undamaged, intact controls","Studied regeneration after experimental breakage. Recovery depended on fracture orientation (parallel vs perpendicular to septa), fragment size, and percent breakage. [repair: Coordinates, tissue type (perforate/imperforate), precise initial lesion area, and experimental temperatures were not explicitly reported in the study.] [agent repair: Depth was explicitly reported as 10 m. Growth form was solitary. No explicit coordinates, tissue type, lesion area, or temperature were recoverable.]",parsed,batch_011,1,29.500000,34.916667,site_facility_centroid,high,H. Steinitz Marine Biology Laboratory / adjacent Eilat fringing-reef study area used as the locality proxy.,29.500000,34.916667,site_facility_centroid,high
4e3fb9f0-e78a-40f5-abc2-01412b9ab7fb,Chong-Seng et al. - 2011 - Selective feeding by coral reef fishes on coral lesions associated with brown band and black band di.pdf,exclude_scope,not_for_extraction,0,0,0,0,0,0,field,2008-2009,"Lizard Island, a mid-shelf reef on the Great Barrier Reef",Lizard Island,Australia,Great Barrier Reef,14°40'S,145°27'E,-14.666667,145.450000,,,"Acropora muricata, Acropora abrolhosensis, Acropora intermedia",staghorn,disease band and adjacent coral tissue,,,natural,black band disease (BBD) and brown band disease (BrB),disease lesions and necrotic tissue,,about 1% of the substratum available,,,44,,,,,,,,,,44,22 videos for BrB and 22 videos for BBD spread across 8 reefs,,,apparently healthy coral tissue greater than 1 cm from lesions,Used in situ video observations to assess selective feeding by coral reef fishes on tissues naturally infected with brown band or black band disease.,parsed,batch_012,1,,,,,,-14.666667,145.450000,reported_exact,high
d86a557e-5735-4326-9f08-979e13c7ee6d,Comeau et al. - 2014 - Effects of irradiance on the response of the coral Acropora pulchra and the calcifying alga Hydrolit.pdf,exclude_scope,not_for_extraction,0,0,0,0,1,0,mesocosm,2013,lagoon of the North shore of Moorea,Richard B. Gump South Pacific Research Station,French Polynesia,,,,,,2,2,"Acropora pulchra, Hydrolithon reinboldii",,,,symbiotic,,,,,,,,,,"27.2, 29.8",maintained at 27.2 °C or 29.8 °C,"400, 750, 1100 μatm",,"150, 650","12-h day, gradually increased to maximum intensity for 4 h then reduced",,continuous seawater replacement at ~200 mL min−1,240,duplicate mesocosms per temperature and pCO2 treatment matrix; 5 fragments per species per light treatment per mesocosm,"randomly arranged mesocosms, randomly selected and transferred fragments, position in mesocosms randomly changed every 2 d",split-plot design with pCO2 and temperature as between-plot effects and irradiance as within-plot effect,ambient pCO2 (400 μatm) and temperature (27.2 °C),"Assessed interactive effects of temperature, pCO2, and irradiance on net calcification and biomass over 20 days.",parsed,batch_013,1,-17.487250,-149.886930,site_facility_centroid,medium,Lagoon of north Moorea proxied to the Richard B. Gump station / Cook's Bay centroid.,-17.487250,-149.886930,site_facility_centroid,medium
d4f87f68-6209-4973-bf99-fac310af5656,Coral-Damsel-Wounding-Manuscript.pdf,include_primary,needs_digitization,1,1,0,0,0,0,laboratory,2024,"northshore lagoon reef, Mo'orea",Richard B. Gump South Pacific Research Station,French Polynesia,,17°30'S,149°50'W,-17.500000,-149.833333,,,Pocillopora spp.,branching,surface tissue,>20,,experimental,airbrush fitted with a circular stencil to remove surface tissue,tissue,"148, 382",,,,1,upper surface of fragments,,,,2 g of TetraMarine Saltwater Flakes three times per day,,ambient light,,flow-through aquaria supplied with unfiltered seawater at ~6 L h-1,72,"4 fragments per treatment per tank across 6 tanks (3 with fish, 3 without)",fragments randomly distributed across tanks and assigned to treatments; fish randomly introduced to half the tanks,,fragments with no wound; tanks without fish,"Tested whether coral-associated yellowtail damselfish (Dascyllus flavicaudus) facilitate wound healing, calcification, and photosynthetic recovery in Pocillopora spp. [repair: Numeric depth bounds and specific experimental or ambient temperatures were not explicitly reported in the study.] [agent repair: No additional explicit value recovered in this conservative pass; remaining fields appear unreported or too ambiguous to infer.]",parsed,batch_014,1,,,,,"Exact coordinates reported in source (17°30'S, 149°50'W); no approximate point added.",-17.500000,-149.833333,reported_exact,high
deff576c-ed14-48e7-884a-51d6447654a4,Coral_Regeneration_Review_Annual_Review_Marine_Science_10_31_2025.pdf,exclude_review,not_for_extraction,0,0,0,0,0,0,review,,,,,,,,,,,,various,various,,,,,,,,,,,,,,,,,,,,,,,,,,"Comprehensive review synthesizing the biological and ecological processes of coral tissue repair and regeneration, causes of wounding, environmental drivers, colony integration, and implications for reef restoration.",parsed,batch_015,1,,,,,,,,,
ec19aed9-6875-473a-accb-914b065e6e10,Counsell et al. - 2019 - Colony size and depth affect wound repair in a branching coral.pdf,include_primary,needs_digitization,1,0,0,1,1,1,field,2017,"four sites on O‘ahu, Hawai‘i","Lanikai, Kāne‘ohe Bay, Kewalo Shallow, Kewalo Deep",USA,Pacific Ocean,"21.3842 N, 21.4564 N, 21.2930 N, 21.2898 N","157.7077 W, 157.7945 W, 157.8663 W, 157.8628 W",21.289800,-157.862800,1,8,Pocillopora meandrina,branching,branch,13.7-44.3,,experimental,breaking branches using bone cutters,tissue and skeleton,,,,,108,branch,26.77-27.25,,,,,,,,54,"12, 20, 6, and 16 colonies across 4 sites; 2 sequential wounds per colony",,,pre-wounding observations of colony health used as a baseline,"Investigated the effects of colony size, depth, and disturbance history (bleaching) on the wound repair of broken branches. Larger colonies and shallower colonies healed faster. [repair: Lesion area was not explicitly reported; the study only provided the mean wound diameter of 13.4 mm.]",parsed,batch_016,1,,,,,,21.289800,-157.862800,reported_exact,high
740435e0-2577-4691-baa4-77cc09e904e9,Cox - 2014 - Corallivory The Coral’s Point of View.pdf,include_primary,needs_digitization,0,0,0,0,0,0,review,,,,,,,,,,,,various,various,,,,,,,,,,,,,,,,,,,,,,,,,,"Review chapter synthesizing the impacts of corallivory on coral physiology, population dynamics, community structure, and defense mechanisms.",parsed,batch_017,1,,,,,,,,,
034d4e10-aee2-4964-9c77-cb6f4174bd3e,Cróquer et al. - 2002 - Environmental factors affecting tissue regeneration of the reef - building coral Montastraea annular.pdf,include_primary,needs_digitization,1,0,0,0,0,0,field,1998,"Dos Mosquises, Archipiélago Los Roques National Park",S1 (horseshoe reef) and S2 (fringing reef lagoon),Venezuela,,11º 48' N,66º 53'W,11.800000,-66.883333,1,1.5,Montastraea annularis,massive,imperforate,30-60 cm2 area,,experimental,scratching the coral surface with a hard-nylon brush; jetting out the tissue from the polyps using a syringe,"tissue, tissue and skeleton",,,,,32,top and bottom of the colonies,26-31,,,,,,"0.16 g/cm2/day, 0.266 g/cm2/day",,32,"16 colonies per site, 2 replicates per treatment combination",,,,"Lesion diameter ranged from 4.5-5 cm (small) to 7.5-8 cm (large). Evaluated tissue regeneration under different sedimentation regimes, lesion types (simulated parrotfish vs butterflyfish), sizes, and positions. [repair: Growth form and tissue type were inferred from the standard characteristics of Montastraea annularis, while initial lesion area was provided as a range of diameters rather than a explicitly stated area.] [agent repair: No additional explicit value recovered in this conservative pass; remaining fields appear unreported or too ambiguous to infer.]",parsed,batch_018,1,,,,,,11.976667,-66.882500,reported_exact,high
bcc5b4a2-3f38-42ed-8309-63964483f263,Cunning et al. - 2018 - Comparative analysis of the Pocillopora damicornis genome highlights role of immune system in coral.pdf,exclude_scope,not_for_extraction,0,0,0,0,0,0,laboratory,2016,"Saboga Is., Panama",Saboga Is.,Panama,eastern tropical Pacific,,,,,,,Pocillopora damicornis,,fragment,,healthy (unbleached) and bleached (low symbiont load),,,,,,,,,,,,,,,,,,4,2 healthy fragments and 2 bleached fragments of one genotype,,,,Sequenced and annotated the genome of Pocillopora damicornis to perform a comparative genomic analysis highlighting the role of the immune system in coral evolution.,parsed,batch_019,1,8.626667,-79.061111,island_centroid,medium,Saboga Island centroid used for the Panama collection locality.,8.626667,-79.061111,island_centroid,medium
2f44d6fc-1aa4-4747-a000-1c5be042d723,D’Angelo et al. - 2012 - Locally accelerated growth is part of the innate immune response and repair mechanisms in reef-build.pdf,include_mechanism_only,not_for_extraction,0,0,0,0,0,0,mesocosm,,experimental mesocosm of the Coral Reef Laboratory of the NOCS,Coral Reef Laboratory of the NOCS,UK,,,,,,,,"Porites lobata, Acropora pulchra, Acropora polystoma","massive, branching",surface tissue,,,experimental,scratching the surface with the tip of a knife or scraping off the tissue and the upper skeletal layers,tissue and skeleton,,,,,,,"25, 27",,,,200,12-h light/12-h dark period,,,,3 replicate colonies,,,undisturbed areas of the branches,"Studied the expression of GFP-like proteins, PCNA, and phenoloxidase activity in response to experimental wounding. Demonstrated that unusually pigmented tissue in regenerating areas is indicative of locally accelerated growth.",parsed,batch_020,1,50.895,-1.395,town_or_lab_centroid,medium,"Coral Reef Laboratory of the NOCS, Southampton lab centroid.",50.895,-1.395,town_or_lab_centroid,medium
83a15da3-d64e-494a-94ee-a253c2392c96,"Da Silveira and Van’T Hof - 1977 - Regeneration in the Gorgonian Plexura Flexuosa (Cnidaria, Octocorallia).pdf",exclude_scope,not_for_extraction,0,0,0,0,0,0,field,1975,shallow reaf platform of the Southwest coast of Curaçao,,Netherlands Antilles,,,,,,4,6,Plexaura flexuosa,branching,coenenchyme,100,,experimental,stripping branches of their coenenchyme,tissue,,,,,,subapically and apically on branches,,,,,,,,,71,3 branches per treatment for in situ observations; 4 branches per sample time for histology; 12 branches for repeated stripping,,,normal untreated branches of the same colonies,"Simulated predation by Cyphoma gibbosum by removing coenenchyme from the axial skeleton to investigate regenerative capability, morphogenetic events, and polyp formation.",parsed,batch_021,1,12.13,-69.13,coast_or_region_centroid,low,Broad southwest-coast Curaçao reef platform; exact site not named.,12.13,-69.13,coast_or_region_centroid,low
28b1e816-45f3-42fc-a2b0-0cfea52a0adc,"DeFilippo et al. - 2016 - Patterns of surface lesion recovery in the Northern Star Coral, Astrangia poculata.pdf",include_primary,needs_digitization,1,0,0,0,0,0,laboratory,2013,"Fort Wetherill National Park in Jamestown, Rhode Island",Fort Wetherill National Park,USA,,41 28° 40°° N,71 21° 34°°W,,,6,10,Astrangia poculata,,visible polyp and coenenchyme tissue,8.48-11.78 cm2 live surface area,symbiotic and aposymbiotic,experimental,"removed visible polyp and coenenchyme tissue with a Waterpik, eroded raised corallite structure relatively flat with a diamond coated file",tissue and skeleton,,"25%, 50%, and 75% of total colony live surface area",,,1 or 2,"1, 2, or 3 quadrants of the coral surface",18,,,targeted ad libitum feedings of copepods daily,,high output (HO) T5 fluorescent fixtures (daylight and actinic bulb),,"integrated, flow-through aquarium system with ultraviolet-sterilized, particulate-filtered seawater",50,5 colonies of each symbiotic state per wound treatment and control group,randomly and evenly allocated among tanks; randomly assigned to wound treatments,,no wounding treatment,"Evaluated the response of symbiotic and aposymbiotic A. poculata to wounds of varying size and shape. Recovery originated primarily from tissue remnants within the lesion site, demonstrating a 'Phoenix effect' healing pattern. [repair: Coordinates were extracted as reported despite typographical errors in the source, while growth form and specific absolute initial lesion areas were not explicitly reported and could not be unambiguously inferred.] [agent repair: No additional explicit value recovered in this conservative pass; remaining fields appear unreported or too ambiguous to infer.]",parsed,batch_022,1,41.477778,-71.359444,site_facility_centroid,high,"Exact coordinates are reported in the paper; approximate duplicate intentionally omitted. Fort Wetherill State Park proxy, aligned with other Astrangia studies from the same site.",41.477778,-71.359444,site_facility_centroid,high
09f69156-3ca0-4bf2-98e2-fe2b25612587,Denis et al. - 2011 - Lesion regeneration capacities in populations of the massive coral Porites lutea at Réunion Island.pdf,include_primary,ready_extract,1,0,0,0,0,1,field,2007-2008,Réunion Island,"Planch’Alizé, Trou d’Eau, Varangue, Kiosque",Réunion,south-western Indian Ocean,21° 07’ S,55° 32’ E,-21.116667,55.533333,1,2,Porites lutea,massive,perforate,68,,experimental,grinding stone (Dremel) powered by a pneumatic drill,tissue and skeleton,330,,,3,,top of the colonies,23.2-32.7,,,,,,,,70,"25 colonies at 2 sites initially, reduced to 10 colonies at 4 sites in subsequent seasons",selected haphazardly,,,"Evaluated the regeneration capacity of standard artificial lesions in Porites lutea across four sites and four seasons to assess the role of extrinsic environmental factors. [repair: Tissue type was inferred as perforate based on the standard biological classification of the focal genus Porites, as it was not explicitly stated in the text.]",parsed,batch_023,1,,,,,,-21.116667,55.533333,reported_exact,high
4d1dfa9c-9c0b-438d-bf33-ec928b7d6696,Denis_2013_Fast_Growth_May_Impair_Regeneration_Capacity_in_th..._doi-10.1371-journal.pone.0072618.pdf,include_primary,ready_extract,1,1,0,0,0,0,field,2008,west coast of Réunion Island at two shallow reef-flat sites,Planch’Alizé and Kiosque,Réunion,Indian Ocean,21°07'S,55°32'E,-21.116667,55.533333,1,2,Acropora muricata,branching,branch,,C3 Symbiodinium,experimental,grinding stone,tissue and skeleton,104,,,3,1,mid-height on the side of each branch,,,,,,,,,150,5 colonies per site; 5 injured and 9-10 control nubbins per colony,5 replicate nubbins from each colony were randomly selected for injury,,undamaged nubbins left intact to monitor baseline growth and photosynthetic efficiency,Investigated relationships between skeletal growth and lesion regeneration in contrasting natural environments. Demonstrated a trade-off where fast growth associated with high zooxanthellae densities impaired regeneration capacity. [repair: Specific ambient or experimental temperature values were plotted in figures but not explicitly reported in the text.] [agent repair: Temperature was not reported as a single explicit study-level value.],parsed,batch_024,1,,,,,,-21.116667,55.533333,reported_exact,high
3d374a40-79d3-413b-99c2-670f9da97bef,"Dias et al. - 2018 - Mortality, growth and regeneration following fragmentation of reef-forming corals under thermal stre.pdf",include_primary,needs_digitization,1,1,0,1,1,0,laboratory,,Oceanário de Lisboa (Portugal),Oceanário de Lisboa,Portugal,,,,,,,,"Acropora tenuis, Pocillopora damicornis, Stylophora pistillata, Psammocora contigua, Montipora capricornis, Turbinaria reniformis, Echinopora lamellosa, Galaxea fascicularis","branching, plating, encrusting, massive",fragment,"2-4 (branching), 3x3 (plating, encrusting, massive)",,experimental,circular injuries inflicted using a Dremel rotatory tool with a cutting disk,tissue and skeleton,7.07,,,,1,middle section of the fragments,"26, 30, 32","acclimated 1 °C per hour to 26 °C, 30 °C, and 32 °C for 60 days",pH 8.2-8.3,,320-345,12 h light/ 12 h dark cycle,,"turnover rate of 5 times per hour, increased surface water motion using a powerhead",180,10 control and 10 injured fragments per species,,,undamaged fragments,"Investigated mortality, growth, and regeneration of 9 Indo-Pacific coral species subjected to experimental injury and thermal stress. [repair: Coordinates and natural collection depths were not reported, as the study was conducted in a laboratory using captive coral colonies.] [agent repair: Explicit latitude/longitude were not reported in the accessible text. Numeric depth bounds were not explicitly reported in the accessible text.]",parsed,batch_025,1,38.763503,-9.093783,site_facility_centroid,high,"Oceanário de Lisboa, Doca dos Olivais, Parque das Nações, Lisbon; used the aquarium location as the study-site proxy for captive corals.",38.763503,-9.093783,site_facility_centroid,high
a1481487-85d7-43d6-9260-5bdb0970ebdd,"Diaz-Pulido et al. - 2009 - Doom and Boom on a Resilient Reef Climate Change, Algal Overgrowth and Coral Recovery.pdf",exclude_scope,not_for_extraction,0,0,0,0,0,0,field,2006-2008,"inshore reefs of the Keppel Islands, southern Great Barrier Reef","Middle Island, Halfway Island, North Keppel Island, Barren Island",Australia,Great Barrier Reef,"23°09.896 S, 23°12.193 S, 23°05.123 S, 23°09.796 S","150°55.420 E, 150°58.187 E, 150°53.983 E, 151°05.507 E",-23.163267,151.091783,4,7,"Acropora spp., Acropora millepora",branching,remnant coral tissue,,bleached,natural,warming-induced mass coral bleaching,tissue mortality,,,,,,,,,,,,,,,,10 randomly allocated quadrats (50x50 cm) per site per sampling date,randomly allocated quadrats,,,Documented rapid vegetative regeneration of corals from small tissue remnants (Phoenix effect) after mass bleaching and subsequent overgrowth by the brown seaweed Lobophora variegata.,parsed,batch_026,1,,,,,,-23.163267,151.091783,reported_exact,high
c849a042-644e-4b4f-a530-33cfb800d9a9,E and Y - 1996 - Regeneration versus budding in fungiid corals a trade-off.pdf,include_primary,needs_digitization,1,1,0,0,0,0,laboratory and field,,coral reef in Ellat (Red Sea),,Israel,Red Sea,,,,,,,"Fungia scutaria, Fungia granulosa, Fungia horrida",solitary,tissue and skeleton fragments,,,experimental,broken into wedge-shaped fragments; placement of putty on adult corallum; removal of surface tissues,fragmentation and tissue loss,,,,,,,25,,,,,12 h light: 12 h dark,,daily water changes in petri dishes; aerated sea water in aquaria,20,"8 large fragments with mouth, 10 large fragments without mouth, 10 medium fragments without mouth, 32 small fragments without mouth",,,,"Investigated the mechanism of bud formation and a physiological trade-off between tissue regeneration and asexual budding in solitary fungiid corals after experimental damage. [repair: Coordinates, explicit numeric depth bounds, and exact initial lesion areas in mm^2 were not reported in the provided text.] [agent repair: Explicit latitude/longitude were not reported in the accessible text. Numeric depth bounds were not explicitly reported in the accessible text. A single directly comparable wound area was not explicitly reported.]",parsed,batch_027,1,29.500000,34.916667,town_or_lab_centroid,medium,Only Eilat/Red Sea was given; used the Eilat marine-lab / north-beach reef area as a conservative proxy.,29.500000,34.916667,town_or_lab_centroid,medium
b0949a7c-520e-4a37-af04-25979598ec2d,Edmunds and Lenihan - 2010 - Effect of sub-lethal damage to juvenile colonies of massive Porites spp. under contrasting regimes o.pdf,include_primary,ready_extract,1,1,0,0,0,1,laboratory,2008,lagoon of Moorea,,French Polynesia,,17°30'S,149°50'W,-17.500000,-149.833333,3,4,"Porites spp., Porites lutea, Porites lobata",massive,tissue and skeleton,<4,,experimental,gouging with snub nose pliers,tissue and skeleton,68,,,1-2,2,haphazard locations,"26.7, 29.6",maintained at ~26.7 or ~29.6 °C,,,700,12-h light/12-h dark cycle,,6 and 21 cm s-1,80,10 colonies per treatment combination,allocated randomly to treatments; position within raceways randomized daily,,undamaged colonies,"Evaluated how sub-lethal damage interacts with temperature and water flow to affect growth, maximum dark-adapted quantum yield of PSII (Fv/Fm), and healing.",parsed,batch_028,1,,,,,,-17.500000,-149.833333,reported_exact,high
2e3b055f-28df-4def-97aa-660ac537a95f,Edmunds and Yarid - 2017 - The effects of ocean acidification on wound repair in the coral Porites spp..pdf,include_primary,ready_extract,1,1,0,0,0,0,mesocosm,2013-2014,back reef in Moorea,Richard B. Gump South Pacific Research Station,French Polynesia,,,,,,2,3,"Porites spp., Porites lutea, Porites lobata",massive,perforate,~4,,experimental,snub-nose pliers to scrape a rectangular lesion,tissue and skeleton,"99, 250","~4%, ~10%",,"1-2, 5-6",1,upper surface,"28.0, 28.8",,"400, 1000 μatm",,"373, 627",,,supplied with fresh seawater at 100-200 mL min-1,152,6 corals per treatment combination in each of 3 tanks (Experiment 1); 10 corals per treatment combination in each of 2 tanks (Experiment 2),"randomly assigned to tanks, randomly repositioned within tanks daily",,undamaged corals,"Tested the effects of ocean acidification (~400 vs ~1000 μatm PCO2) on calcification and tissue regeneration in massive Porites spp. following superficial (scraping) and deep (excavation) damage simulating corallivory. [repair: Coordinates were not explicitly reported; tissue type was inferred as perforate based on the standard biological classification of the focal genus Porites.] [agent repair: Temperature was explicitly reported as 28.1-29.0 C. Sample sizes were 2, 6, and 20. Coordinates and lesion area were not recoverable.]",parsed,batch_029,1,-17.487250,-149.886930,site_facility_centroid,medium,Back-reef study on Moorea proxied to the Richard B. Gump station / Cook's Bay centroid from local Moorea records.,-17.487250,-149.886930,site_facility_centroid,medium
f7335f31-f560-4d42-9f0d-52fdbec8ece6,Meesters et al 1992 sedimentation and lesion position.pdf,include_primary,needs_digitization,1,0,0,0,1,0,field,1990-1991,leeward fringing reefs of Curaçao,"Low, High, SedDown, SedUp",Netherlands Antilles,,,,,,3,6,"Acropora palmata, Diploria strigosa, Porites astreoides, Siderastrea siderea, Montastrea annularis","branching, massive",perforate,,,experimental,submersible drill with a small grinding point,tissue and skeleton,78,,,2,1,"top of the colony, sides of colonies, in between two ridges",,,,,"244, 829",,24-107 g dry weight m-2 d-1,,344,22-35 colonies per species per treatment,haphazardly selected colonies,,low sedimentation sites (Low and SedUp),"Studied the effects of long-term and short-term sedimentation stress, as well as intra-colony lesion position (top vs side) and photoadaptation, on tissue regeneration rates. [repair: Coordinates and experimental water temperatures were not reported, initial lesion area was provided as an approximate diameter rather than an exact area, and tissue type was explicitly noted as perforate for Porites astreoides.] [agent repair: Two depth bands were explicitly reported. Lesion area was approximately 0.78 cm2, converted here to 78 mm2. Growth form was branching. Temperature and coordinates were not recoverable.]",parsed,batch_030,1,12.13,-69.12,coast_or_region_centroid,low,Leeward fringing reefs of Curaçao; site names are treatment labels rather than place names.,12.13,-69.12,coast_or_region_centroid,low
348d7203-b68d-472c-89da-e3e6704b2f50,Eh and Rpm - 1995 - Age-related deterioration of a physiological function in the branching coral Acropora palmata.pdf,include_primary,ready_extract,1,0,0,0,1,1,field,1991,fringing reef in front of the Curaçao Seaquarium,Curaçao Seaquarium,Netherlands Antilles,Caribbean,,,,,2,4,Acropora palmata,branching,perforate,,,experimental,submersible pneumatic drill powered by a SCUBA tank and equipped with a small grinding point,tissue and skeleton,159.4,,,1.90,1,"upperside of branches at 3, 12, or 66 cm from the tip",,,,,,,,,21,"3 branches per colony randomly chosen; each received a single lesion at 3, 12, or 66 cm",haphazardly selected colonies; randomly chosen branches,randomized blocks design,,"Assessed regeneration potential of Acropora palmata at different distances from the branch tip (3, 12, and 66 cm). Regeneration capability decreased exponentially from tip to base, indicating age-related senescence. [repair: Coordinates and temperature were not explicitly reported, and tissue type was inferred as perforate based on the standard biological classification of the focal genus Acropora.] [agent repair: Depth was reported as 2-4 m. Lesion area was 1.59 cm2, converted here to 159 mm2. Growth form was branching. Coordinates and temperature were not recoverable.]",parsed,batch_031,1,12.083611,-68.895833,site_facility_centroid,high,Curaçao Seaquarium fringing reef site.,12.083611,-68.895833,site_facility_centroid,high
1d9e4e6d-fe25-4609-b0ac-78fdb306c80b,Eh et al. - 1997 - Predicting regeneration of physical damage on a reef-building coral by regeneration capacity and les.pdf,include_primary,ready_extract,1,0,0,0,1,0,field,1992,southwestern coast of the island of Curaçao,Carmabi buoy 2,Netherlands Antilles,Caribbean,,,,,4,6,Montastrea annularis,columnar,imperforate,,,experimental,small grinding stones attached to a pneumatic drill powered by a SCUBA tank,tissue and skeleton,"83, 183, 243, 406",,,2.5,4,column,,,,,,,,,25,"25 colonies, each receiving 4 circular lesions of different sizes (1 per randomly selected column)",colonies selected haphazardly; columns selected randomly,randomized complete block design,,"Presented a relationship predicting regeneration of physical damage based on regeneration capacity and lesion shape. Found that regeneration slows exponentially and is primarily determined by the initial length of the lesion perimeter. [repair: Coordinates and specific temperatures were not explicitly reported in the text, and tissue type was inferred as imperforate based on the standard biological classification of the focal species Montastraea annularis.] [agent repair: No additional explicit value recovered in this conservative pass; remaining fields appear unreported or too ambiguous to infer.]",parsed,batch_032,1,12.126389,-68.976111,site_facility_centroid,high,Carmabi buoy 2 on Curaçao's southwest coast.,12.126389,-68.976111,site_facility_centroid,high
c6b2ff5b-0225-4b9a-92e7-8dfa6a6debeb,Enochs and Glynn - 2017 - Corallivory in the Eastern Pacific.pdf,exclude_review,not_for_extraction,0,0,0,0,0,0,review,,,,,eastern Pacific,,,,,,,various,various,,,,,,,,,,,,,,,,,,,,,,,,,,"Review of the progression of understanding of eastern Pacific corallivory and corallivores, focusing on conspicuous and cryptic taxa, their feeding behaviors, and their ecological roles in coral reef ecosystems.",parsed,batch_033,1,,,,,,,,,
ad751939-b061-4323-9097-c1e7d2e9576f,Fine et al. - 2002 - Bleaching effect on regeneration and resource translocation in the coral Oculina patagonica.pdf,include_primary,needs_digitization,1,0,0,1,0,0,field,2000,"Sdot-Yam, Mediterranean coast of Israel",Sdot-Yam,Israel,Mediterranean Sea,32° 29.77’ N,34° 53.23’ E,32.496167,34.887167,3,6,Oculina patagonica,encrusting,tissue,12-15,"unbleached, partly bleached, and totally bleached",experimental,air-pick jet,tissue,200,,,,1,center of colony or center of bleached section,,,,,,,,,51,"13 unbleached, 11 partly bleached, and 10 totally bleached colonies for recovery; 17 colonies for 14C-labelling",,,intact unbleached colonies or background 14C activity in intact tissues,"Compared regeneration capabilities and intra-colonial translocation of 14C photosynthetic products in unbleached, partly bleached, and totally bleached colonies. Demonstrated a bleaching threshold of ~30-40% above which resource translocation to lesions is terminated. [repair: Specific experimental or ambient temperature values were not explicitly reported in the study.] [agent repair: No additional explicit value recovered in this conservative pass; remaining fields appear unreported or too ambiguous to infer.]",parsed,batch_034,1,32.496167,34.887167,site_facility_centroid,high,Sdot-Yam locality; retained the site point already associated with the study locality as the approximate coordinate.,32.496167,34.887167,site_facility_centroid,high
a1e7fabd-36e1-4556-804c-e6f1a9c17581,Fisher et al. - 2007 - Lesion regeneration rates in reef-building corals Montastraea spp. as indicators of colony condition.pdf,include_primary,ready_extract,1,0,0,0,0,0,field,2001-2003,Biscayne National Park (BNP) and the upper Florida Keys National Marine Sanctuary (FKNMS),"Alina’s Reef, Key Largo (KL) 6 m, White Banks (WB), Algae Reef (AR), KL 3 m, KL 9 m, KL 18 m",USA,,"25° 01.09’ N, 25° 02.23’ N, 25° 08.80’ N, 25° 23.19’ N, 25° 02.45’ N, 25° 00.15’ N, 25° 00.21’ N","80° 23.84’ W, 80° 22.50’ W, 80° 17.60’ W, 80° 09.78’ W, 80° 25.44’ W, 80° 23.63’ W, 80° 23.02’ W",25.003500,-80.383667,3,18,"Montastraea spp., Montastraea faveolata, Montastraea annularis, Montastraea franksi",boulder,imperforate,19-40,,experimental,leather punch,tissue and skeleton,100-200,,,3,,,,,,,,,,,264,5 colonies at each site,haphazardly selected,,,"Assessed regeneration rates of biopsy-induced lesions across sites and depths to evaluate their utility as indicators of coral health. Regeneration was dynamic and geographic location was the strongest factor affecting rates. [repair: Tissue type was inferred as imperforate based on the standard biological classification of the focal genus Montastraea, while specific experimental or ambient temperature values were not explicitly reported in the study.] [agent repair: Temperature was not reported as a single explicit study-level value.]",parsed,batch_035,1,,,,,,25.003500,-80.383667,reported_exact,high
3a3fb59c-a303-49f1-aa80-21ffe7d182cf,Fong and Lirman - 1995 - Hurricanes Cause Population Expansion of the Branching Coral Acropora palmata (Scleractinia).pdf,include_primary,ready_extract,1,1,0,1,0,1,field,1992-1994,"Elkhorn reef, in the northern region of the Florida Reef Tract",Elkhorn reef,USA,,25 21.766 N,80 09.961 W,25.362767,-80.166017,,,Acropora palmata,branching,branch,,,natural,hurricane-generated broken branches,tissue and skeleton,,,,,5-8 per colony,branch ends,,,,,,,,,5,"5 large colonies, each with 5-8 injury sites",,,,"Measured the pattern and rate of wound-healing on colonies that were still standing after Hurricane Andrew, and the temporal changes in size-frequency distribution and upward growth of hurricane-generated fragments. [repair: Explicit numeric depth bounds and specific temperature values were not reported, and initial natural lesion areas varied widely across colonies rather than being a single standardized size.] [agent repair: No additional explicit value recovered in this conservative pass; remaining fields appear unreported or too ambiguous to infer.]",parsed,batch_036,1,,,,,,25.362767,-80.166017,reported_exact,high
d9c94f19-8bd1-4d12-b7e2-d2962add9961,Furby et al. - 2014 - Incidence of lesions on Fungiidae corals in the eastern Red Sea is related to water temperature and.pdf,exclude_scope,not_for_extraction,0,0,0,0,1,0,field,2008-2010,56 reefs on the outer shelf of the Red Sea along a 1300 km stretch of Saudi Arabia,,Saudi Arabia,Red Sea,19.1°N - 27.3°N,,,,10,10,"Fungia spp., Herpolitha spp., Ctenactis spp.",free-living,,,"healthy, bleached",natural,,Yellow Band Disease-like lesions,,,,,,central and peripheral location,26-29.5,,,,,,,,,2-4 transects (50 x 1 m) per reef at 56 reefs,,,,"Large-scale field survey assessing the incidence of lesions (unidentified etiology, Yellow Band Disease-like) in fungiid corals. Found significant positive correlations between lesion prevalence and both elevated mean annual sea surface temperatures and coastal nutrient pollution (ammonium). [coordinate cleanup: partial one-sided coordinate removed from decimal columns]",parsed,batch_037,1,21.714335,38.964365,coast_or_region_centroid,low,"56 reefs across a 1300 km stretch of Saudi Arabia; a single point would be misleading, so approximate coordinates were left blank. Regional centroid for the Red Sea coast of Saudi Arabia; retained as a very broad proxy for the 56-reef outer-shelf survey.",21.714335,38.964365,coast_or_region_centroid,low
6a14a9e9-da4e-425f-bf9d-59fa573487e1,"Guzmán et al. - 1994 - Injury, regeneration and growth of Caribbean reef corals after a major oil spill in Panama.pdf",include_primary,ready_extract,1,1,0,1,0,0,field,1986-1991,Caribbean coast of Panama,"LRE1, LRE2, PAYW, PAYN, JUG, PALW, DONR, DMA, MAR3, NARS, GALC, PM",Panama,Caribbean Sea,,,,,0.5,6,"Siderastrea siderea, Porites astreoides, Diploria clivosa, Diploria strigosa",massive,"perforate, imperforate",<30,,"experimental, oil spill",blasting,artificial injury,570,,,,1,,,,,,,,,,5 to 9 colonies per species per reef depending on the specific experiment,2 transects per reef; 5 colonies per species for transplant,haphazardly placed,,unoiled reefs,"Studied the effects of a major oil spill on injury, regeneration, and growth of massive corals over 5 years. Regeneration was faster on oiled reefs, likely due to a reallocation of resources from growth and reproduction to regeneration. [repair: Coordinates and ambient water temperatures were not explicitly reported, tissue types were inferred as perforate (Porites) and imperforate (Diploria) based on the focal taxa, and sample sizes varied by experimental design.] [agent repair: Explicit latitude/longitude were not reported in the accessible text. Temperature was not reported as a single explicit study-level value.]",parsed,batch_038,1,9.402032,-79.814606,bay_centroid,medium,Bay-level proxy for Bahía Las Minas; the paper samples multiple named sub-sites across the bay.,9.402032,-79.814606,bay_centroid,medium
e2191f69-a271-4c74-be4c-ebe977248362,Hall - 1997 - Interspecific differences in the regeneration of artificial injuries on scleractinian corals.pdf,include_primary,needs_digitization,1,0,0,0,0,1,field,,Lizard Island,"North Reef, Osprey Island",Australia,Great Barrier Reef,128409,1458289,128409.000000,1458289.000000,,,"Goniastrea retiformis, Acropora hyacinthus, Acropora robusta, Acropora palifera, Acropora gemmifera, Acropora millepora, Acropora cytherea, Porites lichen, Porites mayeri, Porites australiensis, Pocillopora damicornis","arborescent, tabular, submassive, bushy, massive, corymbose, digitate","perforate, imperforate",18-68,,experimental,"compressed air from an air gun, hammer and chisel","tissue loss, scraping (tissue and skeleton), branch removal",400,<25% of total surface area,,2,2,"center and edge of colony, base and tips of branches and columns",,,,,,,,,110,10 replicate colonies per species per experiment,haphazardly selected,,,"Determined if regenerative ability differed among species with different morphologies, and if regeneration was influenced by the position of the injury within the colony or the type of injury (tissue loss, scraping, branch removal). [repair: Numeric depth bounds and temperatures were not explicitly reported; tissue types were inferred as perforate (Acropora, Porites) and imperforate (Pocillopora, Goniastrea) based on the standard biological classifications of the focal taxa.] [agent repair: Coordinates were reported in a nonstandard grid-like form and were preserved raw rather than converted. Lesion area was 4 cm2, converted here to 400 mm2. Depth and temperature were not recoverable.]",parsed,batch_039,1,,,,,,128409.000000,1458289.000000,reported_exact,high
b9536b7f-eb24-428a-8a9f-9750a74faa1f,Hall - 2001 - The response of Acropora hyacinthus and Montipora tuberculosa to three different types of colony dam.pdf,include_primary,needs_digitization,1,0,0,0,0,0,field,,"reef-crest at Mermaid Cove, Lizard Island, Australia",Mermaid Cove,Australia,,14840,145828,14840.000000,145828.000000,,,"Acropora hyacinthus, Montipora tuberculosa","tabular, foliaceous",perforate,>75,,experimental,"blowing tissue away with compressed air, dragging a fine chisel, chiselling away a small section","tissue mortality, scraping, breakage",330,,,1-2,,edge of colonies,,,,,,,,,60,10 colonies per injury type and species,,,,"Investigated the amount of regeneration and algal settlement in response to tissue mortality, scraping, and breakage injuries. Regeneration was up to four times greater for scraping injuries compared to tissue mortality and breakage. [repair: Numeric depth bounds and temperatures were not explicitly reported, while tissue type was inferred as perforate based on the standard biological classification of the focal genera Acropora and Montipora.] [agent repair: No additional explicit value recovered in this conservative pass; remaining fields appear unreported or too ambiguous to infer.]",parsed,batch_040,1,,,,,,14840.000000,145828.000000,reported_exact,high
33b7b9b2-9041-454b-bba3-abfadd68029f,Hall et al. - 2015 - Lesion recovery of two scleractinian corals under low pH conditions Implications for restoration ef.pdf,include_primary,needs_digitization,1,0,0,0,1,0,laboratory,2013,"Wonderland Reef, Lower Keys portion of the Florida Keys National Marine Sanctuary",Wonderland Reef,USA,western Atlantic,24°33.69 N,081°30.18 W,24.561500,-81.503000,8,8,"Porites porites, Porites astreoides",branching,fragment,"1x1, 5x5",symbiotic,experimental,air brush,tissue,"10, 250",10% of surface area,,,1,,26,,"7.6, 8.1",,,,,flow through aquarium tanks with water turnover adjusted to 50% aquarium volume per hour,4-5 replications of each pH and fragment size combination,4-5 replications of each pH and fragment size combination,,,ambient pH 8.1 treatment,Investigated the effects of reduced pH and fragment size on lesion recovery rates and physiological responses of P. porites and P. astreoides microfragments. [repair: Initial lesion areas were directly converted to 10 and 250 mm^2 based on the study's explicit statement that lesions comprised 10% of the 1 cm^2 and 25 cm^2 fragments.],parsed,batch_041,1,,,,,,24.561500,-81.503000,reported_exact,high
2b8676ad-34ad-450c-8649-095d5be68458,Hall_Injury_and_regeneration_of_common_reef-crest_corals.pdf,include_primary,needs_digitization,1,1,1,0,0,0,field,1994-1996,"Lizard Island, Great Barrier Reef","South Reef, Lizard Head, Washing Machine, North Reef, Mermaid Cove",Australia,Great Barrier Reef,14° 40' S,145° 28' E,-14.666667,145.466667,,,"Acropora robusta, Acropora hyacinthus, Acropora palifera, Pocillopora damicornis, Porites mayeri, Porites lichen, Goniastrea retiformis, Acropora cytherea, Porites australiensis, Acropora millepora, Acropora gemmifera, Montipora tuberculosa","arborescent, tabular, submassive, bushy, massive, digitate, corymbose, foliaceous","perforate, imperforate",18-68,,natural and experimental,"compressed air from an air gun, hammer and chisel","tissue loss, scraping (tissue and skeleton), branch removal","330, 400","8%, 16%, 25%",,1-2,"1, 2, 3","center and edge of colony, base and tips of branches",,,,,,,,,10 replicate colonies per species or treatment for most manipulative experiments; up to 673 colonies for spatial surveys,10 replicate colonies per species per experiment,haphazardly selected,,undamaged colonies,"Examined spatial and temporal patterns of natural injury, interspecific differences in regeneration from different artificial injury types (tissue, scraping, breakage) across morphological groups, and trade-offs between regeneration and reproduction. [repair: Numeric depth bounds and temperatures were not explicitly reported; tissue types were inferred as perforate (e.g., Acropora, Porites) and imperforate (e.g., Goniastrea, Pocillopora) based on the standard biological classifications of the focal taxa, and sample sizes varied depending on the specific experiment or survey.] [agent repair: Numeric depth bounds were not explicitly reported in the accessible text. Temperature was not reported as a single explicit study-level value.]",parsed,batch_042,1,,,,,,-14.666667,145.466667,reported_exact,high
58b15640-3061-4ea9-a606-877701eef38c,"Hamman - 2019 - Spatial distribution of damage affects the healing, growth, and morphology of coral.pdf",include_primary,needs_digitization,1,1,0,0,1,1,field,,north shore of Moorea,"Cook’s Bay, Richard B. Gump South Pacific Research Station",French Polynesia,,,,,,2,3,Porites spp.,massive,perforate,5-7,,experimental,Waterpik and 1 cm diameter circular stencil,tissue,78.5,,,,2,tops of the corals,,,,,,,,,100,40 colonies across 4 treatments (Experiment 1); 60 colonies across 3 treatments (Experiment 2),randomly assigned to experimental treatments,blocked in space and time,"handled similarly, but not damaged","Investigated the spatial configuration of lesions on coral recovery. Found that closely clustered lesions regenerated tissue more slowly and caused local reductions in linear skeletal extension compared to lesions spaced further apart. [repair: Coordinates and experimental temperatures were not explicitly reported, initial lesion size was provided as a diameter rather than an explicit area, and tissue type was inferred as perforate based on the focal genus Porites.] [agent repair: Area derived from the explicit 1 cm diameter circular stencil used to create lesions. No explicit geographic coordinates or single study-level temperature value were stated in the accessible text.]",parsed,batch_043,1,-17.487250,-149.886930,site_facility_centroid,medium,"North-shore Moorea / Cook's Bay proxy; the paper did not print coordinates, so the Gump station centroid is the closest stable site-level point.",-17.487250,-149.886930,site_facility_centroid,medium
da92c7b5-90a6-48e9-a3d2-259a6f48a6ad,Han et al. - 2025 - In-depth single-cell transcriptomic exploration of the regenerative dynamics in stony coral.pdf,include_mechanism_only,not_for_extraction,0,0,0,0,1,0,laboratory,,Xisha Islands,,China,,15°40' - 17°10' N,111° - 113° E,17.166667,113.000000,5,10,Acropora muricata,branching,branch,20x20x25,,experimental,"transversely cut at their apical tips, removing 1 cm",tissue and skeleton,,,,,1,apical tips,26,,,fed every other day with RedSea Reef Energy Plus Coral Nutrition AB+,400-500,10 h light and 14 h darkness,,two propeller pumps,47,3 biological replicates per time point,randomly assigned to the regeneration time-series experiment,,unwounded branches displaying normal growth,"Investigated the molecular mechanisms driving stony coral regeneration around 2-4 weeks post-injury using single-cell RNA sequencing, bulk RNA-seq, and high-resolution micro-computed tomography.",parsed,batch_044,1,,,,,,17.166667,113.000000,reported_exact,high
cb1f9bbe-6aa5-4797-9d01-731edf7e49f6,Henry and Hart - 2005 - Regeneration from Injury and Resource Allocation in Sponges and Corals - a Review.pdf,exclude_review,not_for_extraction,0,0,0,0,0,0,review,,,,,,,,,,,,various,various,,,,,,,,,,,,,,,,,,,,,,,,,,"Review of how intrinsic and extrinsic factors limit regeneration in sponges and corals, and the evidence for trade-offs between regeneration and other life history processes such as somatic growth and sexual reproduction.",parsed,batch_045,1,,,,,,,,,
65ccf3b6-92c0-416b-93ba-1cfd827b1ba1,Horricks et al. - 2019 - Differential protein abundance during the first month of regeneration of the Caribbean star coral Mo.pdf,include_primary,ready_extract,1,0,0,0,0,0,field,2014-2015,coastal waters of Grenada and Carriacou,"Dragon Bay, Flamingo Bay, Quarter Wreck, Northern Exposure, Sandy Island, Whirlpool, Jackadam, Seaview",Grenada,Caribbean Sea,12°10'40.9800 N to 12°50'30.3600 N,61°28'04.1100 W to 61°47'00.8400 W,12.841767,-61.783567,10,12,Montastraea cavernosa,massive/submassive,polyp core samples,,normally pigmented brown,experimental,diamond coring drill bit attached to a pneumatic drill,tissue and skeleton,"158.7, 159.8",,,3,"1, 4",tops of targeted colonies,,,,,,,,,154,10-16 colonies per site,haphazardly selected,,day 0 initial polyp sample used for proteomic comparison,"Determined regeneration rates and proteomic mechanisms of tissue regeneration. Monitored lesion size over time and identified 111 differentially abundant proteins associated with regeneration, inflammation, and antioxidant activity. [repair: Specific ambient or experimental water temperature values were not reported in the study.] [agent repair: Multiple site coordinates were preserved in raw form. Depth was 10-12 m. Sample sizes were 10, 14, 16, 30, and 124. Lesion areas were 1.587 and 1.598 cm2, converted here to 158.7 and 159.8 mm2. Growth form was massive/submassive. Temperature was not recoverable.]",parsed,batch_046,1,,,,,,12.841767,-61.783567,reported_exact,high
5f4a560f-1449-4b1d-96ad-236a0da5fcb7,Horwitz and Fine - 2014 - High CO2 detrimentally affects tissue regeneration of Red Sea corals.pdf,include_primary,needs_digitization,1,0,0,0,1,0,laboratory,2010,"Gulf of Aqaba, Red Sea",Interuniversity Institute (IUI) for Marine Sciences in Eilat,Israel,Red Sea,29°30'N,34°55'E,29.500000,34.916667,10,10,"Porites sp., Favia favus, Acropora eurystoma, Stylophora pistillata","massive, branching",colony and fragment,"58.2 cm2 (colonies), 65.1 cm2 (fragments)",,experimental,regulator air-pick,tissue,"314, 350",5-6%,,,1,"top of the colony, base of the branch",21.6-24.3,,"400, 1800, 4000 µatm; pH 8.1, 7.6, 7.3",fed once a week with Artemia salina nauplii,350-500,,,running seawater at 0.5 l min-1,6 replicates per species per pCO2 condition for tissue regeneration; 4 per species per condition for tissue parameter analysis,6 replicates by species and condition,,,"ambient seawater (400 µatm, pH 8.1)","Investigated the effects of increased pCO2 (ocean acidification) on the tissue regeneration capacity, total protein, and Symbiodinium density of four coral species with contrasting life histories. [repair: Sample sizes were explicitly reported depending on the specific analyses conducted (n=6 for regeneration, n=4 for protein/Symbiodinium/chlorophyll).]",parsed,batch_047,1,,,,,,29.500000,34.916667,reported_exact,high
586216bb-828d-498e-b006-03caade92e8c,Jayewardene and Birkeland - 2006 - Fish predation on Hawaiian corals.pdf,exclude_scope,not_for_extraction,0,0,0,0,0,0,field,,main Hawaiian Islands,,USA,,,,,,,,"Porites lobata, Pocillopora meandrina, Porites compressa","heads, fingers",,>1-2,,natural,fish bites,"superficial lesions, concave excavations",,,,,,,,,,,,,,,,,,,,"Described frequent fish predation on corals by Cantherhines dumerilii and Arothron meleagris, noting that rapid initial tissue regeneration across exposed skeleton occurs within 8 days.",parsed,batch_048,1,20.525000,-157.300000,study_extent_midpoint,low,Main Hawaiian Islands is the only locality given; the paper does not isolate a single reef or island for an approximate point. Archipelago-level centroid for the Main Hawaiian Islands based on the island-chain span; broad multi-island proxy.,20.525000,-157.300000,study_extent_midpoint,low
45fcfd8e-a2d2-4345-aec0-baeb03f883a4,Jayewardene et al. - 2009 - Effects of frequent fish predation on corals in Hawaii.pdf,include_primary,needs_digitization,0,1,0,1,0,0,field,2004-2005,nine shallow coral reefs located in the Main Hawaiian Islands,"Portlock, Wawaloli Beach, Puako, Anaehoomalu Bay, Wawaloli FMA, Wawaloli FMAshallow, Papawai, Keei, Keeishallow, Hanauma Bay, Hanauma Bayshallow, Kealakakua Bay",USA,,,,,,2,12,"Pocillopora meandrina, Porites compressa, Porites lobata","branching, massive",nubbins (branches),"1-2, 4-5",,natural,fish bites by Arothron meleagris and Cantherhines dumerilii,tissue and skeleton,90,,,,up to 4 bites per tile,"tips of colony branches/fingers, across colony surface",,,,,,,,,4 replicate tiles (each with 4 nubbins) per size class per site for predation experiments; 8 bite scars for healing observations,4 tiles of each size class per site (8 tiles total per site); 8 natural lesions monitored for healing,"randomly located transects/quadrats, haphazardly placed tiles, haphazardly selected scars",,,"Quantified abundance of fish bite lesions on corals and measured predation intensity using out-planted coral nubbins exposed to natural predation. Modeled risk of over-predation, which decreased exponentially with increasing coral cover. [repair: Coordinates and ambient or experimental temperatures were not explicitly reported, and sample sizes varied depending on the specific survey or experimental component.] [agent repair: Depth was explicitly reported as 6-12 m. Sample size was 150. Coordinates and temperature were not recoverable.]",parsed,batch_049,1,20.525000,-157.300000,study_extent_midpoint,low,Nine shallow reefs across the Main Hawaiian Islands; a single centroid would be misleading. Archipelago-level centroid for the Main Hawaiian Islands based on the island-chain span; broad multi-island proxy.,20.525000,-157.300000,study_extent_midpoint,low
4cc9b30b-9ed8-4123-82aa-2f182db391b7,Jayewardene - 2010 - Experimental determination of the cost of lesion healing on Porites compressa growth.pdf,include_primary,needs_digitization,1,1,0,0,0,0,laboratory,2007,Hawaii Institute of Marine Biology (HIMB),Hawaii Institute of Marine Biology,USA,,,,,,2,2,Porites compressa,finger-like,nubbin,"1, 2, 4",,experimental,7-inch wire cutter,tissue and skeleton,90,,,10,1,tips,23.8-25.1,,,,,shaded from direct irradiance,,continuous flow (7-8 l min-1) of sea water,64,16 nubbins per treatment group,"haphazardly collected, randomly chosen nubbins, placed randomly",,5-cm undamaged controls,"Determined the cost of tissue regeneration across simulated Arothron meleagris bite scars on the growth of P. compressa nubbins of three size classes (1, 2, and 4 cm). Lesions healed completely within ~36 days with little long-term effect on growth rates. [repair: Coordinates were not explicitly reported in the study.] [agent repair: No additional explicit value recovered in this conservative pass; remaining fields appear unreported or too ambiguous to infer.]",parsed,batch_050,1,21.432700,-157.787700,site_facility_centroid,high,Hawaii Institute of Marine Biology / Coconut Island centroid in Kāneʻohe Bay.,21.432700,-157.787700,site_facility_centroid,high
25b69d4e-602d-40e8-93a0-17ae973a2af5,Jones and Barott - 2025 - Evidence of rare occurrences of the Phoenix effect in the Hawaiian corals Porites compressa a.pdf,exclude_scope,not_for_extraction,0,0,0,0,1,0,field,2015-2022,"Kāne’ohe Bay, Hawai’i","patch reef 4, patch reef 13",USA,Kāne’ohe Bay,"21.4339, 21.4509","-157.7984, -157.7954",21.450900,-157.795400,1,2,"Porites compressa, Montipora capitata",,colony,70-210,"bleached, non-bleached",natural,marine heatwave,partial mortality,,≥40%,,,,,,,,,,,,"~30 day seawater residence time (patch reef 4), ~1 day seawater residence time (patch reef 13)",237,119 P. compressa and 118 M. capitata colonies; up to 22 phenotype pairs (bleached and non-bleached) per species at each site,,,non-bleached colonies,"Investigated the Phoenix effect, where individual colonies exhibited rapid recovery of live tissue following substantial bleaching-induced partial mortality from a marine heatwave in 2015.",parsed,batch_051,1,,,,,,21.450900,-157.795400,reported_exact,high
acf00158-0890-4388-9a0e-da9194664ef6,Kaufman et al. - 2021 - Thermal history influences lesion recovery of the threatened Caribbean staghorn coral Acropora cervi.pdf,include_primary,needs_digitization,1,0,0,0,1,0,laboratory,,"Florida Reef Tract; coral nursery off Key Biscayne, Miami, Florida",Key Biscayne Nursery,USA,,25.676° N,80.098° W,25.676000,-80.098000,9,9,Acropora cervicornis,branching,fragment,2.66-2.82,Symbiodinium fitti,experimental,band saw,tissue and skeleton,"32, 35",,,,1,tips,28,31.5,,fed every other day with Reef Chili,,,,"pumps and air bubblers, daily water changes",180,5 replicate fragments per genet per treatment (18 genets total),fragments randomly assigned to aquaria; fragment and aquaria positions rotated every other day,,ambient temperature (28 °C),"Evaluated lesion recovery of A. cervicornis genets from different thermal regimes under heat stress. Heat stress slowed recovery significantly, but genets from warmer donor reefs healed more rapidly under heat stress than those from cooler reefs.",parsed,batch_052,1,,,,,,25.676000,-80.098000,reported_exact,high
bc157775-6a45-4c5c-a760-6d3550b31229,Kersting and Linares - 2019 - Living evidence of a fossil survival strategy raises hope for warming-affected corals.pdf,exclude_scope,not_for_extraction,0,0,0,0,1,0,field,2002-2017,Columbretes Islands Marine Reserve,Illa Grossa Bay,Spain,Mediterranean Sea,39°53.825′N,0°41.214′E,39.897083,0.686900,,,Cladocora caespitosa,phaceloid,colony,,zooxanthellate,natural,summer heat waves,polyp necrosis,,,,,,,,,,,,,,,243,243 colonies,,,,"Documented rejuvenescence as a warming-driven survival strategy in Cladocora caespitosa, where isolated polyps from colonies affected by warming-induced necrosis shrink, adopt a transitory resistance phase, and later regrow over dead colony areas.",parsed,batch_053,1,,,,,,39.897083,0.686900,reported_exact,high
716978e8-7256-4c47-9ccf-35ff6c3ed3cc,Kokita and Nakazono - 2001 - Rapid response of an obligately corallivorous filefish Oxymonacanthus longirostris (Monacanthidae) t.pdf,exclude_scope,not_for_extraction,0,0,0,0,0,0,field,1997-1998,"fringing reef of Bise, off the northwest coast of Okinawa Island, southern Japan",Bise,Japan,,26°42’N,127°52’E,26.700000,127.866667,2,3,"Acropora formosa, Acropora aspera, Acropora digitifera, Acropora tenuis","branching, table-top",,,bleached,natural,mass coral bleaching event,bleaching and mortality,,,,,,,28.5-31.0,,,,,,,,,,,,1997 year without bleaching,"Investigated the effects of a severe mass coral bleaching event on a local population of the obligately corallivorous filefish, Oxymonacanthus longirostris. The disappearance of healthy Acropora corals drastically decreased the survival, growth rate, and feeding behavior of the fish population.",parsed,batch_054,1,,,,,,26.700000,127.866667,reported_exact,high
04e10b24-592e-4cf3-8f94-226c7904262d,Kramarsky-Winter and Loya - 2000 - Tissue regeneration in the coral Fungia granulosa  the effect of extrinsic and intrinsic factors.pdf,include_primary,needs_digitization,1,0,0,0,0,0,field and laboratory,1997-1998,"near the H. Steinitz Marine Biological Laboratory, Eilat",H. Steinitz Marine Biological Laboratory,Israel,Red Sea,,,,,8,8,Fungia granulosa,solitary,,"<5, >5",,experimental,air pick attached to an underwater regulator,tissue,,"10%, 30%, 50%",,surface tissue,1,midsection of the coral outward,"21, 24","21, 24",,fed weekly on Marine Cuisine Carnivore Diet,50,12 h light:12 h dark,,water changed every 4 d in lab,108,40 injured and 4 controls per season in field; 6 injured and 1 control per temperature in lab,placed randomly,,uninjured corals,"Investigated the effects of lesion size, coral size, reproductive state, season, and temperature on tissue regeneration in the free-living solitary coral Fungia granulosa. [repair: Coordinates were not explicitly reported, initial lesion sizes were given as percentages of total surface area rather than absolute areas, and tissue type was left null due to potential ambiguity for the focal genus Fungia.] [agent repair: No explicit coordinates, depth, sample size, temperature, lesion area, or unambiguous tissue-form recovery was found in the NotebookLM pass.]",parsed,batch_055,1,29.500000,34.916667,site_facility_centroid,high,Near the H. Steinitz Marine Biological Laboratory in Eilat; used the lab-adjacent reef area as the proxy point.,29.500000,34.916667,site_facility_centroid,high
40359446-8345-4a72-8169-af86ad3de9d6,Lenihan and Edmunds - 2010 - Response of Pocillopora verrucosa to corallivory varies with environmental conditions.pdf,include_primary,needs_digitization,1,1,0,0,0,0,laboratory and field,2008,"Richard B. Gump South Pacific Research Station, Moorea; mid-lagoon area near Cook's Bay",Cook's Bay,French Polynesia,,17° 30' S,149° 50' W,-17.500000,-149.833333,2,4,Pocillopora verrucosa,branching,branch,"1.3-4.2 (lab), 3-3.5 (field)",,"experimental, natural","snub-nose pliers, fish bites",tissue and skeleton,"96, 16-81",,,1-2,"1, 2, 3","haphazard locations, apices of branches",26.6-29.6,"26.6, 29.6",,,621-808,12:12 h light:dark cycle,,5-6 cm s-1 (low flow) and ~20 cm s-1 (high flow) in lab; 3.4 cm s-1 (seafloor) and 14.3 cm s-1 (bommies) in field,208,10 replicates per treatment in each of 2 lab trials; 12 replicates for each of the 2 substrate types and caging treatments in field,"allocated randomly to racks and treatments, position randomized daily (lab); allocated at random to location (field)",trial was the blocking factor (lab),"unmanipulated (lab), predator exclusion cages (field)","Evaluated the interactive effects of partial predation (simulated and natural corallivory), flow speed, and temperature on coral growth and photosynthetic efficiency.",parsed,batch_056,1,,,,,,-17.500000,-149.833333,reported_exact,high
a67392b0-7a7e-43ad-917d-94febf750c1a,Lenihan et al. - 2015 - Hydrodynamics influence coral performance through simultaneous direct and indirect effects.pdf,include_primary,needs_digitization,0,1,0,1,0,0,field,,Vaipahu Lagoon on the north shore of Mo‘orea,"L1, L2, L3, L4, L5",French Polynesia,Vaipahu Lagoon,17°30' S,149°50' W,-17.500000,-149.833333,,,Acropora elseyi,branching,nubbin,,,natural,fish bites,partial predation,,,,,,,28.72-28.94,,,,,,,12-31 cm/s mean velocity,120,12 cages and 12 cage controls at each of 5 sites,corals at each site randomly assigned to treatments,one cage and one cage control paired per cinder block,partial cage controls allowing corallivore access while altering hydrodynamics similarly to cages,"Quantified the simultaneous direct and indirect effects of hydrodynamics on coral growth. Mean current velocity directly enhanced growth in the absence of predators, while velocity fluctuations (waves/turbulence) indirectly enhanced growth by reducing the abundance and bite rates of corallivorous fishes. [repair: Numeric depth bounds were not explicitly reported in the text, and the study measured natural corallivory on coral nubbins rather than creating standardized initial lesions.] [agent repair: No additional explicit value recovered in this conservative pass; remaining fields appear unreported or too ambiguous to infer.]",parsed,batch_057,1,,,,,,-17.500000,-149.833333,reported_exact,high
cf0dfa52-c9e6-4d7f-9ae1-5970162a807f,Lester and Bak - 1985 - Effects of environment on regeneration rate of tissue lesions in the reef coral Montastrea annularis.pdf,include_primary,ready_extract,1,0,0,0,0,0,field,1982-1983,leeward coast of Curacao,"desalination-power plant, Awa Blancu",Netherlands Antilles,,,,,,5,9,Montastrea annularis,massive,colony,,symbiotic,experimental,method Bak et al. 1977,tissue,80,,,,1,horizontal plane of the colony,26.5-32,,,,,,,,74,"n = 24 (DPP), n = 25 (AB), n = 25 (T)",,,control series at Awa Blancu (pristine reef),"Investigated the influence of environment on regeneration rates of artificially induced tissue lesions. Lesions regenerated significantly faster at the desalination-power plant site compared to the pristine reef, possibly due to occasional influxes of colder oceanic water at the pristine reef. [repair: Coordinates were not explicitly reported in the text, and growth form was inferred as massive based on the standard biological morphology of the focal species Montastrea annularis.] [agent repair: Explicit latitude/longitude were not reported in the accessible text.]",parsed,batch_058,1,12.067497,-68.793922,site_facility_centroid,medium,"Reference site Awa Blancu on leeward Curaçao; this is a site proxy, not an exact paper coordinate.",12.067497,-68.793922,site_facility_centroid,medium
f4fefc50-aaa5-4724-8463-16f6f62dcb9f,Leuzinger et al. - 2012 - Energy allocation in a reef coral under varying resource availability.pdf,exclude_scope,not_for_extraction,0,0,0,0,0,0,field and laboratory,2000-2001,"Pioneer Bay, adjacent to Orpheus Island, Great Barrier Reef",Pioneer Bay,Australia,Great Barrier Reef,188350S,1468200E,-188350.000000,1468200.000000,,3,Montipora digitata,branching,colony,10x10x10,symbiotic,,,,,,,,,,23-25,,,,"50, 520, 1500","shaded, half-shaded, unshaded",,5 cm s-1 (in respirometry chambers),36,12 colonies per light treatment,haphazardly collected and distributed,,unshaded control plots,Investigated energy allocation patterns (somatic growth vs reproduction) in Montipora digitata under experimentally reduced light levels (shading).,parsed,batch_059,1,,,,,,-188350.000000,1468200.000000,reported_exact,high
bbeda1b0-0f29-4d5b-aca5-7a930eb1be76,Levanoni - 2021 - Coral Tissue Growth and Regeneration Conjoin the Advent of Adult Stem Cell-Like Cells.pdf,include_mechanism_only,not_for_extraction,0,0,0,0,0,0,laboratory,,"Northern Beach in Eilat, Israel",Northern Beach,Israel,Gulf of Eilat,29° 32' 34.843'' N,34° 58' 24.88'' E,29.543012,34.973578,9,11,Stylophora pistillata,branching,nubbin,,symbiotic,experimental,1.5mm diameter dermal punch,tissue and skeleton,2.77,,,,1,single polyp and intimate surrounding coenosarc,24,,,,,12:12 h light:dark cycle,,running water tables,102,34 nubbins per genet (3 genets total) for regeneration assays; 11 nubbins for histology; 45 for qPCR,,,"intact, unharmed nubbins","Investigated morphological, cellular and gene expression patterns in injured spreading tissues of S. pistillata nubbins to identify putative adult stem cells (ASC) in regenerating tissues.",parsed,batch_060,1,,,,,,29.543012,34.973578,reported_exact,high
bf7c803e-e2d9-4ba0-9d47-d645896f4be4,Levanoni et al. - 2024 - Coral Tissue Regeneration and Growth Is Associated with the Presence of Stem-like Cells.pdf,include_mechanism_only,not_for_extraction,0,0,0,0,0,0,laboratory,,"Northern Beach in Eilat, Israel",Northern Beach,Israel,Gulf of Eilat,29° 32' 34.843'' N,34° 58' 24.88'' E,29.543012,34.973578,9,11,Stylophora pistillata,branching,nubbin,,symbiotic,experimental,1.5 mm diameter dermal punch,tissue and skeleton,2.77,,,,1,centres of the tissues,24,,,,,12:12 h (light-dark),,running water tables,102,30 nubbins per genotype (3 genotypes total) for morphological assay; 10 regenerating nubbins for histology; 45 nubbins for qPCR,,,intact nubbins,"Investigated morphological, cellular and gene expression patterns in injured spreading tissues of S. pistillata nubbins to identify putative adult stem cells (ASCs) in regenerating tissues.",parsed,batch_061,1,,,,,,29.543012,34.973578,reported_exact,high
e1fe67b6-7beb-43ff-bb09-b0b2262e6d05,"Lirman - 2000 - Fragmentation in the branching coral Acropora palmata (Lamarck) growth, survivorship, and reproduct.pdf",include_primary,ready_extract,0,1,1,0,0,1,field,1993-1997,northern Florida Reef Tract and US Virgin Islands,"Elkhorn Reef, Ball Buoy Reef, Key Largo Dry Rocks, Little Grecian Reef, French Reef, Pickles Reef, Dry Tortugas, Saba Island, Hawksnest Bay, Buck Island","USA, US Virgin Islands","Caribbean Sea, Florida Reef Tract","25° 21.766' N, 25° 18.524' N","80° 09.961' W, 80° 11.996' W",25.308733,-80.199933,0.5,8,Acropora palmata,branching,colony and fragment,20-193,,natural and experimental,"storms, ship grounding, manual branch removal","fragmentation, branch removal",,,,,1-3,,,,,,,,,,"50 fragments for transplant experiments, 25 colonies per condition for survivorship, and 30 colonies or fragments for growth measurements",12-13 fragments per substrate type; 25 fragmented and 25 unfragmented colonies per reef,haphazardly assigned to substratum; fragments randomly chosen by tag number,,unfragmented and undamaged colonies,"Examined the incidence of fragmentation, survivorship of fragments across different substrata, and the long-term effects of fragmentation on growth and sexual reproduction of A. palmata following storm damage and ship groundings. [repair: Initial lesion areas and experimental temperatures were not explicitly reported, while sample sizes varied depending on the specific survey or experimental component.] [agent repair: Lesion sizes are reported as multiple size classes rather than a single study-level area value. Temperature was not reported as a single explicit study-level value.]",parsed,batch_062,1,,,,,,25.308733,-80.199933,reported_exact,high
3764e810-0eb0-4d34-baca-2c5136c95bc8,"Lirman - 2000 - Lesion regeneration in the branching coral Acropora palmata effects of colonization, colony size, l.pdf",include_primary,ready_extract,1,0,0,0,0,1,field,1994,northern Florida Reef Tract,Elkhorn Reef,USA,Florida Reef Tract,25°21.766' N,80°09.961' W,25.362767,-80.166017,0.1,0.5,Acropora palmata,branching,colony and fragment,,,"anthropogenic, natural","boat grounding, Tropical Storm Gordon",fragmentation,"0-500, 500-1000, 1000-2000, >2000",,,,,,,,,,,,,,100,30 lesions for colonizer experiment; 70 lesions across 4 size categories for size and shape experiment,lesions assigned to 1 of 2 groups at random for colonizer experiment,,colonizing algae left intact (brush passed lightly over lesions without removing algae),"Examined the regeneration of lesions caused by fragmentation of A. palmata. Recovery followed a negative exponential model and was influenced by initial lesion size and perimeter, but not by the presence of algal colonizers or the size of colonies or fragments. [repair: Coordinates, numeric depth bounds, and experimental or ambient temperatures were not explicitly reported in the study.] [agent repair: Explicit study coordinates were recovered from the methods; the reported lesion placement depth was 10-50 cm below low-water datum, converted here to 0.1-0.5 m. Temperature was not explicitly reported in a recoverable form.]",parsed,batch_063,1,,,,,Exact coordinates already exist in the source/current manifest; approximate duplicate omitted.,25.362767,-80.166017,reported_exact,high
d110a8f5-278e-4ba7-a502-32eb61aed5cb,Lirman et al. - 2010 - Propagation of the threatened staghorn coral Acropora cervicornis methods to minimize the impacts o.pdf,include_primary,needs_digitization,0,1,0,1,0,0,field,2009,"Biscayne National Park, Florida",staghorn coral nursery,USA,,25° 21.753' N,80° 09.985' W,25.362550,-80.166417,5.5,5.5,Acropora cervicornis,branching,branch,30-295,,experimental,clipped using pliers,fragmentation,,,,,2,branch tips,,,,,,,,,40,15 donor colonies and 7 control colonies (Exp 1); 12 donor colonies and 6 control colonies (Exp 2),subset of colonies chosen haphazardly as unfragmented controls,,"unfragmented control branch from each donor colony, and unfragmented branches from undisturbed colonies","Tested whether coral production is enhanced by removal of 2.5 and 3.5 cm branch tips from staghorn corals in a nursery, monitoring growth and survivorship of donor colonies and branch tips. [repair: Initial lesion areas were not explicitly reported as the study only provided the linear lengths of the clipped branch tips, and ambient or experimental water temperatures were not reported.] [agent repair: Growth form was explicitly branching. Lesion area and temperature were not recoverable.]",parsed,batch_064,1,,,,,,25.362550,-80.166417,reported_exact,high
3077a17c-6c27-4f2e-9b9c-6efea0b17328,Lock et al. - 2022 - Calcium homeostasis disruption initiates rapid growth after micro‐fragmentation in the scleractinian.pdf,include_mechanism_only,not_for_extraction,0,0,0,0,0,0,laboratory and field,,"Luminao reef flat and Asan Beach National Park, western coast of Guam","Luminao reef flat, Asan Beach National Park",Guam,,,,,,2,2,Porites lobata,massive,micro-fragment,15-25,Cladocopium,experimental,seawater-cooled C-40 diamond band saw,fragmentation,150,,,,1,at least 2 cm from the growing edge,,,,,,70% shade,,flow-through seawater tanks with oscillating water motion,78,"6 colonies; 6 fragments per colony for transcriptomics, 7 fragments per colony for growth rates; 2 replicate tanks; 3 outplant plots",fragments randomly assigned to one of two replicate tanks,,baseline (T1) prior to micro-fragmentation,"Investigated the physiological responses of Porites lobata to micro-fragmentation and outplanting using RNA-seq. Showed rapid wound regeneration is driven by phosphoinositide-mediated acute calcium homeostasis disruption, ER stress, and increased energy production.",parsed,batch_065,1,13.470050,144.679820,study_extent_midpoint,medium,Midpoint of Luminao reef flat and Asan Beach National Park on western Guam.,13.470050,144.679820,study_extent_midpoint,medium
d3d8c44a-eb30-458a-9f59-d93894d9305b,"Lock - Quantifying physiological responses to physical injury in Porites lobata, using a transcriptomic app.pdf",duplicate_alias,not_for_extraction,0,0,0,0,1,0,laboratory and field,,"Luminao reef flat and Asan Beach National Park, western coast of Guam","Luminao reef flat, Asan Beach National Park",Guam,,,,,,2,2,Porites lobata,massive,micro-fragment,15-25,Cladocopium,experimental,seawater-cooled diamond band saw,fragmentation,150,,,,1,at least 2 cm from the growing edge,,,,,,shade cloth,,fresh flowing seawater and wavemakers,78,"6 colonies; 6 fragments per colony for transcriptomics, 7 fragments per colony for phenotypic metrics",,,baseline (T1) before micro-fragmentation,"Investigated the physiological responses of Porites lobata to micro-fragmentation and outplanting using RNA-seq. Showed rapid wound regeneration is driven by phosphoinositide-mediated acute calcium homeostasis disruption, ER stress, and increased energy production.",parsed,batch_066,1,13.470050,144.679820,study_extent_midpoint,medium,Midpoint of Luminao reef flat and Asan Beach National Park on western Guam.,13.470050,144.679820,study_extent_midpoint,medium
070cf5f2-ae03-4d99-8e1b-7e07f8428803,Loya - 1976 - Skeletal regeneration in a Red Sea scleractinian coral population.pdf,include_primary,needs_digitization,1,0,0,0,0,0,field,1974-1975,Eilat,,Israel,"Gulf of Eilat, Red Sea",,,,,3,4,Stylophora pistillata,branched,colony,geometric mean radius (r) <1.00 to 4.00,,experimental,breaking branches with a diver's knife,breakage,,14-29% decrease in r,,,,,,,,,,,,,270,70 damaged colonies and approximately 200 intact control colonies,,,intact colonies studied previously in the same area,"Damaged colonies grew twice as fast as intact control colonies during the first 2 months of regeneration. Larger colonies showed a better capacity to resist damage than smaller colonies. [repair: Coordinates and ambient temperatures were not explicitly reported, and initial lesion sizes were described as percentages of colony volume lost to breakage rather than specific surface areas.] [agent repair: Explicit latitude/longitude were not reported in the accessible text. A single directly comparable wound area was not explicitly reported. Temperature was not reported as a single explicit study-level value.]",parsed,batch_067,1,29.500000,34.916667,town_or_lab_centroid,medium,City-level Eilat locality only; used the marine-lab / north-beach reef area as a conservative proxy.,29.500000,34.916667,town_or_lab_centroid,medium
9189fc2a-add9-4066-aebe-ad7bfaa7973b,Luz et al. - 2018 - A polyp from nothing The extreme regeneration capacity of the Atlantic invasive sun corals Tubastra.pdf,exclude_scope,not_for_extraction,0,0,0,0,0,0,laboratory,,Búzios Island,Búzios Island,Brazil,Southwestern Atlantic,,,,,,,"Tubastraea coccinea, Tubastraea tagusensis",,fragment,,azooxanthellate,experimental,manually broken in laboratory,fragmentation,"3.5-30.9, 3.8-53.5",,,,,,24,"27, 30",,live zooplankton added every other day,,12:12 h photoperiod,,daily water changes,240,10 replicates per treatment combination,containers rotated between chambers every week; two randomly chosen fragments examined 3x a day,,24 °C (historical average surface temperature); unfed groups,"Experimentally tested the ability of invasive sun coral fragments to regenerate from undifferentiated coral tissue into fully functional polyps under varying food supply, temperature, and fragment size.",parsed,batch_068,1,-23.815179,-45.532619,island_centroid,medium,Búzios Island centroid used for the Brazil collection locality.,-23.815179,-45.532619,island_centroid,medium
6627c0f6-ee21-4eef-9651-e3312a7695dc,"Luz et al. - 2021 - High regenerative capacity is a general feature within colonial dendrophylliid corals (Anthozoa, Scl.pdf",exclude_scope,not_for_extraction,0,0,0,0,1,0,laboratory,,"Pelorus Island, Great Barrier Reef Marine Park Zoning",Pelorus Island,Australia,Great Barrier Reef,18°33.177' S,146°29.301' E,-18.552950,146.488350,,,"Tubastraea coccinea, Tubastraea diaphana, Tubastraea micranthus, Dendrophyllia sp.",colonial,fragment,,azooxanthellate,experimental,manually broken using forceps,fragmentation,66-309,,,,,,27,,,Artemia nauplii added every other day,,,,2 L water-flow system aquarium,192,"24 fragments per species (12 small, 12 large); half fed, half unfed",aquarium positions changed randomly daily,,unfed fragments,Evaluated whole-body regeneration of fragments of undifferentiated tissue to fully functional polyps across four dendrophylliid species under varying food supply and fragment size. Profiled temporal expression of Wnt and FGF genes during regeneration of T. coccinea.,parsed,batch_069,1,,,,,,-18.552950,146.488350,reported_exact,high
66c25dd3-3ef3-4d36-9930-e9b3e852913d,Madeira et al. - 2022 - Does Predation Exacerbate the Risk of Endosymbiont Loss in Heat Stressed Hermatypic Corals Molecula.pdf,include_mechanism_only,not_for_extraction,0,0,0,0,0,0,laboratory,,Oceanário de Lisboa,Oceanário de Lisboa,Portugal,,,,,,,,"Acropora tenuis, Psammocora contigua, Montipora capricornis, Turbinaria reniformis, Echinopora lamellosa, Galaxea fascicularis","branching, plating, encrusting, massive",fragment,2-4,,experimental,cutting disk using a Dremel rotatory tool,tissue,7.07,,,tissue,1,middle section,26,"30, 32",8.3,,320-345,12L:12D cycle,,pump with turnover rate of 12 min; powerhead for surface water motion,420,10 fragments of each species per treatment combination,species were randomly allocated in pairs of parallel rows,,undamaged coral fragments at 26 °C,"Tested the combined effects of warming scenarios (26, 30, and 32 °C) and simulated predation (3 mm diameter tissue wound vs. no wound) on health condition, bleaching, mortality, and molecular biomarkers of seven coral species over 60 days.",parsed,batch_070,1,38.763503,-9.093783,site_facility_centroid,high,"Oceanário de Lisboa, Doca dos Olivais, Parque das Nações, Lisbon; used the aquarium location as the study-site proxy for captive corals.",38.763503,-9.093783,site_facility_centroid,high
9a245adb-106c-490c-947c-09299931b851,Maher et al. - 2019 - Multiple stressors interact primarily through antagonism to drive changes in the coral microbiome.pdf,include_mechanism_only,not_for_extraction,0,0,0,0,0,0,laboratory,2016,"Mo'orea north shore fore reef; University of California Gump Research Station, Mo'orea",Gump Research Station,French Polynesia,,17°29′26.04″S,149°49′35.10″W,-17.490567,-149.826417,3,4,Pocillopora meandrina,,nubbin,,,experimental,mechanically scarred with 8 mm snub nose pliers,tissue and skeleton,,,,2 mm,,branch tip,26,29,,4 µM nitrate or 4 µM ammonium twice daily,700,12:12 light:dark cycle,,flow-through tanks at 448.1 mL per minute; flow ceased for 1 hour after nutrient additions,72,6 nubbins per treatment for microbial analysis,nubbins randomly selected for treatments and sampling,controlled for source tank and colony for subset selection,"unscarred, 26 °C, no enrichment","Evaluated the interactive effects of increased temperature, nutrient enrichment, and simulated predation on the microbiome of Pocillopora meandrina. Found effects of multiple stressors were largely antagonistic, with high temperature and scarring alone having the greatest effect on driving community dysbiosis through a proliferation of opportunists.",parsed,batch_071,1,,,,,,-17.490567,-149.826417,reported_exact,high
6b96575e-9bf7-46f2-a12e-73b565f46629,Meesters and Bak - 1993 - Effects of coral bleaching on tissue regeneration potential and colony survival.pdf,include_primary,ready_extract,1,0,0,1,0,0,field,1990,leeward coast of Curacao,"Site 1, Site 2, Site 3",Netherlands Antilles,,,,,,2,25,"Montastrea annularis, Porites astreoides, Meandrina meandrites","hemispherical, massive",colony,12-80,zooxanthellate (normal and bleached),experimental,artificial lesions,tissue,"130, 160",,,,,"in between the collines, on top of a polyp mouth, and approximately in the middle of the colony",27.8-30.8,thermal effluent of a power plant,,,,,,,217,5 to 50 colonies per species per treatment,,,normally coloured colonies; colonies upcurrent of the thermal effluent,"Assessed the influence of coral bleaching and long-term exposure to a thermal effluent on tissue regeneration of artificial lesions. Bleached colonies exhibited lower regeneration rates and higher mortality, while colonies exposed to the thermal effluent regenerated as rapidly as normal colonies, suggesting acclimatization. [repair: Coordinates were not explicitly reported in the source text.] [agent repair: Multiple depth bands were explicitly reported. Temperature was 27.8-30.8 C. Sample sizes were 1, 5, 9, 20, 24, 27, 31, and 50. Growth form was massive/hemispherical. Coordinates were not recoverable.]",parsed,batch_072,1,12.1775,-68.2385,island_centroid,medium,Bonaire island-level bleaching experiment; site labels were not geographically specific.,12.1775,-68.2385,island_centroid,medium
c84ce087-58f5-4e19-a373-34f57299f6d0,Meesters et al. - 1994 - Damage and regeneration links to growth in the reef-building coral Montastrea annularis.pdf,include_primary,needs_digitization,1,1,0,0,0,0,field,,island of Curaçao,Carmabi buoy 1,Netherlands Antilles,,,,,,7,7,Montastrea annularis,columnar,core,,,experimental,cylindrical grinding stone,tissue and skeleton,170,8.8%,,2.16 mm,1,,,,,,49.8 E m-2,,,,40,"20 colonies, 2 cores per colony (1 control, 1 damaged)",haphazardly collected colonies; randomly assigned to 3 handling groups,pairwise design excluding variation between colonies,undamaged core from the same colony,"Studied the influence of colony tissue regeneration on short-term growth by buoyant weighing. Growth was reduced in damaged cores and calcification remained suppressed even after regeneration slowed down. [repair: Coordinates were not explicitly reported in the text, and specific ambient temperature values for the study were not provided, only referenced as being close to 26-27 °C from another study.] [agent repair: No additional explicit value recovered in this conservative pass; remaining fields appear unreported or too ambiguous to infer.]",parsed,batch_073,1,12.124722,-68.972222,site_facility_centroid,high,Carmabi buoy 1 site on Curaçao.,12.124722,-68.972222,site_facility_centroid,high
398d01aa-1e0e-4c46-9989-8490ca8748d5,Meesters et al. - 1996 - Partial Mortality in Three Species of Reef-Building Corals and the Relation with Colony Morphology.pdf,include_primary,needs_digitization,0,0,0,1,1,1,field,,"coast of the Caribbean island of Curacao, Netherlands Antilles","Avila beach hotel, Carmabi buoy 2, Seaquarium",Netherlands Antilles,Caribbean Sea,,,,,1.5,3.5,"Acropora palmata, Diploria strigosa, Porites astreoides","branching, massive","colony, branch",up to 100,,natural,bottom associated and non-bottom associated processes,tissue,10->10000,<0.1%,,,,"completely surrounded by living tissue (type I), edge of living tissue (type II), upperside and underside of branches",,,,,,,,,446,"111 A. palmata, 155 D. strigosa, and 179 P. astreoides colonies across 3 sites",three random branches measured per A. palmata colony,,,"Quantified partial tissue mortality in three coral species with distinctly different colony morphologies. Found that lesion type and size relate to colony morphology, where species with high perimeter-to-surface-area ratios are more vulnerable to bottom-associated (Type II) lesions. [repair: Coordinates and experimental or ambient water temperatures were not explicitly reported in the study.] [agent repair: Explicit latitude/longitude were not reported in the accessible text. Temperature was not reported as a single explicit study-level value.]",parsed,batch_074,1,12.105,-68.926,study_extent_midpoint,medium,"Three-site Curaçao reef survey across Avila Beach Hotel, Carmabi buoy 2, and Seaquarium; using the survey-area centroid.",12.105,-68.926,study_extent_midpoint,medium
e957b976-8e47-418c-be44-723926e87225,"Meszaros and Bigger - 1999 - Qualitative and Quantitative Study of Wound Healing Processes in the Coelenterate,Plexaurella fusife.pdf",exclude_scope,not_for_extraction,0,0,0,0,0,0,laboratory,,"Tavernier, FL, 150-200 m offshore",Tavernier,USA,,,,,,3,3,Plexaurella fusifera,branching,branchlet,,symbiotic,experimental,removing 4.25-4.75 mm of coenenchyme using a ring template and a scalpel,tissue,,,,total coenenchymal loss down to skeletal axis,1,1.5 cm from the end of each coral sample,,,,fed commercial invertebrate formula,"70-120, 195-235, 465-545",14/10 light/dark cycle,,aerators and underwater gravel filters,360,"5 colonies; 72 pieces per colony; 24 pieces per light exposure (12 wounded, 12 uninjured)",one quarter of each section was picked randomly for cell quantification,,unwounded pieces fixed at times corresponding to wounded pieces,"Examined the effects of time, space, and light attenuation on wound healing in the gorgonian Plexaurella fusifera, focusing on the concentration and movement of amoebocytes and zooxanthellae during repair.",parsed,batch_075,1,25.00729,-80.519585,town_or_lab_centroid,medium,Tavernier offshore collection locality; town centroid used because the study is 150-200 m offshore.,25.00729,-80.519585,town_or_lab_centroid,medium
f46ad039-b2d6-4a0a-860d-98cf61f2a7de,Miller and Hay - 1998 - Effects of fish predation and seaweed competition on the survival and growth of corals.pdf,include_primary,needs_digitization,0,1,0,1,0,0,field,1996,"relict spur and groove zone at Pickles Reef, Key Largo, Fl",Pickles Reef,USA,,24°59.200' N,80°25.133' W,24.986667,-80.418883,6,8,"Porites divaracata, Porites porites",branching,fragment,,,natural,fish bites,partial and total predation,,"one-quarter, one-half, three-quarters, or completely eaten",,,,"base, whole branches",,,,,,,,,"15 replicate blocks per treatment initially (n=12-13 analyzed), each containing 2 to 4 coral fragments depending on the experiment","15 groups of three cinder blocks, each with full-cage, half-cage, and no-cage treatments",,cinder block,"half-cage control, bare mesh control","Conducted field experiments using caging and seaweed pre-planting to examine the effects of grazing fishes on coral/seaweed competition and direct fish predation on coral transplants. [repair: Initial artificial lesion areas were not applicable as the study measured natural predation and bite scars, and ambient or experimental water temperatures were not reported.] [agent repair: No explicit lesion area, temperature, or other conservative covariate recovery was available from the NotebookLM pass.]",parsed,batch_076,1,,,,,,24.986667,-80.418883,reported_exact,high
d09112aa-142c-46bf-bddf-1e2fd6d45003,Moses and Hallock - 2015 - Coral Regeneration Assay.pdf,exclude_review,not_for_extraction,0,0,0,0,0,0,protocol,,,,,,,,,,,,scleractinian corals,,colony,>15,,experimental,leather punch,tissue and skeleton,100-200,,,3 mm,,top or midside of the colony away from the periphery,,,,,,,,,,at least 5 colonies per site,,,,"Book chapter detailing the protocol for coral wound-regeneration assays as indicators of stress, outlining recommended colony selection, experimental biopsy creation using a leather punch, and monitoring procedures.",parsed,batch_077,1,,,,,,,,,
c9a7e412-6f2f-4baf-9cde-29e23e6aeeb0,Barbara - Host and Symbiont Physiology During Wound Regeneration in Acropora pulchra Under.pdf,include_primary,ready_extract,1,1,0,0,1,0,laboratory,2023,northern shore of Moorea; Richard B. Gump Marine Research Station,Richard B. Gump Marine Research Station,French Polynesia,Cook's Bay,17.48725° S,149.88693° W,-17.487250,-149.886930,,,Acropora pulchra,branching,fragment,,symbiotic,experimental,"tapered micro spatula tool, Gryphon Diamond Blade Saw","abrasion, fragmentation","22, 95",,,,1,branch tip,27.9,29.5,,,344,11h:13h day:night cycle,,"partially recirculating seawater aquaria, 244 to 298 L/hr",108,6 parental colonies; 18 fragments per colony,treatments randomly assigned within parental colony; haphazardly distributed in aquaria,parental colony,uninjured fragments at ambient temperature (27.9 °C),"Investigated the role of temperature and injury type (abrasion vs. fragmentation) on energy acquisition, allocation, and utilization during regeneration in Acropora pulchra. [repair: Numeric depth bounds were not explicitly reported in the study.] [agent repair: No additional explicit value recovered in this conservative pass; remaining fields appear unreported or too ambiguous to infer.]",parsed,batch_078,1,,,,,"Exact coordinates reported in source (17.48725° S, 149.88693° W); no approximate point added.",-17.487250,-149.886930,reported_exact,high
8c205a55-4093-46c5-a7c2-e356c8bf6a7c,Nagelkerken and Bak - 1998 - Differential regeneration of artificial lesions among sympatric morphs of the Caribbean corals Porit.pdf,include_primary,needs_digitization,1,0,0,0,1,0,field,1996,"Carmabi buoy 1 on the southwestern coast of Curaçao, Netherlands Antilles",Carmabi buoy 1,Netherlands Antilles,,,,,,5,7,"Porites astreoides, Stephanocoenia michelinii, Madracis decactis, Madracis pharensis luciphila, Madracis senaria","encrusting, massive",colony,,zooxanthellate,experimental,hand-held drill equipped with a 2 mm steel bit,tissue and skeleton,13.7-16.1,,,2 mm,1,top of each colony,,,,,,,,,136,"18 green P. astreoides, 15 brown P. astreoides, 7 massive S. michelinii, 9 encrusting S. michelinii, 27 M. decactis, 29 M. pharensis luciphila, 31 M. senaria",haphazardly selected,,,"Regeneration of artificial lesions was studied as an ecophysiological character in morphs of Porites astreoides, Stephanocoenia michelinii, and Madracis species to better understand their taxonomic status. [repair: Coordinates and ambient or experimental water temperatures were not explicitly reported in the study.] [agent repair: No additional explicit value recovered in this conservative pass; remaining fields appear unreported or too ambiguous to infer.]",parsed,batch_079,1,12.124722,-68.972222,site_facility_centroid,high,Carmabi buoy 1 site on Curaçao.,12.124722,-68.972222,site_facility_centroid,high
b2eaa7a6-c475-4f8e-bec2-2a52585da7c3,Nagelkerken et al. - 1999 - Depth-related variation in regeneration of artificial lesions in the Caribbean corals Porites ast.pdf,include_primary,needs_digitization,1,0,0,0,1,1,field,1993,"Seaquarium reef on the leeward coast of Curaçao, Netherlands Antilles",Seaquarium reef,Netherlands Antilles,Caribbean Sea,,,,,5,35,"Porites astreoides, Stephanocoenia michelinii",massive,colony,,zooxanthellate,experimental,small grinding stone attached to a pneumatic drill,tissue and skeleton,"200, 220",,,2-3 mm,1,top of the colony,,,,,,,,,70,41 colonies of P. astreoides and 29 colonies of S. michelinii,haphazardly selected,,,"Studied depth-related variation in regeneration of artificial lesions along a 5-35 m gradient. Found faster initial regeneration in shallow water colonies, but similar total recovery after 7 weeks, with no sign of photoacclimatization in deep colonies. [repair: Coordinates and ambient or experimental water temperatures were not explicitly reported in the study.] [agent repair: Explicit latitude/longitude were not reported in the accessible text. Temperature was not reported as a single explicit study-level value.]",parsed,batch_080,1,12.083611,-68.895833,reef_centroid,high,Seaquarium reef on Curaçao's leeward coast.,12.083611,-68.895833,reef_centroid,high
9f560a14-a39a-4d71-8d68-9c14a4001c75,Nicolet et al. - 2018 - Predation scars may influence host susceptibility to pathogens evaluating the role of corallivores.pdf,include_primary,needs_digitization,0,0,0,1,0,0,laboratory and field,"2009, 2013, 2014",Lizard Island,"Horseshoe Reef, Palfrey Island, South Island lagoon, Lizard Island lagoon",Australia,Great Barrier Reef,14°40'08'' S,145°27'34'' E,-14.668889,145.459444,3,4,Acropora muricata,staghorn,nubbin,>100,,experimental,sterilised scalpel blade (injury control); Drupella sp. and Chaetodon plebeius feeding,tissue,5000,,,"tissue removed, skeleton minimally damaged",,,,,,fed every day at dusk with Artemia salina nauplii,,,,flow-through seawater filtered to 0.5 µm and UV sterilized,96 nubbins in the field experiment; 5 to 8 replicate trials for the various aquarium transmission experiments,"Field: 24 blocks (12 per site), 4 experimental nubbins per block; Lab Drupella: 8 BrB trials, 6 BBD trials (6 tanks per trial); Lab Fish: 7 BBD trials, 5 BrB trials (8 tanks per trial)",nubbins mixed in experimental aquaria to minimise effect of parent colony,concrete block (field experiment),"injury control, pathogen infectivity control, water control, caged branches","Tested the potential of the gastropod Drupella sp. and butterflyfish Chaetodon plebeius to act as vectors for black band disease (BBD) and brown band disease (BrB) in Acropora muricata. [repair: Experimental or ambient temperatures were not explicitly reported, and sample sizes varied depending on the specific field or aquarium experiment conducted.] [agent repair: No additional explicit value recovered in this conservative pass; remaining fields appear unreported or too ambiguous to infer.]",parsed,batch_081,1,,,,,,-14.668889,145.459444,reported_exact,high
d17e3c0b-32a1-4c10-94fa-7558d22f726e,Okubo - 2008 - Size-independent investment allocation to regeneration and growth of the branching coral Acropora mu.pdf,include_primary,needs_digitization,1,1,0,0,0,1,field,2000,Okinawa,,Japan,,,,,,2,3,Acropora muricata,branching,fragment,"5, 10, 20",,experimental,wire cutters,fragmentation,78.5,,,,2,upper and lower cut surfaces,,,,,,,,,112,"Exp 1: 11 (5 cm), 10 (10 cm), 8 (20 cm); Exp 2: 30 (5 cm), 26 (10 cm), 27 (20 cm)",,,,"Examined the effect of fragment size on investment allocation among regeneration, growth, sexual reproduction, and survivorship. Regeneration and growth were found to be independent of fragment size. [repair: Coordinates and ambient or experimental water temperatures were not explicitly reported in the study.] [agent repair: No explicit coordinates, temperature, or other conservative covariate recovery was available from the NotebookLM pass.]",parsed,batch_082,1,26.335830,127.801390,coast_or_region_centroid,low,Broad Okinawa-only locality; this is a prefecture-level centroid rather than a site-level geocode.,26.335830,127.801390,coast_or_region_centroid,low
84a7b2a4-6982-4dce-a39a-2d4f07d0176b,Oren et al. - 1997 - Effect of lesion size and shape on regeneration of the Red Sea coral Favia favus.pdf,include_primary,needs_digitization,1,0,0,0,0,0,field,1995,shallow reef across from the Marine Biology Laboratory of Eilat,Marine Biology Laboratory of Eilat,Israel,"Gulf of Eilat, Red Sea",,,,,2,3,Favia favus,colonial,colony,45,,experimental,air-pick,tissue,,,95-165,,,upper surface,,,,,,,,,46,"10 SP, 9 E-3, 8 SQ-6, 11 E-6, and 8 EP colonies",colonies randomly selected,,,"Examined the effect of lesion size and shape on recovery rates of the coral Favia favus. Found that initial high recovery rates are regulated mainly by perimeter length, while later recovery is influenced more by surface area and perimeter to surface area ratio. [repair: Coordinates and ambient water temperatures were not explicitly reported, and initial lesion surface areas were presented only in bar graphs without exact numerical values provided in the text.] [agent repair: No additional explicit value recovered in this conservative pass; remaining fields appear unreported or too ambiguous to infer.]",parsed,batch_083,1,29.500000,34.916667,site_facility_centroid,high,Marine Biology Laboratory of Eilat / adjacent shallow reef area used in the study.,29.500000,34.916667,site_facility_centroid,high
86b70912-c65a-4dfd-8cdc-211d14ecd270,Oren et al. - 1997 - Oriented intra-colonial transport of 14C labeled materials during coral regeneration.pdf,include_mechanism_only,not_for_extraction,0,0,0,0,0,0,field,,Eilat,,Israel,Red Sea,,,,,,,"Favia favus, Platygyra lamellina",,colony,,,experimental,regulator air-pick,tissue,"103, 259, 522",,"42, 97, 171",clears the tissue causing minor skeleton damage,3,10 cm from the labeled center,,,,,,10 h daylight incubation period,,,8,5 Favia favus and 3 Platygyra lamellina colonies,,,control (uninjured) colonies,Documented oriented intra-colonial translocation of photosynthetic products towards regenerating areas by labeling a central tissue area with 14C bicarbonate and inflicting three different sized lesions at a distance of 10 cm. Found that labeled materials are translocated towards large regenerating lesions.,parsed,batch_084,1,29.500000,34.916667,town_or_lab_centroid,medium,Only Eilat was specified; used the Eilat marine-lab / north-beach reef area as the proxy point.,29.500000,34.916667,town_or_lab_centroid,medium
dde2eb4e-630f-4dd2-a809-c749772d9523,"Oren et al. - 1998 - Prudent sessile feeding by the corallivore snail, Coralliophila violacea on coral energy sinks.pdf",include_mechanism_only,not_for_extraction,0,0,0,0,1,0,field,1996-1997,Eilat,Marine Biology Laboratory,Israel,"Gulf of Eilat, Red Sea",,,,,,,Porites sp.,massive,colony,20,zooxanthellate,natural,snail feeding (Coralliophila violacea),tissue,"<25, >200",,,,,"colony margin, interior",,,,,,10 h daylight,,,57,"5 colonies no snails, 4 colonies margin snails, 4 colonies 1 interior snail, 4 colonies aggregating interior snails, 10 control colonies",,,"unlabeled colonies, colonies without snails",Used 14C labeling to demonstrate that colony margins of Porites sp. function as energy sinks exploited by the sessile feeding snail Coralliophila violacea. Found that large lesions caused by aggregating snails in the colony interior induce the development of new energy sinks.,parsed,batch_085,1,29.500000,34.916667,site_facility_centroid,high,"Marine Biology Laboratory, Eilat; used the lab-adjacent reef area as the proxy point.",29.500000,34.916667,site_facility_centroid,high
a3b88246-eb7f-49ed-a997-67c6d36e9413,Oren et al. - 2001 - Colony Integration during Regeneration in the Stony Coral Favia favus.pdf,include_primary,needs_digitization,1,0,0,0,0,0,field,1994-1996,shallow reef in front of the Marine Biology Laboratory (MBL) in the Red Sea at Eilat,Marine Biology Laboratory,Israel,Red Sea,,,,,2,3,Favia favus,massive,colony,6-40,zooxanthellate,experimental,air-pick jet,tissue,"87, 182, 274, 958",,"35, 59, 83, 282",soft tissue removed with minor damage to underlying skeleton,1,upper surface,,,,,,,,,128,Exp 1: 8 colonies per lesion type per size class; Exp 2: 8 to 16 colonies per lesion type; 10 intact control colonies,,colony size class,intact colonies,"Examined the relationship between colony size and recovery of lesions differing in size and shape, as well as the effect of different sized lesions on polyp fecundity, demonstrating extended colony integration during regeneration. [repair: Coordinates and ambient or experimental water temperatures were not explicitly reported in the study.] [agent repair: No additional explicit value recovered in this conservative pass; remaining fields appear unreported or too ambiguous to infer.]",parsed,batch_086,1,29.500000,34.916667,site_facility_centroid,high,"Marine Biology Laboratory, Eilat; used the lab-adjacent reef area as the proxy point.",29.500000,34.916667,site_facility_centroid,high
d7f996dc-c00b-423c-b424-965cd78f9d1b,Page and Willis - 2008 - Epidemiology of skeletal eroding band on the Great Barrier Reef and the role of injury in the initia.pdf,include_primary,needs_digitization,0,0,0,1,0,0,field and laboratory,2004-2005,Lizard Island,Lizard Island,Australia,Great Barrier Reef,14°21' 15.55 S,145°26' 36.85 E,-14.354319,145.443569,2,5,"Acropora muricata, Pocillopora damicornis, Porites cylindrica",branching,branch,,,experimental,airgun attached to a SCUBA tank,tissue,400,,,tissue,1,"mid-branch, basal",,,,,,,,high flow of unfiltered seawater,540,90 injured and 90 uninjured branches of each species,randomly selected branches; randomly assigned to aquaria,,uninjured branches,"Examined the role of artificial injury in the initiation and colonisation of skeletal eroding band (SEB) by Halofolliculina corallasia. Found that injury facilitates rapid colonisation, but did not lead to progressive tissue loss without additional factors. [repair: Experimental or ambient water temperatures were not explicitly reported in the study.] [agent repair: Temperature was not reported as a single explicit study-level value.]",parsed,batch_087,1,,,,,,-14.354319,145.443569,reported_exact,high
3f852e08-6b2f-488b-9351-0f78b2ba41a5,Palacios et al. - 2014 - Fish corallivory on a pocilloporid reef and experimental coral responses to predation.pdf,include_primary,needs_digitization,0,1,0,1,0,0,field,2012,"La Azufrada reef, Gorgona Island",La Azufrada reef,Colombia,Tropical Eastern Pacific,2°58'27''N,78°11'13''W,2.974167,-78.186944,4,12,Pocillopora spp.,branching,"colony, nubbin",4,,"experimental, natural","pliers, Arothron meleagris fish bites",tissue and skeleton,47,"25%, 50%, 75% of branch tips",,0.1-5 mm,15.2,branch tips,27.7,,,,,,,,70,10 replicates per treatment,haphazardly collected; treatments systematically assigned in sequence,,0% branch tips damaged (tolerance exp); fully caged and half-caged nubbins (exclusion exp),"Examined the effects of Guineafowl pufferfish predation on pocilloporid corals through predator exclusion and simulated predation experiments. Found that corals tolerate partial predation, maintaining carbonate production through branch thickening (reoriented growth).",parsed,batch_088,1,,,,,,2.974167,-78.186944,reported_exact,high
2e735d26-55d4-4833-a8a9-56496e2d0d3c,Palmer et al. - 2011 - Corals Use Similar Immune Cells and Wound-Healing Processes as Those of Higher Organisms.pdf,include_mechanism_only,not_for_extraction,0,0,0,0,0,0,field,2008,"Pioneer Bay at Orpheus Island, Great Barrier Reef (GBR)",Pioneer Bay,Australia,Great Barrier Reef,,,,,,,Porites cylindrica,branching,branch,>50,zooxanthellate,experimental,bone-cutters,tissue and skeleton,,,,2 mm,4,between 1 and 2 cm from the branch tip,,,,,,,,,15,"3 colonies, 4 injured branches and 1 control branch per colony sampled at 0, 6, 24, and 48 h",,,healthy branch from each colony,"Investigated cellular mechanisms of wound healing histologically in Porites cylindrica over 48 hours following in situ experimental injury. Identified four phases of wound healing: plug formation, immune cell infiltration, cell proliferation, and wound maturation.",parsed,batch_089,1,-18.583333,146.333333,bay_centroid,high,Pioneer Bay on Orpheus Island is the named field site; this uses the bay centroid.,-18.583333,146.333333,bay_centroid,high
b2fc2ce3-e11e-4453-a3be-0df3d15d5454,Paradis et al. - 2019 - Compound effects of thermal stress and tissue abrasion on photosynthesis and respiration in the reef.pdf,include_mechanism_only,not_for_extraction,0,0,0,0,1,0,laboratory,2017-2018,"Smithsonian Marine Station (SMS), Fort Pierce, Florida; Coral Restoration Foundation (CRF) offshore nurseries, Key Largo, Florida",Smithsonian Marine Station; Coral Restoration Foundation nurseries,USA,,,,,,6,10,Acropora cervicornis,branching,fragment,5-15,symbiotic,experimental,scraping the coral surface with the blunt handle of metal forceps,tissue abrasion,250-840,15-20%,,tissue completely removed down to underlying white calcium carbonate skeleton,1,midsection of the long axis of each fragment,25,"22, 28, 30",,fed weekly with Coral Frenzy and live Artemia brine shrimp,"80-180 in culture, 350 in respirometry chamber",12 h:12 h light:dark cycle,,small pump in culture tanks; 8-13 mL/min flow during respirometry,26,at least 10 fragments representing 5-6 genotypes in each of the 8 treatment combinations,randomization of fragments for experimental treatments using a random number generator,repeated measures design,non-abraded corals,"Investigated the compound effects of thermal stress (22, 25, 28, and 30 °C) and tissue abrasion on photosynthesis and respiration in Acropora cervicornis fragments using flow-through respirometry.",parsed,batch_090,1,26.266615,-80.386443,study_extent_midpoint,low,Study spans Smithsonian Marine Station in Fort Pierce and Coral Restoration Foundation nurseries near Key Largo; a single centroid would obscure the two distinct localities. Midpoint proxy between Smithsonian Marine Station at Fort Pierce and Coral Restoration Foundation nurseries near Key Largo.,26.266615,-80.386443,study_extent_midpoint,low
2eab453f-4b4d-4f55-9502-32cb410dbaad,Pavia Jr and Estacion - 2019 - Survival and Growth of Isolated Polyps of Galaxea fascicularis (Linnaeus 1767) on Six Kinds of Cultu.pdf,exclude_scope,not_for_extraction,0,0,0,0,0,0,laboratory,,"Dumaguete, Central Philippines",,Philippines,,,,,,1,2,Galaxea fascicularis,,polyp,20-25,,experimental,fragmented into individual polyps removed from the colony's spongy coenosteum,fragmentation,,,,,,central region of the colony,26.5-28.5,,,,"23.47, 60.10, 74.71",natural sunlight,,flowing seawater (ca. 300 mL/min) and aeration for 18 h and 12 h/d,60,10 polyp-substrate replicates for each of the 6 substrate types,aquaria randomly distributed among four plastic platforms,,"mactan stone (mined, semifossilized coral rock) served as positive control","Examined the survival and growth of single polyp isolates of Galaxea fascicularis on six different culture substrates (coral rock, terracotta, polyvinyl chloride, steel, rubber tire, and concrete). Found no differences in survival, colony size, and polyp production based on substrate type.",parsed,batch_091,1,9.306460,123.307690,town_or_lab_centroid,high,Dumaguete city-centroid proxy for the laboratory locality in Central Philippines.,9.306460,123.307690,town_or_lab_centroid,high
6f750c49-3261-482c-ade2-373835f7cf40,Paz-García - 2006 - Temporal variation in the regeneration rate of artificial lesions in two morphotypes of Porites pana.pdf,include_primary,needs_digitization,1,0,0,0,1,1,field,2004,"La Paz Bay, Baja California Sur","Punta Gaviotas, Punta Galeras",Mexico,Gulf of California,"24º17.134' N, 24º21.236' N","110º19.870' W, 110º17.028' W",24.353933,-110.283800,1,3,Porites panamensis,"columnar, massive",colony,>40 cm2,zooxanthellate,experimental,hand drill,tissue and skeleton,38.5,,,0.5 cm,1,upper surface,19-30,,,,,,,,114,26 to 30 colonies per morphotype per season,,,,"Compared the regeneration of artificial lesions in columnar and massive forms of Porites panamensis during cold and warm seasons. Regeneration was faster in the warm season. While regeneration rates did not differ significantly between morphotypes, the columnar form showed a higher percentage of full recovery and less algal colonization than the massive form.",parsed,batch_092,1,,,,,,24.353933,-110.283800,reported_exact,high
df211e9f-33ed-4631-b952-6d5cf48724c8,Pisapia et al. - 2016 - Temporal consistency in background mortality of four dominant coral taxa along Australia’s Great Bar.pdf,exclude_scope,not_for_extraction,0,0,0,0,0,0,field,2011-2014,Great Barrier Reef,27 sites within nine mid-shelf reefs,Australia,Great Barrier Reef,"14°41'S, 18°25'S, 23°27'S","145°28'E, 146°47'E, 155°55'E",-23.450000,155.916667,,,"Acropora hyacinthus, Pocillopora spp., Porites spp., Montipora spp.","plating, branching, massive, encrusting",colony,>10,,natural,routine and chronic processes,partial mortality,,3% to >80%,,,,,,,,,,,,,2276,"862 A. hyacinthus, 301 massive Porites, 505 branching Pocillopora, 608 encrusting Montipora across 27 sites",,"transects nested within site, sites nested within reef, reefs nested within sectors",,"Quantified temporal and spatial consistency in the prevalence and severity of background partial mortality across four dominant coral taxa over three years, finding high prevalence of injury and fairly constant severity.",parsed,batch_093,1,,,,,,-23.450000,155.916667,reported_exact,high
f03ad219-9305-4be5-87b2-05d117103745,Rapuano et al. - 2023 - Coming of age Annual onset of coral reproduction is determined by age rather than size.pdf,exclude_scope,not_for_extraction,0,0,0,0,0,0,field and laboratory,2012-2018,"Eilat coral Reef, Gulf of Aqaba/Eilat, Northern Red Sea",Eilat coral Reef,Israel,"Gulf of Aqaba, Red Sea","29°30'05.9""N","34°55'01.7""E",29.501639,34.917139,0,15,"Acropora hyacinthus, Galaxea fascicularis, Pavona varians, Seriatopora hystrix, Turbinaria reniformis","branching tabular, massive, sub-massive, encrusting, laminar, delicate branching, plating",fragment,>10,hermatypic,experimental,sharp pruning shears,fragmentation,,,,,,,,,,,,,,open flow-through water system,181,"fragments generated from 3-10 large, sexually mature colonies per species",,,wild colonies sampled to verify reproductive status,"Examined whether the annual onset of reproduction is driven by biological age versus colony size by fragmenting sexually mature colonies into sizes below the known size at first reproduction. Found that fragments remained reproductive regardless of size, suggesting reproductive capacity is retained once the ontogenetic milestone of puberty is reached.",parsed,batch_094,2,,,,,,29.501639,34.917139,reported_exact,high
06ab1757-8fe9-4325-96ed-6f3106b325e4,Raymundo et al. - 2016 - Effects of Coralliophila violacea on tissue loss in the scleractinian corals Porites spp. depend on.pdf,include_primary,needs_digitization,0,1,0,1,1,0,field and laboratory,2011,"Luminao Reef, Gabgab Reef, and University of Guam Marine Lab, Guam","Luminao Reef, Gabgab Reef",USA,,,,,,,,"Porites cylindrica, Porites rus","branching, plating","colony, fragment",4-8,,"natural, experimental",Coralliophila violacea snail feeding,tissue,,,,tissue loss over dead skeleton,,"margin of active lesion, healthy tissue",,,,,,,,aerated aquaria,89,25 P. cylindrica colonies in situ; 40 P. rus fragments in lab; 11 P. cylindrica and 13 P. rus colonies for histology,fragments randomly arranged in water baths; snails randomly distributed,,snails previously fed healthy tissue,"Investigated whether tissue loss progresses in Porites during or after Coralliophila violacea predation, using field observations of natural scars, laboratory transmission experiments, and histological analysis. [repair: Coordinates, numeric depth bounds, initial lesion areas, and experimental or ambient temperatures were not explicitly reported in the study.] [agent repair: No additional explicit value recovered in this conservative pass; remaining fields appear unreported or too ambiguous to infer.]",parsed,batch_095,1,13.454835,144.646285,study_extent_midpoint,medium,Midpoint of the Luminao Reef and Gabgab Reef field sites on Guam; the lab component was not used in the centroid.,13.454835,144.646285,study_extent_midpoint,medium
3c3ec990-34c7-4bdb-bb49-e8d31bf6c201,Renegar et al. - Coral Ultrastructural Response to Elevated pCO2 and Nutrients During Tissue Repair and Regeneration.pdf,include_mechanism_only,not_for_extraction,0,0,0,0,1,0,laboratory,,,,,,,,,,,,"Montastraea cavernosa, Porites astreoides",,fragment,,zooxanthellate,experimental,rotary tool,tissue and skeleton,80,,,,1,,,,1381 (±66) μatm,10.8 (±0.5) μM NO3- and 4.4 (±0.3) μM P-PO4 3-,,12:12 photoperiod,,flow-through aquaria,320,4 colonies per species; 2 tanks and 32 fragments of each species per treatment,,,control treatment maintained without nutrient or CO2 enrichment,"Examined coral tissue repair and regeneration during wound healing in Montastraea cavernosa and Porites astreoides exposed to elevated nitrate, phosphate, and pCO2 using histology and ultrastructure.",parsed,batch_096,1,,,,,,,,,
6587b0e6-d462-492e-b2aa-177f3d11247d,Renegar - 2015 - Histology and ultrastructure of Montastraea cavernosa  and Porites astreoides during regeneration an.pdf,include_mechanism_only,not_for_extraction,0,0,0,0,0,0,laboratory and field,2007-2008,"shallow reef waters off Broward County, Florida",M/V Eastwind ship-grounding site,USA,,26°07.041' N,80°05.548' W,26.117350,-80.092467,,,"Montastraea cavernosa, Porites astreoides",massive,fragment,15,zooxanthellate,experimental,Dremel tool,tissue and skeleton,,,,5-8 mm,1,across each fragment,26.6,,~1000 µatm,"~10 μM NO3-, ~4 μM P-PO4 3-",,12:12 photoperiod,,"flow-through aquaria, 0.5 l/hr",320,4 colonies per species; 4 tanks per treatment; 160 fragments per species,randomly assigned to each treatment,,maintained without nutrient or CO2 enrichment,"Examined coral tissue repair and regeneration during wound healing in Montastraea cavernosa and Porites astreoides exposed to elevated nitrate, phosphate, and pCO2 using histology and ultrastructure.",parsed,batch_097,1,,,,,,26.117350,-80.092467,reported_exact,high
0ccdd954-1740-44d7-a2c6-6280125057b5,Rice et al. - 2019 - Different nitrogen sources speed recovery from corallivory and uniquely alter the microbiome of a re.pdf,include_primary,needs_digitization,1,0,0,0,0,0,laboratory,2016,"Richard B. Gump South Pacific Research Station in Moorea, French Polynesia",Richard B. Gump South Pacific Research Station,French Polynesia,Cook's Bay,17°29'26.04''S,149°49'35.10''W,-17.490567,-149.826417,3,4,Pocillopora meandrina,branching,nubbin,,symbiotic,experimental,eight mm snub nose pliers,tissue and skeleton,45.2,,,2 mm,1,branch tip,26,29,,4 µM NO3- or 4 µM NH4+,700,12:12 light:dark cycle,,150 L flow-through seawater,120,"10 parent colonies; 2 tanks per treatment; 10 nubbins per treatment (5 intact, 5 wounded)",randomly assigned to treatment tanks; haphazardly moved within the tank every 2 days,parent colony,intact coral nubbins under ambient temperatures and ambient nutrients,Examined how nitrate vs. ammonium enrichment altered the effects of increased seawater temperature and simulated parrotfish corallivory on the health of Pocillopora meandrina and its microbial community.,parsed,batch_098,1,,,,,,-17.490567,-149.826417,reported_exact,high
002a60bc-55c8-4fdb-860a-1169fc99b2a8,Rice et al. - 2021 - Complex interactions with nutrients and sediment a.pdf,include_primary,needs_digitization,1,0,0,1,1,0,field,2017,"Mo'orea, French Polynesia",north shore of Mo'orea,French Polynesia,South Pacific,17°28.770'S,149°47.618'W,-17.479500,-149.793633,1,2,Porites spp.,massive,"colony, fragment",>10,zooxanthellate,experimental,Coralliophila violacea snail feeding,tissue,32.8,,,tissue,1,,24.6-30.5,,,30 g slow-release Classic Osmocote (19-6-12 N-P-K),1285.1,,5 ml sediment <500 µm twice per week (~100 mg cm-2 day-1),,88,11 massive Porites fragments per treatment across 8 treatments,randomly assigned to treatments,"parent colony, cinderblock","ambient nutrients, no sediment addition, and no snail predation","Investigated the interactive effects of sedimentation, nutrient enrichment, and corallivory by Coralliophila violacea snails on massive Porites mortality and physiology using field surveys and a factorial field experiment.",parsed,batch_099,1,,,,,,-17.479500,-149.793633,reported_exact,high
c7986629-6d1d-454e-891d-dbd1b6664310,Rinkevich - 1996 - Do reproduction and regeneration in damaged corals compete for energy allocation.pdf,include_mechanism_only,not_for_extraction,0,0,0,0,0,0,review,,,,,,,,,,,,,,,,,,,,,,,,,,,,,,,,,,,,,,,Review and perspective paper proposing that reproduction and regeneration in damaged corals compete for stem cells rather than energy resources.,parsed,batch_100,1,,,,,,,,,
e2690aff-5a20-4205-9f93-4c0f46c8d749,Rodríguez-Villalobos et al. - 2016 - Wound repair in Pocillopora.pdf,include_mechanism_only,not_for_extraction,0,0,0,0,0,0,laboratory,,"Pichilingue Bay, La Paz, BCS, Mexico",Pichilingue Bay,Mexico,,,,,,,,Pocillopora damicornis,,fragment,,,experimental,double action airbrush,tissue,,,,bare white skeleton,1,base of the fragment,,,,,,natural light,,flow through filtered (100 µm) seawater,180,"3 colonies, 180 fragments in total; 2 replicate fragments per colony sampled daily for 40 days",,,,"Described the gross and microscopic pathology of wound repair in Pocillopora damicornis. Found a unique mode of regeneration involving projections of cell-covered mesoglea from the surface body wall that anastomosed to form gastrovascular canals, with no evidence of inflammation.",parsed,batch_101,1,24.2759,-110.3270,bay_centroid,medium,"Pichilingue Bay proxy point used for the La Paz, BCS locality.",24.2759,-110.3270,bay_centroid,medium
0fef76ae-f8a7-4598-a71e-60277ed13b79,Roff et al. - 2014 - Porites and the Phoenix effect unprecedented recovery after a mass coral bleaching event at Rangiro.pdf,exclude_scope,not_for_extraction,0,0,0,0,1,0,field,"1998, 2013","Motu Tivaru, Rangiroa Atoll",Motu Tivaru,French Polynesia,lagoon of Rangiroa Atoll,,,,,8,8,Porites spp.,massive,colony,60-710,,natural,thermal stress (1997/1998 ENSO event),partial mortality,,40-80%,,,,,>36,,,,,,,,114,"91 quadrats in 1998, 63 quadrats in 2013, 114 colonies surveyed in 2013, 25 colonies resurveyed",quadrats placed at random on each colony; random quadrat placement within dataset,,,"Resurveyed massive Porites 15 years after the 1997/1998 ENSO bleaching event. Found rapid recovery from partial mortality via the 'Phoenix effect', whereby remnant cryptic patches of tissue regenerated and rapidly overgrew adjacent dead skeleton.",parsed,batch_102,1,-14.990570,-147.881210,island_centroid,medium,Motu Tivaru is a named motu on Rangiroa Atoll; this uses the Tivaru island centroid as the nearest stable proxy.,-14.990570,-147.881210,island_centroid,medium
33d2bc0d-ec51-4225-a216-bf74b34fa89d,Rotjan et al. - 2006 - Chronic parrotfish grazing impedes coral recovery after bleaching.pdf,include_primary,needs_digitization,0,0,0,1,0,0,field,2004-2005,"Carrie Bow Cay, Belize on the outer ridge of the Belize barrier reef",Carrie Bow Cay,Belize,Belize barrier reef,16° 48' N,88° 05' W,16.800000,-88.083333,18,18,"Montastraea faveolata, Montastraea franksi",massive,colony,,zooxanthellate,natural,parrotfish grazing,tissue,,,,,>=6,,29.85 C,,,,,,,,64,"64 colonies in August 2004, 22 in October 2004, 24 in mid-January 2005",,,intact colonies with no grazing scars,"Examined the effects of chronic parrotfish grazing on Montastraea spp. during and after a natural bleaching event. Found that previously grazed colonies showed a persistent reduction in zooxanthellae density during recovery and increased Symbiodinium genetic diversity compared to intact colonies. [repair: Growth form was inferred as massive based on the focal species Montastraea faveolata and M. franksi, while initial individual grazing lesion areas and exact ambient water temperatures (beyond a referenced 29.85 °C threshold) were not explicitly reported.] [agent repair: Coordinates were explicitly reported as 16 deg 48' N, 88 deg 05' W. Depths were 2 m and 18 m. Temperature was 29.85 C. Sample sizes were 22, 24, and 64. Lesion area was not recoverable.]",parsed,batch_103,1,,,,,,16.800000,-88.083333,reported_exact,high
fe532d7a-f878-4a85-962a-7de43d06a80c,Rotjan and Lewis - 2009 - Predators selectively graze reproductive structures in a clonal marine organism.pdf,include_primary,ready_extract,1,0,1,0,0,0,field,2005,Southwater Caye on the Belizean barrier reef,Southwater Caye,Belize,Belizean barrier reef,16°46.575N,88°04.494W,16.776250,-88.074900,6,9,Montastraea annularis,massive,colony,"176 to 9,020 cm2 surface area",zooxanthellate,natural,parrotfish grazing,tissue and skeleton,,,,skeletal exposure,11 to 135 bites,central locations,,,,,,,,,72,"24 clusters for a total of 72 samples; each cluster contained Gi and Gg samples from the same colony, and an I sample",haphazardly sampled clusters; randomly chosen polyps,location (cluster) as a blocking factor,"nearby, similarly sized, intact colony","Examined the reproductive consequences of natural parrotfish grazing on Montastraea annularis corals. Found that parrotfish selectively grazed polyps with high total reproductive effort (number of gonads). [repair: Growth form was inferred as massive based on the focal species Montastraea annularis, while initial lesion sizes and ambient water temperatures were not explicitly reported in the study.] [agent repair: A single directly comparable wound area was not explicitly reported. Temperature was not reported as a single explicit study-level value.]",parsed,batch_104,1,,,,,Exact coordinates already exist in the source/current manifest; approximate duplicate omitted.,16.776250,-88.074900,reported_exact,high
6da70b1c-7428-4a76-904c-b69d981f2824,Sabine et al. - 2015 - Environmental conditions influence tissue regeneration rates in scleractinian corals.pdf,include_primary,needs_digitization,1,0,0,0,0,0,field,2012-2013,St. Thomas,"Brewers Bay, Perseverance Bay, Rupert's Rock, Flat Cay, Porpoise Rocks, Saba Island",USA,Caribbean Sea,18°20'N,64°55'W,18.333333,-64.916667,6,6,Orbicella annularis,boulder,colony,14.5,,experimental,chisel,tissue,370,2.9%,72.3,3 mm,1,center of the colony,26.1-29.3,,,,,,,,60,10 colonies at each of 6 sites,,,,Examined how environmental conditions affect recovery of experimental lesions in Orbicella annularis across six reefs with varying water quality. Found that water flow and turbidity most strongly influenced lesion recovery rates.,parsed,batch_105,1,,,,,,18.333333,-64.916667,reported_exact,high
2059b598-335f-4890-8512-6e1f86fed557,Sani et al. - 2024 - Ocean warming and acidification detrimentally affect coral tissue regeneration at a Mediterranean CO.pdf,include_primary,needs_digitization,1,0,0,0,1,0,field,2011,"Panarea Island, Aeolian Archipelago",underwater volcanic crater at Panarea Island,Italy,Mediterranean Sea,38°38'16'' N,15°06'37'' E,38.637778,15.110278,12,12,"Balanophyllia europaea, Leptopsammia pruvoti, Astroides calycularis","solitary, colonial","polyp, nubbin",2-4 polyps,"zooxanthellate, non-zooxanthellate",experimental,metal bristle brush,tissue,,,,exposing the axial skeleton,1,side/upper side,16.2-23.5,,"pHTS 7.40, 7.74, 7.87, 8.07",,,,,,10 corals/nubbins per Site per species initially (with final analyzed n values ranging from 55 to 71 for various comparisons due to missing specimens),10 replicates per Site per tile per species,randomly assigned to each of the four Sites,,Site 1 (mean pHTS 8.07) with normal pH conditions,"Investigated the combined effect of increasing seawater acidification along a natural CO2 vent gradient and seasonal warming on tissue regeneration rates of three Mediterranean coral species. Found a decrease in regenerative capacity with increasing temperature and acidification, especially in the zooxanthellate species. [repair: Initial lesion surface areas were not explicitly reported, and sample size was reported as 10 initial replicates per site per species, with some attrition occurring during the experimental periods.] [agent repair: Temperature was explicitly reported as 23.5 C. Sample sizes were 55 and 66. Growth form was solitary/colonial. Lesion area and coordinates were not recoverable.]",parsed,batch_106,1,,,,,,38.637778,15.110278,reported_exact,high
8a06a65f-c6b4-427b-8157-52dd6f988da2,Sani et al. - 2024 - Ocean warming and acidification detrimentally affect coral tissue regeneration at a Mediterranean CO.pdf,duplicate_alias,not_for_extraction,0,0,0,0,1,0,field,2011,"Panarea Island, Aeolian Archipelago",underwater volcanic crater at Panarea Island,Italy,Mediterranean Sea,38°38'16'' N,15°06'37'' E,38.637778,15.110278,12,12,"Balanophyllia europaea, Leptopsammia pruvoti, Astroides calycularis","solitary, colonial","polyp, nubbin",2-4 polyps,"zooxanthellate, non-zooxanthellate",experimental,metal bristle brush,tissue,,,,exposing the axial skeleton,1,side/upper side,16.2-23.5,,"pHTS 7.40, 7.74, 7.87, 8.07",,,,,,,10 replicates per Site per tile per species,randomly assigned to each of the four Sites,,Site 1 (mean pHTS 8.07) with normal pH conditions,"Investigated the combined effect of increasing seawater acidification along a natural CO2 vent gradient and seasonal warming on tissue regeneration rates of three Mediterranean coral species. Found a decrease in regenerative capacity with increasing temperature and acidification, especially in the zooxanthellate species.",parsed,batch_107,1,,,,,,38.637778,15.110278,reported_exact,high
9d6998fc-caf1-4dbd-883f-ad9b9184d062,Shaver et al. - 2017 - Effects of predation and nutrient enrichment on the success and microbiome of a foundational coral.pdf,include_primary,needs_digitization,0,1,0,1,1,0,field,2013,"Coral Restoration Foundation's coral nursery in Key Largo, FL, USA",Coral Restoration Foundation nursery,USA,,N 25 0.579; N 24 59.170; N 24 57.110; N 24 31.568,W 80 22.471; W 80 24.940; W 80 27.564; W 81 31.383,24.526133,81.523050,9.1,9.1,Acropora cervicornis,branching,fragment,10,,experimental,Coralliophila abbreviata snail feeding,tissue,384-560,~30%,,bare coral skeleton,,base of coral,,,,70 g Osmocote 19-6-12 Smart-Release plant fertilizer pellets,,,,,80,10 replicates per genotype in each of the 4 treatments (total 80 colonies),evenly distributed genotypes and treatments throughout the experimental site,,no snails or nutrients,"Assessed the effects of grazing by Coralliophila abbreviata and nutrient enrichment on Acropora cervicornis and its microbiomes. Predation reduced growth and increased mortality, while both partial predation and nutrient enrichment independently altered coral microbiomes. [repair: Coordinates for four surveyed reefs were explicitly reported and have been concatenated, but no ambient or experimental water temperatures were provided in the study.] [agent repair: No additional explicit value recovered in this conservative pass; remaining fields appear unreported or too ambiguous to infer.]",parsed,batch_108,1,,,,,,24.526133,81.523050,reported_exact,high
3b500dbd-57b5-46ab-83a1-bacffec122a8,Shirur et al. - 2016 - Lesion recovery and the bacterial microbiome in two Caribbean gorgonian corals.pdf,exclude_scope,not_for_extraction,0,0,0,0,0,0,field,2012,"patch reef near Puerto Morelos, Mexico",patch reef near Puerto Morelos,Mexico,Caribbean Sea,"20°52'5.23""N","86°51'58.92""W",20.868119,-86.866367,3,5,"Eunicea flexuosa, Pseudoplexaura porosa",arborescent,branch,,zooxanthellate,experimental,cortex removed from one side,tissue,,approximately half the width of the branch,,exposing the underlying proteinaceous axial rod,1,2 cm below the apical tip,,,,,,,,,16,8 colonies per species; 1 injured and 1 uninjured branch per colony,,parent colony,uninjured branch in a different area of the same colony,"Investigated the effect of artificial lesions on gorgonian biochemistry, symbiosis, microbiome, and immune response. Found E. flexuosa took twice as long to recover as P. porosa, with differing immune responses and microbiomes, though overall bacterial communities did not significantly shift upon injury.",parsed,batch_109,1,,,,,,20.868119,-86.866367,reported_exact,high
635d9cb2-270b-4bcc-b676-c84b81b0620b,Soong and Lang - 1992 - Reproductive Integration in Reef Corals.pdf,include_primary,needs_digitization,0,0,1,0,0,0,field,1987-1988,Caribbean coast of Panama,,Panama,Caribbean Sea,,,,,0.5,6,"Acropora cervicornis, Acropora palmata, Diploria clivosa, Diploria strigosa, Favia fragum, Montastrea cavernosa, Porites astreoides, Porites furcata, Siderastrea radians, Siderastrea siderea","massive, encrusting, branching",colony,3.5-70,zooxanthellate,experimental,hacksaw,tissue and skeleton,570,,,1 cm,1,across the entire mid-region,,,,,,,,,100,"10 to 20 colonies per treatment (tissue cut, cut and fill, total cut) for each of the three manipulated species",,,undisturbed colonies collected in the same habitat,"Investigated reproductive integration in ten coral species by observing fertile polyp distribution and puberty size, and experimentally testing the cause of infertile colony margins by creating artificial margins with a hacksaw in three massive species. [repair: Coordinates, numeric depth bounds, explicit initial lesion areas, and experimental or ambient temperatures were not explicitly reported in the study.] [agent repair: Explicit latitude/longitude were not reported in the accessible text. Numeric depth bounds were not explicitly reported in the accessible text. A single directly comparable wound area was not explicitly reported. Temperature was not reported as a single explicit study-level value.]",parsed,batch_110,1,,,,,Caribbean coast of Panama is too broad for a single defensible centroid; no single site was named.,,,,
b269f689-c2c5-48a1-8ecb-f284c3ed7edc,Titlyanov et al. - 2005 - Regeneration of artificial injuries on scleractinian corals and coralalgal competition for newly fo.pdf,include_primary,needs_digitization,1,0,0,0,0,0,laboratory,2002-2003,"Sesoko Station of Tropical Biosphere Research Center of the University of the Ryukyus, Sesoko Island, Okinawa, Japan",Sesoko Station,Japan,,26°38'N,127°52'E,26.633333,127.866667,1,1.5,"Porites cylindrica, Porites lutea","branched, massive",fragment,,hermatypic,experimental,"Water-Pik, chisel, hand-saw or pincers and file, fresh water osmotic shock, cement","tissue and skeleton, tissue",,<= 10%,,1-2 mm,1,"middle part, top to bottom",18-31,,,,30-1400,"70-90% PAR0, 30-50% PAR0, 10-20% PAR0, 2-5% PAR0",,intensively aerated; water change approximately 30% h-1,5 coral fragments (n=5) for average regeneration and settlement measurements,5 fragments per measurement,,,,"Examined the regeneration rates of 5 types of artificial injuries (chisel, file, Water Pik, osmotic, cement) in fragments of massive Porites lutea and branching Porites cylindrica across different light intensities and seasons. Evaluated how colonization of the injured surface by algae and animals affected recovery physically and chemically. [repair: Initial artificial lesion areas were described proportionally (up to 10% of living tissue) rather than in absolute units, and the sample size for measurements was reported as n=5 fragments.] [agent repair: Injury size is not stated as a directly convertible area in the accessible text.]",parsed,batch_111,1,,,,,,26.633333,127.866667,reported_exact,high
9c887b4c-dae5-4725-96db-948c2491e53d,Titlyanov et al. - 2006 - Three stages of injuries regeneration on scleractinian corals.pdf,include_primary,needs_digitization,1,0,0,0,0,0,laboratory,2002-2003,"Sesoko Station of Tropical Biosphere Research Center of University of the Ryukyus, Sesoko Island, Okinawa, Japan",Sesoko Station,Japan,,26°38' N,127°52' E,26.633333,127.866667,1,1.5,"Porites lutea, Porites cylindrica","massive, branching","fragment, colony",,zooxanthellate,experimental,"Water-Pik, chisel, pincers, hand-saw, fresh water osmotic shock, cement","tissue and skeleton, tissue",,<=10%,,1-2 mm,1,"middle part, upper, lateral, basal",18-30,,,,800-1800,"70-90% PAR0, 30% PAR0, 20-30% PAR0, 3-5% PAR0, <1% PAR0",,"intensively aerated, water change approximately 30% h-1","8 fragments for growth rate measurements, and 5 fragments for lesion recovery measurements","8 fragments for growth, 5 fragments for regeneration",,,,"Examined the regeneration dynamics of different types of artificial injuries (Water-Pik, chisel, breakage, osmotic shock, cement) on massive Porites lutea and branching Porites cylindrica under different light intensities and positions. Assessed algal and animal colonization during three stages of recovery. [repair: Initial lesion areas were described proportionally (no more than 10% of the living tissue area) rather than in absolute units, and sample sizes varied depending on the specific measurement (n=8 or n=5).]",parsed,batch_112,1,,,,,,26.633333,127.866667,reported_exact,high
2cd850ba-5662-43f4-afba-0ed8cf21b77f,Titlyanov and Titlyanova - 2008 - Coral-algal competition on damaged reefs.pdf,exclude_review,not_for_extraction,0,0,0,0,0,0,review,,,,,,,,,,,,,,,,,,,,,,,,,,,,,,,,,,,,,,,"Review discussing the competitive interrelations of algae and corals on damaged reefs, mechanisms of coral polyp regeneration on wounds, and the succession of algal communities following natural and anthropogenic catastrophes.",parsed,batch_113,1,,,,,,,,,
292bbd72-e4b1-422c-8fbb-5b3201d2cd0c,Titlyanov and Titlyanova - 2009 - The dynamics of the restoration of mechanical damage to colonies of the scleractinian coral Porites.pdf,include_primary,needs_digitization,1,0,0,0,0,0,laboratory,2003,"Sesoko Marine Biological Station (Sesoko Island, Okinawa, Japan)",Sesoko Marine Biological Station,Japan,,26°38'N,127°52'E,26.633333,127.866667,1.5,2,Porites lutea,massive,fragment,,hermatypic,experimental,hand saw,tissue and skeleton,2500,,,,1,upper parts,18-31,,,,800-1600,"70-90% PAR0, 20-30% PAR0, 2-5% PAR0",,"run-through aquaria, intensively aerated, water exchange about 30% per hour","3 specimens (n=3) for calculating means and standard deviations, with 3 damaged fragments placed in each aquarium",3 damaged fragments per aquarium (n=3),,,,"Investigated the dynamics of algal settling and the rate of regeneration on mechanically damaged fragments of massive Porites lutea under three different light intensities in aquaria, in the absence of herbivorous and corallivorous animals. [repair: Sample size was explicitly reported as 3 specimens (n=3) for the primary regeneration and algal covering measurements.]",parsed,batch_114,1,,,,,,26.633333,127.866667,reported_exact,high
347f789a-ef73-4089-aa77-0e46f2b2d196,Townsend et al. - 2023 - Differing lesion recovery rates of two Caribbean stony coral species across a shallow water to mesop.pdf,include_primary,needs_digitization,1,0,0,0,0,1,field,,"offshore from Saint Thomas, US Virgin Islands","South Capella, South Capella (deep), Buck Island, Flat Cay, Hind Bank, Grammanik Bank, College Shoal",USA,Caribbean Sea,,,,,13,41,"Orbicella franksi, Agaricia lamarcki","massive boulder, sheeting scroll",colony,>10,zooxanthellate,experimental,small chisel or flathead screwdriver,tissue,158-700,,,,1,center of the colony facing directly upwards,,,,,,,,,48,3 colonies per species at each of the 8 sites,random direction from a haphazardly placed marker at each site,,healthy area adjacent to the lesion with entirely healthy tissue used as baseline for pigmentation,"Assessed coral tissue recovery for O. franksi and A. lamarcki across a shallow to mesophotic depth gradient. O. franksi regeneration rates decreased significantly with depth, whereas A. lamarcki regeneration rates were consistent across depths with an increased pigmentation recovery rate at mesophotic depths. [repair: Coordinates and ambient water temperatures were not explicitly reported in the text, with temperature summaries relegated to supplemental tables.] [agent repair: No additional explicit value recovered in this conservative pass; remaining fields appear unreported or too ambiguous to infer.]",parsed,batch_115,1,18.335765,-64.896335,island_centroid,low,The US Virgin Islands sites span multiple banks/reefs across separate localities; a single point would be misleading. US Virgin Islands territory centroid used as a broad proxy for the multi-bank study extent.,18.335765,-64.896335,island_centroid,low
4bbb3e36-0aa5-4900-b239-5002ab60869e,Traylor-Knowles - 2016 - Distinctive wound-healing characteristics in the corals Pocillopora damicornis and Acropora hyacinth.pdf,include_mechanism_only,not_for_extraction,0,0,0,0,0,0,field,2012,back reef lagoons Ofu Island,moderately variable pool (MV) and highly variable pool (HV),American Samoa,Pacific Ocean,14.1726°S,169.667°W,-14.172600,-169.667000,,,"Acropora hyacinthus, Pocillopora damicornis",,branch,,,experimental,bone cutter,tissue and skeleton,,,,,1,apical branch tip,HV pool exceeds >=34 °C,comparison of two naturally varying temperature pools,,,,,,,17,"HV pool: 6 A. hyacinthus, 3 P. damicornis; MV pool: 4 A. hyacinthus, 4 P. damicornis",,,,"Characterized the gross morphology of wound healing in Pocillopora damicornis and Acropora hyacinthus found in two pools with distinct temperature profiles. The cut size was approximately 6 mm for A. hyacinthus and 4 mm for P. damicornis. A. hyacinthus healed within two weeks, while P. damicornis formed an algal/sand plug and did not fully heal.",parsed,batch_116,1,,,,,,-14.172600,-169.667000,reported_exact,high
52ab8446-3076-4c6b-84e1-6fcad1419ebf,Van De Water et al. - 2015 - Elevated seawater temperatures have a limited impact on the coral immune response following physical.pdf,include_mechanism_only,not_for_extraction,0,0,0,0,1,0,laboratory,,"reef flat of Heron Island, Great Barrier Reef, Australia",Heron Island,Australia,Great Barrier Reef,23°26'31.20''S,151°54'50.40''E,-23.442000,151.914000,,,Acropora aspera,branching,branch,10,zooxanthellate,experimental,high-pressure airgun,tissue,400,one third of the length of each branch,,exposed skeleton,1,along a third of the length of each branch,27-29,32-33.5,,,,,,flow-through seawater,56,"2 aquaria per temperature treatment; 14 fragments per aquarium (7 injured, 7 uninjured)",racks randomly assigned to aquaria,,uninjured coral branches at ambient temperatures,Investigated the effects of elevated seawater temperatures on the short-term immune response (24 h post-injury) of Acropora aspera by analyzing the expression of genes in the Toll-like receptor pathway and complement system.,parsed,batch_117,1,,,,,,-23.442000,151.914000,reported_exact,high
f14968a0-2ca3-4c70-8902-48fef9e009ea,Van De Water et al. - 2015 - The coral immune response facilitates protection against microbes during tissue regeneration.pdf,include_mechanism_only,not_for_extraction,0,0,0,0,0,0,field,2011,"reef flat of Heron Island, Great Barrier Reef, Australia",Heron Island,Australia,Great Barrier Reef,23°26'31.20''S,151°54'50.40''E,-23.442000,151.914000,,,Acropora aspera,branching,"branch, nubbin",200,zooxanthellate,experimental,high-pressure airgun,tissue,750,three-fourth of the branch length,,,1,along three-fourth of the branch length,,,,,,,,,192,"2 genotypes (patches); 42 damaged branches per genotype; 12 independent nubbins per genotype sampled at 8 time points (6 injured, 6 healthy)",samples sourced from different independent fragments,"genotype, side of patch",undamaged and healthy-looking nubbins from independent fragments,"Examined the regulation of the coral immune response over 10 days following physical trauma artificially inflicted on in situ colonies of the coral Acropora aspera, simultaneously with bacterial colonization of the lesions.",parsed,batch_118,1,,,,,,-23.442000,151.914000,reported_exact,high
2e76dce4-6cb4-46c0-b8c4-a1cc91b1578c,Van Veghel and Bak - 1994 - Reproductive characteristics of the polymorphic Caribbean reef building coral Montastrea annularis..pdf,include_primary,needs_digitization,0,0,1,0,1,0,field,1992,leeward coast of Curaçao,CARMABI Buoy 1,Netherlands Antilles,Caribbean Sea,,,,,11,16,Montastrea annularis,"bumpy, massive, columnar",colony,,,experimental,submersible drill,tissue and skeleton,160,,,4 mm,1,upper surface,,,,,,,,,75,"25 colonies of each morphotype (Bumpy, Massive, Columnar)",haphazardly selected colonies,,living tissue >20 cm distant from the lesion on the same colony,Examined the relation between surface lesion regeneration and reproduction in three morphotypes of Montastrea annularis. Found that fecundity was reduced in polyps adjacent to lesions and that regeneration processes and reproduction are linked and compete for limited energy resources. [repair: Coordinates and ambient or experimental water temperatures were not explicitly reported in the study.] [agent repair: Explicit latitude/longitude were not reported in the accessible text. Temperature was not reported as a single explicit study-level value.],parsed,batch_119,1,12.124722,-68.972222,site_facility_centroid,high,CARMABI Buoy 1 site on Curaçao.,12.124722,-68.972222,site_facility_centroid,high
26d408bb-bf97-4b1a-8b59-a62f74d3d475,Van Woesik - 1998 - Lesion healing on massive Porites spp. corals.pdf,include_primary,needs_digitization,1,0,0,0,0,1,field,1994-1996,"eastern side of Ikei Island, Okinawa, Japan",Ikei Island,Japan,inner reef moat,26° 23' N,128° 00' E,26.383333,128.000000,0.1,3,"Porites lutea, Porites lobata",massive,colony,70-100,,experimental,,tissue,15-1310,,,,3,15 to 40 degrees to the horizontal plane,,,,,,,,well-flushed,10,3 differently sized tissue lesions to each of 10 massive colonies,,,,"Inflicted 3 differently sized tissue lesions on 10 massive Porites spp. colonies. Found that all but one lesion healed completely within 19 months, regeneration rates decreased exponentially over time based on surface area, and a higher perimeter to surface area ratio facilitated faster regeneration. [repair: Experimental or ambient water temperatures were not explicitly reported in the study.] [agent repair: No additional explicit value recovered in this conservative pass; remaining fields appear unreported or too ambiguous to infer.]",parsed,batch_120,1,,,,,,26.383333,128.000000,reported_exact,high
4fc235cc-a40d-405f-b8f5-2e7a160ba81d,Wahle - 1983 - Regeneration of injuries among jamaican gorgonians the roles of colony physiology and environment.pdf,exclude_scope,not_for_extraction,0,0,0,0,1,0,field,1977-1978,"Discovery Bay, Jamaica","Mixed Zone, East Fore Reef Terrace, Rear Zone, Shallow East Fore Reef",Jamaica,Caribbean Sea,,,,,0.5,15,"Plexaura homomalla, Plexaurella dichotoma, Eunicea mammosa",arborescent,branch,10-150,,experimental,scalpel,tissue,,,,to the internal proteinaceous axis,1-2,"mid-way down a terminal (primary) branch, branch tips, mid-colony",,,,,,,,,51,Experiment 1: 4-5 replicate colonies per treatment; Experiment 2: 3 replicate colonies per species per zone (with 2 injuries each),,,large (40-60 cm) reproductive colonies with a single 1 cm injury mid-way down a primary branch,"Examined the effects of colony size, reproductive phase, and injury location on regeneration rates in Plexaura homomalla. Also compared the relative regeneration rates of three plexaurid species across three reef zones spanning their depth range. Found that injury location and reef zone significantly influenced regeneration rates, while colony size and reproductive phase did not.",parsed,batch_121,1,18.46871,-77.41559,town_or_lab_centroid,medium,Discovery Bay town/lab centroid used for the reef-zone study.,18.46871,-77.41559,town_or_lab_centroid,medium
6dffe94d-a664-4a6c-8daf-f25ecfa5b50d,"Ward - 1995 - The effect of damage on the growth, reproduction and storage of lipids in the scleractinian coral Po.pdf",include_primary,needs_digitization,0,1,1,1,0,0,field,1988-1989,"Rottnest Island, off the Western Australian coast","Little Salmon Bay, Mary Cove",Australia,,32° S,,,,,,Pocillopora damicornis,branching,colony,30-50,,experimental,"hammer, knocked from reef",tissue and skeleton,,50%,,,,throughout the colony,,,,,,,,,58,orthogonal design with 4 treatments across 2 sites,,,"not fragmented, not dislodged corals","Investigated the effect of mechanical damage (fragmentation and dislodgement) on the growth, reproduction, and lipid storage of Pocillopora damicornis. Dislodgement increased mortality and decreased growth and reproduction, while fragmentation increased reproductive potential without affecting mortality or growth. [repair: Latitude was explicitly reported (as 32 S), but longitude, numeric depth bounds, initial lesion areas, and ambient or experimental water temperatures were not provided in the study.] [agent repair: Only latitude was explicitly reported. Longitude, depth, lesion area, and temperature were not recoverable. Sample sizes were reported as multiple treatment-group counts.] [coordinate cleanup: partial one-sided coordinate removed from decimal columns]",parsed,batch_122,1,-32.002000,115.517000,island_centroid,low,Coarse Rottnest Island proxy for the Little Salmon Bay / Mary Cove study extent; a site-specific midpoint was not recoverable.,-32.002000,115.517000,island_centroid,low
32a1561c-9cd6-4e97-9287-c9e5eafafc22,Welsh et al. - 2015 - Clustered parrotfish feeding scars trigger partial coral mortality of massive Porites colonies on th.pdf,include_primary,needs_digitization,0,0,0,1,0,1,field,,"fringing reefs of Pioneer Bay, on the leeward side of Orpheus Island, an inshore granitic island on the GBR","Pioneer Bay, Orpheus Island",Australia,Great Barrier Reef,18°35'S,146°20'E,-18.583333,146.333333,0.5,1,Porites spp.,massive,colony,"440.9 to 8,386.7 cm2 surface area",,natural,Chlorurus microrhinos feeding,tissue and skeleton,418-619,< 23.1%,,0.2-1.8 mm,1 to >3,relatively planar surface,,,,,,,,,30,"2 sites, 15 feeding marks per site (11 single feeding scars and 19 scar clusters overall)",,,,"Monitored the fate of single versus clustered feeding scars inflicted by the excavating parrotfish Chlorurus microrhinos on massive Porites colonies. Found that single scars had a 97% probability of healing, while focused biting with clustered scars often expanded and led to partial coral mortality. [repair: Experimental or ambient water temperatures were not explicitly reported in the study.] [agent repair: Temperature was not reported as a single explicit study-level value.]",parsed,batch_123,1,,,,,,-18.583333,146.333333,reported_exact,high
d48f4420-bee1-4bd3-95e6-7f646095131b,Wesseling et al. - 2001 - Partial Mortality in Porites Corals Variation among Philippine Reefs.pdf,include_primary,ready_extract,0,0,0,1,1,0,field,1995,"Bolinao, NW Luzon; Puerto Galera, Mindoro; and El Nido, N Palawan","Bolinao, Puerto Galera, El Nido",Philippines,,,,,,2,10,Porites spp.,massive,colony,1135 cm2 surface area,,natural,,tissue,,15%,,,1.7 per dm2,,,,,,,,10-30 mg DW cm-2 d-1,,642,"3 sites, 4-5 stations per site, ~50 colonies per station",,,,"Quantified partial mortality in massive Porites corals across three sites in the Philippines. Found that lesion density decreased with increasing colony area and increased with increasing sedimentation and wave exposure. [repair: Coordinates, exact initial lesion areas (as this was an observational study grouping existing lesions into size classes), and ambient water temperatures were not explicitly reported.] [agent repair: Explicit latitude/longitude were not reported in the accessible text. A single directly comparable wound area was not explicitly reported. Temperature was not reported as a single explicit study-level value.]",parsed,batch_124,1,13.691220,120.080573,study_extent_midpoint,low,"Three Philippine reef systems (Bolinao, Puerto Galera, El Nido) span a broad archipelago footprint; no single centroid would be interpretable. Midpoint proxy across Bolinao, Puerto Galera, and El Nido reef systems in the Philippines.",13.691220,120.080573,study_extent_midpoint,low
1d237b2c-1d5d-479a-985a-bde3d28a4fce,Wolf and Nugues - 2013 - Synergistic effects of algal overgrowth and corallivory on Caribbean reef‐building corals.pdf,include_primary,needs_digitization,0,1,0,1,0,0,field and laboratory,2010,"Curaçao, southern Caribbean","Carmabi Buoy One, Carmabi Buoy Zero, Marie Pompoen, Spanish Water, Playa Kalki",Curaçao,Caribbean Sea,"12°07.551' N, 12°05.525' N, 12°03.790' N, 12°22.530' N","68°58.529' W, 68°58.592' W, 68°54.516' W, 68°51.190' W, 69°09.470' W",12.375500,-69.157833,4,8,"Montastraea faveolata, Montastraea cavernosa, Siderastrea siderea, Colpophyllia natans, Diploria strigosa, Montastraea annularis",massive,"colony, fragment",~300 cm2,,experimental,Halimeda opuntia overgrowth and Hermodice carunculata or Coralliophila abbreviata corallivory,tissue,9000,,,,,,29.4-30.8,,,,,~30% of the incident surface photosynthetically active radiation,,flow-through seawater (~4-5 L/minute),11-14 replicates per species in the field survey; 20 colonies per treatment in the field experiment; 6 coral fragments per tank section in the laboratory experiments,Field: 20 colonies per treatment; Lab: 6 coral fragments per treatment combination per section,randomly allocated,,Field: untouched coral colony; Lab: no algae added and/or no corallivores added,"Investigated the indirect and synergistic effects of algal overgrowth (Halimeda opuntia) and corallivory on Caribbean reef-building corals. Found that algal contact enhanced coral tissue mortality by attracting corallivorous fireworms (Hermodice carunculata). [repair: Growth form was inferred as massive based on the standard morphology of the focal species (e.g., Montastraea spp., Diploria strigosa, Siderastrea siderea), and sample sizes varied depending on the specific survey or experiment conducted.]",parsed,batch_125,1,,,,,,12.375500,-69.157833,reported_exact,high
e7ee472d-e9fc-4023-a4ff-b860c0de5b21,Work and Aeby - 2010 - Wound repair in Montipora capitata.pdf,include_mechanism_only,not_for_extraction,0,0,0,0,0,0,laboratory,,Kaneohe Bay,Hawaii Institute of Marine Biology,USA,,,,,,,,Montipora capitata,,fragment,,zooxanthellate,experimental,flat bladed screwdriver,tissue and skeleton,50,,,0.5 cm,1,,ambient,,,,,natural light,,flow-through seawater tables,80,"2 replicate fragments sampled per time point across 17 time points, repeated in a second trial",,,intact untraumatized tissues / normal coral,"Documented the microscopic and gross morphology of tissue healing in Montipora capitata experimentally traumatized by scraping tissue and skeleton. Grossly, corals appeared healed by Day 40, whereas histologically they were indistinguishable from intact tissues by Day 12.",parsed,batch_126,1,21.432700,-157.787700,site_facility_centroid,high,Kāneʻohe Bay / Hawaii Institute of Marine Biology on Coconut Island is the laboratory locality.,21.432700,-157.787700,site_facility_centroid,high
433e1015-ffac-46ef-ba6e-e4c132eac52b,Xu et al. - 2023 - Wound healing and regeneration in the reef building coral Acropora millepora.pdf,include_mechanism_only,not_for_extraction,0,0,0,0,0,0,laboratory,2019,"Australian National University (ANU), Canberra, and Orpheus Island Research Station",,Australia,,,,,,,,Acropora millepora,branching,branch,4-8,zooxanthellate,experimental,scalpel,tissue and skeleton,,,,,1,radial polyp 3-5 polyps down from the tip,27,,8.1-8.4,,,12/12 day/night cycling,,recirculating with wave makers; flow-through unfiltered,,at least three biological replicates per sample type; at least two technical replicates for colony one,,,"coenosarc between polyps, growing coenosarc edge, intact radial polyp, young polyp, axial polyp","Used RNA-seq to identify genes involved in wound healing and regeneration in Acropora millepora. Found that early wound healing involves Wnt and FGF signaling pathways and the transcription factor c-Fos, showing similarities but distinctiveness from normal continuous growth programs.",parsed,batch_127,1,-18.610800,146.488100,site_facility_centroid,medium,The study spans two distant sites (ANU Canberra and Orpheus Island Research Station); a single approximate point would be misleading. Orpheus Island Research Station proxy chosen as the nearest field-site location for coral collection and wound-healing work.,-18.610800,146.488100,site_facility_centroid,medium
9cbae935-6259-4ba6-a2ec-44d3f3bc0902,Yap and Gomez - 1984 - Growth of Acropora pulchra II. Responses of natural and transplanted colonies to temperature and da.pdf,include_primary,needs_digitization,0,1,0,1,1,0,field,1980-1982,"lagoon of Santiago Island in Bolinao, Pangasinan, northern Philippines","Sites A, B, C (artificial reef), and D",Philippines,Lingayen Gulf,between Lat. 16o21 ' and 16~,between Long. 119~ ' and 120~,,,3,5,Acropora pulchra,branching,branch,,,experimental,broken off,tissue and skeleton,,,,,,,26.0-31.0,,,,,11.29 to ~13 h day length,,,"At least 15 colonies per control site and a minimum of 15 fragments for transplants, with 2 branches monitored per colony/transplant",at least 15 colonies per site (2 branches per colony) for controls; minimum 15 fragments broken off for transplants,,,"naturally-established undisturbed colonies growing side by side in each of Sites A, B and D","Studied the growth of undisturbed colonies and transplants of branching Acropora pulchra over a 17-month period. Monitored linear growth, budding, and regeneration of broken branches in relation to temperature and day length. [repair: Coordinates were explicitly reported but contain OCR artifacts (e.g., '~' or 'o'), and initial lesion areas were not reported as the study measured linear branch extension.] [agent repair: Depth was explicitly reported as 0.5-2 m and 3-5 m. Temperature was explicitly reported as 26-27 C. Growth form was branching. Coordinates and lesion area were not recoverable.]",parsed,batch_128,1,16.385600,119.894500,town_or_lab_centroid,medium,"Exact coordinates were reported in the source, but OCR artifacts make them unsuitable for a new approximate point. Bolinao town proxy used for the Bolinao Lingayen Gulf study.",16.385600,119.894500,town_or_lab_centroid,medium
