source_id,paper_title,response_type,queue_id,original_candidate_rank,original_candidate_type,original_candidate_label,original_candidate_page,audit_status,corrected_candidate_type,corrected_candidate_label,corrected_candidate_page,corrected_candidate_text,reason,needs_manual_visual_review,evidence_method,audit_file,audit_key_status,coverage_status
dde85c3e-6c0d-4057-9a5a-116138865992,"Bak - 1983 - Neoplasia, regeneration and growth in the reef-building coral Acropora palmata.pdf",growth,DIG-dde85c3e-growth,1,figure,Fig. 5,5,replace,figure,Fig. 3,4,"Fig. 3. Acropora palmata. Growth rates of branches. Horizontal bar of each data point denotes experimental period. Vertical bars show SD. Growth of controls: closed circles. Growth of neoplasia branches: open circles, indicating branches with neoplasia closer (<) and farther (>) than 25 cm from tip of branch. Growth of branches with tissue lesions: open squares, and tissue+skeleton lesions: closed squares.","Original Fig. 5 caption is real, but it reports lesion recovery rate rather than branch growth; Fig. 3 is the printed branch growth-rate caption.",false,pdftotext -layout caption match,digitization/source_review/agent_audits/figure_candidate_audit_agent1.csv,valid_status,matched_base_candidate
dde85c3e-6c0d-4057-9a5a-116138865992,"Bak - 1983 - Neoplasia, regeneration and growth in the reef-building coral Acropora palmata.pdf",growth,DIG-dde85c3e-growth,2,figure,Fig. 3,4,keep,figure,Fig. 3,4,"Fig. 3. Acropora palmata. Growth rates of branches. Horizontal bar of each data point denotes experimental period. Vertical bars show SD. Growth of controls: closed circles. Growth of neoplasia branches: open circles, indicating branches with neoplasia closer (<) and farther (>) than 25 cm from tip of branch. Growth of branches with tissue lesions: open squares, and tissue+skeleton lesions: closed squares.",Printed caption on stated page and directly relevant to branch growth.,false,pdftotext -layout caption match,digitization/source_review/agent_audits/figure_candidate_audit_agent1.csv,valid_status,matched_base_candidate
dde85c3e-6c0d-4057-9a5a-116138865992,"Bak - 1983 - Neoplasia, regeneration and growth in the reef-building coral Acropora palmata.pdf",growth,DIG-dde85c3e-growth,3,figure,Fig. 1,2,replace,figure,Fig. 3,4,"Fig. 3. Acropora palmata. Growth rates of branches. Horizontal bar of each data point denotes experimental period. Vertical bars show SD. Growth of controls: closed circles. Growth of neoplasia branches: open circles, indicating branches with neoplasia closer (<) and farther (>) than 25 cm from tip of branch. Growth of branches with tissue lesions: open squares, and tissue+skeleton lesions: closed squares.","Original Fig. 1 is a neoplasia morphology plate, not a growth response candidate; Fig. 3 is the growth caption.",false,pdftotext -layout caption match,digitization/source_review/agent_audits/figure_candidate_audit_agent1.csv,valid_status,matched_base_candidate
dde85c3e-6c0d-4057-9a5a-116138865992,"Bak - 1983 - Neoplasia, regeneration and growth in the reef-building coral Acropora palmata.pdf",growth,DIG-dde85c3e-growth,4,figure,Fig. 4,4,replace,figure,Fig. 3,4,"Fig. 3. Acropora palmata. Growth rates of branches. Horizontal bar of each data point denotes experimental period. Vertical bars show SD. Growth of controls: closed circles. Growth of neoplasia branches: open circles, indicating branches with neoplasia closer (<) and farther (>) than 25 cm from tip of branch. Growth of branches with tissue lesions: open squares, and tissue+skeleton lesions: closed squares.","Original Fig. 4 reports regeneration completion rates, not branch growth; Fig. 3 is the growth caption.",false,pdftotext -layout caption match,digitization/source_review/agent_audits/figure_candidate_audit_agent1.csv,valid_status,matched_base_candidate
dde85c3e-6c0d-4057-9a5a-116138865992,"Bak - 1983 - Neoplasia, regeneration and growth in the reef-building coral Acropora palmata.pdf",rate,DIG-dde85c3e-rate,1,figure,Fig. 5,5,keep,figure,Fig. 5,5,"Fig. 5. Acropora palmata. Surface area of lesions over time showing recovery rate. Tissue lesions: closed circles, tissue+skeleton lesions: open circles.",Printed caption on stated page and directly reports lesion surface area over time/recovery rate.,false,pdftotext -layout caption match,digitization/source_review/agent_audits/figure_candidate_audit_agent1.csv,valid_status,matched_base_candidate
dde85c3e-6c0d-4057-9a5a-116138865992,"Bak - 1983 - Neoplasia, regeneration and growth in the reef-building coral Acropora palmata.pdf",rate,DIG-dde85c3e-rate,2,figure,Fig. 4,4,keep,figure,Fig. 4,4,"Fig. 4. Rates of regeneration of tissue lesions (t, dashed lines) and tissue+skeleton lesions (ts, solid lines) expressed as percentage of lesions completely recovered. Coral species and depth of experimental colonies; Ap: Acropora palmata 2 m; Pa: Porites astreoides 10 m and 23 m; Ma: Montastrea annularis 10 m; Aa: Agaricia agaricites 10 m and 25 m.",Printed caption on stated page and reports regeneration rates as percentage of lesions completely recovered.,false,pdftotext -layout caption match,digitization/source_review/agent_audits/figure_candidate_audit_agent1.csv,valid_status,matched_base_candidate
dde85c3e-6c0d-4057-9a5a-116138865992,"Bak - 1983 - Neoplasia, regeneration and growth in the reef-building coral Acropora palmata.pdf",rate,DIG-dde85c3e-rate,3,figure,Fig. 1,2,replace,figure,Fig. 5,5,"Fig. 5. Acropora palmata. Surface area of lesions over time showing recovery rate. Tissue lesions: closed circles, tissue+skeleton lesions: open circles.","Original Fig. 1 is morphology, not rate data; Fig. 5 is the best printed recovery-rate caption.",false,pdftotext -layout caption match,digitization/source_review/agent_audits/figure_candidate_audit_agent1.csv,valid_status,matched_base_candidate
dde85c3e-6c0d-4057-9a5a-116138865992,"Bak - 1983 - Neoplasia, regeneration and growth in the reef-building coral Acropora palmata.pdf",rate,DIG-dde85c3e-rate,4,figure,Fig. 3,4,replace,figure,Fig. 5,5,"Fig. 5. Acropora palmata. Surface area of lesions over time showing recovery rate. Tissue lesions: closed circles, tissue+skeleton lesions: open circles.","Original Fig. 3 is branch growth rate, not lesion regeneration rate; Fig. 5 is the best recovery-rate caption.",false,pdftotext -layout caption match,digitization/source_review/agent_audits/figure_candidate_audit_agent1.csv,valid_status,matched_base_candidate
12e9e864-5ff1-42c4-a63d-19b5d62a7464,Bak and Es - REGENERATION OF SUPERFICIAL DAMAGE IN THE SCLERACTINIAN CORALS AGARCA AGARCTES F. PURPUREA AND P.pdf,rate,DIG-12e9e864-rate,1,figure,Figure I,2,keep,figure,Figure I,2,"Figure I. (Left) Rates of regeneration of the two coral species expressed as percentage of lesions completely recovered. Open circles, Agaricia agaricites 1 cm2 tissue lesions; closed circles, A. agaricites 1 cm2 tissue and skeleton lesions; open squares, Porites astreoides 1 cm2 tissue lesions; closed squares, P. astreoides 1 cm2 tissue and skeleton lesions. Figure 2. (Right) Regeneration in A. agaricites expressed as mean surface area of all lesions.",Printed caption on stated page and directly reports regeneration rates.,false,pdftotext -layout caption match,digitization/source_review/agent_audits/figure_candidate_audit_agent1.csv,valid_status,matched_base_candidate
12e9e864-5ff1-42c4-a63d-19b5d62a7464,Bak and Es - REGENERATION OF SUPERFICIAL DAMAGE IN THE SCLERACTINIAN CORALS AGARCA AGARCTES F. PURPUREA AND P.pdf,rate,DIG-12e9e864-rate,2,figure,Figure 3,3,keep,figure,Figure 3,3,Figure 3. (Left) Regeneration in Porites astreoides expressed as mean surface area of all lesions. Figure 4. (Right) Regeneration expressed as percentage of lesions regenerating >75% of surface area. After about 70 days the number of lesions re-covering for 75% does not increase.,Printed caption on stated page and reports regeneration surface area / percent regenerated.,false,pdftotext -layout caption match,digitization/source_review/agent_audits/figure_candidate_audit_agent1.csv,valid_status,matched_base_candidate
12e9e864-5ff1-42c4-a63d-19b5d62a7464,Bak and Es - REGENERATION OF SUPERFICIAL DAMAGE IN THE SCLERACTINIAN CORALS AGARCA AGARCTES F. PURPUREA AND P.pdf,rate,DIG-12e9e864-rate,3,figure,Fig. I,4,replace,figure,Figure I,2,"Figure I. (Left) Rates of regeneration of the two coral species expressed as percentage of lesions completely recovered. Open circles, Agaricia agaricites 1 cm2 tissue lesions; closed circles, A. agaricites 1 cm2 tissue and skeleton lesions; open squares, Porites astreoides 1 cm2 tissue lesions; closed squares, P. astreoides 1 cm2 tissue and skeleton lesions. Figure 2. (Right) Regeneration in A. agaricites expressed as mean surface area of all lesions.","Original Fig. I on page 4 is a literature-cited in-text reference, not a caption; Figure I on page 2 is the printed regeneration-rate caption.",false,pdftotext -layout caption match,digitization/source_review/agent_audits/figure_candidate_audit_agent1.csv,valid_status,matched_base_candidate
12e9e864-5ff1-42c4-a63d-19b5d62a7464,Bak and Es - REGENERATION OF SUPERFICIAL DAMAGE IN THE SCLERACTINIAN CORALS AGARCA AGARCTES F. PURPUREA AND P.pdf,rate,DIG-12e9e864-rate,4,table,Table 1,3,replace,table,Table I,3,Table I. Changes in size (area) of natural lesions on control colonies after a 140 days period.,"Original row is prose mentioning Table 1, not the table caption; the printed caption is Table I on page 3.",false,pdftotext -layout caption match,digitization/source_review/agent_audits/figure_candidate_audit_agent1.csv,valid_status,matched_base_candidate
12e9e864-5ff1-42c4-a63d-19b5d62a7464,Bak and Es - REGENERATION OF SUPERFICIAL DAMAGE IN THE SCLERACTINIAN CORALS AGARCA AGARCTES F. PURPUREA AND P.pdf,rate,DIG-12e9e864-rate,5,table,Table I,3,keep,table,Table I,3,Table I. Changes in size (area) of natural lesions on control colonies after a 140 days period.,Printed caption on stated page and relevant to lesion area changes in controls.,false,pdftotext -layout caption match,digitization/source_review/agent_audits/figure_candidate_audit_agent1.csv,valid_status,matched_base_candidate
12e9e864-5ff1-42c4-a63d-19b5d62a7464,Bak and Es - REGENERATION OF SUPERFICIAL DAMAGE IN THE SCLERACTINIAN CORALS AGARCA AGARCTES F. PURPUREA AND P.pdf,survival,DIG-12e9e864-survival,1,figure,Fig. I,4,remove,,no_valid_candidate_found,,,"No printed survival/mortality/death figure or table was found in this PDF; detected printed candidates report lesion regeneration, lesion area change, or references only.",false,pdftotext -layout caption match,digitization/source_review/agent_audits/figure_candidate_audit_agent1.csv,valid_status,matched_base_candidate
12e9e864-5ff1-42c4-a63d-19b5d62a7464,Bak and Es - REGENERATION OF SUPERFICIAL DAMAGE IN THE SCLERACTINIAN CORALS AGARCA AGARCTES F. PURPUREA AND P.pdf,survival,DIG-12e9e864-survival,2,figure,Figure I,2,remove,,no_valid_candidate_found,,,"No printed survival/mortality/death figure or table was found in this PDF; detected printed candidates report lesion regeneration, lesion area change, or references only.",false,pdftotext -layout caption match,digitization/source_review/agent_audits/figure_candidate_audit_agent1.csv,valid_status,matched_base_candidate
12e9e864-5ff1-42c4-a63d-19b5d62a7464,Bak and Es - REGENERATION OF SUPERFICIAL DAMAGE IN THE SCLERACTINIAN CORALS AGARCA AGARCTES F. PURPUREA AND P.pdf,survival,DIG-12e9e864-survival,3,figure,Figure 3,3,remove,,no_valid_candidate_found,,,"No printed survival/mortality/death figure or table was found in this PDF; detected printed candidates report lesion regeneration, lesion area change, or references only.",false,pdftotext -layout caption match,digitization/source_review/agent_audits/figure_candidate_audit_agent1.csv,valid_status,matched_base_candidate
12e9e864-5ff1-42c4-a63d-19b5d62a7464,Bak and Es - REGENERATION OF SUPERFICIAL DAMAGE IN THE SCLERACTINIAN CORALS AGARCA AGARCTES F. PURPUREA AND P.pdf,survival,DIG-12e9e864-survival,4,table,Table 1,3,remove,,no_valid_candidate_found,,,"No printed survival/mortality/death figure or table was found in this PDF; detected printed candidates report lesion regeneration, lesion area change, or references only.",false,pdftotext -layout caption match,digitization/source_review/agent_audits/figure_candidate_audit_agent1.csv,valid_status,matched_base_candidate
12e9e864-5ff1-42c4-a63d-19b5d62a7464,Bak and Es - REGENERATION OF SUPERFICIAL DAMAGE IN THE SCLERACTINIAN CORALS AGARCA AGARCTES F. PURPUREA AND P.pdf,survival,DIG-12e9e864-survival,5,table,Table I,3,remove,,no_valid_candidate_found,,,"No printed survival/mortality/death figure or table was found in this PDF; detected printed candidates report lesion regeneration, lesion area change, or references only.",false,pdftotext -layout caption match,digitization/source_review/agent_audits/figure_candidate_audit_agent1.csv,valid_status,matched_base_candidate
daec544d-cfab-46db-be2a-1d3596bc0395,Burmester et al. - 2018 - The impact of autotrophic versus heterotrophic nutritional pathways on colony health and wound recov.pdf,growth,DIG-daec544d-growth,1,figure,Figure 7,7,replace,figure,Figure 5,6,"Figure 5. Mean proportional change in total colony tissue cover proportion after 60 days for control (C) and wounded (W) fed and starved colonies of different symbiont states (aposymbiotic, symbiotic). Error bars signify standard error.","Original Figure 7 is chlorophyll density, not growth or tissue-area change; Figure 5 is the printed total colony tissue cover caption.",false,pdftotext -layout caption match,digitization/source_review/agent_audits/figure_candidate_audit_agent1.csv,valid_status,matched_base_candidate
daec544d-cfab-46db-be2a-1d3596bc0395,Burmester et al. - 2018 - The impact of autotrophic versus heterotrophic nutritional pathways on colony health and wound recov.pdf,growth,DIG-daec544d-growth,2,figure,Figure 3,6,replace,figure,Figure 5,6,"Figure 5. Mean proportional change in total colony tissue cover proportion after 60 days for control (C) and wounded (W) fed and starved colonies of different symbiont states (aposymbiotic, symbiotic). Error bars signify standard error.",Original Figure 3 row is an in-text mention on the wrong page and is about healing stages; Figure 5 is the best growth/tissue-area candidate.,false,pdftotext -layout caption match,digitization/source_review/agent_audits/figure_candidate_audit_agent1.csv,valid_status,matched_base_candidate
daec544d-cfab-46db-be2a-1d3596bc0395,Burmester et al. - 2018 - The impact of autotrophic versus heterotrophic nutritional pathways on colony health and wound recov.pdf,growth,DIG-daec544d-growth,3,figure,Figure 8,8,replace,figure,Figure 5,6,"Figure 5. Mean proportional change in total colony tissue cover proportion after 60 days for control (C) and wounded (W) fed and starved colonies of different symbiont states (aposymbiotic, symbiotic). Error bars signify standard error.","Original Figure 8 is photosynthetic efficiency, not growth or tissue-area change; Figure 5 is the best candidate.",false,pdftotext -layout caption match,digitization/source_review/agent_audits/figure_candidate_audit_agent1.csv,valid_status,matched_base_candidate
daec544d-cfab-46db-be2a-1d3596bc0395,Burmester et al. - 2018 - The impact of autotrophic versus heterotrophic nutritional pathways on colony health and wound recov.pdf,rate,DIG-daec544d-rate,1,figure,Figure 3,6,replace,figure,Figure 4,6,Figure 4. Mean proportional change in wound surface area 60 days after lesions were induced. Error bars signify standard error.,"Original Figure 3 row is an in-text mention on page 6, while the printed Figure 3 caption is on page 5; Figure 4 is the direct wound surface-area recovery caption.",false,pdftotext -layout caption match,digitization/source_review/agent_audits/figure_candidate_audit_agent1.csv,valid_status,matched_base_candidate
daec544d-cfab-46db-be2a-1d3596bc0395,Burmester et al. - 2018 - The impact of autotrophic versus heterotrophic nutritional pathways on colony health and wound recov.pdf,rate,DIG-daec544d-rate,2,figure,Figure 7,7,replace,figure,Figure 4,6,Figure 4. Mean proportional change in wound surface area 60 days after lesions were induced. Error bars signify standard error.,"Original Figure 7 is chlorophyll density, not wound recovery rate; Figure 4 is the direct wound surface-area recovery caption.",false,pdftotext -layout caption match,digitization/source_review/agent_audits/figure_candidate_audit_agent1.csv,valid_status,matched_base_candidate
daec544d-cfab-46db-be2a-1d3596bc0395,Burmester et al. - 2018 - The impact of autotrophic versus heterotrophic nutritional pathways on colony health and wound recov.pdf,rate,DIG-daec544d-rate,3,figure,Figure 8,8,replace,figure,Figure 4,6,Figure 4. Mean proportional change in wound surface area 60 days after lesions were induced. Error bars signify standard error.,"Original Figure 8 is photosynthetic efficiency, not wound recovery rate; Figure 4 is the direct wound surface-area recovery caption.",false,pdftotext -layout caption match,digitization/source_review/agent_audits/figure_candidate_audit_agent1.csv,valid_status,matched_base_candidate
9f7a74ab-485d-44be-88c3-28c6b4a7c491,Chadwick and Loya - 1990 - Regeneration after experimental breakage in the solitary reef coral Fungia granulosa Klunzing.pdf,rate,DIG-9f7a74ab-rate,1,figure,Fig. 1,4,replace,figure,Fig. 2,5,Fig. 2. Correlation of tissue regeneration and fracture orientation in damaged polyps (n = 18) of Fungia granulosa at 8 months after breakage. Only corals with 10-50% breakage are shown. See Fig. 1 for explanation of fracture orientation.,Original Fig. 1 is a morphology plate; Fig. 2 is the printed tissue-regeneration response figure.,false,pdftotext -layout caption match,digitization/source_review/agent_audits/figure_candidate_audit_agent1.csv,valid_status,matched_base_candidate
9f7a74ab-485d-44be-88c3-28c6b4a7c491,Chadwick and Loya - 1990 - Regeneration after experimental breakage in the solitary reef coral Fungia granulosa Klunzing.pdf,rate,DIG-9f7a74ab-rate,2,figure,Fig. 2,5,keep,figure,Fig. 2,5,Fig. 2. Correlation of tissue regeneration and fracture orientation in damaged polyps (n = 18) of Fungia granulosa at 8 months after breakage. Only corals with 10-50% breakage are shown. See Fig. 1 for explanation of fracture orientation.,Printed caption on stated page and relevant to tissue regeneration after breakage.,false,pdftotext -layout caption match,digitization/source_review/agent_audits/figure_candidate_audit_agent1.csv,valid_status,matched_base_candidate
9f7a74ab-485d-44be-88c3-28c6b4a7c491,Chadwick and Loya - 1990 - Regeneration after experimental breakage in the solitary reef coral Fungia granulosa Klunzing.pdf,rate,DIG-9f7a74ab-rate,3,figure,Fig. 3,6,replace,figure,Fig. 2,5,Fig. 2. Correlation of tissue regeneration and fracture orientation in damaged polyps (n = 18) of Fungia granulosa at 8 months after breakage. Only corals with 10-50% breakage are shown. See Fig. 1 for explanation of fracture orientation.,"Original Fig. 3 reports tissue necrosis/survival, not regeneration rate; Fig. 2 is the better rate candidate.",false,pdftotext -layout caption match,digitization/source_review/agent_audits/figure_candidate_audit_agent1.csv,valid_status,matched_base_candidate
9f7a74ab-485d-44be-88c3-28c6b4a7c491,Chadwick and Loya - 1990 - Regeneration after experimental breakage in the solitary reef coral Fungia granulosa Klunzing.pdf,rate,DIG-9f7a74ab-rate,4,figure,Fig. 4,7,replace,figure,Fig. 2,5,Fig. 2. Correlation of tissue regeneration and fracture orientation in damaged polyps (n = 18) of Fungia granulosa at 8 months after breakage. Only corals with 10-50% breakage are shown. See Fig. 1 for explanation of fracture orientation.,Original Fig. 4 reports skeletal growth rate rather than tissue regeneration; Fig. 2 is the better rate candidate.,false,pdftotext -layout caption match,digitization/source_review/agent_audits/figure_candidate_audit_agent1.csv,valid_status,matched_base_candidate
9f7a74ab-485d-44be-88c3-28c6b4a7c491,Chadwick and Loya - 1990 - Regeneration after experimental breakage in the solitary reef coral Fungia granulosa Klunzing.pdf,rate,DIG-9f7a74ab-rate,5,figure,Fig. 5,8,replace,figure,Fig. 2,5,Fig. 2. Correlation of tissue regeneration and fracture orientation in damaged polyps (n = 18) of Fungia granulosa at 8 months after breakage. Only corals with 10-50% breakage are shown. See Fig. 1 for explanation of fracture orientation.,Original Fig. 5 reports skeletal growth rate rather than tissue regeneration; Fig. 2 is the better rate candidate.,false,pdftotext -layout caption match,digitization/source_review/agent_audits/figure_candidate_audit_agent1.csv,valid_status,matched_base_candidate
9f7a74ab-485d-44be-88c3-28c6b4a7c491,Chadwick and Loya - 1990 - Regeneration after experimental breakage in the solitary reef coral Fungia granulosa Klunzing.pdf,survival,DIG-9f7a74ab-survival,1,figure,Fig. 1,4,replace,figure,Fig. 3,6,Fig. 3. Tissue necrosis in experimentally fragmented polyps of Fungia granulosa. (A) Intact control corals (n = 21). (B) Corals with 10-50% breakage (n = 18). (C) Corals with 51-90% breakage (n = 25). 100% tissue necrosis = dead coral.,Original Fig. 1 includes qualitative dead-fracture notes but not survival/necrosis data; Fig. 3 is the printed tissue-necrosis candidate.,false,pdftotext -layout caption match,digitization/source_review/agent_audits/figure_candidate_audit_agent1.csv,valid_status,matched_base_candidate
9f7a74ab-485d-44be-88c3-28c6b4a7c491,Chadwick and Loya - 1990 - Regeneration after experimental breakage in the solitary reef coral Fungia granulosa Klunzing.pdf,survival,DIG-9f7a74ab-survival,2,figure,Fig. 3,6,keep,figure,Fig. 3,6,Fig. 3. Tissue necrosis in experimentally fragmented polyps of Fungia granulosa. (A) Intact control corals (n = 21). (B) Corals with 10-50% breakage (n = 18). (C) Corals with 51-90% breakage (n = 25). 100% tissue necrosis = dead coral.,Printed caption on stated page and directly relevant to tissue necrosis/dead coral.,false,pdftotext -layout caption match,digitization/source_review/agent_audits/figure_candidate_audit_agent1.csv,valid_status,matched_base_candidate
9f7a74ab-485d-44be-88c3-28c6b4a7c491,Chadwick and Loya - 1990 - Regeneration after experimental breakage in the solitary reef coral Fungia granulosa Klunzing.pdf,survival,DIG-9f7a74ab-survival,3,figure,Fig. 2,5,replace,figure,Fig. 3,6,Fig. 3. Tissue necrosis in experimentally fragmented polyps of Fungia granulosa. (A) Intact control corals (n = 21). (B) Corals with 10-50% breakage (n = 18). (C) Corals with 51-90% breakage (n = 25). 100% tissue necrosis = dead coral.,"Original Fig. 2 is tissue regeneration, not survival; Fig. 3 is the printed tissue-necrosis candidate.",false,pdftotext -layout caption match,digitization/source_review/agent_audits/figure_candidate_audit_agent1.csv,valid_status,matched_base_candidate
9f7a74ab-485d-44be-88c3-28c6b4a7c491,Chadwick and Loya - 1990 - Regeneration after experimental breakage in the solitary reef coral Fungia granulosa Klunzing.pdf,survival,DIG-9f7a74ab-survival,4,figure,Fig. 4,7,replace,figure,Fig. 3,6,Fig. 3. Tissue necrosis in experimentally fragmented polyps of Fungia granulosa. (A) Intact control corals (n = 21). (B) Corals with 10-50% breakage (n = 18). (C) Corals with 51-90% breakage (n = 25). 100% tissue necrosis = dead coral.,"Original Fig. 4 is skeletal growth rate, not survival; Fig. 3 is the printed tissue-necrosis candidate.",false,pdftotext -layout caption match,digitization/source_review/agent_audits/figure_candidate_audit_agent1.csv,valid_status,matched_base_candidate
9f7a74ab-485d-44be-88c3-28c6b4a7c491,Chadwick and Loya - 1990 - Regeneration after experimental breakage in the solitary reef coral Fungia granulosa Klunzing.pdf,survival,DIG-9f7a74ab-survival,5,figure,Fig. 5,8,replace,figure,Fig. 3,6,Fig. 3. Tissue necrosis in experimentally fragmented polyps of Fungia granulosa. (A) Intact control corals (n = 21). (B) Corals with 10-50% breakage (n = 18). (C) Corals with 51-90% breakage (n = 25). 100% tissue necrosis = dead coral.,"Original Fig. 5 is skeletal growth rate, not survival; Fig. 3 is the printed tissue-necrosis candidate.",false,pdftotext -layout caption match,digitization/source_review/agent_audits/figure_candidate_audit_agent1.csv,valid_status,matched_base_candidate
ec19aed9-6875-473a-accb-914b065e6e10,Counsell et al. - 2019 - Colony size and depth affect wound repair in a branching coral.pdf,rate,DIG-ec19aed9-rate,1,figure,Fig. 5,8,keep,figure,Fig. 5,8,"Fig. 5. Plots of the average effect of depth, colony size, inter-branch distance, bleaching history stress index, percent live coral tissue, and wound size on the time (in days) for wounds to heal in Pocillopora meandrina, based on a Generalized Linear Mixed Model. Gray bars show the 95% confidence interval on model estimates.",Printed caption on stated page and directly models time to wound healing.,false,pdftotext -layout caption match,digitization/source_review/agent_audits/figure_candidate_audit_agent1.csv,valid_status,matched_base_candidate
ec19aed9-6875-473a-accb-914b065e6e10,Counsell et al. - 2019 - Colony size and depth affect wound repair in a branching coral.pdf,rate,DIG-ec19aed9-rate,2,figure,Fig. 3,6,keep,figure,Fig. 3,6,Fig. 3. Chronological photographs of wound healing from an initial (April 2017) and subsequent (May 2017) broken branch of a Pocillopora meandrina colony.,Printed caption on stated page and relevant to chronological wound healing.,false,pdftotext -layout caption match,digitization/source_review/agent_audits/figure_candidate_audit_agent1.csv,valid_status,matched_base_candidate
ec19aed9-6875-473a-accb-914b065e6e10,Counsell et al. - 2019 - Colony size and depth affect wound repair in a branching coral.pdf,rate,DIG-ec19aed9-rate,3,table,Table 1,4,keep,table,Table 1,4,"Table 1. Site names with coordinates, number of Pocillopora meandrina colonies sampled, depth, colony bleaching history, average daily temperature, significant wave height, and time to heal wound.",Printed caption on stated page and includes time to heal wound by site.,false,pdftotext -layout caption match,digitization/source_review/agent_audits/figure_candidate_audit_agent1.csv,valid_status,matched_base_candidate
ec19aed9-6875-473a-accb-914b065e6e10,Counsell et al. - 2019 - Colony size and depth affect wound repair in a branching coral.pdf,rate,DIG-ec19aed9-rate,4,figure,Fig. 5d,7,replace,figure,Fig. 5,8,"Fig. 5. Plots of the average effect of depth, colony size, inter-branch distance, bleaching history stress index, percent live coral tissue, and wound size on the time (in days) for wounds to heal in Pocillopora meandrina, based on a Generalized Linear Mixed Model. Gray bars show the 95% confidence interval on model estimates.","Original Fig. 5d is an in-text panel mention, not a printed caption; Fig. 5 on page 8 is the printed model-effects caption.",false,pdftotext -layout caption match,digitization/source_review/agent_audits/figure_candidate_audit_agent1.csv,valid_status,matched_base_candidate
ec19aed9-6875-473a-accb-914b065e6e10,Counsell et al. - 2019 - Colony size and depth affect wound repair in a branching coral.pdf,rate,DIG-ec19aed9-rate,5,figure,Fig. 4,6,keep,figure,Fig. 4,6,Fig. 4. Scatterplot comparing the number of days to heal an initial wound versus a subsequent wound for each Pocillopora meandrina colony.,Printed caption on stated page and compares days to heal initial versus subsequent wounds.,false,pdftotext -layout caption match,digitization/source_review/agent_audits/figure_candidate_audit_agent1.csv,valid_status,matched_base_candidate
ec19aed9-6875-473a-accb-914b065e6e10,Counsell et al. - 2019 - Colony size and depth affect wound repair in a branching coral.pdf,survival,DIG-ec19aed9-survival,1,figure,Fig. 1,4,remove,,no_valid_candidate_found,,,"No printed survival/mortality outcome figure or table was found in this PDF; printed candidates are site maps, bleaching ranks, wound-healing timing, or site metadata.",false,pdftotext -layout caption match,digitization/source_review/agent_audits/figure_candidate_audit_agent1.csv,valid_status,matched_base_candidate
ec19aed9-6875-473a-accb-914b065e6e10,Counsell et al. - 2019 - Colony size and depth affect wound repair in a branching coral.pdf,survival,DIG-ec19aed9-survival,2,table,Table 1,4,remove,,no_valid_candidate_found,,,"No printed survival/mortality outcome figure or table was found in this PDF; printed candidates are site maps, bleaching ranks, wound-healing timing, or site metadata.",false,pdftotext -layout caption match,digitization/source_review/agent_audits/figure_candidate_audit_agent1.csv,valid_status,matched_base_candidate
ec19aed9-6875-473a-accb-914b065e6e10,Counsell et al. - 2019 - Colony size and depth affect wound repair in a branching coral.pdf,survival,DIG-ec19aed9-survival,3,table,Table 1,4,remove,,no_valid_candidate_found,,,"No printed survival/mortality outcome figure or table was found in this PDF; printed candidates are site maps, bleaching ranks, wound-healing timing, or site metadata.",false,pdftotext -layout caption match,digitization/source_review/agent_audits/figure_candidate_audit_agent1.csv,valid_status,matched_base_candidate
ec19aed9-6875-473a-accb-914b065e6e10,Counsell et al. - 2019 - Colony size and depth affect wound repair in a branching coral.pdf,survival,DIG-ec19aed9-survival,4,figure,Fig. 2,5,remove,,no_valid_candidate_found,,,"No printed survival/mortality outcome figure or table was found in this PDF; printed candidates are site maps, bleaching ranks, wound-healing timing, or site metadata.",false,pdftotext -layout caption match,digitization/source_review/agent_audits/figure_candidate_audit_agent1.csv,valid_status,matched_base_candidate
ec19aed9-6875-473a-accb-914b065e6e10,Counsell et al. - 2019 - Colony size and depth affect wound repair in a branching coral.pdf,survival,DIG-ec19aed9-survival,5,figure,Fig. 3,6,remove,,no_valid_candidate_found,,,"No printed survival/mortality outcome figure or table was found in this PDF; printed candidates are site maps, bleaching ranks, wound-healing timing, or site metadata.",false,pdftotext -layout caption match,digitization/source_review/agent_audits/figure_candidate_audit_agent1.csv,valid_status,matched_base_candidate
034d4e10-aee2-4964-9c77-cb6f4174bd3e,Cróquer et al. - 2002 - Environmental factors affecting tissue regeneration of the reef - building coral Montastraea annular.pdf,rate,DIG-034d4e10-rate,1,mention,Fig. 2,3,replace,figure,Fig. 2,4,Fig. 2. Means and standard deviations of tissue regeneration of small injuries. a. Small-Top-Tissue lesion (STT). b. Small-Top-Skeleton lesion (STSk). c. Small-Bottom-Tissue lesion (SBT). d. Small-Bottom-Skeleton lesion (SBSk).,Original row is an in-text mention on page 3; rendered page 4 shows the printed Fig. 2 caption for small-injury tissue regeneration.,true,pdftotext -layout found only mentions; pdftoppm page render visual caption check,digitization/source_review/agent_audits/figure_candidate_audit_agent1.csv,valid_status,matched_base_candidate
034d4e10-aee2-4964-9c77-cb6f4174bd3e,Cróquer et al. - 2002 - Environmental factors affecting tissue regeneration of the reef - building coral Montastraea annular.pdf,rate,DIG-034d4e10-rate,2,mention,Fig. 3,3,replace,figure,Fig. 3,4,Fig. 3. Means and standard deviations of tissue regeneration of large injuries. a. Large-Top-Tissue lesion (LTT). b. Large-Top-Skeleton lesion (LTSk). c. Large-Bottom-Tissue lesion (LBT). d. Large-Bottom-Skeleton lesion (LBSk).,Original row is an in-text mention on page 3; rendered page 4 shows the printed Fig. 3 caption for large-injury tissue regeneration.,true,pdftotext -layout found only mentions; pdftoppm page render visual caption check,digitization/source_review/agent_audits/figure_candidate_audit_agent1.csv,valid_status,matched_base_candidate
034d4e10-aee2-4964-9c77-cb6f4174bd3e,Cróquer et al. - 2002 - Environmental factors affecting tissue regeneration of the reef - building coral Montastraea annular.pdf,rate,DIG-034d4e10-rate,3,mention,Fig. 4,3,replace,figure,Fig. 4,5,"Fig. 4. Representative images showing the tissue regeneration mechanism at 0, 3, 17, 60 and 90 days. a. Small-Top-Tissue lesion (STT) recovering homogeneously at many points. b. Small-Top-Skeleton lesion (STSk) recovering from the edge toward the center. c. Large-Bottom-Tissue lesion (LBT) recovering homogeneously at many points.",Original row is an in-text mention on page 3; rendered page 5 shows the printed Fig. 4 caption for tissue-regeneration mechanism over time.,true,pdftotext -layout found only mentions; pdftoppm page render visual caption check,digitization/source_review/agent_audits/figure_candidate_audit_agent1.csv,valid_status,matched_base_candidate
034d4e10-aee2-4964-9c77-cb6f4174bd3e,Cróquer et al. - 2002 - Environmental factors affecting tissue regeneration of the reef - building coral Montastraea annular.pdf,rate,DIG-034d4e10-rate,4,mention,Table 1,5,replace,table,Table 1,6,"TABLE 1. Means and standard deviations (in brackets) of tissue regeneration rates at each reef site for small-top-tissue, small-top-skeleton, large-top-tissue, large-top-skeleton, small-bottom-tissue, and small-bottom-skeleton lesions. Tissue regeneration rates are reported in cm2/day by monitoring day.",Original row is an in-text mention on page 5; rendered page 6 shows Table 1 with tissue regeneration rates in cm2/day.,true,pdftotext -layout found only mentions; pdftoppm page render visual caption check,digitization/source_review/agent_audits/figure_candidate_audit_agent1.csv,valid_status,matched_base_candidate
034d4e10-aee2-4964-9c77-cb6f4174bd3e,Cróquer et al. - 2002 - Environmental factors affecting tissue regeneration of the reef - building coral Montastraea annular.pdf,rate,DIG-034d4e10-rate,5,mention,Table 3,7,replace,table,Table 1,6,"TABLE 1. Means and standard deviations (in brackets) of tissue regeneration rates at each reef site for small-top-tissue, small-top-skeleton, large-top-tissue, large-top-skeleton, small-bottom-tissue, and small-bottom-skeleton lesions. Tissue regeneration rates are reported in cm2/day by monitoring day.","Original Table 3 mention is environmental parameters, not a regeneration-rate table; Table 1 is the printed rate table.",true,pdftotext -layout found only mentions; pdftoppm page render visual caption check,digitization/source_review/agent_audits/figure_candidate_audit_agent1.csv,valid_status,matched_base_candidate
28b1e816-45f3-42fc-a2b0-0cfea52a0adc,"DeFilippo et al. - 2016 - Patterns of surface lesion recovery in the Northern Star Coral, Astrangia poculata.pdf",rate,DIG-28b1e816-rate,1,figure,Fig. 3,6,keep,figure,Fig. 3,6,"Fig. 3. Healing patterns in Astrangia poculata. Mean proportion of the lesion area recovered for each wound group of symbiotic colonies, aposymbiotic colonies, all wound groups combined, and mean surface area of new tissue by recovery type. Error bars represent standard error from the mean.",Printed caption on stated page and directly reports lesion-area recovery.,false,pdftotext -layout caption match,digitization/source_review/agent_audits/figure_candidate_audit_agent1.csv,valid_status,matched_base_candidate
28b1e816-45f3-42fc-a2b0-0cfea52a0adc,"DeFilippo et al. - 2016 - Patterns of surface lesion recovery in the Northern Star Coral, Astrangia poculata.pdf",rate,DIG-28b1e816-rate,2,table,Table 1,6,keep,table,Table 1,6,"Table 1. Model summary of beta regression for central recovery with logit link function. Pseudo-R2 = 0.555, Log-likelihood = 39.651, AICc = -67.427.",Printed table caption on stated page and relevant to modeled central recovery; extraction text is contaminated by adjacent article text.,false,pdftotext -layout caption match,digitization/source_review/agent_audits/figure_candidate_audit_agent1.csv,valid_status,matched_base_candidate
28b1e816-45f3-42fc-a2b0-0cfea52a0adc,"DeFilippo et al. - 2016 - Patterns of surface lesion recovery in the Northern Star Coral, Astrangia poculata.pdf",rate,DIG-28b1e816-rate,3,figure,Fig. 2,4,keep,figure,Fig. 2,4,"Fig. 2. Time series of wounding and recovery in Astrangia poculata. Pre-wounding and post-wounding images after 3, 7, 10, 15, 20, 30, and 60 days, with close-ups of single polyp recovery.",Printed caption on stated page and relevant to recovery time series.,false,pdftotext -layout caption match,digitization/source_review/agent_audits/figure_candidate_audit_agent1.csv,valid_status,matched_base_candidate
28b1e816-45f3-42fc-a2b0-0cfea52a0adc,"DeFilippo et al. - 2016 - Patterns of surface lesion recovery in the Northern Star Coral, Astrangia poculata.pdf",rate,DIG-28b1e816-rate,4,table,Table 4,8,replace,figure,Fig. 3,6,"Fig. 3. Healing patterns in Astrangia poculata. Mean proportion of the lesion area recovered for each wound group of symbiotic colonies, aposymbiotic colonies, all wound groups combined, and mean surface area of new tissue by recovery type. Error bars represent standard error from the mean.","Original Table 4/5 reports photosynthetic efficiency and chlorophyll density, not lesion recovery rate; Fig. 3 is the direct healing-pattern candidate.",false,pdftotext -layout caption match,digitization/source_review/agent_audits/figure_candidate_audit_agent1.csv,valid_status,matched_base_candidate
28b1e816-45f3-42fc-a2b0-0cfea52a0adc,"DeFilippo et al. - 2016 - Patterns of surface lesion recovery in the Northern Star Coral, Astrangia poculata.pdf",rate,DIG-28b1e816-rate,5,figure,Fig. 4,7,replace,figure,Fig. 3,6,"Fig. 3. Healing patterns in Astrangia poculata. Mean proportion of the lesion area recovered for each wound group of symbiotic colonies, aposymbiotic colonies, all wound groups combined, and mean surface area of new tissue by recovery type. Error bars represent standard error from the mean.","Original Fig. 4 reports tissue mortality/living tissue lost, not recovery rate; Fig. 3 is the direct healing-pattern candidate.",false,pdftotext -layout caption match,digitization/source_review/agent_audits/figure_candidate_audit_agent1.csv,valid_status,matched_base_candidate
3d374a40-79d3-413b-99c2-670f9da97bef,"Dias et al. - 2018 - Mortality, growth and regeneration following fragmentation of reef-forming corals under thermal stre.pdf",growth,DIG-3d374a40-growth,1,table,Table 1,3,keep,table,Table 1,3,"Table 1. Summary of results of PERMANOVA permutation tests applied to report the effects of temperature, coral species and presence/absence of injury in coral fragments' mortality, partial mortality, growth and regeneration rates. Significant differences are marked in bold.","Printed caption on stated page; it includes tests for growth rates, although Table 2 is the direct data table.",false,pdftotext -layout caption match,digitization/source_review/agent_audits/figure_candidate_audit_agent1.csv,valid_status,matched_base_candidate
3d374a40-79d3-413b-99c2-670f9da97bef,"Dias et al. - 2018 - Mortality, growth and regeneration following fragmentation of reef-forming corals under thermal stre.pdf",growth,DIG-3d374a40-growth,2,figure,Fig. 2a,4,replace,table,Table 2,8,Table 2. Coral fragments' average growth rate ± standard deviation in the three temperature experiments (g g−1 day−1). NA – not available.,"Original Fig. 2a is an in-text panel mention about partial mortality, not a growth caption; Table 2 is the printed average growth-rate table.",false,pdftotext -layout caption match,digitization/source_review/agent_audits/figure_candidate_audit_agent1.csv,valid_status,matched_base_candidate
3d374a40-79d3-413b-99c2-670f9da97bef,"Dias et al. - 2018 - Mortality, growth and regeneration following fragmentation of reef-forming corals under thermal stre.pdf",growth,DIG-3d374a40-growth,3,table,Table 1,4,replace,table,Table 2,8,Table 2. Coral fragments' average growth rate ± standard deviation in the three temperature experiments (g g−1 day−1). NA – not available.,Original Table 1 row is an in-text mention on the wrong page; Table 2 is the better printed growth-rate table.,false,pdftotext -layout caption match,digitization/source_review/agent_audits/figure_candidate_audit_agent1.csv,valid_status,matched_base_candidate
3d374a40-79d3-413b-99c2-670f9da97bef,"Dias et al. - 2018 - Mortality, growth and regeneration following fragmentation of reef-forming corals under thermal stre.pdf",growth,DIG-3d374a40-growth,4,table,Table 2,8,keep,table,Table 2,8,Table 2. Coral fragments' average growth rate ± standard deviation in the three temperature experiments (g g−1 day−1). NA – not available.,Printed caption on stated page and directly reports average growth rates.,false,pdftotext -layout caption match,digitization/source_review/agent_audits/figure_candidate_audit_agent1.csv,valid_status,matched_base_candidate
3d374a40-79d3-413b-99c2-670f9da97bef,"Dias et al. - 2018 - Mortality, growth and regeneration following fragmentation of reef-forming corals under thermal stre.pdf",growth,DIG-3d374a40-growth,5,figure,Fig. 1,5,replace,table,Table 2,8,Table 2. Coral fragments' average growth rate ± standard deviation in the three temperature experiments (g g−1 day−1). NA – not available.,"Original Fig. 1 reports mortality, not growth; Table 2 is the printed average growth-rate table.",false,pdftotext -layout caption match,digitization/source_review/agent_audits/figure_candidate_audit_agent1.csv,valid_status,matched_base_candidate
3d374a40-79d3-413b-99c2-670f9da97bef,"Dias et al. - 2018 - Mortality, growth and regeneration following fragmentation of reef-forming corals under thermal stre.pdf",rate,DIG-3d374a40-rate,1,table,Table 3,8,keep,table,Table 3,8,Table 3. Coral fragments' average regeneration rate ± standard deviation in the three temperature experiments (mm2 day−1) measured until complete regeneration or the last time point they were still alive. For more information see Supplementary material – Table 1.,Printed caption on stated page and directly reports average regeneration rates.,false,pdftotext -layout caption match,digitization/source_review/agent_audits/figure_candidate_audit_agent1.csv,valid_status,matched_base_candidate
3d374a40-79d3-413b-99c2-670f9da97bef,"Dias et al. - 2018 - Mortality, growth and regeneration following fragmentation of reef-forming corals under thermal stre.pdf",rate,DIG-3d374a40-rate,2,table,Table 3,8,keep,table,Table 3,8,Table 3. Coral fragments' average regeneration rate ± standard deviation in the three temperature experiments (mm2 day−1) measured until complete regeneration or the last time point they were still alive. For more information see Supplementary material – Table 1.,Label/page match the printed Table 3 regeneration-rate caption; original extracted text is contaminated by adjacent discussion.,false,pdftotext -layout caption match,digitization/source_review/agent_audits/figure_candidate_audit_agent1.csv,valid_status,matched_base_candidate
3d374a40-79d3-413b-99c2-670f9da97bef,"Dias et al. - 2018 - Mortality, growth and regeneration following fragmentation of reef-forming corals under thermal stre.pdf",rate,DIG-3d374a40-rate,3,table,Table 3,8,keep,table,Table 3,8,Table 3. Coral fragments' average regeneration rate ± standard deviation in the three temperature experiments (mm2 day−1) measured until complete regeneration or the last time point they were still alive. For more information see Supplementary material – Table 1.,Label/page match the printed Table 3 regeneration-rate caption; original extracted text is contaminated by adjacent discussion.,false,pdftotext -layout caption match,digitization/source_review/agent_audits/figure_candidate_audit_agent1.csv,valid_status,matched_base_candidate
3d374a40-79d3-413b-99c2-670f9da97bef,"Dias et al. - 2018 - Mortality, growth and regeneration following fragmentation of reef-forming corals under thermal stre.pdf",rate,DIG-3d374a40-rate,4,table,Table 2,8,replace,table,Table 3,8,Table 3. Coral fragments' average regeneration rate ± standard deviation in the three temperature experiments (mm2 day−1) measured until complete regeneration or the last time point they were still alive. For more information see Supplementary material – Table 1.,"Original Table 2 reports growth rates, not regeneration rates; Table 3 is the printed regeneration-rate table.",false,pdftotext -layout caption match,digitization/source_review/agent_audits/figure_candidate_audit_agent1.csv,valid_status,matched_base_candidate
3d374a40-79d3-413b-99c2-670f9da97bef,"Dias et al. - 2018 - Mortality, growth and regeneration following fragmentation of reef-forming corals under thermal stre.pdf",rate,DIG-3d374a40-rate,5,table,Table 1,3,keep,table,Table 1,3,"Table 1. Summary of results of PERMANOVA permutation tests applied to report the effects of temperature, coral species and presence/absence of injury in coral fragments' mortality, partial mortality, growth and regeneration rates. Significant differences are marked in bold.","Printed caption on stated page; it includes tests for regeneration rates, although Table 3 is the direct data table.",false,pdftotext -layout caption match,digitization/source_review/agent_audits/figure_candidate_audit_agent1.csv,valid_status,matched_base_candidate
3d374a40-79d3-413b-99c2-670f9da97bef,"Dias et al. - 2018 - Mortality, growth and regeneration following fragmentation of reef-forming corals under thermal stre.pdf",survival,DIG-3d374a40-survival,1,table,Table 2,8,replace,figure,Fig. 1,5,Fig. 1. Mortality of the coral species' fragments studied throughout the three temperature experiments.,"Original Table 2 reports growth rates, not survival; Fig. 1 is the printed mortality figure.",false,pdftotext -layout caption match,digitization/source_review/agent_audits/figure_candidate_audit_agent1.csv,valid_status,matched_base_candidate
3d374a40-79d3-413b-99c2-670f9da97bef,"Dias et al. - 2018 - Mortality, growth and regeneration following fragmentation of reef-forming corals under thermal stre.pdf",survival,DIG-3d374a40-survival,2,table,Table 1,3,keep,table,Table 1,3,"Table 1. Summary of results of PERMANOVA permutation tests applied to report the effects of temperature, coral species and presence/absence of injury in coral fragments' mortality, partial mortality, growth and regeneration rates. Significant differences are marked in bold.",Printed caption on stated page and includes mortality and partial mortality tests.,false,pdftotext -layout caption match,digitization/source_review/agent_audits/figure_candidate_audit_agent1.csv,valid_status,matched_base_candidate
3d374a40-79d3-413b-99c2-670f9da97bef,"Dias et al. - 2018 - Mortality, growth and regeneration following fragmentation of reef-forming corals under thermal stre.pdf",survival,DIG-3d374a40-survival,3,figure,Fig. 2a,4,replace,figure,Fig. 2,6,"Fig. 2. Partial mortality of the coral species' fragments studied throughout the three temperature experiments separated in percentage classes [0,25%[, [25,50%[, [50,75%[ and [75,100%].",Original Fig. 2a is an in-text panel mention on the wrong page; Fig. 2 is the printed partial-mortality caption.,false,pdftotext -layout caption match,digitization/source_review/agent_audits/figure_candidate_audit_agent1.csv,valid_status,matched_base_candidate
3d374a40-79d3-413b-99c2-670f9da97bef,"Dias et al. - 2018 - Mortality, growth and regeneration following fragmentation of reef-forming corals under thermal stre.pdf",survival,DIG-3d374a40-survival,4,table,Table 1,4,replace,table,Table 1,3,"Table 1. Summary of results of PERMANOVA permutation tests applied to report the effects of temperature, coral species and presence/absence of injury in coral fragments' mortality, partial mortality, growth and regeneration rates. Significant differences are marked in bold.",Original Table 1 row is an in-text mention on page 4; the printed Table 1 caption is on page 3 and is relevant to mortality/partial mortality.,false,pdftotext -layout caption match,digitization/source_review/agent_audits/figure_candidate_audit_agent1.csv,valid_status,matched_base_candidate
3d374a40-79d3-413b-99c2-670f9da97bef,"Dias et al. - 2018 - Mortality, growth and regeneration following fragmentation of reef-forming corals under thermal stre.pdf",survival,DIG-3d374a40-survival,5,figure,Fig. 2,6,keep,figure,Fig. 2,6,"Fig. 2. Partial mortality of the coral species' fragments studied throughout the three temperature experiments separated in percentage classes [0,25%[, [25,50%[, [50,75%[ and [75,100%].",Printed caption on stated page and directly relevant to partial mortality.,false,pdftotext -layout caption match,digitization/source_review/agent_audits/figure_candidate_audit_agent1.csv,valid_status,matched_base_candidate
c849a042-644e-4b4f-a530-33cfb800d9a9,E and Y - 1996 - Regeneration versus budding in fungiid corals a trade-off.pdf,growth,DIG-c849a042-growth,1,figure,Fig. 1,3,keep,figure,Fig. 1,3,Fig. 1. Fungia granulosa. Corallum after experimental treatment: (a) 1 yr after coverage of the polyp's mouth and part of its corallum with putty; (b) close-up showing asexually derived anthocauli; (c) 6 mo after removal of tissue by air pick; (d) close-up of anthocauli developed 6 mo after tissue removal.,Printed caption on stated page and relevant to bud formation/growth after treatment.,false,pdftotext -layout caption match,digitization/source_review/agent_audits/figure_candidate_audit_agent1.csv,valid_status,matched_base_candidate
c849a042-644e-4b4f-a530-33cfb800d9a9,E and Y - 1996 - Regeneration versus budding in fungiid corals a trade-off.pdf,growth,DIG-c849a042-growth,2,figure,Fig. 2,4,keep,figure,Fig. 2,4,"Fig. 2. Fungia granulosa. Residual tissue developing into a new polyp: (a) new mouth developing 10 d after breakage; (b) new polyp at Day 14; (c) developed anthocaulus at 21 d, showing calyx, scleroseptae and tentacles.",Printed caption on stated page and relevant to new polyp development.,false,pdftotext -layout caption match,digitization/source_review/agent_audits/figure_candidate_audit_agent1.csv,valid_status,matched_base_candidate
c849a042-644e-4b4f-a530-33cfb800d9a9,E and Y - 1996 - Regeneration versus budding in fungiid corals a trade-off.pdf,growth,DIG-c849a042-growth,3,table,Table 2,4,keep,table,Table 2,4,"Table 2. Fungia granulosa. Characteristics of survival, regeneration, and bud formation, following experimental breakage of various-sized fragments of coral raised under laboratory conditions. Large fragments were greater than 5 septae in thickness, medium-sized fragments were 2 to 5 septae in thickness, and small fragments were 1 septum in thickness. W: with mouth; WO: without mouth.","Printed caption on stated page and relevant to survival, regeneration, and bud formation after breakage.",false,pdftotext -layout caption match,digitization/source_review/agent_audits/figure_candidate_audit_agent1.csv,valid_status,matched_base_candidate
c849a042-644e-4b4f-a530-33cfb800d9a9,E and Y - 1996 - Regeneration versus budding in fungiid corals a trade-off.pdf,growth,DIG-c849a042-growth,4,figure,Fig. 3,5,keep,figure,Fig. 3,5,"Fig. 3. Fungia granulosa. Tissue fragment: (a) planula-like tissue ball 1 d after excision; (b) tissue ball 21 d after settlement in vitro. Note development of mouth, calyx and septae.",Printed caption on stated page and relevant to tissue fragment development.,false,pdftotext -layout caption match,digitization/source_review/agent_audits/figure_candidate_audit_agent1.csv,valid_status,matched_base_candidate
c849a042-644e-4b4f-a530-33cfb800d9a9,E and Y - 1996 - Regeneration versus budding in fungiid corals a trade-off.pdf,growth,DIG-c849a042-growth,5,figure,Fig. 4,5,keep,figure,Fig. 4,5,"Fig. 4. Fungia granulosa. Residual tissue: (a) decalcified bud developed from residual tissue, surrounded by remnant parental tissue; (b) histological section of the bud revealing tissue formation from parental tissues.",Printed caption on stated page and relevant to bud tissue formation.,false,pdftotext -layout caption match,digitization/source_review/agent_audits/figure_candidate_audit_agent1.csv,valid_status,matched_base_candidate
c849a042-644e-4b4f-a530-33cfb800d9a9,E and Y - 1996 - Regeneration versus budding in fungiid corals a trade-off.pdf,rate,DIG-c849a042-rate,1,table,Table 2,4,keep,table,Table 2,4,"Table 2. Fungia granulosa. Characteristics of survival, regeneration, and bud formation, following experimental breakage of various-sized fragments of coral raised under laboratory conditions. Large fragments were greater than 5 septae in thickness, medium-sized fragments were 2 to 5 septae in thickness, and small fragments were 1 septum in thickness. W: with mouth; WO: without mouth.",Printed caption on stated page and relevant to regeneration after breakage.,false,pdftotext -layout caption match,digitization/source_review/agent_audits/figure_candidate_audit_agent1.csv,valid_status,matched_base_candidate
c849a042-644e-4b4f-a530-33cfb800d9a9,E and Y - 1996 - Regeneration versus budding in fungiid corals a trade-off.pdf,rate,DIG-c849a042-rate,2,figure,Fig. 1,3,replace,table,Table 2,4,"Table 2. Fungia granulosa. Characteristics of survival, regeneration, and bud formation, following experimental breakage of various-sized fragments of coral raised under laboratory conditions. Large fragments were greater than 5 septae in thickness, medium-sized fragments were 2 to 5 septae in thickness, and small fragments were 1 septum in thickness. W: with mouth; WO: without mouth.","Original Fig. 1 is a photographic treatment outcome at 6 months/1 year, not a rate table; Table 2 is the printed regeneration table.",false,pdftotext -layout caption match,digitization/source_review/agent_audits/figure_candidate_audit_agent1.csv,valid_status,matched_base_candidate
c849a042-644e-4b4f-a530-33cfb800d9a9,E and Y - 1996 - Regeneration versus budding in fungiid corals a trade-off.pdf,rate,DIG-c849a042-rate,3,figure,Fig. 2,4,keep,figure,Fig. 2,4,"Fig. 2. Fungia granulosa. Residual tissue developing into a new polyp: (a) new mouth developing 10 d after breakage; (b) new polyp at Day 14; (c) developed anthocaulus at 21 d, showing calyx, scleroseptae and tentacles.",Printed caption on stated page and relevant to regeneration timing after breakage.,false,pdftotext -layout caption match,digitization/source_review/agent_audits/figure_candidate_audit_agent1.csv,valid_status,matched_base_candidate
c849a042-644e-4b4f-a530-33cfb800d9a9,E and Y - 1996 - Regeneration versus budding in fungiid corals a trade-off.pdf,rate,DIG-c849a042-rate,4,figure,Fig. 3,5,keep,figure,Fig. 3,5,"Fig. 3. Fungia granulosa. Tissue fragment: (a) planula-like tissue ball 1 d after excision; (b) tissue ball 21 d after settlement in vitro. Note development of mouth, calyx and septae.",Printed caption on stated page and relevant to tissue development timing after excision.,false,pdftotext -layout caption match,digitization/source_review/agent_audits/figure_candidate_audit_agent1.csv,valid_status,matched_base_candidate
c849a042-644e-4b4f-a530-33cfb800d9a9,E and Y - 1996 - Regeneration versus budding in fungiid corals a trade-off.pdf,rate,DIG-c849a042-rate,5,figure,Fig. 4,5,replace,table,Table 2,4,"Table 2. Fungia granulosa. Characteristics of survival, regeneration, and bud formation, following experimental breakage of various-sized fragments of coral raised under laboratory conditions. Large fragments were greater than 5 septae in thickness, medium-sized fragments were 2 to 5 septae in thickness, and small fragments were 1 septum in thickness. W: with mouth; WO: without mouth.","Original Fig. 4 is histology of bud tissue formation, not a rate candidate; Table 2 is the printed regeneration table.",false,pdftotext -layout caption match,digitization/source_review/agent_audits/figure_candidate_audit_agent1.csv,valid_status,matched_base_candidate
ad751939-b061-4323-9097-c1e7d2e9576f,Fine et al. - 2002 - Bleaching effect on regeneration and resource translocation in the coral Oculina patagonica.pdf,rate,DIG-ad751939-rate,1,table,Table 2,4,replace,table,Table 1,4,"Table 1. Oculina patagonica. Percentage lesion recovery over 45 d of 2 cm2 lesions inflicted on the surface of unbleached, partly bleached, and totally bleached colonies.","Original Table 2 reports 14C activity/translocation, not lesion recovery rate; Table 1 is the printed percentage lesion recovery table.",false,pdftotext -layout caption match,digitization/source_review/agent_audits/figure_candidate_audit_agent1.csv,valid_status,matched_base_candidate
ad751939-b061-4323-9097-c1e7d2e9576f,Fine et al. - 2002 - Bleaching effect on regeneration and resource translocation in the coral Oculina patagonica.pdf,rate,DIG-ad751939-rate,2,table,Table 3,6,replace,table,Table 1,4,"Table 1. Oculina patagonica. Percentage lesion recovery over 45 d of 2 cm2 lesions inflicted on the surface of unbleached, partly bleached, and totally bleached colonies.",Original Table 3 row is a literature/discussion false positive on page 6; Table 1 is the printed percentage lesion recovery table.,false,pdftotext -layout caption match,digitization/source_review/agent_audits/figure_candidate_audit_agent1.csv,valid_status,matched_base_candidate
ad751939-b061-4323-9097-c1e7d2e9576f,Fine et al. - 2002 - Bleaching effect on regeneration and resource translocation in the coral Oculina patagonica.pdf,rate,DIG-ad751939-rate,3,table,Table 1,4,keep,table,Table 1,4,"Table 1. Oculina patagonica. Percentage lesion recovery over 45 d of 2 cm2 lesions inflicted on the surface of unbleached, partly bleached, and totally bleached colonies.",Printed caption on stated page and directly reports percentage lesion recovery over 45 days.,false,pdftotext -layout caption match,digitization/source_review/agent_audits/figure_candidate_audit_agent1.csv,valid_status,matched_base_candidate
ad751939-b061-4323-9097-c1e7d2e9576f,Fine et al. - 2002 - Bleaching effect on regeneration and resource translocation in the coral Oculina patagonica.pdf,rate,DIG-ad751939-rate,4,figure,Fig. 1,2,replace,table,Table 1,4,"Table 1. Oculina patagonica. Percentage lesion recovery over 45 d of 2 cm2 lesions inflicted on the surface of unbleached, partly bleached, and totally bleached colonies.","Original Fig. 1 is a lesion photograph, not rate data; Table 1 is the printed percentage lesion recovery table.",false,pdftotext -layout caption match,digitization/source_review/agent_audits/figure_candidate_audit_agent1.csv,valid_status,matched_base_candidate
ad751939-b061-4323-9097-c1e7d2e9576f,Fine et al. - 2002 - Bleaching effect on regeneration and resource translocation in the coral Oculina patagonica.pdf,rate,DIG-ad751939-rate,5,figure,Fig. 2C,5,replace,table,Table 1,4,"Table 1. Oculina patagonica. Percentage lesion recovery over 45 d of 2 cm2 lesions inflicted on the surface of unbleached, partly bleached, and totally bleached colonies.","Original Fig. 2C is an in-text panel mention of sampling sites, not rate data; Table 1 is the printed percentage lesion recovery table.",false,pdftotext -layout caption match,digitization/source_review/agent_audits/figure_candidate_audit_agent1.csv,valid_status,matched_base_candidate
ad751939-b061-4323-9097-c1e7d2e9576f,Fine et al. - 2002 - Bleaching effect on regeneration and resource translocation in the coral Oculina patagonica.pdf,survival,DIG-ad751939-survival,1,figure,Fig. 1,2,remove,,no_valid_candidate_found,,,"No printed survival/mortality outcome figure or table was found in this PDF; printed tables report lesion recovery or 14C translocation, and the figure/panel candidates are lesion/sampling-site visuals.",false,pdftotext -layout caption match,digitization/source_review/agent_audits/figure_candidate_audit_agent1.csv,valid_status,matched_base_candidate
ad751939-b061-4323-9097-c1e7d2e9576f,Fine et al. - 2002 - Bleaching effect on regeneration and resource translocation in the coral Oculina patagonica.pdf,survival,DIG-ad751939-survival,2,table,Table 1,4,remove,,no_valid_candidate_found,,,"No printed survival/mortality outcome figure or table was found in this PDF; printed tables report lesion recovery or 14C translocation, and the figure/panel candidates are lesion/sampling-site visuals.",false,pdftotext -layout caption match,digitization/source_review/agent_audits/figure_candidate_audit_agent1.csv,valid_status,matched_base_candidate
ad751939-b061-4323-9097-c1e7d2e9576f,Fine et al. - 2002 - Bleaching effect on regeneration and resource translocation in the coral Oculina patagonica.pdf,survival,DIG-ad751939-survival,3,table,Table 2,4,remove,,no_valid_candidate_found,,,"No printed survival/mortality outcome figure or table was found in this PDF; printed tables report lesion recovery or 14C translocation, and the figure/panel candidates are lesion/sampling-site visuals.",false,pdftotext -layout caption match,digitization/source_review/agent_audits/figure_candidate_audit_agent1.csv,valid_status,matched_base_candidate
ad751939-b061-4323-9097-c1e7d2e9576f,Fine et al. - 2002 - Bleaching effect on regeneration and resource translocation in the coral Oculina patagonica.pdf,survival,DIG-ad751939-survival,4,figure,Fig. 2C,5,remove,,no_valid_candidate_found,,,"No printed survival/mortality outcome figure or table was found in this PDF; printed tables report lesion recovery or 14C translocation, and the figure/panel candidates are lesion/sampling-site visuals.",false,pdftotext -layout caption match,digitization/source_review/agent_audits/figure_candidate_audit_agent1.csv,valid_status,matched_base_candidate
ad751939-b061-4323-9097-c1e7d2e9576f,Fine et al. - 2002 - Bleaching effect on regeneration and resource translocation in the coral Oculina patagonica.pdf,survival,DIG-ad751939-survival,5,table,Table 1,5,remove,,no_valid_candidate_found,,,"No printed survival/mortality outcome figure or table was found in this PDF; printed tables report lesion recovery or 14C translocation, and the figure/panel candidates are lesion/sampling-site visuals.",false,pdftotext -layout caption match,digitization/source_review/agent_audits/figure_candidate_audit_agent1.csv,valid_status,matched_base_candidate
e2191f69-a271-4c74-be4c-ebe977248362,Hall - 1997 - Interspecific differences in the regeneration of artificial injuries on scleractinian corals.pdf,rate,DIG-e2191f69-rate,1,figure,Fig. 1,6,keep,figure,Fig. 1,6,"Fig. 1. A photographic series showing the recovery of the tissue and scraping injuries inflicted on Porites over time, where a = tissue injury and b = scraping injury.",Printed caption on stated page and relevant to recovery over time.,false,pdftotext -layout caption match,digitization/source_review/agent_audits/figure_candidate_audit_agent1.csv,valid_status,matched_base_candidate
e2191f69-a271-4c74-be4c-ebe977248362,Hall - 1997 - Interspecific differences in the regeneration of artificial injuries on scleractinian corals.pdf,rate,DIG-e2191f69-rate,2,figure,Fig. 2,8,keep,figure,Fig. 2,8,Fig. 2. The amount of regeneration of a central and edge injury for several common reef crest species over 71 days. The error bars are one standard error.,Printed caption on stated page and directly reports regeneration over 71 days.,false,pdftotext -layout caption match,digitization/source_review/agent_audits/figure_candidate_audit_agent1.csv,valid_status,matched_base_candidate
e2191f69-a271-4c74-be4c-ebe977248362,Hall - 1997 - Interspecific differences in the regeneration of artificial injuries on scleractinian corals.pdf,rate,DIG-e2191f69-rate,3,figure,Fig. 3,9,keep,figure,Fig. 3,9,Fig. 3. Percentage of injury regeneration over time for Porites australiensis and Acropora cytherea. The error bars are one standard error.,Printed caption on stated page and directly reports percentage injury regeneration over time.,false,pdftotext -layout caption match,digitization/source_review/agent_audits/figure_candidate_audit_agent1.csv,valid_status,matched_base_candidate
e2191f69-a271-4c74-be4c-ebe977248362,Hall - 1997 - Interspecific differences in the regeneration of artificial injuries on scleractinian corals.pdf,rate,DIG-e2191f69-rate,4,table,Table 4,10,keep,table,Table 4,10,Table 4. (a) Linear extension of new growth for the two injury types (tissue removal and branch removal) inflicted on Acropora millepora and A. gemmifera. (b) Injury size and regeneration (percent of injury recovered) for the three injury types inflicted on A. millepora and A. gemmifera.,Printed caption on stated page and relevant to new growth and percent injury regeneration.,false,pdftotext -layout caption match,digitization/source_review/agent_audits/figure_candidate_audit_agent1.csv,valid_status,matched_base_candidate
e2191f69-a271-4c74-be4c-ebe977248362,Hall - 1997 - Interspecific differences in the regeneration of artificial injuries on scleractinian corals.pdf,rate,DIG-e2191f69-rate,5,table,Table 1,4,replace,figure,Fig. 3,9,Fig. 3. Percentage of injury regeneration over time for Porites australiensis and Acropora cytherea. The error bars are one standard error.,"Original Table 1 is a literature-review list of prior studies, not extractable rate data; Fig. 3 is the printed regeneration-over-time candidate.",false,pdftotext -layout caption match,digitization/source_review/agent_audits/figure_candidate_audit_agent1.csv,valid_status,matched_base_candidate
b9536b7f-eb24-428a-8a9f-9750a74faa1f,Hall - 2001 - The response of Acropora hyacinthus and Montipora tuberculosa to three different types of colony dam.pdf,rate,DIG-b9536b7f-rate,1,figure,Fig. 2,8,keep,figure,Fig. 2,8,Fig. 2. Mean regeneration of injuries (expressed as a percentage of the original injury size) for injury type and species after 12 and 24 days. Error bars represent 1 SE.,Printed Fig. 2 caption is on the stated PDF page and directly reports regeneration percentage over 12 and 24 days.,false,pdftotext -layout/-raw on local PDF; candidate page and printed caption context checked,digitization/source_review/agent_audits/figure_candidate_audit_agent2.csv,valid_status,matched_base_candidate
b9536b7f-eb24-428a-8a9f-9750a74faa1f,Hall - 2001 - The response of Acropora hyacinthus and Montipora tuberculosa to three different types of colony dam.pdf,rate,DIG-b9536b7f-rate,2,table,Table 3,10,replace,figure,Fig. 2,8,Fig. 2. Mean regeneration of injuries (expressed as a percentage of the original injury size) for injury type and species after 12 and 24 days. Error bars represent 1 SE.,"Printed Table 3 is on the stated page, but it reports tissue available for regeneration rather than regeneration rate; Fig. 2 is the better rate candidate.",false,pdftotext -layout/-raw on local PDF; candidate page and printed caption context checked,digitization/source_review/agent_audits/figure_candidate_audit_agent2.csv,valid_status,matched_base_candidate
b9536b7f-eb24-428a-8a9f-9750a74faa1f,Hall - 2001 - The response of Acropora hyacinthus and Montipora tuberculosa to three different types of colony dam.pdf,rate,DIG-b9536b7f-rate,3,table,Table 4,11,keep,table,Table 4,11,"Table 4. A summary of the repeated measures analysis of covariance testing for differences in regeneration between A. hyacinthus and M. tuberculosa for breakage injuries (Between Subject Effects), and how these patterns change between censuses (Within Subject Effects) after the effect of amount of tissue available for regeneration (ATR) has been adjusted for.",Printed Table 4 caption is on the stated page and tests regeneration differences across censuses after adjustment.,false,pdftotext -layout/-raw on local PDF; candidate page and printed caption context checked,digitization/source_review/agent_audits/figure_candidate_audit_agent2.csv,valid_status,matched_base_candidate
b9536b7f-eb24-428a-8a9f-9750a74faa1f,Hall - 2001 - The response of Acropora hyacinthus and Montipora tuberculosa to three different types of colony dam.pdf,rate,DIG-b9536b7f-rate,4,figure,Fig. 1,5,replace,figure,Fig. 2,8,Fig. 2. Mean regeneration of injuries (expressed as a percentage of the original injury size) for injury type and species after 12 and 24 days. Error bars represent 1 SE.,"Printed Fig. 1 is on the stated page but is a methods photograph of injury types, not a rate response; Fig. 2 is the better candidate.",false,pdftotext -layout/-raw on local PDF; candidate page and printed caption context checked,digitization/source_review/agent_audits/figure_candidate_audit_agent2.csv,valid_status,matched_base_candidate
b9536b7f-eb24-428a-8a9f-9750a74faa1f,Hall - 2001 - The response of Acropora hyacinthus and Montipora tuberculosa to three different types of colony dam.pdf,rate,DIG-b9536b7f-rate,5,table,Table 1,7,keep,table,Table 1,7,Table 1. Summary of the repeated measures ANOVA testing for differences in regeneration between species and injury types (Between Subject Effects) and how these patterns change between censuses (Within Subject Effects).,Printed Table 1 caption is on the stated page and summarizes repeated-measures tests of regeneration across censuses.,false,pdftotext -layout/-raw on local PDF; candidate page and printed caption context checked,digitization/source_review/agent_audits/figure_candidate_audit_agent2.csv,valid_status,matched_base_candidate
33b7b9b2-9041-454b-bba3-abfadd68029f,Hall et al. - 2015 - Lesion recovery of two scleractinian corals under low pH conditions Implications for restoration ef.pdf,rate,DIG-33b7b9b2-rate,1,figure,Fig. 1,3,keep,figure,Fig. 1,3,Fig. 1. Lesion recovery of representative Porites porites and P. astreoides after 10 days under 2 pH conditions (C-8.1 and L-7.6) and for 2 fragment sizes (1 x 1 cm and 5 x 5 cm).,Printed Fig. 1 caption is on the stated page and shows lesion recovery after 10 days.,false,pdftotext -layout/-raw on local PDF; candidate page and printed caption context checked,digitization/source_review/agent_audits/figure_candidate_audit_agent2.csv,valid_status,matched_base_candidate
33b7b9b2-9041-454b-bba3-abfadd68029f,Hall et al. - 2015 - Lesion recovery of two scleractinian corals under low pH conditions Implications for restoration ef.pdf,rate,DIG-33b7b9b2-rate,2,figure,Fig. 2,4,keep,figure,Fig. 2,4,"Fig. 2. Average percent lesion recovery (mean +/- SEM, n = 9) after 10 days for (A) Porites porites and (B) P. astreoides in low (L-7.6) and control (C-8.1) pH and two fragment sizes (1 x 1 cm and 5 x 5 cm).",Printed Fig. 2 caption is on the stated page and directly reports average percent lesion recovery.,false,pdftotext -layout/-raw on local PDF; candidate page and printed caption context checked,digitization/source_review/agent_audits/figure_candidate_audit_agent2.csv,valid_status,matched_base_candidate
33b7b9b2-9041-454b-bba3-abfadd68029f,Hall et al. - 2015 - Lesion recovery of two scleractinian corals under low pH conditions Implications for restoration ef.pdf,rate,DIG-33b7b9b2-rate,3,figure,Fig. 3,4,replace,figure,Fig. 2,4,"Fig. 2. Average percent lesion recovery (mean +/- SEM, n = 9) after 10 days for (A) Porites porites and (B) P. astreoides in low (L-7.6) and control (C-8.1) pH and two fragment sizes (1 x 1 cm and 5 x 5 cm).","Printed Fig. 3 is on the stated page but reports zooxanthellae density, not lesion recovery; Fig. 2 is the better rate candidate.",false,pdftotext -layout/-raw on local PDF; candidate page and printed caption context checked,digitization/source_review/agent_audits/figure_candidate_audit_agent2.csv,valid_status,matched_base_candidate
33b7b9b2-9041-454b-bba3-abfadd68029f,Hall et al. - 2015 - Lesion recovery of two scleractinian corals under low pH conditions Implications for restoration ef.pdf,rate,DIG-33b7b9b2-rate,4,figure,Fig. 5,5,replace,figure,Fig. 2,4,"Fig. 2. Average percent lesion recovery (mean +/- SEM, n = 9) after 10 days for (A) Porites porites and (B) P. astreoides in low (L-7.6) and control (C-8.1) pH and two fragment sizes (1 x 1 cm and 5 x 5 cm).","Printed Fig. 5 is on the stated page but reports protein per surface area, not lesion recovery; Fig. 2 is the better rate candidate.",false,pdftotext -layout/-raw on local PDF; candidate page and printed caption context checked,digitization/source_review/agent_audits/figure_candidate_audit_agent2.csv,valid_status,matched_base_candidate
33b7b9b2-9041-454b-bba3-abfadd68029f,Hall et al. - 2015 - Lesion recovery of two scleractinian corals under low pH conditions Implications for restoration ef.pdf,rate,DIG-33b7b9b2-rate,5,figure,Fig. 4,5,replace,figure,Fig. 2,4,"Fig. 2. Average percent lesion recovery (mean +/- SEM, n = 9) after 10 days for (A) Porites porites and (B) P. astreoides in low (L-7.6) and control (C-8.1) pH and two fragment sizes (1 x 1 cm and 5 x 5 cm).","Printed Fig. 4 is on the stated page but reports chlorophyll, not lesion recovery; Fig. 2 is the better rate candidate.",false,pdftotext -layout/-raw on local PDF; candidate page and printed caption context checked,digitization/source_review/agent_audits/figure_candidate_audit_agent2.csv,valid_status,matched_base_candidate
2b8676ad-34ad-450c-8649-095d5be68458,Hall_Injury_and_regeneration_of_common_reef-crest_corals.pdf,growth,DIG-2b8676ad-growth,1,table,Table 3,16,replace,table,Table 3.4,74,"Table 3.4. (a) Linear extension of new growth for the two injury types (tissue removal and branch removal) inflicted on A. millepora and A. gemmifera in experiment 2b (mean + 1 SE). KW represents the Kruskal-Wallis statistic obtained by comparing the differences in linear extension between the two injury types, and P equals the probability. (b) Injury size and regeneration (percent of injury recovered) for the two injury types inflicted on A. millepora and A. gemmifera in experiment 2b (mean + 1 SE).","Original page is the table-of-contents listing, not the printed table caption; actual growth/regeneration Table 3.4 is on PDF page 74.",false,pdftotext -layout/-raw on local PDF; candidate page and printed caption context checked,digitization/source_review/agent_audits/figure_candidate_audit_agent2.csv,valid_status,matched_base_candidate
2b8676ad-34ad-450c-8649-095d5be68458,Hall_Injury_and_regeneration_of_common_reef-crest_corals.pdf,growth,DIG-2b8676ad-growth,2,table,Table 3,74,replace,table,Table 3.4,74,"Table 3.4. (a) Linear extension of new growth for the two injury types (tissue removal and branch removal) inflicted on A. millepora and A. gemmifera in experiment 2b (mean + 1 SE). KW represents the Kruskal-Wallis statistic obtained by comparing the differences in linear extension between the two injury types, and P equals the probability. (b) Injury size and regeneration (percent of injury recovered) for the two injury types inflicted on A. millepora and A. gemmifera in experiment 2b (mean + 1 SE).","The stated page contains the actual caption, but the exact printed label is Table 3.4, not Table 3.",false,pdftotext -layout/-raw on local PDF; candidate page and printed caption context checked,digitization/source_review/agent_audits/figure_candidate_audit_agent2.csv,valid_status,matched_base_candidate
2b8676ad-34ad-450c-8649-095d5be68458,Hall_Injury_and_regeneration_of_common_reef-crest_corals.pdf,growth,DIG-2b8676ad-growth,3,table,Table 5,16,replace,table,Table 5.1,111,Table 5.1. Summary of ANCOVA results testing the effects of injury size and frequency on colony growth (cm2) and regeneration (cm2) for each species. The covariate for colony growth is initial colony size and the covariate for regeneration is injury size.,"Original page is the table-of-contents listing, not the printed table caption; actual growth/regeneration Table 5.1 is on PDF page 111.",false,pdftotext -layout/-raw on local PDF; candidate page and printed caption context checked,digitization/source_review/agent_audits/figure_candidate_audit_agent2.csv,valid_status,matched_base_candidate
2b8676ad-34ad-450c-8649-095d5be68458,Hall_Injury_and_regeneration_of_common_reef-crest_corals.pdf,growth,DIG-2b8676ad-growth,4,figure,Figure 5,19,replace,figure,Figure 5.2,109,"Figure 5.2. (a) Final colony size (cm2) adjusted for initial colony size by ANCOVA showing the effect of injury size and frequency of damage on absolute colony growth for each species. (b) The amount of regeneration (cm2) over nine months, adjusted for initial injury size by ANCOVA, for each injury treatment by species. Error bars represent one standard error.","Original page is the table-of-contents listing, not the printed figure caption; actual growth/regeneration Figure 5.2 is on PDF page 109.",false,pdftotext -layout/-raw on local PDF; candidate page and printed caption context checked,digitization/source_review/agent_audits/figure_candidate_audit_agent2.csv,valid_status,matched_base_candidate
2b8676ad-34ad-450c-8649-095d5be68458,Hall_Injury_and_regeneration_of_common_reef-crest_corals.pdf,growth,DIG-2b8676ad-growth,5,figure,Figure 5,109,replace,figure,Figure 5.2,109,"Figure 5.2. (a) Final colony size (cm2) adjusted for initial colony size by ANCOVA showing the effect of injury size and frequency of damage on absolute colony growth for each species. (b) The amount of regeneration (cm2) over nine months, adjusted for initial injury size by ANCOVA, for each injury treatment by species. Error bars represent one standard error.","The stated page contains the actual caption, but the exact printed label is Figure 5.2, not Figure 5.",false,pdftotext -layout/-raw on local PDF; candidate page and printed caption context checked,digitization/source_review/agent_audits/figure_candidate_audit_agent2.csv,valid_status,matched_base_candidate
2b8676ad-34ad-450c-8649-095d5be68458,Hall_Injury_and_regeneration_of_common_reef-crest_corals.pdf,rate,DIG-2b8676ad-rate,1,figure,Figure 4,88,replace,figure,Figure 4.2,89,Figure 4.2. Mean regeneration of injuries (expressed as a percentage of the original injury size) for injury type and species after 12 and 24 days. Error bars represent one SE.,"Original page is narrative text referencing Figure 4.2, not the printed caption; actual regeneration-rate Figure 4.2 is on PDF page 89.",false,pdftotext -layout/-raw on local PDF; candidate page and printed caption context checked,digitization/source_review/agent_audits/figure_candidate_audit_agent2.csv,valid_status,matched_base_candidate
2b8676ad-34ad-450c-8649-095d5be68458,Hall_Injury_and_regeneration_of_common_reef-crest_corals.pdf,rate,DIG-2b8676ad-rate,2,table,Table 4,16,replace,table,Table 4.1,90,Table 4.1. Summary of the repeated measures ANOVA testing for differences in regeneration between species and injury types (Between Subject Effects) and how these patterns change between censuses (Within Subject Effects).,"Original page is the table-of-contents listing, not a printed table caption; Table 4.1 is the relevant printed regeneration table.",false,pdftotext -layout/-raw on local PDF; candidate page and printed caption context checked,digitization/source_review/agent_audits/figure_candidate_audit_agent2.csv,valid_status,matched_base_candidate
2b8676ad-34ad-450c-8649-095d5be68458,Hall_Injury_and_regeneration_of_common_reef-crest_corals.pdf,rate,DIG-2b8676ad-rate,3,table,Table 4,16,replace,table,Table 4.4,94,Table 4.4. A summary of the repeated measures analysis of covariance testing for differences in regeneration between A. hyacinthus and M. tuberculosa for breakage injuries (Between Subject Effects) and how these patterns change between censuses (Within Subject Effects) after the effect of the amount of tissue available for regeneration (ATR) has been adjusted for.,"Original page is the table-of-contents listing, not a printed table caption; actual Table 4.4 is on PDF page 94.",false,pdftotext -layout/-raw on local PDF; candidate page and printed caption context checked,digitization/source_review/agent_audits/figure_candidate_audit_agent2.csv,valid_status,matched_base_candidate
2b8676ad-34ad-450c-8649-095d5be68458,Hall_Injury_and_regeneration_of_common_reef-crest_corals.pdf,rate,DIG-2b8676ad-rate,4,figure,Figure 3,18,replace,figure,Figure 3.1,68,"Figure 3.1. A photographic series showing the recovery of the tissue and scraping injuries inflicted on Porites australiensis over time, where a = tissue injury and b = scraping injury.","Original page is the table-of-contents listing, not the printed figure caption; actual Figure 3.1 is on PDF page 68.",false,pdftotext -layout/-raw on local PDF; candidate page and printed caption context checked,digitization/source_review/agent_audits/figure_candidate_audit_agent2.csv,valid_status,matched_base_candidate
2b8676ad-34ad-450c-8649-095d5be68458,Hall_Injury_and_regeneration_of_common_reef-crest_corals.pdf,rate,DIG-2b8676ad-rate,5,figure,Figure 3,68,replace,figure,Figure 3.1,68,"Figure 3.1. A photographic series showing the recovery of the tissue and scraping injuries inflicted on Porites australiensis over time, where a = tissue injury and b = scraping injury.","The stated page contains the actual caption, but the exact printed label is Figure 3.1, not Figure 3.",false,pdftotext -layout/-raw on local PDF; candidate page and printed caption context checked,digitization/source_review/agent_audits/figure_candidate_audit_agent2.csv,valid_status,matched_base_candidate
2b8676ad-34ad-450c-8649-095d5be68458,Hall_Injury_and_regeneration_of_common_reef-crest_corals.pdf,reproduction,DIG-2b8676ad-reproduction,1,table,Table 5,16,replace,table,Table 5.2,112,"Table 5.2. Summary of ANOVA results testing colony-wide effects of injury size and frequency on egg volume per polyp (mm3), and the proportion of polyps with mature gonads (polyp fecundity) for the three species.","Original page is the table-of-contents listing, not a printed table caption; actual reproduction Table 5.2 is on PDF page 112.",false,pdftotext -layout/-raw on local PDF; candidate page and printed caption context checked,digitization/source_review/agent_audits/figure_candidate_audit_agent2.csv,valid_status,matched_base_candidate
2b8676ad-34ad-450c-8649-095d5be68458,Hall_Injury_and_regeneration_of_common_reef-crest_corals.pdf,reproduction,DIG-2b8676ad-reproduction,2,figure,Figure 5,110,replace,figure,Figure 5.3,115,"Figure 5.3. Proportion of polyps with mature gonads averaged over colonies for injury treatments and position effects within colonies for A. hyacinthus, A. gemmifera, and G. retiformis.","Original page is narrative text referencing reproduction figures, not a printed caption; actual fecundity Figure 5.3 is on PDF page 115.",false,pdftotext -layout/-raw on local PDF; candidate page and printed caption context checked,digitization/source_review/agent_audits/figure_candidate_audit_agent2.csv,valid_status,matched_base_candidate
2b8676ad-34ad-450c-8649-095d5be68458,Hall_Injury_and_regeneration_of_common_reef-crest_corals.pdf,reproduction,DIG-2b8676ad-reproduction,3,table,Table 5,112,replace,table,Table 5.2,112,"Table 5.2. Summary of ANOVA results testing colony-wide effects of injury size and frequency on egg volume per polyp (mm3), and the proportion of polyps with mature gonads (polyp fecundity) for the three species.","The stated page contains the actual caption, but the exact printed label is Table 5.2, not Table 5.",false,pdftotext -layout/-raw on local PDF; candidate page and printed caption context checked,digitization/source_review/agent_audits/figure_candidate_audit_agent2.csv,valid_status,matched_base_candidate
2b8676ad-34ad-450c-8649-095d5be68458,Hall_Injury_and_regeneration_of_common_reef-crest_corals.pdf,reproduction,DIG-2b8676ad-reproduction,4,table,Table 5,113,replace,table,Table 5.3,113,Table 5.3. Summary of ANOVA results testing the localised effects of injury size and frequency on egg volume per polyp (mm3) and proportion of polyps with mature gonads (polyp fecundity) for the three species.,"The stated page contains the actual caption, but the exact printed label is Table 5.3, not Table 5.",false,pdftotext -layout/-raw on local PDF; candidate page and printed caption context checked,digitization/source_review/agent_audits/figure_candidate_audit_agent2.csv,valid_status,matched_base_candidate
2b8676ad-34ad-450c-8649-095d5be68458,Hall_Injury_and_regeneration_of_common_reef-crest_corals.pdf,reproduction,DIG-2b8676ad-reproduction,5,table,Table 5,16,replace,table,Table 5.3,113,Table 5.3. Summary of ANOVA results testing the localised effects of injury size and frequency on egg volume per polyp (mm3) and proportion of polyps with mature gonads (polyp fecundity) for the three species.,"Original page is the table-of-contents listing, not a printed table caption; actual reproduction Table 5.3 is on PDF page 113.",false,pdftotext -layout/-raw on local PDF; candidate page and printed caption context checked,digitization/source_review/agent_audits/figure_candidate_audit_agent2.csv,valid_status,matched_base_candidate
58b15640-3061-4ea9-a606-877701eef38c,"Hamman - 2019 - Spatial distribution of damage affects the healing, growth, and morphology of coral.pdf",growth,DIG-58b15640-growth,1,figure,Fig. 3,8,keep,figure,Fig. 3,8,Fig. 3. Effect of lesion spacing on coral growth rates at different locations on the colony represented by the angle of growth.,Printed Fig. 3 caption is on the stated page and reports coral growth rates by lesion spacing and colony location.,false,pdftotext -layout/-raw on local PDF; candidate page and printed caption context checked,digitization/source_review/agent_audits/figure_candidate_audit_agent2.csv,valid_status,matched_base_candidate
58b15640-3061-4ea9-a606-877701eef38c,"Hamman - 2019 - Spatial distribution of damage affects the healing, growth, and morphology of coral.pdf",growth,DIG-58b15640-growth,2,table,Table 1,6,replace,table,Table 2,7,Table 2. Model selection information: effect of lesion spacing on linear extension.,"Printed Table 1 is on the stated page but describes field lesion survey model selection, not growth; Table 2 is the printed linear-extension growth model table.",false,pdftotext -layout/-raw on local PDF; candidate page and printed caption context checked,digitization/source_review/agent_audits/figure_candidate_audit_agent2.csv,valid_status,matched_base_candidate
58b15640-3061-4ea9-a606-877701eef38c,"Hamman - 2019 - Spatial distribution of damage affects the healing, growth, and morphology of coral.pdf",growth,DIG-58b15640-growth,3,figure,Fig. 2,7,keep,figure,Fig. 2,7,Fig. 2. Effect of lesion spacing on percent of lesion healed and coral skeletal growth rate after 20 and 39 days. Values plotted are fitted values from the mixed effects model and error bars represent +/- 1 SE.,Printed Fig. 2 caption is on the stated page and includes coral skeletal growth rate as well as lesion healing.,false,pdftotext -layout/-raw on local PDF; candidate page and printed caption context checked,digitization/source_review/agent_audits/figure_candidate_audit_agent2.csv,valid_status,matched_base_candidate
58b15640-3061-4ea9-a606-877701eef38c,"Hamman - 2019 - Spatial distribution of damage affects the healing, growth, and morphology of coral.pdf",growth,DIG-58b15640-growth,4,table,Table 2,7,keep,table,Table 2,7,Table 2. Model selection information: effect of lesion spacing on linear extension.,Printed Table 2 caption is on the stated page and is the model-selection table for linear extension.,false,pdftotext -layout/-raw on local PDF; candidate page and printed caption context checked,digitization/source_review/agent_audits/figure_candidate_audit_agent2.csv,valid_status,matched_base_candidate
58b15640-3061-4ea9-a606-877701eef38c,"Hamman - 2019 - Spatial distribution of damage affects the healing, growth, and morphology of coral.pdf",growth,DIG-58b15640-growth,5,table,Table 3,7,keep,table,Table 3,7,Table 3. Parameter estimates: effect of lesion spacing on linear extension.,Printed Table 3 caption is on the stated page and gives parameter estimates for linear extension.,false,pdftotext -layout/-raw on local PDF; candidate page and printed caption context checked,digitization/source_review/agent_audits/figure_candidate_audit_agent2.csv,valid_status,matched_base_candidate
58b15640-3061-4ea9-a606-877701eef38c,"Hamman - 2019 - Spatial distribution of damage affects the healing, growth, and morphology of coral.pdf",rate,DIG-58b15640-rate,1,figure,Fig. 3,8,replace,figure,Fig. 2,7,Fig. 2. Effect of lesion spacing on percent of lesion healed and coral skeletal growth rate after 20 and 39 days. Values plotted are fitted values from the mixed effects model and error bars represent +/- 1 SE.,"Printed Fig. 3 is on the stated page but reports growth rates, not lesion-healing rate; Fig. 2 is the better rate candidate.",false,pdftotext -layout/-raw on local PDF; candidate page and printed caption context checked,digitization/source_review/agent_audits/figure_candidate_audit_agent2.csv,valid_status,matched_base_candidate
58b15640-3061-4ea9-a606-877701eef38c,"Hamman - 2019 - Spatial distribution of damage affects the healing, growth, and morphology of coral.pdf",rate,DIG-58b15640-rate,2,figure,Fig. 1,6,replace,figure,Fig. 2,7,Fig. 2. Effect of lesion spacing on percent of lesion healed and coral skeletal growth rate after 20 and 39 days. Values plotted are fitted values from the mixed effects model and error bars represent +/- 1 SE.,"Printed Fig. 1 is on the stated page but describes lesion spatial patterning, not recovery rate; Fig. 2 is the better rate candidate.",false,pdftotext -layout/-raw on local PDF; candidate page and printed caption context checked,digitization/source_review/agent_audits/figure_candidate_audit_agent2.csv,valid_status,matched_base_candidate
58b15640-3061-4ea9-a606-877701eef38c,"Hamman - 2019 - Spatial distribution of damage affects the healing, growth, and morphology of coral.pdf",rate,DIG-58b15640-rate,3,table,Table 1,6,replace,figure,Fig. 2,7,Fig. 2. Effect of lesion spacing on percent of lesion healed and coral skeletal growth rate after 20 and 39 days. Values plotted are fitted values from the mixed effects model and error bars represent +/- 1 SE.,"Printed Table 1 is on the stated page but describes lesion survey model selection, not recovery rate; Fig. 2 is the better rate candidate.",false,pdftotext -layout/-raw on local PDF; candidate page and printed caption context checked,digitization/source_review/agent_audits/figure_candidate_audit_agent2.csv,valid_status,matched_base_candidate
58b15640-3061-4ea9-a606-877701eef38c,"Hamman - 2019 - Spatial distribution of damage affects the healing, growth, and morphology of coral.pdf",rate,DIG-58b15640-rate,4,figure,Fig. 2,7,keep,figure,Fig. 2,7,Fig. 2. Effect of lesion spacing on percent of lesion healed and coral skeletal growth rate after 20 and 39 days. Values plotted are fitted values from the mixed effects model and error bars represent +/- 1 SE.,Printed Fig. 2 caption is on the stated page and directly includes percent lesion healed after 20 and 39 days.,false,pdftotext -layout/-raw on local PDF; candidate page and printed caption context checked,digitization/source_review/agent_audits/figure_candidate_audit_agent2.csv,valid_status,matched_base_candidate
58b15640-3061-4ea9-a606-877701eef38c,"Hamman - 2019 - Spatial distribution of damage affects the healing, growth, and morphology of coral.pdf",rate,DIG-58b15640-rate,5,table,Table 2,7,replace,figure,Fig. 2,7,Fig. 2. Effect of lesion spacing on percent of lesion healed and coral skeletal growth rate after 20 and 39 days. Values plotted are fitted values from the mixed effects model and error bars represent +/- 1 SE.,"Printed Table 2 is on the stated page but concerns linear extension, not lesion recovery; Fig. 2 is the better rate candidate.",false,pdftotext -layout/-raw on local PDF; candidate page and printed caption context checked,digitization/source_review/agent_audits/figure_candidate_audit_agent2.csv,valid_status,matched_base_candidate
5f4a560f-1449-4b1d-96ad-236a0da5fcb7,Horwitz and Fine - 2014 - High CO2 detrimentally affects tissue regeneration of Red Sea corals.pdf,rate,DIG-5f4a560f-rate,1,figure,Fig. 1,3,keep,figure,Fig. 1,3,"Fig. 1. Lesion recovery of representative Stylophora pistillata fragments after 0, 30, and 60 d under three pCO2 treatments (400, 1,800, and 4,000 uatm).",Printed Fig. 1 caption is on the stated page and shows lesion recovery through time under pCO2 treatments.,false,pdftotext -layout/-raw on local PDF; candidate page and printed caption context checked,digitization/source_review/agent_audits/figure_candidate_audit_agent2.csv,valid_status,matched_base_candidate
5f4a560f-1449-4b1d-96ad-236a0da5fcb7,Horwitz and Fine - 2014 - High CO2 detrimentally affects tissue regeneration of Red Sea corals.pdf,rate,DIG-5f4a560f-rate,2,figure,Fig. 2,4,replace,figure,Fig. 2,5,"Fig. 2. Percentage tissue regeneration of lesions after 60 d under three pCO2 treatments (400, 1,800, and 4,000 uatm) in Porites sp., Favia favus, Acropora eurystoma, and Stylophora pistillata.",The stated page contains only a methods reference to Fig. 2; the actual printed Fig. 2 caption is on PDF page 5 and reports tissue regeneration percentages.,false,pdftotext -layout/-raw on local PDF; candidate page and printed caption context checked,digitization/source_review/agent_audits/figure_candidate_audit_agent2.csv,valid_status,matched_base_candidate
5f4a560f-1449-4b1d-96ad-236a0da5fcb7,Horwitz and Fine - 2014 - High CO2 detrimentally affects tissue regeneration of Red Sea corals.pdf,rate,DIG-5f4a560f-rate,3,figure,Fig. 2,5,keep,figure,Fig. 2,5,"Fig. 2. Percentage tissue regeneration of lesions after 60 d under three pCO2 treatments (400, 1,800, and 4,000 uatm) in Porites sp., Favia favus, Acropora eurystoma, and Stylophora pistillata.",Printed Fig. 2 caption is on the stated page and directly reports percentage tissue regeneration of lesions.,false,pdftotext -layout/-raw on local PDF; candidate page and printed caption context checked,digitization/source_review/agent_audits/figure_candidate_audit_agent2.csv,valid_status,matched_base_candidate
5f4a560f-1449-4b1d-96ad-236a0da5fcb7,Horwitz and Fine - 2014 - High CO2 detrimentally affects tissue regeneration of Red Sea corals.pdf,rate,DIG-5f4a560f-rate,4,figure,Fig. 4d,7,replace,figure,Fig. 2,5,"Fig. 2. Percentage tissue regeneration of lesions after 60 d under three pCO2 treatments (400, 1,800, and 4,000 uatm) in Porites sp., Favia favus, Acropora eurystoma, and Stylophora pistillata.","Fig. 4d is an in-text subpanel reference to symbiont metrics, not a printed rate-response caption; Fig. 2 is the better candidate.",false,pdftotext -layout/-raw on local PDF; candidate page and printed caption context checked,digitization/source_review/agent_audits/figure_candidate_audit_agent2.csv,valid_status,matched_base_candidate
5f4a560f-1449-4b1d-96ad-236a0da5fcb7,Horwitz and Fine - 2014 - High CO2 detrimentally affects tissue regeneration of Red Sea corals.pdf,rate,DIG-5f4a560f-rate,5,table,Table 1,4,replace,figure,Fig. 2,5,"Fig. 2. Percentage tissue regeneration of lesions after 60 d under three pCO2 treatments (400, 1,800, and 4,000 uatm) in Porites sp., Favia favus, Acropora eurystoma, and Stylophora pistillata.","Printed Table 1 is carbonate chemistry, not a recovery-rate response; Fig. 2 is the better candidate.",false,pdftotext -layout/-raw on local PDF; candidate page and printed caption context checked,digitization/source_review/agent_audits/figure_candidate_audit_agent2.csv,valid_status,matched_base_candidate
4cc9b30b-9ed8-4123-82aa-2f182db391b7,Jayewardene - 2010 - Experimental determination of the cost of lesion healing on Porites compressa growth.pdf,growth,DIG-4cc9b30b-growth,1,figure,Fig. 1,2,replace,figure,Fig. 2,3,"Fig. 2. The average cumulative weight gain (g cm-2) for 5-cm undamaged controls, 4-cm treatment nubbins, 2-cm treatment nubbins, and 1-cm treatment nubbins over the 3-month monitoring period. The dashed line indicates the average time of scar healing.",Printed Fig. 1 is on the stated page but only shows treatment groups; Fig. 2 is the better printed growth candidate.,false,pdftotext -layout/-raw on local PDF; candidate page and printed caption context checked,digitization/source_review/agent_audits/figure_candidate_audit_agent2.csv,valid_status,matched_base_candidate
4cc9b30b-9ed8-4123-82aa-2f182db391b7,Jayewardene - 2010 - Experimental determination of the cost of lesion healing on Porites compressa growth.pdf,growth,DIG-4cc9b30b-growth,2,figure,Fig. 2,3,keep,figure,Fig. 2,3,"Fig. 2. The average cumulative weight gain (g cm-2) for 5-cm undamaged controls, 4-cm treatment nubbins, 2-cm treatment nubbins, and 1-cm treatment nubbins over the 3-month monitoring period. The dashed line indicates the average time of scar healing.",Printed Fig. 2 caption is on the stated page and reports cumulative weight gain over time.,false,pdftotext -layout/-raw on local PDF; candidate page and printed caption context checked,digitization/source_review/agent_audits/figure_candidate_audit_agent2.csv,valid_status,matched_base_candidate
4cc9b30b-9ed8-4123-82aa-2f182db391b7,Jayewardene - 2010 - Experimental determination of the cost of lesion healing on Porites compressa growth.pdf,rate,DIG-4cc9b30b-rate,1,figure,Fig. 2,3,keep,figure,Fig. 2,3,"Fig. 2. The average cumulative weight gain (g cm-2) for 5-cm undamaged controls, 4-cm treatment nubbins, 2-cm treatment nubbins, and 1-cm treatment nubbins over the 3-month monitoring period. The dashed line indicates the average time of scar healing.",Printed Fig. 2 caption is on the stated page and includes average time of scar healing along with cumulative weight gain.,false,pdftotext -layout/-raw on local PDF; candidate page and printed caption context checked,digitization/source_review/agent_audits/figure_candidate_audit_agent2.csv,valid_status,matched_base_candidate
4cc9b30b-9ed8-4123-82aa-2f182db391b7,Jayewardene - 2010 - Experimental determination of the cost of lesion healing on Porites compressa growth.pdf,rate,DIG-4cc9b30b-rate,2,figure,Fig. 1,2,replace,figure,Fig. 2,3,"Fig. 2. The average cumulative weight gain (g cm-2) for 5-cm undamaged controls, 4-cm treatment nubbins, 2-cm treatment nubbins, and 1-cm treatment nubbins over the 3-month monitoring period. The dashed line indicates the average time of scar healing.",Printed Fig. 1 is on the stated page but only shows treatment groups; Fig. 2 is the better printed candidate for healing timing.,false,pdftotext -layout/-raw on local PDF; candidate page and printed caption context checked,digitization/source_review/agent_audits/figure_candidate_audit_agent2.csv,valid_status,matched_base_candidate
45fcfd8e-a2d2-4345-aec0-baeb03f883a4,Jayewardene et al. - 2009 - Effects of frequent fish predation on corals in Hawaii.pdf,growth,DIG-45fcfd8e-growth,1,figure,Fig. 1,2,remove,,no_valid_candidate_found,,no_valid_candidate_found,"Candidate is a real printed caption, but it is not a growth-response figure/table; no printed growth-response candidate was found in this PDF.",false,pdftotext -layout/-raw on local PDF; candidate page and printed caption context checked,digitization/source_review/agent_audits/figure_candidate_audit_agent2.csv,valid_status,matched_base_candidate
45fcfd8e-a2d2-4345-aec0-baeb03f883a4,Jayewardene et al. - 2009 - Effects of frequent fish predation on corals in Hawaii.pdf,growth,DIG-45fcfd8e-growth,2,figure,Fig. 2,3,remove,,no_valid_candidate_found,,no_valid_candidate_found,"Candidate is a real printed caption, but it is not a growth-response figure/table; no printed growth-response candidate was found in this PDF.",false,pdftotext -layout/-raw on local PDF; candidate page and printed caption context checked,digitization/source_review/agent_audits/figure_candidate_audit_agent2.csv,valid_status,matched_base_candidate
45fcfd8e-a2d2-4345-aec0-baeb03f883a4,Jayewardene et al. - 2009 - Effects of frequent fish predation on corals in Hawaii.pdf,growth,DIG-45fcfd8e-growth,3,figure,Fig. 3,5,remove,,no_valid_candidate_found,,no_valid_candidate_found,"Candidate is a real printed caption, but it is not a growth-response figure/table; no printed growth-response candidate was found in this PDF.",false,pdftotext -layout/-raw on local PDF; candidate page and printed caption context checked,digitization/source_review/agent_audits/figure_candidate_audit_agent2.csv,valid_status,matched_base_candidate
45fcfd8e-a2d2-4345-aec0-baeb03f883a4,Jayewardene et al. - 2009 - Effects of frequent fish predation on corals in Hawaii.pdf,growth,DIG-45fcfd8e-growth,4,table,Table 1,5,remove,,no_valid_candidate_found,,no_valid_candidate_found,"Candidate is a real printed caption, but it is not a growth-response figure/table; no printed growth-response candidate was found in this PDF.",false,pdftotext -layout/-raw on local PDF; candidate page and printed caption context checked,digitization/source_review/agent_audits/figure_candidate_audit_agent2.csv,valid_status,matched_base_candidate
45fcfd8e-a2d2-4345-aec0-baeb03f883a4,Jayewardene et al. - 2009 - Effects of frequent fish predation on corals in Hawaii.pdf,growth,DIG-45fcfd8e-growth,5,table,Table 2,5,remove,,no_valid_candidate_found,,no_valid_candidate_found,"Candidate is a real printed caption, but it is not a growth-response figure/table; no printed growth-response candidate was found in this PDF.",false,pdftotext -layout/-raw on local PDF; candidate page and printed caption context checked,digitization/source_review/agent_audits/figure_candidate_audit_agent2.csv,valid_status,matched_base_candidate
45fcfd8e-a2d2-4345-aec0-baeb03f883a4,Jayewardene et al. - 2009 - Effects of frequent fish predation on corals in Hawaii.pdf,survival,DIG-45fcfd8e-survival,1,figure,Fig. 1,2,replace,figure,Fig. 6,7,"Fig. 6. Probability of over-predation versus coral cover (C) and healing time (h). The surface is the model prediction as a function of C and h, the line is the model prediction for the measured healing time h = 42 days, and the points are site-specific probabilities of over-predation.",Original candidate is not a survival/over-predation response; Fig. 6 is the printed quantitative candidate for probability of over-predation versus coral cover and healing time.,false,pdftotext -layout/-raw on local PDF; candidate page and printed caption context checked,digitization/source_review/agent_audits/figure_candidate_audit_agent2.csv,valid_status,matched_base_candidate
45fcfd8e-a2d2-4345-aec0-baeb03f883a4,Jayewardene et al. - 2009 - Effects of frequent fish predation on corals in Hawaii.pdf,survival,DIG-45fcfd8e-survival,2,figure,Fig. 2,3,replace,figure,Fig. 6,7,"Fig. 6. Probability of over-predation versus coral cover (C) and healing time (h). The surface is the model prediction as a function of C and h, the line is the model prediction for the measured healing time h = 42 days, and the points are site-specific probabilities of over-predation.",Original candidate is not a survival/over-predation response; Fig. 6 is the printed quantitative candidate for probability of over-predation versus coral cover and healing time.,false,pdftotext -layout/-raw on local PDF; candidate page and printed caption context checked,digitization/source_review/agent_audits/figure_candidate_audit_agent2.csv,valid_status,matched_base_candidate
45fcfd8e-a2d2-4345-aec0-baeb03f883a4,Jayewardene et al. - 2009 - Effects of frequent fish predation on corals in Hawaii.pdf,survival,DIG-45fcfd8e-survival,3,figure,Fig. 3,5,replace,figure,Fig. 6,7,"Fig. 6. Probability of over-predation versus coral cover (C) and healing time (h). The surface is the model prediction as a function of C and h, the line is the model prediction for the measured healing time h = 42 days, and the points are site-specific probabilities of over-predation.",Original candidate is not a survival/over-predation response; Fig. 6 is the printed quantitative candidate for probability of over-predation versus coral cover and healing time.,false,pdftotext -layout/-raw on local PDF; candidate page and printed caption context checked,digitization/source_review/agent_audits/figure_candidate_audit_agent2.csv,valid_status,matched_base_candidate
45fcfd8e-a2d2-4345-aec0-baeb03f883a4,Jayewardene et al. - 2009 - Effects of frequent fish predation on corals in Hawaii.pdf,survival,DIG-45fcfd8e-survival,4,table,Table 1,5,replace,figure,Fig. 6,7,"Fig. 6. Probability of over-predation versus coral cover (C) and healing time (h). The surface is the model prediction as a function of C and h, the line is the model prediction for the measured healing time h = 42 days, and the points are site-specific probabilities of over-predation.",Original candidate is not a survival/over-predation response; Fig. 6 is the printed quantitative candidate for probability of over-predation versus coral cover and healing time.,false,pdftotext -layout/-raw on local PDF; candidate page and printed caption context checked,digitization/source_review/agent_audits/figure_candidate_audit_agent2.csv,valid_status,matched_base_candidate
45fcfd8e-a2d2-4345-aec0-baeb03f883a4,Jayewardene et al. - 2009 - Effects of frequent fish predation on corals in Hawaii.pdf,survival,DIG-45fcfd8e-survival,5,table,Table 2,5,replace,figure,Fig. 6,7,"Fig. 6. Probability of over-predation versus coral cover (C) and healing time (h). The surface is the model prediction as a function of C and h, the line is the model prediction for the measured healing time h = 42 days, and the points are site-specific probabilities of over-predation.",Original candidate is not a survival/over-predation response; Fig. 6 is the printed quantitative candidate for probability of over-predation versus coral cover and healing time.,false,pdftotext -layout/-raw on local PDF; candidate page and printed caption context checked,digitization/source_review/agent_audits/figure_candidate_audit_agent2.csv,valid_status,matched_base_candidate
acf00158-0890-4388-9a0e-da9194664ef6,Kaufman et al. - 2021 - Thermal history influences lesion recovery of the threatened Caribbean staghorn coral Acropora cervi.pdf,rate,DIG-acf00158-rate,1,figure,Fig. 3,4,keep,figure,Fig. 3,4,"Fig. 3. Log(-log(survival)) curves as a function of time (log scale) using separate Cox proportional hazard models for the ambient temperature treatment and the warm temperature treatment, with thermal history indicated.",Printed Fig. 3 caption is on the stated page and reports time-to-healing curves using a survival model.,false,pdftotext -layout/-raw on local PDF; candidate page and printed caption context checked,digitization/source_review/agent_audits/figure_candidate_audit_agent2.csv,valid_status,matched_base_candidate
acf00158-0890-4388-9a0e-da9194664ef6,Kaufman et al. - 2021 - Thermal history influences lesion recovery of the threatened Caribbean staghorn coral Acropora cervi.pdf,rate,DIG-acf00158-rate,2,figure,Fig. 2,3,replace,figure,Fig. 3,4,"Fig. 3. Log(-log(survival)) curves as a function of time (log scale) using separate Cox proportional hazard models for the ambient temperature treatment and the warm temperature treatment, with thermal history indicated.","Printed Fig. 2 is a healing-score methods schematic, not the response result; Fig. 3 is the better rate candidate.",false,pdftotext -layout/-raw on local PDF; candidate page and printed caption context checked,digitization/source_review/agent_audits/figure_candidate_audit_agent2.csv,valid_status,matched_base_candidate
acf00158-0890-4388-9a0e-da9194664ef6,Kaufman et al. - 2021 - Thermal history influences lesion recovery of the threatened Caribbean staghorn coral Acropora cervi.pdf,rate,DIG-acf00158-rate,3,figure,Fig. 1,3,replace,figure,Fig. 3,4,"Fig. 3. Log(-log(survival)) curves as a function of time (log scale) using separate Cox proportional hazard models for the ambient temperature treatment and the warm temperature treatment, with thermal history indicated.","Printed Fig. 1 is a location/temperature map, not a rate response; Fig. 3 is the better rate candidate.",false,pdftotext -layout/-raw on local PDF; candidate page and printed caption context checked,digitization/source_review/agent_audits/figure_candidate_audit_agent2.csv,valid_status,matched_base_candidate
04e10b24-592e-4cf3-8f94-226c7904262d,Kramarsky-Winter and Loya - 2000 - Tissue regeneration in the coral Fungia granulosa  the effect of extrinsic and intrinsic factors.pdf,rate,DIG-04e10b24-rate,1,table,Table 2,5,replace,figure,Fig. 1,3,Fig. 1. Fungia granulosa. A comparison of repair rates of three lesion sizes in large and small individuals during fall and spring experiments.,"Printed Table 2 is on the stated page but reports oocyte size/fecundity, not regeneration rate; Fig. 1 is the better rate candidate.",false,pdftotext -layout/-raw on local PDF; candidate page and printed caption context checked,digitization/source_review/agent_audits/figure_candidate_audit_agent2.csv,valid_status,matched_base_candidate
04e10b24-592e-4cf3-8f94-226c7904262d,Kramarsky-Winter and Loya - 2000 - Tissue regeneration in the coral Fungia granulosa  the effect of extrinsic and intrinsic factors.pdf,rate,DIG-04e10b24-rate,2,figure,Fig. 1,3,keep,figure,Fig. 1,3,Fig. 1. Fungia granulosa. A comparison of repair rates of three lesion sizes in large and small individuals during fall and spring experiments.,Printed Fig. 1 caption is on the stated page and directly compares repair rates across lesion sizes and seasons.,false,pdftotext -layout/-raw on local PDF; candidate page and printed caption context checked,digitization/source_review/agent_audits/figure_candidate_audit_agent2.csv,valid_status,matched_base_candidate
04e10b24-592e-4cf3-8f94-226c7904262d,Kramarsky-Winter and Loya - 2000 - Tissue regeneration in the coral Fungia granulosa  the effect of extrinsic and intrinsic factors.pdf,rate,DIG-04e10b24-rate,3,figure,Fig. 2,4,replace,figure,Fig. 1,3,Fig. 1. Fungia granulosa. A comparison of repair rates of three lesion sizes in large and small individuals during fall and spring experiments.,"Printed Fig. 2 is on the stated page but is a before/after photograph, not the rate result; Fig. 1 is the better rate candidate.",false,pdftotext -layout/-raw on local PDF; candidate page and printed caption context checked,digitization/source_review/agent_audits/figure_candidate_audit_agent2.csv,valid_status,matched_base_candidate
04e10b24-592e-4cf3-8f94-226c7904262d,Kramarsky-Winter and Loya - 2000 - Tissue regeneration in the coral Fungia granulosa  the effect of extrinsic and intrinsic factors.pdf,rate,DIG-04e10b24-rate,4,table,Table 1,4,keep,table,Table 1,4,Table 1. Fungia granulosa. Percent of large corals undergoing complete recovery during fall and spring at two different temperature regimes in the laboratory.,Printed Table 1 caption is on the stated page and reports percent complete recovery by week and temperature regime.,false,pdftotext -layout/-raw on local PDF; candidate page and printed caption context checked,digitization/source_review/agent_audits/figure_candidate_audit_agent2.csv,valid_status,matched_base_candidate
40359446-8345-4a72-8169-af86ad3de9d6,Lenihan and Edmunds - 2010 - Response of Pocillopora verrucosa to corallivory varies with environmental conditions.pdf,growth,DIG-40359446-growth,1,figure,Fig. 2,8,replace,figure,Fig. 1,7,Fig. 1. Pocillopora verrucosa. Growth after 10 d incubation at high/low flow and high/low temperature for corals that were injured or uninjured in two replicate trials.,"Printed Fig. 2 is on the stated page but reports lesion healing, not growth; Fig. 1 is the better growth candidate.",false,pdftotext -layout/-raw on local PDF; candidate page and printed caption context checked,digitization/source_review/agent_audits/figure_candidate_audit_agent2.csv,valid_status,matched_base_candidate
40359446-8345-4a72-8169-af86ad3de9d6,Lenihan and Edmunds - 2010 - Response of Pocillopora verrucosa to corallivory varies with environmental conditions.pdf,growth,DIG-40359446-growth,2,table,Table 2,7,keep,table,Table 2,7,"Table 2. Results of a 3-way, blocked ANOVA comparing the growth in buoyant weight of Pocillopora verrucosa nubbins as a function of injury, flow speed, temperature, and their interaction in the laboratory experiment.",Printed Table 2 caption is on the stated page and compares growth in buoyant weight in the laboratory experiment.,false,pdftotext -layout/-raw on local PDF; candidate page and printed caption context checked,digitization/source_review/agent_audits/figure_candidate_audit_agent2.csv,valid_status,matched_base_candidate
40359446-8345-4a72-8169-af86ad3de9d6,Lenihan and Edmunds - 2010 - Response of Pocillopora verrucosa to corallivory varies with environmental conditions.pdf,growth,DIG-40359446-growth,3,table,Table 4,8,keep,table,Table 4,8,"Table 4. Results of a 2-way ANOVA comparing the growth in buoyant weight of juvenile Pocillopora verrucosa as a function of substrate type, predation, and their interaction.",Printed Table 4 caption is on the stated page and compares growth in buoyant weight in the field experiment.,false,pdftotext -layout/-raw on local PDF; candidate page and printed caption context checked,digitization/source_review/agent_audits/figure_candidate_audit_agent2.csv,valid_status,matched_base_candidate
40359446-8345-4a72-8169-af86ad3de9d6,Lenihan and Edmunds - 2010 - Response of Pocillopora verrucosa to corallivory varies with environmental conditions.pdf,growth,DIG-40359446-growth,4,figure,Fig. 5,11,replace,figure,Fig. 1,7,Fig. 1. Pocillopora verrucosa. Growth after 10 d incubation at high/low flow and high/low temperature for corals that were injured or uninjured in two replicate trials.,"Printed Fig. 5 is on the stated page but reports fish density, not coral growth; Fig. 1 is the better growth candidate.",false,pdftotext -layout/-raw on local PDF; candidate page and printed caption context checked,digitization/source_review/agent_audits/figure_candidate_audit_agent2.csv,valid_status,matched_base_candidate
40359446-8345-4a72-8169-af86ad3de9d6,Lenihan and Edmunds - 2010 - Response of Pocillopora verrucosa to corallivory varies with environmental conditions.pdf,growth,DIG-40359446-growth,5,figure,Fig. 1,7,keep,figure,Fig. 1,7,Fig. 1. Pocillopora verrucosa. Growth after 10 d incubation at high/low flow and high/low temperature for corals that were injured or uninjured in two replicate trials.,Printed Fig. 1 caption is on the stated page and reports coral growth after 10 d incubation.,false,pdftotext -layout/-raw on local PDF; candidate page and printed caption context checked,digitization/source_review/agent_audits/figure_candidate_audit_agent2.csv,valid_status,matched_base_candidate
40359446-8345-4a72-8169-af86ad3de9d6,Lenihan and Edmunds - 2010 - Response of Pocillopora verrucosa to corallivory varies with environmental conditions.pdf,rate,DIG-40359446-rate,1,figure,Fig. 1,7,replace,figure,Fig. 2,8,Fig. 2. Pocillopora verrucosa. Mean percent (+ SE) of lesions healed at the end of the 10 d trials; results from the two trials are pooled.,"Printed Fig. 1 is on the stated page but reports growth, not lesion healing; Fig. 2 is the better rate candidate.",false,pdftotext -layout/-raw on local PDF; candidate page and printed caption context checked,digitization/source_review/agent_audits/figure_candidate_audit_agent2.csv,valid_status,matched_base_candidate
40359446-8345-4a72-8169-af86ad3de9d6,Lenihan and Edmunds - 2010 - Response of Pocillopora verrucosa to corallivory varies with environmental conditions.pdf,rate,DIG-40359446-rate,2,figure,Fig. 2,8,keep,figure,Fig. 2,8,Fig. 2. Pocillopora verrucosa. Mean percent (+ SE) of lesions healed at the end of the 10 d trials; results from the two trials are pooled.,Printed Fig. 2 caption is on the stated page and directly reports percent of lesions healed after 10 d.,false,pdftotext -layout/-raw on local PDF; candidate page and printed caption context checked,digitization/source_review/agent_audits/figure_candidate_audit_agent2.csv,valid_status,matched_base_candidate
40359446-8345-4a72-8169-af86ad3de9d6,Lenihan and Edmunds - 2010 - Response of Pocillopora verrucosa to corallivory varies with environmental conditions.pdf,rate,DIG-40359446-rate,3,table,Table 2,7,replace,figure,Fig. 2,8,Fig. 2. Pocillopora verrucosa. Mean percent (+ SE) of lesions healed at the end of the 10 d trials; results from the two trials are pooled.,"Printed Table 2 is on the stated page but reports growth ANOVA, not lesion healing; Fig. 2 is the better rate candidate.",false,pdftotext -layout/-raw on local PDF; candidate page and printed caption context checked,digitization/source_review/agent_audits/figure_candidate_audit_agent2.csv,valid_status,matched_base_candidate
40359446-8345-4a72-8169-af86ad3de9d6,Lenihan and Edmunds - 2010 - Response of Pocillopora verrucosa to corallivory varies with environmental conditions.pdf,rate,DIG-40359446-rate,4,figure,Fig. 3,8,replace,figure,Fig. 2,8,Fig. 2. Pocillopora verrucosa. Mean percent (+ SE) of lesions healed at the end of the 10 d trials; results from the two trials are pooled.,"Printed Fig. 3 is on the stated page but reports growth after field deployment, not lesion healing; Fig. 2 is the better rate candidate.",false,pdftotext -layout/-raw on local PDF; candidate page and printed caption context checked,digitization/source_review/agent_audits/figure_candidate_audit_agent2.csv,valid_status,matched_base_candidate
40359446-8345-4a72-8169-af86ad3de9d6,Lenihan and Edmunds - 2010 - Response of Pocillopora verrucosa to corallivory varies with environmental conditions.pdf,rate,DIG-40359446-rate,5,table,Table 4,8,replace,figure,Fig. 2,8,Fig. 2. Pocillopora verrucosa. Mean percent (+ SE) of lesions healed at the end of the 10 d trials; results from the two trials are pooled.,"Printed Table 4 is on the stated page but reports growth ANOVA, not lesion healing; Fig. 2 is the better rate candidate.",false,pdftotext -layout/-raw on local PDF; candidate page and printed caption context checked,digitization/source_review/agent_audits/figure_candidate_audit_agent2.csv,valid_status,matched_base_candidate
a67392b0-7a7e-43ad-917d-94febf750c1a,Lenihan et al. - 2015 - Hydrodynamics influence coral performance through simultaneous direct and indirect effects.pdf,growth,DIG-a67392b0-growth,1,figure,FIG. 2,5,keep,figure,FIG. 2,5,FIG. 2. Skeletal growth (mean and 95% CI) of Acropora elseyi as a function of mean current velocity and velocity fluctuations. Data are from corallivorous fish exclusion treatments.,Printed FIG. 2 caption is on the stated page and directly reports skeletal growth versus hydrodynamic conditions.,false,pdftotext -layout/-raw on local PDF; candidate page and printed caption context checked,digitization/source_review/agent_audits/figure_candidate_audit_agent2.csv,valid_status,matched_base_candidate
a67392b0-7a7e-43ad-917d-94febf750c1a,Lenihan et al. - 2015 - Hydrodynamics influence coral performance through simultaneous direct and indirect effects.pdf,growth,DIG-a67392b0-growth,2,figure,FIG. 3,6,keep,figure,FIG. 3,6,FIG. 3. Skeletal growth (mean and 95% CI) of Acropora elseyi exposed to predators shown as a function of mean current velocity and velocity fluctuations.,Printed FIG. 3 caption is on the stated page and directly reports skeletal growth for predator-exposed corals.,false,pdftotext -layout/-raw on local PDF; candidate page and printed caption context checked,digitization/source_review/agent_audits/figure_candidate_audit_agent2.csv,valid_status,matched_base_candidate
a67392b0-7a7e-43ad-917d-94febf750c1a,Lenihan et al. - 2015 - Hydrodynamics influence coral performance through simultaneous direct and indirect effects.pdf,growth,DIG-a67392b0-growth,3,figure,FIG. 5,7,keep,figure,FIG. 5,7,FIG. 5. Difference in growth (mean and 95% CI) of Acropora elseyi between predator-exclusion and predator-exposed treatments as a function of corallivorous fish density and consumer pressure.,Printed FIG. 5 caption is on the stated page and reports growth differences as a function of corallivore density/pressure.,false,pdftotext -layout/-raw on local PDF; candidate page and printed caption context checked,digitization/source_review/agent_audits/figure_candidate_audit_agent2.csv,valid_status,matched_base_candidate
a67392b0-7a7e-43ad-917d-94febf750c1a,Lenihan et al. - 2015 - Hydrodynamics influence coral performance through simultaneous direct and indirect effects.pdf,growth,DIG-a67392b0-growth,4,figure,FIG. 1,3,replace,figure,FIG. 2,5,FIG. 2. Skeletal growth (mean and 95% CI) of Acropora elseyi as a function of mean current velocity and velocity fluctuations. Data are from corallivorous fish exclusion treatments.,"Printed FIG. 1 is on the stated page but is reef bathymetry, not a growth response; FIG. 2 is the better growth candidate.",false,pdftotext -layout/-raw on local PDF; candidate page and printed caption context checked,digitization/source_review/agent_audits/figure_candidate_audit_agent2.csv,valid_status,matched_base_candidate
a67392b0-7a7e-43ad-917d-94febf750c1a,Lenihan et al. - 2015 - Hydrodynamics influence coral performance through simultaneous direct and indirect effects.pdf,survival,DIG-a67392b0-survival,1,figure,FIG. 1,3,remove,,no_valid_candidate_found,,no_valid_candidate_found,"Candidate is a real printed caption, but it is not a survival-response figure/table; no printed survival-response candidate was found in this PDF.",false,pdftotext -layout/-raw on local PDF; candidate page and printed caption context checked,digitization/source_review/agent_audits/figure_candidate_audit_agent2.csv,valid_status,matched_base_candidate
a67392b0-7a7e-43ad-917d-94febf750c1a,Lenihan et al. - 2015 - Hydrodynamics influence coral performance through simultaneous direct and indirect effects.pdf,survival,DIG-a67392b0-survival,2,figure,FIG. 2,5,remove,,no_valid_candidate_found,,no_valid_candidate_found,"Candidate is a real printed caption, but it is not a survival-response figure/table; no printed survival-response candidate was found in this PDF.",false,pdftotext -layout/-raw on local PDF; candidate page and printed caption context checked,digitization/source_review/agent_audits/figure_candidate_audit_agent2.csv,valid_status,matched_base_candidate
a67392b0-7a7e-43ad-917d-94febf750c1a,Lenihan et al. - 2015 - Hydrodynamics influence coral performance through simultaneous direct and indirect effects.pdf,survival,DIG-a67392b0-survival,3,figure,FIG. 3,6,remove,,no_valid_candidate_found,,no_valid_candidate_found,"Candidate is a real printed caption, but it is not a survival-response figure/table; no printed survival-response candidate was found in this PDF.",false,pdftotext -layout/-raw on local PDF; candidate page and printed caption context checked,digitization/source_review/agent_audits/figure_candidate_audit_agent2.csv,valid_status,matched_base_candidate
a67392b0-7a7e-43ad-917d-94febf750c1a,Lenihan et al. - 2015 - Hydrodynamics influence coral performance through simultaneous direct and indirect effects.pdf,survival,DIG-a67392b0-survival,4,figure,FIG. 5,7,remove,,no_valid_candidate_found,,no_valid_candidate_found,"Candidate is a real printed caption, but it is not a survival-response figure/table; no printed survival-response candidate was found in this PDF.",false,pdftotext -layout/-raw on local PDF; candidate page and printed caption context checked,digitization/source_review/agent_audits/figure_candidate_audit_agent2.csv,valid_status,matched_base_candidate
d110a8f5-278e-4ba7-a502-32eb61aed5cb,Lirman et al. - 2010 - Propagation of the threatened staghorn coral Acropora cervicornis methods to minimize the impacts o.pdf,growth,DIG-d110a8f5-growth,1,figure,Fig. 1,3,replace,figure,Fig. 3,4,"Fig. 3 Mean daily growth (cm, SE) of branches from fragmented and unfragmented staghorn colonies. White bars represent growth from the initial sampling period (24-39 d after fragmentation), and black bars represent growth from the complete sampling period (90-129 d after fragmentation). Data from both experiments were pooled for analysis.",Fig. 1 is a real photo caption but not the best printed growth-response data; Fig. 3 directly reports daily branch growth after fragmentation.,false,pdftotext -layout pages 3-4,digitization/source_review/agent_audits/figure_candidate_audit_agent3.csv,valid_status,matched_base_candidate
d110a8f5-278e-4ba7-a502-32eb61aed5cb,Lirman et al. - 2010 - Propagation of the threatened staghorn coral Acropora cervicornis methods to minimize the impacts o.pdf,growth,DIG-d110a8f5-growth,2,figure,Fig. 2,4,keep,figure,Fig. 2,4,Fig. 2 Amount of tissue and skeleton (linear length) of staghorn branch tips and branches used in experiment 1 (a) and 2 (b). White bars represent new coral produced by fragmented donor branches; striped bars represent total linear length of all surviving branch tips; black bars represent new coral produced by unfragmented branches in control colonies.,Printed caption on stated page and relevant to growth/productivity and surviving branch-tip output.,false,pdftotext -layout page 4,digitization/source_review/agent_audits/figure_candidate_audit_agent3.csv,valid_status,matched_base_candidate
d110a8f5-278e-4ba7-a502-32eb61aed5cb,Lirman et al. - 2010 - Propagation of the threatened staghorn coral Acropora cervicornis methods to minimize the impacts o.pdf,survival,DIG-d110a8f5-survival,1,figure,Fig. 1,3,replace,figure,Fig. 2,4,Fig. 2 Amount of tissue and skeleton (linear length) of staghorn branch tips and branches used in experiment 1 (a) and 2 (b). White bars represent new coral produced by fragmented donor branches; striped bars represent total linear length of all surviving branch tips; black bars represent new coral produced by unfragmented branches in control colonies.,Fig. 1 is a photo caption; Fig. 2 is the only printed figure summarizing surviving branch-tip output.,false,pdftotext -layout pages 3-4,digitization/source_review/agent_audits/figure_candidate_audit_agent3.csv,valid_status,matched_base_candidate
d110a8f5-278e-4ba7-a502-32eb61aed5cb,Lirman et al. - 2010 - Propagation of the threatened staghorn coral Acropora cervicornis methods to minimize the impacts o.pdf,survival,DIG-d110a8f5-survival,2,figure,Fig. 2,4,keep,figure,Fig. 2,4,Fig. 2 Amount of tissue and skeleton (linear length) of staghorn branch tips and branches used in experiment 1 (a) and 2 (b). White bars represent new coral produced by fragmented donor branches; striped bars represent total linear length of all surviving branch tips; black bars represent new coral produced by unfragmented branches in control colonies.,Printed caption on stated page; striped bars summarize total length of surviving branch tips.,false,pdftotext -layout page 4,digitization/source_review/agent_audits/figure_candidate_audit_agent3.csv,valid_status,matched_base_candidate
070cf5f2-ae03-4d99-8e1b-7e07f8428803,Loya - 1976 - Skeletal regeneration in a Red Sea scleractinian coral population.pdf,rate,DIG-070cf5f2-rate,1,figure,Fig. 4,1,replace,figure,Fig. 1,1,"Fig. 1 Skeletal growth rate in damaged colonies of S. pistillata. The corals were divided into size groups according to geometric mean radius after breakage; bars show radius, standard deviations, decrease after breakage, and estimated days of growth required to regain original radius.","Original Fig. 4 caption is from an unrelated neighboring Nature article, not the coral regeneration paper.",false,pdftotext -layout page 1,digitization/source_review/agent_audits/figure_candidate_audit_agent3.csv,valid_status,matched_base_candidate
070cf5f2-ae03-4d99-8e1b-7e07f8428803,Loya - 1976 - Skeletal regeneration in a Red Sea scleractinian coral population.pdf,rate,DIG-070cf5f2-rate,2,figure,Figure I,2,replace,figure,Fig. 1,1,"Fig. 1 Skeletal growth rate in damaged colonies of S. pistillata. The corals were divided into size groups according to geometric mean radius after breakage; bars show radius, standard deviations, decrease after breakage, and estimated days of growth required to regain original radius.",Original text is prose describing Figure I on page 2; the printed Fig. 1 caption is on page 1 and is rate-relevant.,false,pdftotext -layout pages 1-2,digitization/source_review/agent_audits/figure_candidate_audit_agent3.csv,valid_status,matched_base_candidate
070cf5f2-ae03-4d99-8e1b-7e07f8428803,Loya - 1976 - Skeletal regeneration in a Red Sea scleractinian coral population.pdf,rate,DIG-070cf5f2-rate,3,figure,Figure 2,2,replace,figure,Fig. 2,2,Fig. 2 Comparison between the mean percentage increase in geometric mean radius per month of damaged corals and intact control corals belonging to the same size interval.,Original text is prose describing Figure 2; corrected to the printed Fig. 2 caption on the same page.,false,pdftotext -layout page 2,digitization/source_review/agent_audits/figure_candidate_audit_agent3.csv,valid_status,matched_base_candidate
070cf5f2-ae03-4d99-8e1b-7e07f8428803,Loya - 1976 - Skeletal regeneration in a Red Sea scleractinian coral population.pdf,rate,DIG-070cf5f2-rate,4,figure,Fig. I,2,replace,figure,Fig. 1,1,"Fig. 1 Skeletal growth rate in damaged colonies of S. pistillata. The corals were divided into size groups according to geometric mean radius after breakage; bars show radius, standard deviations, decrease after breakage, and estimated days of growth required to regain original radius.","Original text is an inline reference to Fig. I, not a printed caption on page 2.",false,pdftotext -layout pages 1-2,digitization/source_review/agent_audits/figure_candidate_audit_agent3.csv,valid_status,matched_base_candidate
070cf5f2-ae03-4d99-8e1b-7e07f8428803,Loya - 1976 - Skeletal regeneration in a Red Sea scleractinian coral population.pdf,rate,DIG-070cf5f2-rate,5,figure,Fig. 2,2,keep,figure,Fig. 2,2,Fig. 2 Comparison between the mean percentage increase in geometric mean radius per month of damaged corals and intact control corals belonging to the same size interval.,Printed caption on stated page and relevant to regeneration/growth rate comparison.,false,pdftotext -layout page 2,digitization/source_review/agent_audits/figure_candidate_audit_agent3.csv,valid_status,matched_base_candidate
f7335f31-f560-4d42-9f0d-52fdbec8ece6,Meesters et al 1992 sedimentation and lesion position.pdf,rate,DIG-f7335f31-rate,1,figure,Fig. 2,4,keep,figure,Fig. 2,4,Fig. 2. Regeneration of the four species used in the long-term sediment stress experiment. Lesion size is given as the mean size of all lesions at a certain time. Fitted regression lines are drawn in graphs. Low: low sedimentation site; High: high sedimentation site.,Printed caption on stated page and directly reports lesion regeneration over time.,false,pdftotext -layout page 4,digitization/source_review/agent_audits/figure_candidate_audit_agent3.csv,valid_status,matched_base_candidate
f7335f31-f560-4d42-9f0d-52fdbec8ece6,Meesters et al 1992 sedimentation and lesion position.pdf,rate,DIG-f7335f31-rate,2,figure,Fig. 3,5,keep,figure,Fig. 3,5,Fig. 3. Regeneration of Montastrea annularis up-current (SedUp) and down-current (SedDown) of the construction site of an artificial beach. Lesion size is the mean size of all lesions at a given time. Fitted regression lines are drawn in graph.,"Printed caption on stated page; page also contains Fig. 4, but Fig. 3 itself is a valid regeneration-rate caption.",false,pdftotext -layout page 5,digitization/source_review/agent_audits/figure_candidate_audit_agent3.csv,valid_status,matched_base_candidate
f7335f31-f560-4d42-9f0d-52fdbec8ece6,Meesters et al 1992 sedimentation and lesion position.pdf,rate,DIG-f7335f31-rate,3,table,Table 2,6,keep,table,Table 2,6,"Table 2. Life history characteristics. Comparison of regeneration, reproduction, growth, polyp position, sediment rejection, and competitive characteristics of the species used in this study.","Printed table caption on stated page; it contains relative regeneration information, though it is secondary to the regression table and figures.",false,pdftotext -layout page 6,digitization/source_review/agent_audits/figure_candidate_audit_agent3.csv,valid_status,matched_base_candidate
f7335f31-f560-4d42-9f0d-52fdbec8ece6,Meesters et al 1992 sedimentation and lesion position.pdf,rate,DIG-f7335f31-rate,4,figure,Fig. 1,2,replace,figure,Fig. 2,4,Fig. 2. Regeneration of the four species used in the long-term sediment stress experiment. Lesion size is given as the mean size of all lesions at a certain time. Fitted regression lines are drawn in graphs. Low: low sedimentation site; High: high sedimentation site.,Fig. 1 is a site map and not a rate-response figure; Fig. 2 is the relevant regeneration-time figure.,false,pdftotext -layout pages 2 and 4,digitization/source_review/agent_audits/figure_candidate_audit_agent3.csv,valid_status,matched_base_candidate
f7335f31-f560-4d42-9f0d-52fdbec8ece6,Meesters et al 1992 sedimentation and lesion position.pdf,rate,DIG-f7335f31-rate,5,table,Table 1,5,keep,table,Table 1,5,"Table 1. Results of regression analyses and slope comparisons. Data were fitted to the line Size = C * 10^(b*Time), with C, slope, days to lesion closure, sample size, R2, days included, and slope-comparison probabilities reported.",Printed table caption on stated page and directly reports regression slopes and days to lesion closure.,false,pdftotext -layout page 5,digitization/source_review/agent_audits/figure_candidate_audit_agent3.csv,valid_status,matched_base_candidate
c84ce087-58f5-4e19-a373-34f57299f6d0,Meesters et al. - 1994 - Damage and regeneration links to growth in the reef-building coral Montastrea annularis.pdf,growth,DIG-c84ce087-growth,1,figure,Fig. 7,7,keep,figure,Fig. 7,7,"Fig. 7. Montastrea annularis. Mean difference in growth (mg cm-2 d-1, SE) between damaged and undamaged cores relative to the time of lesion infliction. Horizontal line represents equal growth.",Printed caption on stated page and directly shows growth difference after lesion infliction.,false,pdftotext -layout page 7,digitization/source_review/agent_audits/figure_candidate_audit_agent3.csv,valid_status,matched_base_candidate
c84ce087-58f5-4e19-a373-34f57299f6d0,Meesters et al. - 1994 - Damage and regeneration links to growth in the reef-building coral Montastrea annularis.pdf,growth,DIG-c84ce087-growth,2,table,Table 3,7,keep,table,Table 3,7,Table 3. Montastrea annularis. Repeated-measures ANOVA on the difference in growth between cores with and without a lesion through time.,Printed table caption on stated page and tests growth differences between damaged and undamaged cores.,false,pdftotext -layout page 7,digitization/source_review/agent_audits/figure_candidate_audit_agent3.csv,valid_status,matched_base_candidate
c84ce087-58f5-4e19-a373-34f57299f6d0,Meesters et al. - 1994 - Damage and regeneration links to growth in the reef-building coral Montastrea annularis.pdf,growth,DIG-c84ce087-growth,3,table,Table 4,7,replace,figure,Fig. 7,7,"Fig. 7. Montastrea annularis. Mean difference in growth (mg cm-2 d-1, SE) between damaged and undamaged cores relative to the time of lesion infliction. Horizontal line represents equal growth.","Table 4 concerns growth of undamaged cores through time, not the damage-growth response; Fig. 7 is the better printed growth candidate.",false,pdftotext -layout page 7,digitization/source_review/agent_audits/figure_candidate_audit_agent3.csv,valid_status,matched_base_candidate
c84ce087-58f5-4e19-a373-34f57299f6d0,Meesters et al. - 1994 - Damage and regeneration links to growth in the reef-building coral Montastrea annularis.pdf,growth,DIG-c84ce087-growth,4,figure,Fig. 2,5,replace,figure,Fig. 7,7,"Fig. 7. Montastrea annularis. Mean difference in growth (mg cm-2 d-1, SE) between damaged and undamaged cores relative to the time of lesion infliction. Horizontal line represents equal growth.","Fig. 2 is an irradiance/growth calibration, not the damage-growth response; Fig. 7 is the relevant candidate.",false,pdftotext -layout pages 5 and 7,digitization/source_review/agent_audits/figure_candidate_audit_agent3.csv,valid_status,matched_base_candidate
c84ce087-58f5-4e19-a373-34f57299f6d0,Meesters et al. - 1994 - Damage and regeneration links to growth in the reef-building coral Montastrea annularis.pdf,growth,DIG-c84ce087-growth,5,figure,Fig. 3,5,replace,figure,Fig. 7,7,"Fig. 7. Montastrea annularis. Mean difference in growth (mg cm-2 d-1, SE) between damaged and undamaged cores relative to the time of lesion infliction. Horizontal line represents equal growth.","Fig. 3 is a handling-effect check, not the damage-growth response; Fig. 7 is the relevant candidate.",false,pdftotext -layout pages 5 and 7,digitization/source_review/agent_audits/figure_candidate_audit_agent3.csv,valid_status,matched_base_candidate
c84ce087-58f5-4e19-a373-34f57299f6d0,Meesters et al. - 1994 - Damage and regeneration links to growth in the reef-building coral Montastrea annularis.pdf,rate,DIG-c84ce087-rate,1,figure,Fig. 7,7,replace,figure,Fig. 5,6,Fig. 5. Montastrea annularis. Mean lesion size (SE) at infliction of lesion and subsequently through time. The model Size = S0 + (Smax x 10^(slope x days)) is fitted to lesion-size data.,"Fig. 7 is a growth-difference figure, not lesion regeneration rate; Fig. 5 reports lesion size through time.",false,pdftotext -layout pages 6-7,digitization/source_review/agent_audits/figure_candidate_audit_agent3.csv,valid_status,matched_base_candidate
c84ce087-58f5-4e19-a373-34f57299f6d0,Meesters et al. - 1994 - Damage and regeneration links to growth in the reef-building coral Montastrea annularis.pdf,rate,DIG-c84ce087-rate,2,figure,Fig. 5,6,keep,figure,Fig. 5,6,Fig. 5. Montastrea annularis. Mean lesion size (SE) at infliction of lesion and subsequently through time. The model Size = S0 + (Smax x 10^(slope x days)) is fitted to lesion-size data.,Printed caption on stated page and directly reports lesion size through time.,false,pdftotext -layout page 6,digitization/source_review/agent_audits/figure_candidate_audit_agent3.csv,valid_status,matched_base_candidate
c84ce087-58f5-4e19-a373-34f57299f6d0,Meesters et al. - 1994 - Damage and regeneration links to growth in the reef-building coral Montastrea annularis.pdf,rate,DIG-c84ce087-rate,3,table,Table 4,7,replace,table,Table 2,6,Table 2. Estimated parameters (SE) in the model Lesion size = S0 + (Smax x 10^(slope x days)). Parameters were estimated by iterative least-squares line fitting.,"Table 4 reports undamaged-core growth, not regeneration rate; Table 2 gives fitted lesion-size model parameters.",false,pdftotext -layout pages 6-7,digitization/source_review/agent_audits/figure_candidate_audit_agent3.csv,valid_status,matched_base_candidate
c84ce087-58f5-4e19-a373-34f57299f6d0,Meesters et al. - 1994 - Damage and regeneration links to growth in the reef-building coral Montastrea annularis.pdf,rate,DIG-c84ce087-rate,4,table,Table 3,7,replace,table,Table 2,6,Table 2. Estimated parameters (SE) in the model Lesion size = S0 + (Smax x 10^(slope x days)). Parameters were estimated by iterative least-squares line fitting.,"Table 3 is a growth-difference ANOVA, not a lesion-rate table; Table 2 gives fitted lesion-size model parameters.",false,pdftotext -layout pages 6-7,digitization/source_review/agent_audits/figure_candidate_audit_agent3.csv,valid_status,matched_base_candidate
c84ce087-58f5-4e19-a373-34f57299f6d0,Meesters et al. - 1994 - Damage and regeneration links to growth in the reef-building coral Montastrea annularis.pdf,rate,DIG-c84ce087-rate,5,table,Table 2,6,keep,table,Table 2,6,Table 2. Estimated parameters (SE) in the model Lesion size = S0 + (Smax x 10^(slope x days)). Parameters were estimated by iterative least-squares line fitting.,Printed table caption on stated page and relevant to lesion-size/regeneration-rate modeling.,false,pdftotext -layout page 6,digitization/source_review/agent_audits/figure_candidate_audit_agent3.csv,valid_status,matched_base_candidate
398d01aa-1e0e-4c46-9989-8490ca8748d5,Meesters et al. - 1996 - Partial Mortality in Three Species of Reef-Building Corals and the Relation with Colony Morphology.pdf,survival,DIG-398d01aa-survival,1,table,Table 4,6,keep,table,Table 4,6,"Table 4. Partial mortality measured as lesion size (cm2) in Acropora palmata, Diploria strigosa, and Porites astreoides. Lesions are grouped into type I and type II; Acropora lesions are separated by branch side.",Printed table caption on stated page and directly reports partial mortality as lesion size.,false,pdftotext -layout page 6,digitization/source_review/agent_audits/figure_candidate_audit_agent3.csv,valid_status,matched_base_candidate
398d01aa-1e0e-4c46-9989-8490ca8748d5,Meesters et al. - 1996 - Partial Mortality in Three Species of Reef-Building Corals and the Relation with Colony Morphology.pdf,survival,DIG-398d01aa-survival,2,figure,Figure 3,9,keep,figure,Figure 3,9,Figure 3. Percentage of colonies with and without partial mortality in colony size classes of Diploria strigosa and Porites astreoides. Total number of colonies is shown in white bars.,Printed caption on stated page and directly reports colonies with and without partial mortality.,false,pdftotext -layout page 9,digitization/source_review/agent_audits/figure_candidate_audit_agent3.csv,valid_status,matched_base_candidate
398d01aa-1e0e-4c46-9989-8490ca8748d5,Meesters et al. - 1996 - Partial Mortality in Three Species of Reef-Building Corals and the Relation with Colony Morphology.pdf,survival,DIG-398d01aa-survival,3,table,Table 1,5,keep,table,Table 1,5,Table 1. Geometric mean number of lesions per colony and per square meter and percent colonies damaged for the three surveyed species.,Printed table caption on stated page and reports percent colonies damaged.,false,pdftotext -layout page 5,digitization/source_review/agent_audits/figure_candidate_audit_agent3.csv,valid_status,matched_base_candidate
398d01aa-1e0e-4c46-9989-8490ca8748d5,Meesters et al. - 1996 - Partial Mortality in Three Species of Reef-Building Corals and the Relation with Colony Morphology.pdf,survival,DIG-398d01aa-survival,4,table,Table 2,5,keep,table,Table 2,5,"Table 2. Acropora palmata. Relation of lesion abundance to reef location, lesion type, and branch side.",Printed table caption on stated page; lesion abundance by branch side/type is relevant to partial mortality.,false,pdftotext -layout page 5,digitization/source_review/agent_audits/figure_candidate_audit_agent3.csv,valid_status,matched_base_candidate
398d01aa-1e0e-4c46-9989-8490ca8748d5,Meesters et al. - 1996 - Partial Mortality in Three Species of Reef-Building Corals and the Relation with Colony Morphology.pdf,survival,DIG-398d01aa-survival,5,table,Table 3,6,keep,table,Table 3,6,"Table 3. Number of lesions per branch per colony, including geometric mean of type I and II lesions, damaged branches, and maximum number per branch.",Printed table caption on stated page; lesion counts are relevant to partial mortality.,false,pdftotext -layout page 6,digitization/source_review/agent_audits/figure_candidate_audit_agent3.csv,valid_status,matched_base_candidate
f46ad039-b2d6-4a0a-860d-98cf61f2a7de,Miller and Hay - 1998 - Effects of fish predation and seaweed competition on the survival and growth of corals.pdf,growth,DIG-f46ad039-growth,1,figure,Fig. 5A,4,replace,figure,Fig. 5A-C,4,"Fig. 5A-C Results of the experiment with P. porites. Bars represent means + 1 SE. Panels show macroalgal percent cover, coral growth as relative change in buoyant weight, and grazing scars on corals in the six treatment groups.",Original Fig. 5A text is an inline body reference; corrected to the printed Fig. 5A-C caption.,false,pdftotext -layout pages 3-5,digitization/source_review/agent_audits/figure_candidate_audit_agent3.csv,valid_status,matched_base_candidate
f46ad039-b2d6-4a0a-860d-98cf61f2a7de,Miller and Hay - 1998 - Effects of fish predation and seaweed competition on the survival and growth of corals.pdf,growth,DIG-f46ad039-growth,2,figure,Fig. 6,5,replace,figure,Fig. 5A-C,4,"Fig. 5A-C Results of the experiment with P. porites. Bars represent means + 1 SE. Panels show macroalgal percent cover, coral growth as relative change in buoyant weight, and grazing scars on corals in the six treatment groups.","Fig. 6 reports seaweed composition, not coral growth; Fig. 5A-C contains the coral growth panel.",false,pdftotext -layout pages 3-5,digitization/source_review/agent_audits/figure_candidate_audit_agent3.csv,valid_status,matched_base_candidate
f46ad039-b2d6-4a0a-860d-98cf61f2a7de,Miller and Hay - 1998 - Effects of fish predation and seaweed competition on the survival and growth of corals.pdf,growth,DIG-f46ad039-growth,3,figure,Fig. 2,3,replace,figure,Fig. 5A-C,4,"Fig. 5A-C Results of the experiment with P. porites. Bars represent means + 1 SE. Panels show macroalgal percent cover, coral growth as relative change in buoyant weight, and grazing scars on corals in the six treatment groups.","Fig. 2 is the P. divaricata survival experiment, not growth; Fig. 5A-C contains the growth panel.",false,pdftotext -layout pages 3-5,digitization/source_review/agent_audits/figure_candidate_audit_agent3.csv,valid_status,matched_base_candidate
f46ad039-b2d6-4a0a-860d-98cf61f2a7de,Miller and Hay - 1998 - Effects of fish predation and seaweed competition on the survival and growth of corals.pdf,growth,DIG-f46ad039-growth,4,figure,Fig. 4,4,replace,figure,Fig. 5A-C,4,"Fig. 5A-C Results of the experiment with P. porites. Bars represent means + 1 SE. Panels show macroalgal percent cover, coral growth as relative change in buoyant weight, and grazing scars on corals in the six treatment groups.","Fig. 4 reports fish bite rates, not coral growth; Fig. 5A-C contains the growth panel.",false,pdftotext -layout pages 3-5,digitization/source_review/agent_audits/figure_candidate_audit_agent3.csv,valid_status,matched_base_candidate
f46ad039-b2d6-4a0a-860d-98cf61f2a7de,Miller and Hay - 1998 - Effects of fish predation and seaweed competition on the survival and growth of corals.pdf,survival,DIG-f46ad039-survival,1,figure,Fig. 2,3,keep,figure,Fig. 2,3,Fig. 2 Results of the experiment with P. divaricata. Bars represent means + 1 SE; treatments with the same letter are not significantly different by Dunn post hoc pairwise comparisons. Surrounding text identifies the plotted response as 48-hour survivorship.,Printed caption on stated page; surrounding results text identifies the response as P. divaricata survivorship.,false,pdftotext -layout page 3,digitization/source_review/agent_audits/figure_candidate_audit_agent3.csv,valid_status,matched_base_candidate
f46ad039-b2d6-4a0a-860d-98cf61f2a7de,Miller and Hay - 1998 - Effects of fish predation and seaweed competition on the survival and growth of corals.pdf,survival,DIG-f46ad039-survival,2,figure,Fig. 4,4,replace,figure,Fig. 2,3,Fig. 2 Results of the experiment with P. divaricata. Bars represent means + 1 SE; treatments with the same letter are not significantly different by Dunn post hoc pairwise comparisons. Surrounding text identifies the plotted response as 48-hour survivorship.,"Fig. 4 reports predation intensity, not survival; Fig. 2 is the printed survivorship result.",false,pdftotext -layout pages 3-5,digitization/source_review/agent_audits/figure_candidate_audit_agent3.csv,valid_status,matched_base_candidate
f46ad039-b2d6-4a0a-860d-98cf61f2a7de,Miller and Hay - 1998 - Effects of fish predation and seaweed competition on the survival and growth of corals.pdf,survival,DIG-f46ad039-survival,3,figure,Fig. 5A,4,replace,figure,Fig. 2,3,Fig. 2 Results of the experiment with P. divaricata. Bars represent means + 1 SE; treatments with the same letter are not significantly different by Dunn post hoc pairwise comparisons. Surrounding text identifies the plotted response as 48-hour survivorship.,"Original Fig. 5A is an inline body reference and the figure is growth/grazing, not survival; Fig. 2 is the survival result.",false,pdftotext -layout pages 3-5,digitization/source_review/agent_audits/figure_candidate_audit_agent3.csv,valid_status,matched_base_candidate
f46ad039-b2d6-4a0a-860d-98cf61f2a7de,Miller and Hay - 1998 - Effects of fish predation and seaweed competition on the survival and growth of corals.pdf,survival,DIG-f46ad039-survival,4,figure,Fig. 6,5,replace,figure,Fig. 2,3,Fig. 2 Results of the experiment with P. divaricata. Bars represent means + 1 SE; treatments with the same letter are not significantly different by Dunn post hoc pairwise comparisons. Surrounding text identifies the plotted response as 48-hour survivorship.,"Fig. 6 is seaweed composition, not survival; Fig. 2 is the survival result.",false,pdftotext -layout pages 3-5,digitization/source_review/agent_audits/figure_candidate_audit_agent3.csv,valid_status,matched_base_candidate
8c205a55-4093-46c5-a7c2-e356c8bf6a7c,Nagelkerken and Bak - 1998 - Differential regeneration of artificial lesions among sympatric morphs of the Caribbean corals Porit.pdf,rate,DIG-8c205a55-rate,1,figure,Fig. 2,3,keep,figure,Fig. 2,3,Fig. 2. Regression slopes of lesion recovery (lesion size vs time) for the different morphs of Porites astreoides and Stephanocoenia michelinii and species/morphs of Madracis.,Printed caption on stated page and directly reports regression slopes of lesion recovery.,false,pdftotext -layout page 3,digitization/source_review/agent_audits/figure_candidate_audit_agent3.csv,valid_status,matched_base_candidate
b2eaa7a6-c475-4f8e-bec2-2a52585da7c3,Nagelkerken et al. - 1999 - Depth-related variation in regeneration of artificial lesions in the Caribbean corals Porites ast.pdf,rate,DIG-b2eaa7a6-rate,1,figure,Fig. 1,4,keep,figure,Fig. 1,4,Fig. 1. Lesion recovery as a function of time for shallow and deep water colonies of (a) Porites astreoides and (b) Stephanocoenia michelinii.,Printed caption on stated page and directly reports lesion recovery through time.,false,pdftotext -layout page 4,digitization/source_review/agent_audits/figure_candidate_audit_agent3.csv,valid_status,matched_base_candidate
b2eaa7a6-c475-4f8e-bec2-2a52585da7c3,Nagelkerken et al. - 1999 - Depth-related variation in regeneration of artificial lesions in the Caribbean corals Porites ast.pdf,rate,DIG-b2eaa7a6-rate,2,figure,Fig. 2,6,keep,figure,Fig. 2,6,Fig. 2. Regression slopes calculated at each time interval for the relation between percentage lesion area recovered versus water depth for (a) Porites astreoides and (b) Stephanocoenia michelinii. Bars indicate 95 percent confidence intervals.,Printed caption on stated page and directly reports recovery-depth regression slopes through time.,false,pdftotext -layout page 6,digitization/source_review/agent_audits/figure_candidate_audit_agent3.csv,valid_status,matched_base_candidate
b2eaa7a6-c475-4f8e-bec2-2a52585da7c3,Nagelkerken et al. - 1999 - Depth-related variation in regeneration of artificial lesions in the Caribbean corals Porites ast.pdf,rate,DIG-b2eaa7a6-rate,3,figure,Fig. 3,7,replace,figure,Fig. 1,4,Fig. 1. Lesion recovery as a function of time for shallow and deep water colonies of (a) Porites astreoides and (b) Stephanocoenia michelinii.,"Fig. 3 reports zooxanthellae density, not regeneration rate; Fig. 1 is the direct lesion-recovery figure.",false,pdftotext -layout pages 4 and 7,digitization/source_review/agent_audits/figure_candidate_audit_agent3.csv,valid_status,matched_base_candidate
b2eaa7a6-c475-4f8e-bec2-2a52585da7c3,Nagelkerken et al. - 1999 - Depth-related variation in regeneration of artificial lesions in the Caribbean corals Porites ast.pdf,rate,DIG-b2eaa7a6-rate,4,figure,Fig. 5,8,replace,figure,Fig. 1,4,Fig. 1. Lesion recovery as a function of time for shallow and deep water colonies of (a) Porites astreoides and (b) Stephanocoenia michelinii.,"Fig. 5 reports chlorophyll ratio, not regeneration rate; Fig. 1 is the direct lesion-recovery figure.",false,pdftotext -layout pages 4 and 8,digitization/source_review/agent_audits/figure_candidate_audit_agent3.csv,valid_status,matched_base_candidate
b2eaa7a6-c475-4f8e-bec2-2a52585da7c3,Nagelkerken et al. - 1999 - Depth-related variation in regeneration of artificial lesions in the Caribbean corals Porites ast.pdf,rate,DIG-b2eaa7a6-rate,5,figure,Fig. 4,7,replace,figure,Fig. 1,4,Fig. 1. Lesion recovery as a function of time for shallow and deep water colonies of (a) Porites astreoides and (b) Stephanocoenia michelinii.,"Fig. 4 reports chlorophyll concentration, not regeneration rate; Fig. 1 is the direct lesion-recovery figure.",false,pdftotext -layout pages 4 and 7,digitization/source_review/agent_audits/figure_candidate_audit_agent3.csv,valid_status,matched_base_candidate
9f560a14-a39a-4d71-8d68-9c14a4001c75,Nicolet et al. - 2018 - Predation scars may influence host susceptibility to pathogens evaluating the role of corallivores.pdf,survival,DIG-9f560a14-survival,1,figure,Figure 1,3,keep,figure,Figure 1,3,Figure 1. Percentage of nubbins infected in disease transmission experiments involving the butterflyfish Chaetodon plebeius and the snail Drupella under brown band and black band disease treatments and controls.,Printed caption on stated page and directly reports infection percentages.,false,pdftotext -layout page 3,digitization/source_review/agent_audits/figure_candidate_audit_agent3.csv,valid_status,matched_base_candidate
9f560a14-a39a-4d71-8d68-9c14a4001c75,Nicolet et al. - 2018 - Predation scars may influence host susceptibility to pathogens evaluating the role of corallivores.pdf,survival,DIG-9f560a14-survival,2,figure,Figure 2,4,keep,figure,Figure 2,4,"Figure 2. Table plot illustrating the proportion of healthy and infected nubbins in relation to caging treatment, disease type, and reef site. The field experiment ran for 7 days and was monitored every second day; N = 96 nubbins overall.",Printed caption on stated page and directly reports healthy versus infected nubbins.,false,pdftotext -layout page 4,digitization/source_review/agent_audits/figure_candidate_audit_agent3.csv,valid_status,matched_base_candidate
9f560a14-a39a-4d71-8d68-9c14a4001c75,Nicolet et al. - 2018 - Predation scars may influence host susceptibility to pathogens evaluating the role of corallivores.pdf,survival,DIG-9f560a14-survival,3,table,Table 1,5,replace,figure,Figure 1,3,Figure 1. Percentage of nubbins infected in disease transmission experiments involving the butterflyfish Chaetodon plebeius and the snail Drupella under brown band and black band disease treatments and controls.,Table 1 is a literature-review table rather than the primary survival/infection response; Figure 1 is the primary experiment result.,false,pdftotext -layout pages 3 and 5,digitization/source_review/agent_audits/figure_candidate_audit_agent3.csv,valid_status,matched_base_candidate
9f560a14-a39a-4d71-8d68-9c14a4001c75,Nicolet et al. - 2018 - Predation scars may influence host susceptibility to pathogens evaluating the role of corallivores.pdf,survival,DIG-9f560a14-survival,4,table,Table 1,6,replace,figure,Figure 1,3,Figure 1. Percentage of nubbins infected in disease transmission experiments involving the butterflyfish Chaetodon plebeius and the snail Drupella under brown band and black band disease treatments and controls.,"Original Table 1 on page 6 is an inline reference, not a printed caption; Figure 1 is the primary experiment result.",false,pdftotext -layout pages 3 and 6,digitization/source_review/agent_audits/figure_candidate_audit_agent3.csv,valid_status,matched_base_candidate
d17e3c0b-32a1-4c10-94fa-7558d22f726e,Okubo - 2008 - Size-independent investment allocation to regeneration and growth of the branching coral Acropora mu.pdf,growth,DIG-d17e3c0b-growth,1,table,Table 2,4,keep,table,Table 2,4,"Table 2 Number of new polyps formed on the new layer on the cut surface 24 days after fragmentation. The rendered table also reports survival rate, linear extension rate, spawning ratio, and growth-rate comparisons among fragment size groups.",Printed table caption on stated page; rendered table includes linear extension rate and growth-rate comparisons.,false,pdftotext -layout plus rendered page image page 4,digitization/source_review/agent_audits/figure_candidate_audit_agent3.csv,valid_status,matched_base_candidate
d17e3c0b-32a1-4c10-94fa-7558d22f726e,Okubo - 2008 - Size-independent investment allocation to regeneration and growth of the branching coral Acropora mu.pdf,growth,DIG-d17e3c0b-growth,2,table,Table 1,3,keep,table,Table 1,3,Table 1 Number of new polyps formed on the new layer on the cut surface 24 days after fragmentation. The rendered table also reports survival rate and number of polyps among fragment size groups.,Printed table caption on stated page and relevant to regeneration/growth via new polyp formation.,false,pdftotext -layout plus rendered page image page 3,digitization/source_review/agent_audits/figure_candidate_audit_agent3.csv,valid_status,matched_base_candidate
d17e3c0b-32a1-4c10-94fa-7558d22f726e,Okubo - 2008 - Size-independent investment allocation to regeneration and growth of the branching coral Acropora mu.pdf,rate,DIG-d17e3c0b-rate,1,table,Table 2,4,remove,,,,no_valid_candidate_found,"No printed figure/table reports wound-closure or regeneration rate; the rate result is in prose, while Table 2 reports survival, linear extension, spawning, and growth comparisons.",false,pdftotext -layout plus rendered page image page 4,digitization/source_review/agent_audits/figure_candidate_audit_agent3.csv,valid_status,matched_base_candidate
d17e3c0b-32a1-4c10-94fa-7558d22f726e,Okubo - 2008 - Size-independent investment allocation to regeneration and growth of the branching coral Acropora mu.pdf,rate,DIG-d17e3c0b-rate,2,table,Table 1,3,remove,,,,no_valid_candidate_found,"No printed figure/table reports wound-closure or regeneration rate; the rate result is in prose, while Table 1 reports new polyps and survival.",false,pdftotext -layout plus rendered page image page 3,digitization/source_review/agent_audits/figure_candidate_audit_agent3.csv,valid_status,matched_base_candidate
84a7b2a4-6982-4dce-a39a-2d4f07d0176b,Oren et al. - 1997 - Effect of lesion size and shape on regeneration of the Red Sea coral Favia favus.pdf,rate,DIG-84a7b2a4-rate,1,table,Table 3,6,keep,table,Table 3,6,Table 3. One-way ANOVA of the NFT/P ratios attained during the first month. Definitions of lesion type abbreviations are given in Table 1.,Printed table caption on stated page and relevant to regeneration-rate comparison via NFT/P ratios.,false,pdftotext -layout page 6,digitization/source_review/agent_audits/figure_candidate_audit_agent3.csv,valid_status,matched_base_candidate
84a7b2a4-6982-4dce-a39a-2d4f07d0176b,Oren et al. - 1997 - Effect of lesion size and shape on regeneration of the Red Sea coral Favia favus.pdf,rate,DIG-84a7b2a4-rate,2,figure,Fig. I,3,replace,table,Table 1,5,"Table 1. Percent reduction of lesion areas during the first, second, and third monthly intervals and during the entire 0-90 d study period for the five lesion types.","Original Fig. I text is an inline reference to lesion types, not a printed caption on page 3; Table 1 directly reports percent lesion-area reduction over time.",false,pdftotext -layout pages 3-5,digitization/source_review/agent_audits/figure_candidate_audit_agent3.csv,valid_status,matched_base_candidate
84a7b2a4-6982-4dce-a39a-2d4f07d0176b,Oren et al. - 1997 - Effect of lesion size and shape on regeneration of the Red Sea coral Favia favus.pdf,rate,DIG-84a7b2a4-rate,3,figure,Fig. 2b,7,replace,table,Table 1,5,"Table 1. Percent reduction of lesion areas during the first, second, and third monthly intervals and during the entire 0-90 d study period for the five lesion types.","Original Fig. 2b text is an inline reference in discussion, not a caption; Table 1 directly reports percent lesion-area reduction over time.",false,pdftotext -layout pages 5-7,digitization/source_review/agent_audits/figure_candidate_audit_agent3.csv,valid_status,matched_base_candidate
84a7b2a4-6982-4dce-a39a-2d4f07d0176b,Oren et al. - 1997 - Effect of lesion size and shape on regeneration of the Red Sea coral Favia favus.pdf,rate,DIG-84a7b2a4-rate,4,figure,Fig. l,7,replace,table,Table 1,5,"Table 1. Percent reduction of lesion areas during the first, second, and third monthly intervals and during the entire 0-90 d study period for the five lesion types.","Original Fig. l text is an inline reference in literature/discussion, not a printed caption; Table 1 directly reports lesion-area reduction.",false,pdftotext -layout pages 5-7,digitization/source_review/agent_audits/figure_candidate_audit_agent3.csv,valid_status,matched_base_candidate
84a7b2a4-6982-4dce-a39a-2d4f07d0176b,Oren et al. - 1997 - Effect of lesion size and shape on regeneration of the Red Sea coral Favia favus.pdf,rate,DIG-84a7b2a4-rate,5,figure,Fig. 2,5,replace,table,Table 1,5,"Table 1. Percent reduction of lesion areas during the first, second, and third monthly intervals and during the entire 0-90 d study period for the five lesion types.","Fig. 2 is a printed lesion-characteristics caption, but not the response-rate result; Table 1 reports percent lesion-area reduction over time.",false,pdftotext -layout page 5,digitization/source_review/agent_audits/figure_candidate_audit_agent3.csv,valid_status,matched_base_candidate
a3b88246-eb7f-49ed-a997-67c6d36e9413,Oren et al. - 2001 - Colony Integration during Regeneration in the Stony Coral Favia favus.pdf,rate,DIG-a3b88246-rate,1,table,Table 4,8,replace,table,Table 2,6,TABLE 2. Average percentage (+/- 1 SD) lesion recovery during three consecutive monthly intervals (see Fig. 2 for description of lesion type). Recovery rates (%).,"Original candidate is a printed item, but it is not a rate result for this response type; Table 2 is the printed lesion recovery-rate table on page 6.",no,local_pdf_pdftotext_layout_page_check,digitization/source_review/agent_audits/figure_candidate_audit_agent4.csv,valid_status,matched_base_candidate
a3b88246-eb7f-49ed-a997-67c6d36e9413,Oren et al. - 2001 - Colony Integration during Regeneration in the Stony Coral Favia favus.pdf,rate,DIG-a3b88246-rate,2,table,Table 2,6,keep,table,Table 2,6,TABLE 2. Average percentage (+/- 1 SD) lesion recovery during three consecutive monthly intervals (see Fig. 2 for description of lesion type). Recovery rates (%).,Printed caption is on the stated page and reports lesion recovery rates across monthly intervals.,no,local_pdf_pdftotext_layout_page_check,digitization/source_review/agent_audits/figure_candidate_audit_agent4.csv,valid_status,matched_base_candidate
a3b88246-eb7f-49ed-a997-67c6d36e9413,Oren et al. - 2001 - Colony Integration during Regeneration in the Stony Coral Favia favus.pdf,rate,DIG-a3b88246-rate,3,figure,FIG. 3,7,keep,figure,FIG. 3,7,"FIG. 3. Average percentage recovery rates recorded for the small, intermediate, and large Favia favus colonies during the first month after injury: (a) colonies inflicted with SP lesions (n = 8), (b) colonies inflicted with E-2 lesions (n = 8), and (c) colonies inflicted with E-3 lesions (n = 8). Error bars represent the upper range of the 95% confidence interval for the mean deduced from the calculated percentage data.",Printed caption is on the stated page and reports percentage recovery rates during the first month after injury.,no,local_pdf_pdftotext_layout_page_check,digitization/source_review/agent_audits/figure_candidate_audit_agent4.csv,valid_status,matched_base_candidate
a3b88246-eb7f-49ed-a997-67c6d36e9413,Oren et al. - 2001 - Colony Integration during Regeneration in the Stony Coral Favia favus.pdf,rate,DIG-a3b88246-rate,4,figure,FIG. 2,5,replace,table,Table 2,6,TABLE 2. Average percentage (+/- 1 SD) lesion recovery during three consecutive monthly intervals (see Fig. 2 for description of lesion type). Recovery rates (%).,"Original candidate is a printed item, but it is not a rate result for this response type; Table 2 is the printed lesion recovery-rate table on page 6.",no,local_pdf_pdftotext_layout_page_check,digitization/source_review/agent_audits/figure_candidate_audit_agent4.csv,valid_status,matched_base_candidate
a3b88246-eb7f-49ed-a997-67c6d36e9413,Oren et al. - 2001 - Colony Integration during Regeneration in the Stony Coral Favia favus.pdf,rate,DIG-a3b88246-rate,5,table,Table 1,5,replace,table,Table 2,6,TABLE 2. Average percentage (+/- 1 SD) lesion recovery during three consecutive monthly intervals (see Fig. 2 for description of lesion type). Recovery rates (%).,"Original candidate is a printed item, but it is not a rate result for this response type; Table 2 is the printed lesion recovery-rate table on page 6.",no,local_pdf_pdftotext_layout_page_check,digitization/source_review/agent_audits/figure_candidate_audit_agent4.csv,valid_status,matched_base_candidate
a3b88246-eb7f-49ed-a997-67c6d36e9413,Oren et al. - 2001 - Colony Integration during Regeneration in the Stony Coral Favia favus.pdf,reproduction,DIG-a3b88246-reproduction,1,table,Table 4,8,keep,table,Table 4,8,TABLE 4. Two-way analysis of variance examining the effect of lesion type and the distance from the lesion on polyp fecundity of Favia favus (for details see Fig. 5).,Printed caption is on the stated page and reports the fecundity ANOVA for lesion type and distance from lesion.,no,local_pdf_pdftotext_layout_page_check,digitization/source_review/agent_audits/figure_candidate_audit_agent4.csv,valid_status,matched_base_candidate
a3b88246-eb7f-49ed-a997-67c6d36e9413,Oren et al. - 2001 - Colony Integration during Regeneration in the Stony Coral Favia favus.pdf,reproduction,DIG-a3b88246-reproduction,2,figure,FIG. 1,4,replace,figure,FIG. 5,8,"FIG. 5. Gray bars depict fecundity in terms of average oocytes per septum (+/- SD) recorded in Favia favus polyps sampled at distances of 1, 7, and 15 cm away from: (a) monthly repeated SP lesions (n = 8), (b) monthly repeated E-3 lesions (n = 8), and (c) monthly repeated E-10 lesions (n = 8). The lesions were inflicted on the upper surface of the colonies in February 1996 and then re-inflicted monthly throughout oogenesis. Black bars present fecundity of intact controls.",Original candidate is a real caption but does not report reproduction; Fig. 5 is the printed fecundity figure for monthly repeated lesions.,no,local_pdf_pdftotext_layout_page_check,digitization/source_review/agent_audits/figure_candidate_audit_agent4.csv,valid_status,matched_base_candidate
a3b88246-eb7f-49ed-a997-67c6d36e9413,Oren et al. - 2001 - Colony Integration during Regeneration in the Stony Coral Favia favus.pdf,reproduction,DIG-a3b88246-reproduction,3,figure,FIG. 2,5,replace,figure,FIG. 5,8,"FIG. 5. Gray bars depict fecundity in terms of average oocytes per septum (+/- SD) recorded in Favia favus polyps sampled at distances of 1, 7, and 15 cm away from: (a) monthly repeated SP lesions (n = 8), (b) monthly repeated E-3 lesions (n = 8), and (c) monthly repeated E-10 lesions (n = 8). The lesions were inflicted on the upper surface of the colonies in February 1996 and then re-inflicted monthly throughout oogenesis. Black bars present fecundity of intact controls.",Original candidate is a real caption but does not report reproduction; Fig. 5 is the printed fecundity figure for monthly repeated lesions.,no,local_pdf_pdftotext_layout_page_check,digitization/source_review/agent_audits/figure_candidate_audit_agent4.csv,valid_status,matched_base_candidate
a3b88246-eb7f-49ed-a997-67c6d36e9413,Oren et al. - 2001 - Colony Integration during Regeneration in the Stony Coral Favia favus.pdf,reproduction,DIG-a3b88246-reproduction,4,table,Table 1,5,replace,figure,FIG. 5,8,"FIG. 5. Gray bars depict fecundity in terms of average oocytes per septum (+/- SD) recorded in Favia favus polyps sampled at distances of 1, 7, and 15 cm away from: (a) monthly repeated SP lesions (n = 8), (b) monthly repeated E-3 lesions (n = 8), and (c) monthly repeated E-10 lesions (n = 8). The lesions were inflicted on the upper surface of the colonies in February 1996 and then re-inflicted monthly throughout oogenesis. Black bars present fecundity of intact controls.",Original candidate is a real caption but does not report reproduction; Fig. 5 is the printed fecundity figure for monthly repeated lesions.,no,local_pdf_pdftotext_layout_page_check,digitization/source_review/agent_audits/figure_candidate_audit_agent4.csv,valid_status,matched_base_candidate
a3b88246-eb7f-49ed-a997-67c6d36e9413,Oren et al. - 2001 - Colony Integration during Regeneration in the Stony Coral Favia favus.pdf,reproduction,DIG-a3b88246-reproduction,5,table,Table 2,6,replace,figure,FIG. 5,8,"FIG. 5. Gray bars depict fecundity in terms of average oocytes per septum (+/- SD) recorded in Favia favus polyps sampled at distances of 1, 7, and 15 cm away from: (a) monthly repeated SP lesions (n = 8), (b) monthly repeated E-3 lesions (n = 8), and (c) monthly repeated E-10 lesions (n = 8). The lesions were inflicted on the upper surface of the colonies in February 1996 and then re-inflicted monthly throughout oogenesis. Black bars present fecundity of intact controls.",Original candidate is a real caption but does not report reproduction; Fig. 5 is the printed fecundity figure for monthly repeated lesions.,no,local_pdf_pdftotext_layout_page_check,digitization/source_review/agent_audits/figure_candidate_audit_agent4.csv,valid_status,matched_base_candidate
d7f996dc-c00b-423c-b424-965cd78f9d1b,Page and Willis - 2008 - Epidemiology of skeletal eroding band on the Great Barrier Reef and the role of injury in the initia.pdf,survival,DIG-d7f996dc-survival,1,table,Table 4,11,replace,figure,Fig. 7,12,"Fig. 7. Mean size of injuries, artificially created on three scleractinian species (Acropora muricata, Porites cylindrica and Pocillopora damicornis), 1-133 days after injury.","Original candidate is a real printed caption but reports disease signs, site map, host prevalence, or ciliate colonization rather than tissue loss; Fig. 7 reports injury size over time.",no,local_pdf_pdftotext_layout_page_check,digitization/source_review/agent_audits/figure_candidate_audit_agent4.csv,valid_status,matched_base_candidate
d7f996dc-c00b-423c-b424-965cd78f9d1b,Page and Willis - 2008 - Epidemiology of skeletal eroding band on the Great Barrier Reef and the role of injury in the initia.pdf,survival,DIG-d7f996dc-survival,2,figure,Fig. 7,12,keep,figure,Fig. 7,12,"Fig. 7. Mean size of injuries, artificially created on three scleractinian species (Acropora muricata, Porites cylindrica and Pocillopora damicornis), 1-133 days after injury.","Printed caption is on the stated page and reports injury size over time, the closest tissue-loss/survival outcome in this PDF.",no,local_pdf_pdftotext_layout_page_check,digitization/source_review/agent_audits/figure_candidate_audit_agent4.csv,valid_status,matched_base_candidate
d7f996dc-c00b-423c-b424-965cd78f9d1b,Page and Willis - 2008 - Epidemiology of skeletal eroding band on the Great Barrier Reef and the role of injury in the initia.pdf,survival,DIG-d7f996dc-survival,3,figure,Fig. 1,2,replace,figure,Fig. 7,12,"Fig. 7. Mean size of injuries, artificially created on three scleractinian species (Acropora muricata, Porites cylindrica and Pocillopora damicornis), 1-133 days after injury.","Original candidate is a real printed caption but reports disease signs, site map, host prevalence, or ciliate colonization rather than tissue loss; Fig. 7 reports injury size over time.",no,local_pdf_pdftotext_layout_page_check,digitization/source_review/agent_audits/figure_candidate_audit_agent4.csv,valid_status,matched_base_candidate
d7f996dc-c00b-423c-b424-965cd78f9d1b,Page and Willis - 2008 - Epidemiology of skeletal eroding band on the Great Barrier Reef and the role of injury in the initia.pdf,survival,DIG-d7f996dc-survival,4,figure,Fig. 2,4,replace,figure,Fig. 7,12,"Fig. 7. Mean size of injuries, artificially created on three scleractinian species (Acropora muricata, Porites cylindrica and Pocillopora damicornis), 1-133 days after injury.","Original candidate is a real printed caption but reports disease signs, site map, host prevalence, or ciliate colonization rather than tissue loss; Fig. 7 reports injury size over time.",no,local_pdf_pdftotext_layout_page_check,digitization/source_review/agent_audits/figure_candidate_audit_agent4.csv,valid_status,matched_base_candidate
d7f996dc-c00b-423c-b424-965cd78f9d1b,Page and Willis - 2008 - Epidemiology of skeletal eroding band on the Great Barrier Reef and the role of injury in the initia.pdf,survival,DIG-d7f996dc-survival,5,table,Table 1,6,replace,figure,Fig. 7,12,"Fig. 7. Mean size of injuries, artificially created on three scleractinian species (Acropora muricata, Porites cylindrica and Pocillopora damicornis), 1-133 days after injury.","Original candidate is a real printed caption but reports disease signs, site map, host prevalence, or ciliate colonization rather than tissue loss; Fig. 7 reports injury size over time.",no,local_pdf_pdftotext_layout_page_check,digitization/source_review/agent_audits/figure_candidate_audit_agent4.csv,valid_status,matched_base_candidate
3f852e08-6b2f-488b-9351-0f78b2ba41a5,Palacios et al. - 2014 - Fish corallivory on a pocilloporid reef and experimental coral responses to predation.pdf,growth,DIG-3f852e08-growth,1,figure,Fig. 6,8,keep,figure,Fig. 6,8,"Fig. 6. Mean (+/- 95% CI) growth in terms of (a) normalized linear extension and (b) normalized weight of Pocillopora spp. nubbins in each of three predation treatments (Predation, cage control = CC, and Predation exclusion), plus (c) ratio between normalized weight gained and increased linear extension.",Printed caption is on the stated page and reports growth by predation treatment.,no,local_pdf_pdftotext_layout_page_check,digitization/source_review/agent_audits/figure_candidate_audit_agent4.csv,valid_status,matched_base_candidate
3f852e08-6b2f-488b-9351-0f78b2ba41a5,Palacios et al. - 2014 - Fish corallivory on a pocilloporid reef and experimental coral responses to predation.pdf,growth,DIG-3f852e08-growth,2,figure,Fig. 5,8,keep,figure,Fig. 5,8,"Fig. 5. Adjusted mean (+/- 95% CI) of the change in weight attained by pocilloporid colonies exposed to different levels of simulated bite-inflicted damage (control = 0% or no damage, and 25, 50, or 75% of colony branch tips damaged). Means of change in weight were adjusted by ANCOVA to the mean initial weight of colonies.",Printed caption is on the stated page and reports change in weight after simulated bite damage.,no,local_pdf_pdftotext_layout_page_check,digitization/source_review/agent_audits/figure_candidate_audit_agent4.csv,valid_status,matched_base_candidate
3f852e08-6b2f-488b-9351-0f78b2ba41a5,Palacios et al. - 2014 - Fish corallivory on a pocilloporid reef and experimental coral responses to predation.pdf,growth,DIG-3f852e08-growth,3,figure,Fig. 5,8,replace,figure,Fig. 5,8,"Fig. 5. Adjusted mean (+/- 95% CI) of the change in weight attained by pocilloporid colonies exposed to different levels of simulated bite-inflicted damage (control = 0% or no damage, and 25, 50, or 75% of colony branch tips damaged). Means of change in weight were adjusted by ANCOVA to the mean initial weight of colonies.",Original row captured an in-text Fig. 5 reference rather than the printed caption; corrected to the actual Fig. 5 caption on the same page.,no,local_pdf_pdftotext_layout_page_check,digitization/source_review/agent_audits/figure_candidate_audit_agent4.csv,valid_status,matched_base_candidate
3f852e08-6b2f-488b-9351-0f78b2ba41a5,Palacios et al. - 2014 - Fish corallivory on a pocilloporid reef and experimental coral responses to predation.pdf,growth,DIG-3f852e08-growth,4,table,Table 1,9,keep,table,Table 1,9,"Table 1. Carbonate budget estimated for La Azufrada coral reef, considering only the production of Pocillopora spp. and the destruction by the puffer Arothron meleagris.",Printed table caption is on the stated page and includes the Pocillopora growth-rate input used in the carbonate budget.,no,local_pdf_pdftotext_layout_page_check,digitization/source_review/agent_audits/figure_candidate_audit_agent4.csv,valid_status,matched_base_candidate
3f852e08-6b2f-488b-9351-0f78b2ba41a5,Palacios et al. - 2014 - Fish corallivory on a pocilloporid reef and experimental coral responses to predation.pdf,growth,DIG-3f852e08-growth,5,figure,Fig. 1,4,replace,figure,Fig. 6,8,"Fig. 6. Mean (+/- 95% CI) growth in terms of (a) normalized linear extension and (b) normalized weight of Pocillopora spp. nubbins in each of three predation treatments (Predation, cage control = CC, and Predation exclusion), plus (c) ratio between normalized weight gained and increased linear extension.",Original Fig. 1 is a bite-mark photo and not a growth response; Fig. 6 is the printed growth result by predation treatment.,no,local_pdf_pdftotext_layout_page_check,digitization/source_review/agent_audits/figure_candidate_audit_agent4.csv,valid_status,matched_base_candidate
3f852e08-6b2f-488b-9351-0f78b2ba41a5,Palacios et al. - 2014 - Fish corallivory on a pocilloporid reef and experimental coral responses to predation.pdf,survival,DIG-3f852e08-survival,1,figure,Fig. 1,4,remove,,no_valid_candidate_found,,no_valid_candidate_found,"Printed caption exists, but the PDF does not contain a survival, mortality, or tissue-loss figure/table outcome for this response type; local text search found growth, recovery, and bite-density items only.",no,local_pdf_pdftotext_layout_keyword_search,digitization/source_review/agent_audits/figure_candidate_audit_agent4.csv,valid_status,matched_base_candidate
3f852e08-6b2f-488b-9351-0f78b2ba41a5,Palacios et al. - 2014 - Fish corallivory on a pocilloporid reef and experimental coral responses to predation.pdf,survival,DIG-3f852e08-survival,2,figure,Fig. 2,5,remove,,no_valid_candidate_found,,no_valid_candidate_found,"Printed caption exists, but the PDF does not contain a survival, mortality, or tissue-loss figure/table outcome for this response type; local text search found growth, recovery, and bite-density items only.",no,local_pdf_pdftotext_layout_keyword_search,digitization/source_review/agent_audits/figure_candidate_audit_agent4.csv,valid_status,matched_base_candidate
3f852e08-6b2f-488b-9351-0f78b2ba41a5,Palacios et al. - 2014 - Fish corallivory on a pocilloporid reef and experimental coral responses to predation.pdf,survival,DIG-3f852e08-survival,3,figure,Fig. 3,6,remove,,no_valid_candidate_found,,no_valid_candidate_found,"Printed caption exists, but the PDF does not contain a survival, mortality, or tissue-loss figure/table outcome for this response type; local text search found growth, recovery, and bite-density items only.",no,local_pdf_pdftotext_layout_keyword_search,digitization/source_review/agent_audits/figure_candidate_audit_agent4.csv,valid_status,matched_base_candidate
3f852e08-6b2f-488b-9351-0f78b2ba41a5,Palacios et al. - 2014 - Fish corallivory on a pocilloporid reef and experimental coral responses to predation.pdf,survival,DIG-3f852e08-survival,4,figure,Fig. 3b,7,remove,,no_valid_candidate_found,,no_valid_candidate_found,"Printed caption exists, but the PDF does not contain a survival, mortality, or tissue-loss figure/table outcome for this response type; local text search found growth, recovery, and bite-density items only.",no,local_pdf_pdftotext_layout_keyword_search,digitization/source_review/agent_audits/figure_candidate_audit_agent4.csv,valid_status,matched_base_candidate
3f852e08-6b2f-488b-9351-0f78b2ba41a5,Palacios et al. - 2014 - Fish corallivory on a pocilloporid reef and experimental coral responses to predation.pdf,survival,DIG-3f852e08-survival,5,figure,Fig. 4,7,remove,,no_valid_candidate_found,,no_valid_candidate_found,"Printed caption exists, but the PDF does not contain a survival, mortality, or tissue-loss figure/table outcome for this response type; local text search found growth, recovery, and bite-density items only.",no,local_pdf_pdftotext_layout_keyword_search,digitization/source_review/agent_audits/figure_candidate_audit_agent4.csv,valid_status,matched_base_candidate
6f750c49-3261-482c-ade2-373835f7cf40,Paz-Garcia - 2006 - Temporal variation in the regeneration rate of artificial lesions in two morphotypes of Porites pana.pdf,rate,DIG-6f750c49-rate,1,figure,Figure 3,5,keep,figure,Figure 3,5,"Figure 3. Curve of lesion regeneration in Porites panamensis morphotypes. (a) Massive colonies and (b) columnar colonies, with cold and warm season fitted models.",Printed caption is on the stated page and reports lesion regeneration curves by morphotype and season.,no,local_pdf_pdftotext_layout_page_check,digitization/source_review/agent_audits/figure_candidate_audit_agent4.csv,valid_status,matched_base_candidate
6f750c49-3261-482c-ade2-373835f7cf40,Paz-Garcia - 2006 - Temporal variation in the regeneration rate of artificial lesions in two morphotypes of Porites pana.pdf,rate,DIG-6f750c49-rate,2,figure,Figure 4,5,keep,figure,Figure 4,5,"Figure 4. Percentage of lesions with complete regeneration, partial regeneration and algal colonization in massive (grey) and columnar (black) colonies of Porites panamensis during the warm and cold seasons.",Printed caption is on the stated page and reports complete/partial regeneration percentages by morphotype and season.,no,local_pdf_pdftotext_layout_page_check,digitization/source_review/agent_audits/figure_candidate_audit_agent4.csv,valid_status,matched_base_candidate
06ab1757-8fe9-4325-96ed-6f3106b325e4,Raymundo et al. - 2016 - Effects of Coralliophila violacea on tissue loss in the scleractinian corals Porites spp. depend on.pdf,growth,DIG-06ab1757-growth,1,figure,Fig. 3,6,remove,,no_valid_candidate_found,,no_valid_candidate_found,"Printed caption exists or was referenced in text, but this PDF reports tissue loss, healing fate, and histology rather than a growth response; no valid growth figure/table was found locally.",no,local_pdf_pdftotext_layout_keyword_search,digitization/source_review/agent_audits/figure_candidate_audit_agent4.csv,valid_status,matched_base_candidate
06ab1757-8fe9-4325-96ed-6f3106b325e4,Raymundo et al. - 2016 - Effects of Coralliophila violacea on tissue loss in the scleractinian corals Porites spp. depend on.pdf,growth,DIG-06ab1757-growth,2,figure,Fig. 2,4,remove,,no_valid_candidate_found,,no_valid_candidate_found,"Printed caption exists or was referenced in text, but this PDF reports tissue loss, healing fate, and histology rather than a growth response; no valid growth figure/table was found locally.",no,local_pdf_pdftotext_layout_keyword_search,digitization/source_review/agent_audits/figure_candidate_audit_agent4.csv,valid_status,matched_base_candidate
06ab1757-8fe9-4325-96ed-6f3106b325e4,Raymundo et al. - 2016 - Effects of Coralliophila violacea on tissue loss in the scleractinian corals Porites spp. depend on.pdf,growth,DIG-06ab1757-growth,3,figure,Fig. 4B,4,remove,,no_valid_candidate_found,,no_valid_candidate_found,"Printed caption exists or was referenced in text, but this PDF reports tissue loss, healing fate, and histology rather than a growth response; no valid growth figure/table was found locally.",no,local_pdf_pdftotext_layout_keyword_search,digitization/source_review/agent_audits/figure_candidate_audit_agent4.csv,valid_status,matched_base_candidate
06ab1757-8fe9-4325-96ed-6f3106b325e4,Raymundo et al. - 2016 - Effects of Coralliophila violacea on tissue loss in the scleractinian corals Porites spp. depend on.pdf,growth,DIG-06ab1757-growth,4,table,Table 1,4,remove,,no_valid_candidate_found,,no_valid_candidate_found,"Printed caption exists or was referenced in text, but this PDF reports tissue loss, healing fate, and histology rather than a growth response; no valid growth figure/table was found locally.",no,local_pdf_pdftotext_layout_keyword_search,digitization/source_review/agent_audits/figure_candidate_audit_agent4.csv,valid_status,matched_base_candidate
06ab1757-8fe9-4325-96ed-6f3106b325e4,Raymundo et al. - 2016 - Effects of Coralliophila violacea on tissue loss in the scleractinian corals Porites spp. depend on.pdf,growth,DIG-06ab1757-growth,5,table,Table 2,5,remove,,no_valid_candidate_found,,no_valid_candidate_found,"Printed caption exists or was referenced in text, but this PDF reports tissue loss, healing fate, and histology rather than a growth response; no valid growth figure/table was found locally.",no,local_pdf_pdftotext_layout_keyword_search,digitization/source_review/agent_audits/figure_candidate_audit_agent4.csv,valid_status,matched_base_candidate
06ab1757-8fe9-4325-96ed-6f3106b325e4,Raymundo et al. - 2016 - Effects of Coralliophila violacea on tissue loss in the scleractinian corals Porites spp. depend on.pdf,survival,DIG-06ab1757-survival,1,table,Table 1,4,keep,table,Table 1,4,"Table 1. Fate of feeding scars formed on healthy Porites rus plates (n = 10 per treatment; several plates contained more than one scar) partitioned by feeding treatment. Metrics include lesions progressing, scars healing, lesion progression rate, and feeding scar healing rate.","Printed table caption is on the stated page and reports fate of feeding scars, including progressing lesions and healing.",no,local_pdf_pdftotext_layout_page_check,digitization/source_review/agent_audits/figure_candidate_audit_agent4.csv,valid_status,matched_base_candidate
06ab1757-8fe9-4325-96ed-6f3106b325e4,Raymundo et al. - 2016 - Effects of Coralliophila violacea on tissue loss in the scleractinian corals Porites spp. depend on.pdf,survival,DIG-06ab1757-survival,2,figure,Fig. 2,4,keep,figure,Fig. 2,4,"Fig. 2. Time series photographs of progressive tissue loss resembling white syndrome in Porites rus, originating from three feeding scars. Tissue continued to slough after the snail was removed; areas of tissue loss coalesced and additional tissue loss initiated along another feeding scar.",Printed caption is on the stated page and depicts progressive tissue loss after snail feeding scars.,no,local_pdf_pdftotext_layout_page_check,digitization/source_review/agent_audits/figure_candidate_audit_agent4.csv,valid_status,matched_base_candidate
06ab1757-8fe9-4325-96ed-6f3106b325e4,Raymundo et al. - 2016 - Effects of Coralliophila violacea on tissue loss in the scleractinian corals Porites spp. depend on.pdf,survival,DIG-06ab1757-survival,3,figure,Fig. 4B,4,replace,table,Table 1,4,"Table 1. Fate of feeding scars formed on healthy Porites rus plates (n = 10 per treatment; several plates contained more than one scar) partitioned by feeding treatment. Metrics include lesions progressing, scars healing, lesion progression rate, and feeding scar healing rate.",Original candidate is histology or an in-text panel reference rather than the best survival/tissue-loss outcome; Table 1 reports feeding-scar fate and lesion progression.,no,local_pdf_pdftotext_layout_page_check,digitization/source_review/agent_audits/figure_candidate_audit_agent4.csv,valid_status,matched_base_candidate
06ab1757-8fe9-4325-96ed-6f3106b325e4,Raymundo et al. - 2016 - Effects of Coralliophila violacea on tissue loss in the scleractinian corals Porites spp. depend on.pdf,survival,DIG-06ab1757-survival,4,table,Table 2,5,replace,table,Table 1,4,"Table 1. Fate of feeding scars formed on healthy Porites rus plates (n = 10 per treatment; several plates contained more than one scar) partitioned by feeding treatment. Metrics include lesions progressing, scars healing, lesion progression rate, and feeding scar healing rate.",Original candidate is histology or an in-text panel reference rather than the best survival/tissue-loss outcome; Table 1 reports feeding-scar fate and lesion progression.,no,local_pdf_pdftotext_layout_page_check,digitization/source_review/agent_audits/figure_candidate_audit_agent4.csv,valid_status,matched_base_candidate
06ab1757-8fe9-4325-96ed-6f3106b325e4,Raymundo et al. - 2016 - Effects of Coralliophila violacea on tissue loss in the scleractinian corals Porites spp. depend on.pdf,survival,DIG-06ab1757-survival,5,figure,Fig. 3,6,replace,table,Table 1,4,"Table 1. Fate of feeding scars formed on healthy Porites rus plates (n = 10 per treatment; several plates contained more than one scar) partitioned by feeding treatment. Metrics include lesions progressing, scars healing, lesion progression rate, and feeding scar healing rate.",Original candidate is histology or an in-text panel reference rather than the best survival/tissue-loss outcome; Table 1 reports feeding-scar fate and lesion progression.,no,local_pdf_pdftotext_layout_page_check,digitization/source_review/agent_audits/figure_candidate_audit_agent4.csv,valid_status,matched_base_candidate
0ccdd954-1740-44d7-a2c6-6280125057b5,Rice et al. - 2019 - Different nitrogen sources speed recovery from corallivory and uniquely alter the microbiome of a re.pdf,rate,DIG-0ccdd954-rate,1,table,Table S3,7,replace,figure,Figure 2,8,Figure 2. Wound healing rates of Pocillopora meandrina. Wound healing rates (mm2 day-1; mean +/- SE) of wounded Pocillopora meandrina nubbins under different temperature and nutrient treatments. Points show data distribution; letters represent significant differences among treatments.,"Original Table S3 mention is an in-text supplemental reference, not a printed caption in the local PDF; Figure 2 is the printed wound-healing-rate result.",no,local_pdf_pdftotext_layout_page_check,digitization/source_review/agent_audits/figure_candidate_audit_agent4.csv,valid_status,matched_base_candidate
0ccdd954-1740-44d7-a2c6-6280125057b5,Rice et al. - 2019 - Different nitrogen sources speed recovery from corallivory and uniquely alter the microbiome of a re.pdf,rate,DIG-0ccdd954-rate,2,figure,Figure 2,8,keep,figure,Figure 2,8,Figure 2. Wound healing rates of Pocillopora meandrina. Wound healing rates (mm2 day-1; mean +/- SE) of wounded Pocillopora meandrina nubbins under different temperature and nutrient treatments. Points show data distribution; letters represent significant differences among treatments.,Printed caption is on the stated page and reports wound healing rates.,no,local_pdf_pdftotext_layout_page_check,digitization/source_review/agent_audits/figure_candidate_audit_agent4.csv,valid_status,matched_base_candidate
0ccdd954-1740-44d7-a2c6-6280125057b5,Rice et al. - 2019 - Different nitrogen sources speed recovery from corallivory and uniquely alter the microbiome of a re.pdf,rate,DIG-0ccdd954-rate,3,table,Table 1,9,keep,table,Table 1,9,Table 1. Linear mixed-effects model results for healing rate (mm2 day-1) of wounded corals with Kenward-Roger approximation for degrees of freedom.,Printed table caption is on the stated page and reports the healing-rate model.,no,local_pdf_pdftotext_layout_page_check,digitization/source_review/agent_audits/figure_candidate_audit_agent4.csv,valid_status,matched_base_candidate
0ccdd954-1740-44d7-a2c6-6280125057b5,Rice et al. - 2019 - Different nitrogen sources speed recovery from corallivory and uniquely alter the microbiome of a re.pdf,rate,DIG-0ccdd954-rate,4,figure,Figure 1,8,replace,figure,Figure 2,8,Figure 2. Wound healing rates of Pocillopora meandrina. Wound healing rates (mm2 day-1; mean +/- SE) of wounded Pocillopora meandrina nubbins under different temperature and nutrient treatments. Points show data distribution; letters represent significant differences among treatments.,"Original Figure 1 reports coral growth rate, not wound healing/regeneration rate; Figure 2 reports wound healing rates.",no,local_pdf_pdftotext_layout_page_check,digitization/source_review/agent_audits/figure_candidate_audit_agent4.csv,valid_status,matched_base_candidate
0ccdd954-1740-44d7-a2c6-6280125057b5,Rice et al. - 2019 - Different nitrogen sources speed recovery from corallivory and uniquely alter the microbiome of a re.pdf,rate,DIG-0ccdd954-rate,5,figure,Figure 3,9,replace,figure,Figure 2,8,Figure 2. Wound healing rates of Pocillopora meandrina. Wound healing rates (mm2 day-1; mean +/- SE) of wounded Pocillopora meandrina nubbins under different temperature and nutrient treatments. Points show data distribution; letters represent significant differences among treatments.,"Original Figure 3 reports Symbiodiniaceae densities, not wound healing/regeneration rate; Figure 2 reports wound healing rates.",no,local_pdf_pdftotext_layout_page_check,digitization/source_review/agent_audits/figure_candidate_audit_agent4.csv,valid_status,matched_base_candidate
002a60bc-55c8-4fdb-860a-1169fc99b2a8,Rice et al. - 2021 - Complex interactions with nutrients and sediment a.pdf,rate,DIG-002a60bc-rate,1,table,Table 3,8,replace,figure,Figure 5,9,FIGURE 5. Percent of each wound healed (mean +/- SE; n = 10-11 per treatment) for massive Porites nubbins exposed to predation by Coralliophila violacea. Corals were exposed to nutrient enrichment and sediment addition.,Original Table 3 entry is an in-text reference to Symbiodiniaceae results and not a printed response-rate caption on page 8; Figure 5 is the printed wound-healing result.,no,local_pdf_pdftotext_layout_page_check,digitization/source_review/agent_audits/figure_candidate_audit_agent4.csv,valid_status,matched_base_candidate
002a60bc-55c8-4fdb-860a-1169fc99b2a8,Rice et al. - 2021 - Complex interactions with nutrients and sediment a.pdf,survival,DIG-002a60bc-survival,1,table,Table 3,8,replace,figure,Figure 4,7,"FIGURE 4. The percent tissue mortality (mean +/- SE; n = 10-11 per treatment) of massive Porites nubbins after the addition of Coralliophila violacea snails, averaged over three study dates. Panels show significant two-way interactions among nutrient enrichment, snail predation, and sediment addition.",Original Table 3 entry is an in-text reference to Symbiodiniaceae results and not a survival/tissue-mortality caption; Figure 4 reports tissue mortality after snail addition.,no,local_pdf_pdftotext_layout_page_check,digitization/source_review/agent_audits/figure_candidate_audit_agent4.csv,valid_status,matched_base_candidate
33d2bc0d-ec51-4225-a216-bf74b34fa89d,Rotjan et al. - 2006 - Chronic parrotfish grazing impedes coral recovery after bleaching.pdf,survival,DIG-33d2bc0d-survival,1,figure,Fig. 1,3,remove,,no_valid_candidate_found,,no_valid_candidate_found,"Printed caption exists, but the figures/tables report bleaching state, temperature, zooxanthellae density, or symbiont community changes rather than survival, mortality, or tissue loss; no valid survival candidate was found locally.",no,local_pdf_pdftotext_layout_keyword_search,digitization/source_review/agent_audits/figure_candidate_audit_agent4.csv,valid_status,matched_base_candidate
33d2bc0d-ec51-4225-a216-bf74b34fa89d,Rotjan et al. - 2006 - Chronic parrotfish grazing impedes coral recovery after bleaching.pdf,survival,DIG-33d2bc0d-survival,2,figure,Fig. 2,5,remove,,no_valid_candidate_found,,no_valid_candidate_found,"Printed caption exists, but the figures/tables report bleaching state, temperature, zooxanthellae density, or symbiont community changes rather than survival, mortality, or tissue loss; no valid survival candidate was found locally.",no,local_pdf_pdftotext_layout_keyword_search,digitization/source_review/agent_audits/figure_candidate_audit_agent4.csv,valid_status,matched_base_candidate
33d2bc0d-ec51-4225-a216-bf74b34fa89d,Rotjan et al. - 2006 - Chronic parrotfish grazing impedes coral recovery after bleaching.pdf,survival,DIG-33d2bc0d-survival,3,figure,Fig. 3,5,remove,,no_valid_candidate_found,,no_valid_candidate_found,"Printed caption exists, but the figures/tables report bleaching state, temperature, zooxanthellae density, or symbiont community changes rather than survival, mortality, or tissue loss; no valid survival candidate was found locally.",no,local_pdf_pdftotext_layout_keyword_search,digitization/source_review/agent_audits/figure_candidate_audit_agent4.csv,valid_status,matched_base_candidate
33d2bc0d-ec51-4225-a216-bf74b34fa89d,Rotjan et al. - 2006 - Chronic parrotfish grazing impedes coral recovery after bleaching.pdf,survival,DIG-33d2bc0d-survival,4,figure,Fig. 4,6,remove,,no_valid_candidate_found,,no_valid_candidate_found,"Printed caption exists, but the figures/tables report bleaching state, temperature, zooxanthellae density, or symbiont community changes rather than survival, mortality, or tissue loss; no valid survival candidate was found locally.",no,local_pdf_pdftotext_layout_keyword_search,digitization/source_review/agent_audits/figure_candidate_audit_agent4.csv,valid_status,matched_base_candidate
33d2bc0d-ec51-4225-a216-bf74b34fa89d,Rotjan et al. - 2006 - Chronic parrotfish grazing impedes coral recovery after bleaching.pdf,survival,DIG-33d2bc0d-survival,5,table,Table 2,7,remove,,no_valid_candidate_found,,no_valid_candidate_found,"Printed caption exists, but the figures/tables report bleaching state, temperature, zooxanthellae density, or symbiont community changes rather than survival, mortality, or tissue loss; no valid survival candidate was found locally.",no,local_pdf_pdftotext_layout_keyword_search,digitization/source_review/agent_audits/figure_candidate_audit_agent4.csv,valid_status,matched_base_candidate
6da70b1c-7428-4a76-904c-b69d981f2824,Sabine et al. - 2015 - Environmental conditions influence tissue regeneration rates in scleractinian corals.pdf,rate,DIG-6da70b1c-rate,1,table,Table 7,7,keep,table,Table 7,7,"Table 7. Results of ANCOVA with repeated measures assessing the effects of time, site, initial lesion area:colony area, and initial lesion perimeter on lesion recovery rates.",Printed table caption is on the stated page and reports repeated-measures effects on lesion recovery rates.,no,local_pdf_pdftotext_layout_page_check,digitization/source_review/agent_audits/figure_candidate_audit_agent4.csv,valid_status,matched_base_candidate
6da70b1c-7428-4a76-904c-b69d981f2824,Sabine et al. - 2015 - Environmental conditions influence tissue regeneration rates in scleractinian corals.pdf,rate,DIG-6da70b1c-rate,2,figure,Fig. 3,4,replace,figure,Fig. 6,7,Fig. 6. Mean overall daily tissue regeneration rates +/- SE by site. Means labeled with the same letters are not significantly different (Tukey HSD post hoc test).,Original Fig. 3 reports clod-card dissolution/water flow rather than lesion regeneration rate; Fig. 6 reports daily tissue regeneration rates by site.,no,local_pdf_pdftotext_layout_page_check,digitization/source_review/agent_audits/figure_candidate_audit_agent4.csv,valid_status,matched_base_candidate
6da70b1c-7428-4a76-904c-b69d981f2824,Sabine et al. - 2015 - Environmental conditions influence tissue regeneration rates in scleractinian corals.pdf,rate,DIG-6da70b1c-rate,3,table,Table 5,6,replace,figure,Fig. 6,7,Fig. 6. Mean overall daily tissue regeneration rates +/- SE by site. Means labeled with the same letters are not significantly different (Tukey HSD post hoc test).,Original Table 5 reports CTD water-quality comparisons and the row text is polluted by nearby recovery text; Fig. 6 reports daily tissue regeneration rates by site.,no,local_pdf_pdftotext_layout_page_check,digitization/source_review/agent_audits/figure_candidate_audit_agent4.csv,valid_status,matched_base_candidate
6da70b1c-7428-4a76-904c-b69d981f2824,Sabine et al. - 2015 - Environmental conditions influence tissue regeneration rates in scleractinian corals.pdf,rate,DIG-6da70b1c-rate,4,figure,Fig. 5,7,replace,figure,Fig. 6,7,Fig. 6. Mean overall daily tissue regeneration rates +/- SE by site. Means labeled with the same letters are not significantly different (Tukey HSD post hoc test).,Original Fig. 5 is a recovery photograph but not the rate result; Fig. 6 reports daily tissue regeneration rates by site.,no,local_pdf_pdftotext_layout_page_check,digitization/source_review/agent_audits/figure_candidate_audit_agent4.csv,valid_status,matched_base_candidate
6da70b1c-7428-4a76-904c-b69d981f2824,Sabine et al. - 2015 - Environmental conditions influence tissue regeneration rates in scleractinian corals.pdf,rate,DIG-6da70b1c-rate,5,table,Table 2,4,keep,table,Table 2,4,"Table 2. Results of multiple regression examining effects of environmental variables on lesion recovery rates, including Variance Inflation Factor (VIF) scores.",Printed table caption is on the stated page and reports environmental effects on lesion recovery rates.,no,local_pdf_pdftotext_layout_page_check,digitization/source_review/agent_audits/figure_candidate_audit_agent4.csv,valid_status,matched_base_candidate
2059b598-335f-4890-8512-6e1f86fed557,Sani et al. - 2024 - Ocean warming and acidification detrimentally affect coral tissue regeneration at a Mediterranean CO.pdf,rate,DIG-2059b598-rate,1,figure,Fig. 2,4,replace,figure,Fig. 3,4,Fig. 3. Tissue regeneration rates in Balanophyllia europaea. Variation in tissue regeneration rates with average pH in the solitary zooxanthellate B. europaea analyzed at the four sites in two experimental periods. r = Spearman correlation coefficient; n = number of individuals.,"Original Fig. 2 is a before/after lesion-recovery photograph, not a tissue-regeneration-rate result; Fig. 3 reports tissue regeneration rates.",no,local_pdf_pdftotext_layout_page_check,digitization/source_review/agent_audits/figure_candidate_audit_agent4.csv,valid_status,matched_base_candidate
2059b598-335f-4890-8512-6e1f86fed557,Sani et al. - 2024 - Ocean warming and acidification detrimentally affect coral tissue regeneration at a Mediterranean CO.pdf,rate,DIG-2059b598-rate,2,figure,Fig. 4,5,keep,figure,Fig. 4,5,Fig. 4. Tissue regeneration rates in Leptopsammia pruvoti. Variation in tissue regeneration rates with average pH in the solitary non-zooxanthellate L. pruvoti analyzed at the four sites in three experimental periods. r = Spearman correlation coefficient; n = number of individuals.,Printed caption is on the stated page and reports tissue regeneration rates for Leptopsammia pruvoti.,no,local_pdf_pdftotext_layout_page_check,digitization/source_review/agent_audits/figure_candidate_audit_agent4.csv,valid_status,matched_base_candidate
2059b598-335f-4890-8512-6e1f86fed557,Sani et al. - 2024 - Ocean warming and acidification detrimentally affect coral tissue regeneration at a Mediterranean CO.pdf,rate,DIG-2059b598-rate,3,figure,Fig. 3,4,keep,figure,Fig. 3,4,Fig. 3. Tissue regeneration rates in Balanophyllia europaea. Variation in tissue regeneration rates with average pH in the solitary zooxanthellate B. europaea analyzed at the four sites in two experimental periods. r = Spearman correlation coefficient; n = number of individuals.,Printed caption is on the stated page and reports tissue regeneration rates for Balanophyllia europaea.,no,local_pdf_pdftotext_layout_page_check,digitization/source_review/agent_audits/figure_candidate_audit_agent4.csv,valid_status,matched_base_candidate
2059b598-335f-4890-8512-6e1f86fed557,Sani et al. - 2024 - Ocean warming and acidification detrimentally affect coral tissue regeneration at a Mediterranean CO.pdf,rate,DIG-2059b598-rate,4,table,Table S1,4,replace,figure,Fig. 3,4,Fig. 3. Tissue regeneration rates in Balanophyllia europaea. Variation in tissue regeneration rates with average pH in the solitary zooxanthellate B. europaea analyzed at the four sites in two experimental periods. r = Spearman correlation coefficient; n = number of individuals.,"Original Table S1 is an in-text supplemental reference, not a printed table caption in the local PDF; Fig. 3 reports tissue regeneration rates.",no,local_pdf_pdftotext_layout_page_check,digitization/source_review/agent_audits/figure_candidate_audit_agent4.csv,valid_status,matched_base_candidate
2059b598-335f-4890-8512-6e1f86fed557,Sani et al. - 2024 - Ocean warming and acidification detrimentally affect coral tissue regeneration at a Mediterranean CO.pdf,rate,DIG-2059b598-rate,5,figure,Fig. 5,5,keep,figure,Fig. 5,5,Fig. 5. Tissue regeneration rates in Astroides calycularis. Variation in tissue regeneration rates with average pH in the colonial non-zooxanthellate A. calycularis analyzed at the four sites in three experimental periods. r = Spearman correlation coefficient; n = number of individuals.,Printed caption is on the stated page and reports tissue regeneration rates for Astroides calycularis.,no,local_pdf_pdftotext_layout_page_check,digitization/source_review/agent_audits/figure_candidate_audit_agent4.csv,valid_status,matched_base_candidate
9d6998fc-caf1-4dbd-883f-ad9b9184d062,Shaver et al. - 2017 - Effects of predation and nutrient enrichment on the success and microbiome of a foundational coral.pdf,growth,DIG-9d6998fc-growth,1,figure,FIG. 2,6,keep,figure,FIG. 2,6,"FIG. 2. Effects of predation by Coralliophila abbreviata and nutrient enrichment on (A) full colony mortality, (B) tissue loss per coral colony, (C) growth as total linear extension of all branches, and (D) turf algae colonization. Error bars represent standard error of the mean.","Printed caption is on the stated page and includes panel C, growth as total linear extension.",no,local_pdf_pdftotext_layout_page_check,digitization/source_review/agent_audits/figure_candidate_audit_agent4.csv,valid_status,matched_base_candidate
9d6998fc-caf1-4dbd-883f-ad9b9184d062,Shaver et al. - 2017 - Effects of predation and nutrient enrichment on the success and microbiome of a foundational coral.pdf,growth,DIG-9d6998fc-growth,2,figure,FIG. 1,4,replace,figure,FIG. 2,6,"FIG. 2. Effects of predation by Coralliophila abbreviata and nutrient enrichment on (A) full colony mortality, (B) tissue loss per coral colony, (C) growth as total linear extension of all branches, and (D) turf algae colonization. Error bars represent standard error of the mean.","Original Fig. 1 shows feeding scars and mortality, not growth; Fig. 2 includes the growth panel.",no,local_pdf_pdftotext_layout_page_check,digitization/source_review/agent_audits/figure_candidate_audit_agent4.csv,valid_status,matched_base_candidate
9d6998fc-caf1-4dbd-883f-ad9b9184d062,Shaver et al. - 2017 - Effects of predation and nutrient enrichment on the success and microbiome of a foundational coral.pdf,growth,DIG-9d6998fc-growth,3,figure,FIG. 3,7,replace,figure,FIG. 2,6,"FIG. 2. Effects of predation by Coralliophila abbreviata and nutrient enrichment on (A) full colony mortality, (B) tissue loss per coral colony, (C) growth as total linear extension of all branches, and (D) turf algae colonization. Error bars represent standard error of the mean.","Original Fig. 3 reports microbiome ordination, not growth; Fig. 2 includes the growth panel.",no,local_pdf_pdftotext_layout_page_check,digitization/source_review/agent_audits/figure_candidate_audit_agent4.csv,valid_status,matched_base_candidate
9d6998fc-caf1-4dbd-883f-ad9b9184d062,Shaver et al. - 2017 - Effects of predation and nutrient enrichment on the success and microbiome of a foundational coral.pdf,growth,DIG-9d6998fc-growth,4,table,Table 1,7,replace,figure,FIG. 2,6,"FIG. 2. Effects of predation by Coralliophila abbreviata and nutrient enrichment on (A) full colony mortality, (B) tissue loss per coral colony, (C) growth as total linear extension of all branches, and (D) turf algae colonization. Error bars represent standard error of the mean.","Original Table 1 reports microbial OTU differential abundance, not growth; Fig. 2 includes the growth panel.",no,local_pdf_pdftotext_layout_page_check,digitization/source_review/agent_audits/figure_candidate_audit_agent4.csv,valid_status,matched_base_candidate
9d6998fc-caf1-4dbd-883f-ad9b9184d062,Shaver et al. - 2017 - Effects of predation and nutrient enrichment on the success and microbiome of a foundational coral.pdf,growth,DIG-9d6998fc-growth,5,table,Table 2,8,keep,table,Table 2,8,TABLE 2. Significant correlations among microbial OTUs in coral microbiomes and metrics of coral health. P-values are false discovery rate corrected.,Printed table caption is on the stated page and the table includes a coral growth correlation row.,no,local_pdf_pdftotext_layout_page_check,digitization/source_review/agent_audits/figure_candidate_audit_agent4.csv,valid_status,matched_base_candidate
9d6998fc-caf1-4dbd-883f-ad9b9184d062,Shaver et al. - 2017 - Effects of predation and nutrient enrichment on the success and microbiome of a foundational coral.pdf,survival,DIG-9d6998fc-survival,1,figure,FIG. 2,6,keep,figure,FIG. 2,6,"FIG. 2. Effects of predation by Coralliophila abbreviata and nutrient enrichment on (A) full colony mortality, (B) tissue loss per coral colony, (C) growth as total linear extension of all branches, and (D) turf algae colonization. Error bars represent standard error of the mean.",Printed caption is on the stated page and includes full colony mortality and tissue loss panels.,no,local_pdf_pdftotext_layout_page_check,digitization/source_review/agent_audits/figure_candidate_audit_agent4.csv,valid_status,matched_base_candidate
9d6998fc-caf1-4dbd-883f-ad9b9184d062,Shaver et al. - 2017 - Effects of predation and nutrient enrichment on the success and microbiome of a foundational coral.pdf,survival,DIG-9d6998fc-survival,2,figure,FIG. 1,4,keep,figure,FIG. 1,4,"FIG. 1. (A) Coralliophila abbreviata on Acropora cervicornis creating feeding scars, (B) tissue sloughing after snail removal, and (C) tissue sloughing leading to rapid coral mortality.",Printed caption is on the stated page and depicts tissue sloughing leading to rapid coral mortality.,no,local_pdf_pdftotext_layout_page_check,digitization/source_review/agent_audits/figure_candidate_audit_agent4.csv,valid_status,matched_base_candidate
9d6998fc-caf1-4dbd-883f-ad9b9184d062,Shaver et al. - 2017 - Effects of predation and nutrient enrichment on the success and microbiome of a foundational coral.pdf,survival,DIG-9d6998fc-survival,3,figure,FIG. 3,7,replace,figure,FIG. 2,6,"FIG. 2. Effects of predation by Coralliophila abbreviata and nutrient enrichment on (A) full colony mortality, (B) tissue loss per coral colony, (C) growth as total linear extension of all branches, and (D) turf algae colonization. Error bars represent standard error of the mean.","Original Fig. 3 reports microbiome ordination, not survival or tissue loss; Fig. 2 includes mortality and tissue-loss panels.",no,local_pdf_pdftotext_layout_page_check,digitization/source_review/agent_audits/figure_candidate_audit_agent4.csv,valid_status,matched_base_candidate
9d6998fc-caf1-4dbd-883f-ad9b9184d062,Shaver et al. - 2017 - Effects of predation and nutrient enrichment on the success and microbiome of a foundational coral.pdf,survival,DIG-9d6998fc-survival,4,table,Table 1,7,replace,figure,FIG. 2,6,"FIG. 2. Effects of predation by Coralliophila abbreviata and nutrient enrichment on (A) full colony mortality, (B) tissue loss per coral colony, (C) growth as total linear extension of all branches, and (D) turf algae colonization. Error bars represent standard error of the mean.","Original Table 1 reports microbial OTU differential abundance, not survival or tissue loss; Fig. 2 includes mortality and tissue-loss panels.",no,local_pdf_pdftotext_layout_page_check,digitization/source_review/agent_audits/figure_candidate_audit_agent4.csv,valid_status,matched_base_candidate
9d6998fc-caf1-4dbd-883f-ad9b9184d062,Shaver et al. - 2017 - Effects of predation and nutrient enrichment on the success and microbiome of a foundational coral.pdf,survival,DIG-9d6998fc-survival,5,table,Table 2,8,keep,table,Table 2,8,TABLE 2. Significant correlations among microbial OTUs in coral microbiomes and metrics of coral health. P-values are false discovery rate corrected.,Printed table caption is on the stated page and the table includes coral tissue-loss correlation rows.,no,local_pdf_pdftotext_layout_page_check,digitization/source_review/agent_audits/figure_candidate_audit_agent4.csv,valid_status,matched_base_candidate
635d9cb2-270b-4bcc-b676-c84b81b0620b,Soong and Lang - 1992 - Reproductive Integration in Reef Corals.pdf,reproduction,DIG-635d9cb2-reproduction,1,figure,Figure 1,4,keep,figure,Figure 1,4,"Figure 1. Brood sizes of central versus marginal polyps in Favia fragum. Mean number of planulae per polyp based on five marginal polyps per colony and, depending upon colony size, up to five central polyps per colony; each point represents one colony. The diagonal line indicates equal brood size in marginal and central polyps.",Printed caption label and page verified by local pdftotext; caption is relevant to the row response_type.,false,local_pdf_pdftotext_layout_page_match,digitization/source_review/agent_audits/figure_candidate_audit_agent5.csv,valid_status,matched_base_candidate
635d9cb2-270b-4bcc-b676-c84b81b0620b,Soong and Lang - 1992 - Reproductive Integration in Reef Corals.pdf,reproduction,DIG-635d9cb2-reproduction,2,figure,Figure 3,5,keep,figure,Figure 3,5,"Figure 3. Fecundity gradient on horizontal surface of Siderastrea siderea. Gonad index: mean gonad length x frequency of gonads, based on two randomly chosen mesenteries per polyp in each of ten randomly chosen polyps at any given location relative to that in the center of the horizontal surface of the colony. Vertical bars represent standard errors; 0 is beginning of fertile zone and C is center of the horizontal surface.",Printed caption label and page verified by local pdftotext; caption is relevant to the row response_type.,false,local_pdf_pdftotext_layout_page_match,digitization/source_review/agent_audits/figure_candidate_audit_agent5.csv,valid_status,matched_base_candidate
635d9cb2-270b-4bcc-b676-c84b81b0620b,Soong and Lang - 1992 - Reproductive Integration in Reef Corals.pdf,reproduction,DIG-635d9cb2-reproduction,3,figure,Figure 5,6,keep,figure,Figure 5,6,Figure 5. Comparison of fecundity between the upper and the lower surfaces of Acropora palmata. Mean area fertility: mean number of fertile polyps per square centimeter; mean fertile polyp fecundity: mean number of eggs per fertile polyp. The diagonal line indicates equal numbers on both surfaces.,Printed caption label and page verified by local pdftotext; caption is relevant to the row response_type.,false,local_pdf_pdftotext_layout_page_match,digitization/source_review/agent_audits/figure_candidate_audit_agent5.csv,valid_status,matched_base_candidate
635d9cb2-270b-4bcc-b676-c84b81b0620b,Soong and Lang - 1992 - Reproductive Integration in Reef Corals.pdf,reproduction,DIG-635d9cb2-reproduction,4,figure,Figure 6,6,keep,figure,Figure 6,6,"Figure 6. Comparison of fecundity between vertical and horizontal surfaces of Siderastrea siderea. For each surface on each colony, relative gonad lengths and relative fecundity are plotted relative to the largest estimates in any colony.",Printed caption label and page verified by local pdftotext; caption is relevant to the row response_type.,false,local_pdf_pdftotext_layout_page_match,digitization/source_review/agent_audits/figure_candidate_audit_agent5.csv,valid_status,matched_base_candidate
635d9cb2-270b-4bcc-b676-c84b81b0620b,Soong and Lang - 1992 - Reproductive Integration in Reef Corals.pdf,reproduction,DIG-635d9cb2-reproduction,5,figure,Figure 2,4,keep,figure,Figure 2,4,"Figure 2. Fecundity of polyps within colonies of Siderastrea radians. Fecundity: mean number of eggs per polyp, based on five polyps per location in each colony. Penultimate polyp: row of polyps immediately adjacent to margin polyps. Difference significant among the three groups.",Printed caption label and page verified by local pdftotext; caption is relevant to the row response_type.,false,local_pdf_pdftotext_layout_page_match,digitization/source_review/agent_audits/figure_candidate_audit_agent5.csv,valid_status,matched_base_candidate
292bbd72-e4b1-422c-8fbb-5b3201d2cd0c,Titlyanov and Titlyanova - 2009 - The dynamics of the restoration of mechanical damage to colonies of the scleractinian coral Porites.pdf,rate,DIG-292bbd72-rate,1,mention,unlabeled figure,3,replace,figure,unlabeled figure,3,"Regeneration of damaged colonies of the coral Porites lutea. A, one of the coral colonies used in the experiment; B, mechanically damaged colony after 1 month of exposure to moderate illumination; C, regeneration of the damaged colony after 3 months of exposure to moderate illumination in an aquarium; D, a completely recovered colony fragment after 6 months of maintenance at moderate illumination.","Printed unnumbered figure caption on the stated PDF page; original type was mention rather than figure. Relevant to recovery over time, but no numeric rate values are printed in the figure.",false,local_pdf_pdftotext_layout_page_match,digitization/source_review/agent_audits/figure_candidate_audit_agent5.csv,valid_status,matched_base_candidate
b269f689-c2c5-48a1-8ecb-f284c3ed7edc,Titlyanov et al. - 2005 - Regeneration of artificial injuries on scleractinian corals and coralalgal competition for newly fo.pdf,rate,DIG-b269f689-rate,1,figure,Fig. 1,5,keep,figure,Fig. 1,5,"Fig. 1. Regeneration and growth rates of inflicted injuries on fragments of the corals P. lutea and P. cylindrica under light intensity 30-70% PAR0 during winter, spring and summer periods. File, osmotic shock, cement, and Water-Pik injuries are compared; error bars represent mean +/- S.D.; inserts summarize statistical comparisons among recovery periods.",Printed caption label and page verified by local pdftotext; caption is relevant to the row response_type.,false,local_pdf_pdftotext_layout_page_match,digitization/source_review/agent_audits/figure_candidate_audit_agent5.csv,valid_status,matched_base_candidate
b269f689-c2c5-48a1-8ecb-f284c3ed7edc,Titlyanov et al. - 2005 - Regeneration of artificial injuries on scleractinian corals and coralalgal competition for newly fo.pdf,rate,DIG-b269f689-rate,2,figure,Fig. 2,6,replace,figure,Fig. 1,5,"Fig. 1. Regeneration and growth rates of inflicted injuries on fragments of the corals P. lutea and P. cylindrica under light intensity 30-70% PAR0 during winter, spring and summer periods. File, osmotic shock, cement, and Water-Pik injuries are compared; error bars represent mean +/- S.D.; inserts summarize statistical comparisons among recovery periods.","Original Fig. 2 is a real printed caption, but it is a process/photo panel about bleaching, algal overgrowth, and impediments, not the rate data; Fig. 1 is the better rate candidate.",false,local_pdf_pdftotext_layout_page_match,digitization/source_review/agent_audits/figure_candidate_audit_agent5.csv,valid_status,matched_base_candidate
b269f689-c2c5-48a1-8ecb-f284c3ed7edc,Titlyanov et al. - 2005 - Regeneration of artificial injuries on scleractinian corals and coralalgal competition for newly fo.pdf,rate,DIG-b269f689-rate,3,figure,Fig. 3,11,keep,figure,Fig. 3,11,Fig. 3. Regeneration and growth rates of damaged tissue in fragments of the corals P. lutea and P. cylindrica at different irradiance during winter and spring periods. Error bars represent mean +/- S.D.,Printed caption label and page verified by local pdftotext; caption is relevant to the row response_type.,false,local_pdf_pdftotext_layout_page_match,digitization/source_review/agent_audits/figure_candidate_audit_agent5.csv,valid_status,matched_base_candidate
b269f689-c2c5-48a1-8ecb-f284c3ed7edc,Titlyanov et al. - 2005 - Regeneration of artificial injuries on scleractinian corals and coralalgal competition for newly fo.pdf,rate,DIG-b269f689-rate,4,table,Table 1,7,replace,figure,Fig. 1,5,"Fig. 1. Regeneration and growth rates of inflicted injuries on fragments of the corals P. lutea and P. cylindrica under light intensity 30-70% PAR0 during winter, spring and summer periods. File, osmotic shock, cement, and Water-Pik injuries are compared; error bars represent mean +/- S.D.; inserts summarize statistical comparisons among recovery periods.","Original Table 1 is a real printed algal/animal cover table, but it does not report coral regeneration rate; Fig. 1 is the better rate candidate.",false,local_pdf_pdftotext_layout_page_match,digitization/source_review/agent_audits/figure_candidate_audit_agent5.csv,valid_status,matched_base_candidate
b269f689-c2c5-48a1-8ecb-f284c3ed7edc,Titlyanov et al. - 2005 - Regeneration of artificial injuries on scleractinian corals and coralalgal competition for newly fo.pdf,rate,DIG-b269f689-rate,5,table,Table 2,8,replace,figure,Fig. 1,5,"Fig. 1. Regeneration and growth rates of inflicted injuries on fragments of the corals P. lutea and P. cylindrica under light intensity 30-70% PAR0 during winter, spring and summer periods. File, osmotic shock, cement, and Water-Pik injuries are compared; error bars represent mean +/- S.D.; inserts summarize statistical comparisons among recovery periods.","Original Table 2 is a real printed species-list table, but it is not a coral rate response; Fig. 1 is the better rate candidate.",false,local_pdf_pdftotext_layout_page_match,digitization/source_review/agent_audits/figure_candidate_audit_agent5.csv,valid_status,matched_base_candidate
9c887b4c-dae5-4725-96db-948c2491e53d,Titlyanov et al. - 2006 - Three stages of injuries regeneration on scleractinian corals.pdf,rate,DIG-9c887b4c-rate,1,table,Table 2,7,replace,figure,Fig. 2,5,"Fig. 2. Growth rate and regeneration of lesions on fragments of the corals Porites lutea and Porites cylindrica inflicted with different injury types and maintained in aquaria under moderate light intensity during two winter months. Means +/- SD, n = 8.",Original Table 2 entry is only a continued species-list table and is not a rate response; Fig. 2 reports growth and lesion-regeneration rates.,false,local_pdf_pdftotext_layout_page_match,digitization/source_review/agent_audits/figure_candidate_audit_agent5.csv,valid_status,matched_base_candidate
9c887b4c-dae5-4725-96db-948c2491e53d,Titlyanov et al. - 2006 - Three stages of injuries regeneration on scleractinian corals.pdf,rate,DIG-9c887b4c-rate,2,figure,Fig. 1,3,replace,figure,Fig. 2,5,"Fig. 2. Growth rate and regeneration of lesions on fragments of the corals Porites lutea and Porites cylindrica inflicted with different injury types and maintained in aquaria under moderate light intensity during two winter months. Means +/- SD, n = 8.",Original Fig. 1 is a real printed injury-type/photo caption but not the quantitative rate panel; Fig. 2 is the better rate candidate.,false,local_pdf_pdftotext_layout_page_match,digitization/source_review/agent_audits/figure_candidate_audit_agent5.csv,valid_status,matched_base_candidate
9c887b4c-dae5-4725-96db-948c2491e53d,Titlyanov et al. - 2006 - Three stages of injuries regeneration on scleractinian corals.pdf,rate,DIG-9c887b4c-rate,3,figure,Fig. 2,5,keep,figure,Fig. 2,5,"Fig. 2. Growth rate and regeneration of lesions on fragments of the corals Porites lutea and Porites cylindrica inflicted with different injury types and maintained in aquaria under moderate light intensity during two winter months. Means +/- SD, n = 8.",Printed caption label and page verified by local pdftotext; caption is relevant to the row response_type.,false,local_pdf_pdftotext_layout_page_match,digitization/source_review/agent_audits/figure_candidate_audit_agent5.csv,valid_status,matched_base_candidate
9c887b4c-dae5-4725-96db-948c2491e53d,Titlyanov et al. - 2006 - Three stages of injuries regeneration on scleractinian corals.pdf,rate,DIG-9c887b4c-rate,4,figure,Fig. 3,8,keep,figure,Fig. 3,8,"Fig. 3. Regeneration rate of Water-Pik injury at the different positions on the fragments of Porites lutea maintained in aquaria at 30% PAR0 during the winter and spring periods. Means +/- SD, n = 5.",Printed caption label and page verified by local pdftotext; caption is relevant to the row response_type.,false,local_pdf_pdftotext_layout_page_match,digitization/source_review/agent_audits/figure_candidate_audit_agent5.csv,valid_status,matched_base_candidate
9c887b4c-dae5-4725-96db-948c2491e53d,Titlyanov et al. - 2006 - Three stages of injuries regeneration on scleractinian corals.pdf,rate,DIG-9c887b4c-rate,5,figure,Fig. 4,8,keep,figure,Fig. 4,8,"Fig. 4. Regeneration rate of Water-Pik injury at the different position of lesions on the fragments of Porites lutea maintained in aquaria at different irradiance levels during the experiment from May 10, 2003 to July 10, 2003. Means +/- SD, n = 5.",Printed caption label and page verified by local pdftotext; caption is relevant to the row response_type.,false,local_pdf_pdftotext_layout_page_match,digitization/source_review/agent_audits/figure_candidate_audit_agent5.csv,valid_status,matched_base_candidate
347f789a-ef73-4089-aa77-0e46f2b2d196,Townsend et al. - 2023 - Differing lesion recovery rates of two Caribbean stony coral species across a shallow water to mesop.pdf,rate,DIG-347f789a-rate,1,figure,Fig. 1,4,keep,figure,Fig. 1,4,"Fig. 1. Sample images of lesion generation and recovery on an O. franksi individual and an A. lamarcki individual through time, including lesion boundaries used for determining tissue regeneration rate and lesion closure rate and polygons used for pigmentation recovery measurements.","Printed caption label and page verified; figure documents lesion recovery measurements used to calculate TRR, LCR, and pigmentation recovery.",false,local_pdf_pdftotext_layout_page_match,digitization/source_review/agent_audits/figure_candidate_audit_agent5.csv,valid_status,matched_base_candidate
347f789a-ef73-4089-aa77-0e46f2b2d196,Townsend et al. - 2023 - Differing lesion recovery rates of two Caribbean stony coral species across a shallow water to mesop.pdf,rate,DIG-347f789a-rate,2,figure,Fig. 2,7,keep,figure,Fig. 2,7,"Fig. 2. Tissue regeneration rates, lesion closure rates, and pigmentation recovery rates for O. franksi individuals and A. lamarcki individuals. Points indicate actual values and lines indicate best-fit regression modeling outputs.",Printed caption label and page verified by local pdftotext; caption is relevant to the row response_type.,false,local_pdf_pdftotext_layout_page_match,digitization/source_review/agent_audits/figure_candidate_audit_agent5.csv,valid_status,matched_base_candidate
347f789a-ef73-4089-aa77-0e46f2b2d196,Townsend et al. - 2023 - Differing lesion recovery rates of two Caribbean stony coral species across a shallow water to mesop.pdf,rate,DIG-347f789a-rate,3,table,Table 1,6,keep,table,Table 1,6,"Table 1. Slope, significant terms and r2 value of all linear regressions tested for O. franksi; Orbicella franksi recovery model summaries.",Printed caption label and page verified by local pdftotext; caption is relevant to the row response_type.,false,local_pdf_pdftotext_layout_page_match,digitization/source_review/agent_audits/figure_candidate_audit_agent5.csv,valid_status,matched_base_candidate
347f789a-ef73-4089-aa77-0e46f2b2d196,Townsend et al. - 2023 - Differing lesion recovery rates of two Caribbean stony coral species across a shallow water to mesop.pdf,rate,DIG-347f789a-rate,4,table,Table 2,8,keep,table,Table 2,8,"Table 2. Slope, significant terms and r2 value of all linear regressions tested for A. lamarcki; Agaricia lamarcki recovery model summaries.",Printed caption label and page verified by local pdftotext; caption is relevant to the row response_type.,false,local_pdf_pdftotext_layout_page_match,digitization/source_review/agent_audits/figure_candidate_audit_agent5.csv,valid_status,matched_base_candidate
2e76dce4-6cb4-46c0-b8c4-a1cc91b1578c,Van Veghel and Bak - 1994 - Reproductive characteristics of the polymorphic Caribbean reef building coral Montastrea annularis..pdf,reproduction,DIG-2e76dce4-reproduction,1,table,Table 2,5,keep,table,Table 2,5,Table 2. Montastrea annularis. Fecundity (eggs per polyp) and aspects of reproductive effort for coral tissue adjacent to lesions and tissue more than 20 cm distant from lesion. One-way ANOVA F-values compare regenerated and normal samples.,Printed caption label and page verified by local pdftotext; caption is relevant to the row response_type.,false,local_pdf_pdftotext_layout_page_match,digitization/source_review/agent_audits/figure_candidate_audit_agent5.csv,valid_status,matched_base_candidate
2e76dce4-6cb4-46c0-b8c4-a1cc91b1578c,Van Veghel and Bak - 1994 - Reproductive characteristics of the polymorphic Caribbean reef building coral Montastrea annularis..pdf,reproduction,DIG-2e76dce4-reproduction,2,figure,Fig. 1,4,replace,table,Table 2,5,Table 2. Montastrea annularis. Fecundity (eggs per polyp) and aspects of reproductive effort for coral tissue adjacent to lesions and tissue more than 20 cm distant from lesion. One-way ANOVA F-values compare regenerated and normal samples.,"Original Fig. 1 is a real regeneration photo caption, but it does not report reproductive output; Table 2 is the relevant fecundity/reproductive-effort candidate.",false,local_pdf_pdftotext_layout_page_match,digitization/source_review/agent_audits/figure_candidate_audit_agent5.csv,valid_status,matched_base_candidate
2e76dce4-6cb4-46c0-b8c4-a1cc91b1578c,Van Veghel and Bak - 1994 - Reproductive characteristics of the polymorphic Caribbean reef building coral Montastrea annularis..pdf,reproduction,DIG-2e76dce4-reproduction,3,figure,Fig. 2,5,replace,table,Table 2,5,Table 2. Montastrea annularis. Fecundity (eggs per polyp) and aspects of reproductive effort for coral tissue adjacent to lesions and tissue more than 20 cm distant from lesion. One-way ANOVA F-values compare regenerated and normal samples.,"Original Fig. 2 reports regeneration-rate regressions during the reproductive season, not reproductive output; Table 2 is the relevant fecundity/reproductive-effort candidate.",false,local_pdf_pdftotext_layout_page_match,digitization/source_review/agent_audits/figure_candidate_audit_agent5.csv,valid_status,matched_base_candidate
26d408bb-bf97-4b1a-8b59-a62f74d3d475,Van Woesik - 1998 - Lesion healing on massive Porites spp. corals.pdf,rate,DIG-26d408bb-rate,1,table,Table l,3,replace,table,Table 1,3,"Table 1. Porites lutea and P. lobata. Regression analyses and slope comparisons for lesion healing on massive corals. Data were fitted to ln y = ln b - at, with intercept, slope, number of data points, variance accounted for, regression probability, and slope-comparison probability reported.","Printed table and page are correct, but the original label was OCR-normalized incorrectly as Table l; corrected to Table 1.",false,local_pdf_pdftotext_layout_page_match,digitization/source_review/agent_audits/figure_candidate_audit_agent5.csv,valid_status,matched_base_candidate
26d408bb-bf97-4b1a-8b59-a62f74d3d475,Van Woesik - 1998 - Lesion healing on massive Porites spp. corals.pdf,rate,DIG-26d408bb-rate,2,figure,Fig. 1,4,keep,figure,Fig. 1,4,"Fig. 1. Regeneration of lesions on massive Porites spp. using the exponential equation y = be^-at and its equivalent ln y = ln b - at, with fitted regressions and 95% confidence limits for three lesion-size classes; time constants are 34, 59 and 83 days.",Printed caption label and page verified by local pdftotext; caption is relevant to the row response_type.,false,local_pdf_pdftotext_layout_page_match,digitization/source_review/agent_audits/figure_candidate_audit_agent5.csv,valid_status,matched_base_candidate
26d408bb-bf97-4b1a-8b59-a62f74d3d475,Van Woesik - 1998 - Lesion healing on massive Porites spp. corals.pdf,rate,DIG-26d408bb-rate,3,table,Table 2,5,keep,table,Table 2,5,"Table 2. Porites lobata, P. lutea and P. solida. Ratio of lesion perimeter to surface area on massive corals, where H indicates completely healed and R indicates re-classified into a smaller size class at the first observation; lesion depth below low water datum is given.",Printed caption label and page verified by local pdftotext; caption is relevant to the row response_type.,false,local_pdf_pdftotext_layout_page_match,digitization/source_review/agent_audits/figure_candidate_audit_agent5.csv,valid_status,matched_base_candidate
26d408bb-bf97-4b1a-8b59-a62f74d3d475,Van Woesik - 1998 - Lesion healing on massive Porites spp. corals.pdf,rate,DIG-26d408bb-rate,4,figure,Fig. 2,6,replace,figure,Fig. 1,4,"Fig. 1. Regeneration of lesions on massive Porites spp. using the exponential equation y = be^-at and its equivalent ln y = ln b - at, with fitted regressions and 95% confidence limits for three lesion-size classes; time constants are 34, 59 and 83 days.","Original Fig. 2 is a real printed healed-scar cross-section caption, but it is not the rate figure; Fig. 1 is the better lesion-regeneration rate candidate.",false,local_pdf_pdftotext_layout_page_match,digitization/source_review/agent_audits/figure_candidate_audit_agent5.csv,valid_status,matched_base_candidate
6dffe94d-a664-4a6c-8daf-f25ecfa5b50d,"Ward - 1995 - The effect of damage on the growth, reproduction and storage of lipids in the scleractinian coral Po.pdf",growth,DIG-6dffe94d-growth,1,figure,Fig. 1,6,keep,figure,Fig. 1,6,"Fig. 1. Growth, as linear extension, of colonies of P. damicornis at Rottnest Island. Treatments are controls, fragmentation, dislodged, and fragmentation plus dislodgement. Error bars are standard errors.",Printed caption label and page verified by local pdftotext; caption is relevant to the row response_type.,false,local_pdf_pdftotext_layout_page_match,digitization/source_review/agent_audits/figure_candidate_audit_agent5.csv,valid_status,matched_base_candidate
6dffe94d-a664-4a6c-8daf-f25ecfa5b50d,"Ward - 1995 - The effect of damage on the growth, reproduction and storage of lipids in the scleractinian coral Po.pdf",growth,DIG-6dffe94d-growth,2,table,Table 3,7,keep,table,Table 3,7,"Table 3. Three-factor orthogonal analysis of variance information for growth, as cumulative linear extension, of corals from Little Salmon Bay and Mary Cove between 17th December and 10th June, 1989.",Printed caption label and page verified by local pdftotext; caption is relevant to the row response_type.,false,local_pdf_pdftotext_layout_page_match,digitization/source_review/agent_audits/figure_candidate_audit_agent5.csv,valid_status,matched_base_candidate
6dffe94d-a664-4a6c-8daf-f25ecfa5b50d,"Ward - 1995 - The effect of damage on the growth, reproduction and storage of lipids in the scleractinian coral Po.pdf",growth,DIG-6dffe94d-growth,3,figure,Fig. 4,10,replace,figure,Fig. 1,6,"Fig. 1. Growth, as linear extension, of colonies of P. damicornis at Rottnest Island. Treatments are controls, fragmentation, dislodged, and fragmentation plus dislodgement. Error bars are standard errors.","Original Fig. 4 is a larval lipid figure, not a growth response; Fig. 1 is the relevant growth figure.",false,local_pdf_pdftotext_layout_page_match,digitization/source_review/agent_audits/figure_candidate_audit_agent5.csv,valid_status,matched_base_candidate
6dffe94d-a664-4a6c-8daf-f25ecfa5b50d,"Ward - 1995 - The effect of damage on the growth, reproduction and storage of lipids in the scleractinian coral Po.pdf",growth,DIG-6dffe94d-growth,4,table,Table 1,3,replace,figure,Fig. 1,6,"Fig. 1. Growth, as linear extension, of colonies of P. damicornis at Rottnest Island. Treatments are controls, fragmentation, dislodged, and fragmentation plus dislodgement. Error bars are standard errors.","Original Table 1 is a sampling/treatment-count table, not a growth response table; Fig. 1 is the relevant growth figure.",false,local_pdf_pdftotext_layout_page_match,digitization/source_review/agent_audits/figure_candidate_audit_agent5.csv,valid_status,matched_base_candidate
6dffe94d-a664-4a6c-8daf-f25ecfa5b50d,"Ward - 1995 - The effect of damage on the growth, reproduction and storage of lipids in the scleractinian coral Po.pdf",growth,DIG-6dffe94d-growth,5,table,Table 2,6,replace,figure,Fig. 1,6,"Fig. 1. Growth, as linear extension, of colonies of P. damicornis at Rottnest Island. Treatments are controls, fragmentation, dislodged, and fragmentation plus dislodgement. Error bars are standard errors.","Original Table 2 is a mortality table, not a growth response table; Fig. 1 is the relevant growth figure.",false,local_pdf_pdftotext_layout_page_match,digitization/source_review/agent_audits/figure_candidate_audit_agent5.csv,valid_status,matched_base_candidate
6dffe94d-a664-4a6c-8daf-f25ecfa5b50d,"Ward - 1995 - The effect of damage on the growth, reproduction and storage of lipids in the scleractinian coral Po.pdf",reproduction,DIG-6dffe94d-reproduction,1,table,Table 4,10,keep,table,Table 4,10,"Table 4. Analysis of variance comparing index of reproductive potential for fragmented, dislodged and control corals from Little Salmon Bay and Mary Cove.",Printed caption label and page verified by local pdftotext; caption is relevant to the row response_type.,false,local_pdf_pdftotext_layout_page_match,digitization/source_review/agent_audits/figure_candidate_audit_agent5.csv,valid_status,matched_base_candidate
6dffe94d-a664-4a6c-8daf-f25ecfa5b50d,"Ward - 1995 - The effect of damage on the growth, reproduction and storage of lipids in the scleractinian coral Po.pdf",reproduction,DIG-6dffe94d-reproduction,2,table,Table 1,3,replace,figure,Fig. 3,9,"Fig. 3. The standardised number of larvae captured at the new moon in March, 1989 from colonies of P. damicornis at Rottnest Island. Treatments are controls, fragmentation, dislodged, and fragmentation plus dislodgement; error bars are standard errors.","Original Table 1 is a sampling/treatment-count table, not a reproductive response; Fig. 3 reports larvae captured and is the better reproduction candidate.",false,local_pdf_pdftotext_layout_page_match,digitization/source_review/agent_audits/figure_candidate_audit_agent5.csv,valid_status,matched_base_candidate
6dffe94d-a664-4a6c-8daf-f25ecfa5b50d,"Ward - 1995 - The effect of damage on the growth, reproduction and storage of lipids in the scleractinian coral Po.pdf",reproduction,DIG-6dffe94d-reproduction,3,figure,Fig. 1,6,replace,figure,Fig. 3,9,"Fig. 3. The standardised number of larvae captured at the new moon in March, 1989 from colonies of P. damicornis at Rottnest Island. Treatments are controls, fragmentation, dislodged, and fragmentation plus dislodgement; error bars are standard errors.","Original Fig. 1 reports growth, not reproduction; Fig. 3 reports larvae captured and is the better reproduction candidate.",false,local_pdf_pdftotext_layout_page_match,digitization/source_review/agent_audits/figure_candidate_audit_agent5.csv,valid_status,matched_base_candidate
6dffe94d-a664-4a6c-8daf-f25ecfa5b50d,"Ward - 1995 - The effect of damage on the growth, reproduction and storage of lipids in the scleractinian coral Po.pdf",reproduction,DIG-6dffe94d-reproduction,4,table,Table 2,6,replace,figure,Fig. 3,9,"Fig. 3. The standardised number of larvae captured at the new moon in March, 1989 from colonies of P. damicornis at Rottnest Island. Treatments are controls, fragmentation, dislodged, and fragmentation plus dislodgement; error bars are standard errors.","Original Table 2 reports mortality, not reproduction; Fig. 3 reports larvae captured and is the better reproduction candidate.",false,local_pdf_pdftotext_layout_page_match,digitization/source_review/agent_audits/figure_candidate_audit_agent5.csv,valid_status,matched_base_candidate
6dffe94d-a664-4a6c-8daf-f25ecfa5b50d,"Ward - 1995 - The effect of damage on the growth, reproduction and storage of lipids in the scleractinian coral Po.pdf",reproduction,DIG-6dffe94d-reproduction,5,table,Table 3,7,replace,figure,Fig. 3,9,"Fig. 3. The standardised number of larvae captured at the new moon in March, 1989 from colonies of P. damicornis at Rottnest Island. Treatments are controls, fragmentation, dislodged, and fragmentation plus dislodgement; error bars are standard errors.","Original Table 3 reports growth ANOVA, not reproduction; Fig. 3 reports larvae captured and is the better reproduction candidate.",false,local_pdf_pdftotext_layout_page_match,digitization/source_review/agent_audits/figure_candidate_audit_agent5.csv,valid_status,matched_base_candidate
6dffe94d-a664-4a6c-8daf-f25ecfa5b50d,"Ward - 1995 - The effect of damage on the growth, reproduction and storage of lipids in the scleractinian coral Po.pdf",survival,DIG-6dffe94d-survival,1,table,Table 2,6,keep,table,Table 2,6,Table 2. The number of corals from Little Salmon Bay and Mary Cove which died during the study period.,Printed caption label and page verified by local pdftotext; caption is relevant to the row response_type.,false,local_pdf_pdftotext_layout_page_match,digitization/source_review/agent_audits/figure_candidate_audit_agent5.csv,valid_status,matched_base_candidate
6dffe94d-a664-4a6c-8daf-f25ecfa5b50d,"Ward - 1995 - The effect of damage on the growth, reproduction and storage of lipids in the scleractinian coral Po.pdf",survival,DIG-6dffe94d-survival,2,table,Table 1,3,replace,table,Table 2,6,Table 2. The number of corals from Little Salmon Bay and Mary Cove which died during the study period.,"Original Table 1 is a sampling/treatment-count table, not a survival outcome; Table 2 reports mortality during the study period.",false,local_pdf_pdftotext_layout_page_match,digitization/source_review/agent_audits/figure_candidate_audit_agent5.csv,valid_status,matched_base_candidate
6dffe94d-a664-4a6c-8daf-f25ecfa5b50d,"Ward - 1995 - The effect of damage on the growth, reproduction and storage of lipids in the scleractinian coral Po.pdf",survival,DIG-6dffe94d-survival,3,figure,Fig. 1,6,replace,table,Table 2,6,Table 2. The number of corals from Little Salmon Bay and Mary Cove which died during the study period.,"Original Fig. 1 reports growth, not survival; Table 2 reports mortality during the study period.",false,local_pdf_pdftotext_layout_page_match,digitization/source_review/agent_audits/figure_candidate_audit_agent5.csv,valid_status,matched_base_candidate
6dffe94d-a664-4a6c-8daf-f25ecfa5b50d,"Ward - 1995 - The effect of damage on the growth, reproduction and storage of lipids in the scleractinian coral Po.pdf",survival,DIG-6dffe94d-survival,4,table,Table 3,7,replace,table,Table 2,6,Table 2. The number of corals from Little Salmon Bay and Mary Cove which died during the study period.,"Original Table 3 reports growth ANOVA, not survival; Table 2 reports mortality during the study period.",false,local_pdf_pdftotext_layout_page_match,digitization/source_review/agent_audits/figure_candidate_audit_agent5.csv,valid_status,matched_base_candidate
6dffe94d-a664-4a6c-8daf-f25ecfa5b50d,"Ward - 1995 - The effect of damage on the growth, reproduction and storage of lipids in the scleractinian coral Po.pdf",survival,DIG-6dffe94d-survival,5,figure,Fig. 2,9,replace,table,Table 2,6,Table 2. The number of corals from Little Salmon Bay and Mary Cove which died during the study period.,"Original Fig. 2 reports tissue lipid, not survival; Table 2 reports mortality during the study period.",false,local_pdf_pdftotext_layout_page_match,digitization/source_review/agent_audits/figure_candidate_audit_agent5.csv,valid_status,matched_base_candidate
32a1561c-9cd6-4e97-9287-c9e5eafafc22,Welsh et al. - 2015 - Clustered parrotfish feeding scars trigger partial coral mortality of massive Porites colonies on th.pdf,survival,DIG-32a1561c-survival,1,figure,Fig. 1,3,keep,figure,Fig. 1,3,"Fig. 1. A single parrotfish (C. microrhinos) feeding scar, a scar cluster on the surface of a Porites colony, and a single scar resulting in partial coral mortality surrounding a scar.",Printed caption label and page verified by local pdftotext; caption is relevant to the row response_type.,false,local_pdf_pdftotext_layout_page_match,digitization/source_review/agent_audits/figure_candidate_audit_agent5.csv,valid_status,matched_base_candidate
32a1561c-9cd6-4e97-9287-c9e5eafafc22,Welsh et al. - 2015 - Clustered parrotfish feeding scars trigger partial coral mortality of massive Porites colonies on th.pdf,survival,DIG-32a1561c-survival,2,table,Table 1,4,keep,table,Table 1,4,Table 1. Results of the binary General Linear Model assessing the influence of initial scar count and colony size on the fate of feeding scars (n = 30).,Printed caption label and page verified by local pdftotext; caption is relevant to the row response_type.,false,local_pdf_pdftotext_layout_page_match,digitization/source_review/agent_audits/figure_candidate_audit_agent5.csv,valid_status,matched_base_candidate
32a1561c-9cd6-4e97-9287-c9e5eafafc22,Welsh et al. - 2015 - Clustered parrotfish feeding scars trigger partial coral mortality of massive Porites colonies on th.pdf,survival,DIG-32a1561c-survival,3,figure,Fig. 2,4,keep,figure,Fig. 2,4,"Fig. 2. Logistic model of the relationship between the probability of feeding scar recovery, the number of feeding scars initially recorded, and the initial area-to-perimeter ratio. Each dot marks the final status of a scar after four months of monitoring as fully recovered, reduced, or expanded.",Printed caption label and page verified by local pdftotext; caption is relevant to the row response_type.,false,local_pdf_pdftotext_layout_page_match,digitization/source_review/agent_audits/figure_candidate_audit_agent5.csv,valid_status,matched_base_candidate
1d237b2c-1d5d-479a-985a-bde3d28a4fce,Wolf and Nugues - 2013 - Synergistic effects of algal overgrowth and corallivory on Caribbean reef‐building corals.pdf,growth,DIG-1d237b2c-growth,1,figure,FIG. 1,4,remove,,,,,"no_valid_candidate_found: original FIG. 1 is a real coral-health/fireworm caption, but it is not a growth response, and no printed figure/table in the PDF reports coral growth.",false,local_pdf_pdftotext_layout_page_match,digitization/source_review/agent_audits/figure_candidate_audit_agent5.csv,valid_status,matched_base_candidate
1d237b2c-1d5d-479a-985a-bde3d28a4fce,Wolf and Nugues - 2013 - Synergistic effects of algal overgrowth and corallivory on Caribbean reef‐building corals.pdf,growth,DIG-1d237b2c-growth,2,figure,FIG. 3,6,remove,,,,,"no_valid_candidate_found: original FIG. 3 is a real mortality/bleaching caption, but it is not a growth response, and no printed figure/table in the PDF reports coral growth.",false,local_pdf_pdftotext_layout_page_match,digitization/source_review/agent_audits/figure_candidate_audit_agent5.csv,valid_status,matched_base_candidate
1d237b2c-1d5d-479a-985a-bde3d28a4fce,Wolf and Nugues - 2013 - Synergistic effects of algal overgrowth and corallivory on Caribbean reef‐building corals.pdf,survival,DIG-1d237b2c-survival,1,figure,FIG. 3,6,keep,figure,FIG. 3,6,FIG. 3. Independent and combined effects of Halimeda opuntia and corallivores on coral mortality and bleaching for Hermodice carunculata on Montastraea faveolata and Coralliophila abbreviata on Montastraea annularis.,Printed caption label and page verified by local pdftotext; caption is relevant to the row response_type.,false,local_pdf_pdftotext_layout_page_match,digitization/source_review/agent_audits/figure_candidate_audit_agent5.csv,valid_status,matched_base_candidate
1d237b2c-1d5d-479a-985a-bde3d28a4fce,Wolf and Nugues - 2013 - Synergistic effects of algal overgrowth and corallivory on Caribbean reef‐building corals.pdf,survival,DIG-1d237b2c-survival,2,figure,FIG. 1,4,replace,figure,FIG. 3,6,FIG. 3. Independent and combined effects of Halimeda opuntia and corallivores on coral mortality and bleaching for Hermodice carunculata on Montastraea faveolata and Coralliophila abbreviata on Montastraea annularis.,Original FIG. 1 reports fireworm abundance and coral-health scores; FIG. 3 is the direct survival/mortality candidate.,false,local_pdf_pdftotext_layout_page_match,digitization/source_review/agent_audits/figure_candidate_audit_agent5.csv,valid_status,matched_base_candidate
9cbae935-6259-4ba6-a2ec-44d3f3bc0902,Yap and Gomez - 1984 - Growth of Acropora pulchra II. Responses of natural and transplanted colonies to temperature and da.pdf,growth,DIG-9cbae935-growth,1,figure,Fig. 2,3,keep,figure,Fig. 2,3,Fig. 2. Acropora pulchra. Mean monthly growth rates (cm/month) of transplants from December 1980 to March 1982. Solid lines represent significant differences and dashed lines insignificant differences.,Printed caption label and page verified by local pdftotext; caption is relevant to the row response_type.,false,local_pdf_pdftotext_layout_page_match,digitization/source_review/agent_audits/figure_candidate_audit_agent5.csv,valid_status,matched_base_candidate
9cbae935-6259-4ba6-a2ec-44d3f3bc0902,Yap and Gomez - 1984 - Growth of Acropora pulchra II. Responses of natural and transplanted colonies to temperature and da.pdf,growth,DIG-9cbae935-growth,2,table,Table 1,4,keep,table,Table 1,4,"Table 1. Acropora pulchra. Regeneration and growth of broken branches, including length of new growth, growth period, and projected growth rate.",Printed caption label and page verified by local pdftotext; caption is relevant to the row response_type.,false,local_pdf_pdftotext_layout_page_match,digitization/source_review/agent_audits/figure_candidate_audit_agent5.csv,valid_status,matched_base_candidate
9cbae935-6259-4ba6-a2ec-44d3f3bc0902,Yap and Gomez - 1984 - Growth of Acropora pulchra II. Responses of natural and transplanted colonies to temperature and da.pdf,growth,DIG-9cbae935-growth,3,table,Table 3,5,keep,table,Table 3,5,"Table 3. Acropora pulchra. Correlation coefficients showing the relationship between biological parameters, including growth rates, zero growth, percentage mortality, and budding, and the environmental factors day length and temperature.",Printed caption label and page verified by local pdftotext; caption is relevant to the row response_type.,false,local_pdf_pdftotext_layout_page_match,digitization/source_review/agent_audits/figure_candidate_audit_agent5.csv,valid_status,matched_base_candidate
9cbae935-6259-4ba6-a2ec-44d3f3bc0902,Yap and Gomez - 1984 - Growth of Acropora pulchra II. Responses of natural and transplanted colonies to temperature and da.pdf,growth,DIG-9cbae935-growth,4,table,Table 4,6,keep,table,Table 4,6,"Table 4. Acropora pulchra. Projected annual growth rates for Site A, Site B, Site D and mean controls under different observation periods.",Printed caption label and page verified by local pdftotext; caption is relevant to the row response_type.,false,local_pdf_pdftotext_layout_page_match,digitization/source_review/agent_audits/figure_candidate_audit_agent5.csv,valid_status,matched_base_candidate
9cbae935-6259-4ba6-a2ec-44d3f3bc0902,Yap and Gomez - 1984 - Growth of Acropora pulchra II. Responses of natural and transplanted colonies to temperature and da.pdf,growth,DIG-9cbae935-growth,5,figure,Fig. 4,4,replace,figure,Fig. 2,3,Fig. 2. Acropora pulchra. Mean monthly growth rates (cm/month) of transplants from December 1980 to March 1982. Solid lines represent significant differences and dashed lines insignificant differences.,"Original Fig. 4 reports transplant mortality, not growth; Fig. 2 reports mean monthly growth rates of transplants.",false,local_pdf_pdftotext_layout_page_match,digitization/source_review/agent_audits/figure_candidate_audit_agent5.csv,valid_status,matched_base_candidate
9cbae935-6259-4ba6-a2ec-44d3f3bc0902,Yap and Gomez - 1984 - Growth of Acropora pulchra II. Responses of natural and transplanted colonies to temperature and da.pdf,survival,DIG-9cbae935-survival,1,table,Table 1,4,replace,figure,Fig. 4,4,Fig. 4. Acropora pulchra. Percentage mortalities of branches of transplants for each monthly interval from October 1980 to September 1981 and for the period September 1981-March 1982.,"Original Table 1 reports regeneration/growth of broken branches, not survival; Fig. 4 reports percentage mortalities of transplant branches.",false,local_pdf_pdftotext_layout_page_match,digitization/source_review/agent_audits/figure_candidate_audit_agent5.csv,valid_status,matched_base_candidate
9cbae935-6259-4ba6-a2ec-44d3f3bc0902,Yap and Gomez - 1984 - Growth of Acropora pulchra II. Responses of natural and transplanted colonies to temperature and da.pdf,survival,DIG-9cbae935-survival,2,figure,Fig. 2,3,replace,figure,Fig. 4,4,Fig. 4. Acropora pulchra. Percentage mortalities of branches of transplants for each monthly interval from October 1980 to September 1981 and for the period September 1981-March 1982.,"Original Fig. 2 reports transplant growth rates, not survival; Fig. 4 reports percentage mortalities of transplant branches.",false,local_pdf_pdftotext_layout_page_match,digitization/source_review/agent_audits/figure_candidate_audit_agent5.csv,valid_status,matched_base_candidate
9cbae935-6259-4ba6-a2ec-44d3f3bc0902,Yap and Gomez - 1984 - Growth of Acropora pulchra II. Responses of natural and transplanted colonies to temperature and da.pdf,survival,DIG-9cbae935-survival,3,figure,Fig. 4,4,keep,figure,Fig. 4,4,Fig. 4. Acropora pulchra. Percentage mortalities of branches of transplants for each monthly interval from October 1980 to September 1981 and for the period September 1981-March 1982.,Printed caption label and page verified by local pdftotext; caption is relevant to the row response_type.,false,local_pdf_pdftotext_layout_page_match,digitization/source_review/agent_audits/figure_candidate_audit_agent5.csv,valid_status,matched_base_candidate
9cbae935-6259-4ba6-a2ec-44d3f3bc0902,Yap and Gomez - 1984 - Growth of Acropora pulchra II. Responses of natural and transplanted colonies to temperature and da.pdf,survival,DIG-9cbae935-survival,4,table,Table 2,5,replace,figure,Fig. 4,4,Fig. 4. Acropora pulchra. Percentage mortalities of branches of transplants for each monthly interval from October 1980 to September 1981 and for the period September 1981-March 1982.,"Original Table 2 reports budding/new buds, not survival; Fig. 4 reports percentage mortalities of transplant branches.",false,local_pdf_pdftotext_layout_page_match,digitization/source_review/agent_audits/figure_candidate_audit_agent5.csv,valid_status,matched_base_candidate
9cbae935-6259-4ba6-a2ec-44d3f3bc0902,Yap and Gomez - 1984 - Growth of Acropora pulchra II. Responses of natural and transplanted colonies to temperature and da.pdf,survival,DIG-9cbae935-survival,5,table,Table 3,5,keep,table,Table 3,5,"Table 3. Acropora pulchra. Correlation coefficients showing the relationship between biological parameters, including growth rates, zero growth, percentage mortality, and budding, and the environmental factors day length and temperature.","Printed caption label and page verified; table includes percentage mortality of transplants among its biological parameters, so it is relevant to survival.",false,local_pdf_pdftotext_layout_page_match,digitization/source_review/agent_audits/figure_candidate_audit_agent5.csv,valid_status,matched_base_candidate
