queue_id,digitization_status,source_id,paper_title,response_type,source_file_status,local_relpath,pdf_sha256,pdf_page_count,caption_parse_status,candidate_rank,candidate_score,candidate_type,candidate_label,candidate_page,candidate_text,matched_terms,review_status,selected_for_clipping,reviewer,review_notes,required_clip_naming_rule,required_data_naming_rule
DIG-dde85c3e-growth,needs_figure_id,dde85c3e-6c0d-4057-9a5a-116138865992,"Bak - 1983 - Neoplasia, regeneration and growth in the reef-building coral Acropora palmata.pdf",growth,local_pdf_available,"literature/META_ANALYSIS_POOL/Bak - 1983 - Neoplasia, regeneration and growth in the reef-building coral Acropora palmata.pdf",77e9f3f18ad7e535ce5606fdbfd3e838c9cd78f55901d64d1bcbb582af2ba371,7,parsed,1,45,figure,Fig. 5,5,"Fig. 5. Acropora palmata. Surface area of lesions over time rounding the lesion does not grow over the lesion but showing recovery rate. Tissue lesions: closed circles, tissue+ extends vertically, chimney-shaped, enclosing the tufts of skeleton lesions: open circles algae growing on the lesion. The neoplasia as well as regeneration of lesions require calcification, which proves to interfere with the normal calcification of the branch. When energy has to be al- Foreign material, such as dolomite (CaMg (CO~)2) and located to an additional energy sink, i.e. abnormal cal- low-magnesium calcite (MgCO3), was present in the cification, available resources appear limited. This indi- samples of lesions of both types. This corroborates the cates how narrow the margins are, in terms of energy, for description of the regeneration process as involving metabolic processes and ultimately for survival. Potts simultaneously tissue growth and calcification of new (1977), working with Acroporapalifera Lamarck, suggested skeletal components over the damaged surface. The con- that exhaustion of metabolic reserves through energy trols always consisted of pure aragonite. spent in cleaning the coral su...",growth|calcification|skeletal|area,candidate_review_needed,,,Select the exact printed figure/table label and panel before assigning clip/data paths.,digitization/figures/dde85c3e__growth__fig-<printed-label>_panel-<panel>.png,digitization/data/dde85c3e__growth__fig-<printed-label>_panel-<panel>.csv
DIG-dde85c3e-growth,needs_figure_id,dde85c3e-6c0d-4057-9a5a-116138865992,"Bak - 1983 - Neoplasia, regeneration and growth in the reef-building coral Acropora palmata.pdf",growth,local_pdf_available,"literature/META_ANALYSIS_POOL/Bak - 1983 - Neoplasia, regeneration and growth in the reef-building coral Acropora palmata.pdf",77e9f3f18ad7e535ce5606fdbfd3e838c9cd78f55901d64d1bcbb582af2ba371,7,parsed,2,15,figure,Fig. 3,4,Fig. 3. Acropora paImata. Growth rates of branches. 0 Horizontal bar of each data point denotes experimental period. Vertical bars show SD. Growth of controls: closed circles (connected by dashes). Growth of neo-,growth,candidate_review_needed,,,Select the exact printed figure/table label and panel before assigning clip/data paths.,digitization/figures/dde85c3e__growth__fig-<printed-label>_panel-<panel>.png,digitization/data/dde85c3e__growth__fig-<printed-label>_panel-<panel>.csv
DIG-dde85c3e-growth,needs_figure_id,dde85c3e-6c0d-4057-9a5a-116138865992,"Bak - 1983 - Neoplasia, regeneration and growth in the reef-building coral Acropora palmata.pdf",growth,local_pdf_available,"literature/META_ANALYSIS_POOL/Bak - 1983 - Neoplasia, regeneration and growth in the reef-building coral Acropora palmata.pdf",77e9f3f18ad7e535ce5606fdbfd3e838c9cd78f55901d64d1bcbb582af2ba371,7,parsed,3,10,figure,Fig. 1,2,"Fig. 1. Acroporapalrnata. Neoplasia in corals. A: Colonies covered with white neoplasia (depth 1-2 m, southwest coast Curagao). B: Living neoplasm displays the scarcity of polyps at the characteristically smooth surface of the protuberance. Note swollen tissue at border between neoplasm and normal coral surface. Scale bar 0.4 cm. C: Skeletal surface of neoplasm (upper left) and normal branch (lower right). Note coenosteal structure of neoplasm. Scale bar 0.2 cm. D: Neoplasm on corallum ofAgaricia lamarcki (collected at 32 m, southwest coast Curacao). Note absence of normal polypary organization over the bulbous neoplasm. Scale bar l cm",skeletal,candidate_review_needed,,,Select the exact printed figure/table label and panel before assigning clip/data paths.,digitization/figures/dde85c3e__growth__fig-<printed-label>_panel-<panel>.png,digitization/data/dde85c3e__growth__fig-<printed-label>_panel-<panel>.csv
DIG-dde85c3e-growth,needs_figure_id,dde85c3e-6c0d-4057-9a5a-116138865992,"Bak - 1983 - Neoplasia, regeneration and growth in the reef-building coral Acropora palmata.pdf",growth,local_pdf_available,"literature/META_ANALYSIS_POOL/Bak - 1983 - Neoplasia, regeneration and growth in the reef-building coral Acropora palmata.pdf",77e9f3f18ad7e535ce5606fdbfd3e838c9cd78f55901d64d1bcbb582af2ba371,7,parsed,4,0,figure,Fig. 4,4,"Fig. 4. Rates of regeneration of tissue lesions (t, dashed lines) and 80 tissue+skeleton lesions (ts, solid lines) expressed as percentage of / .- .... a23t lesions completely recovered. Z Coral species and depth of ex- _o 6 0 perimental colonies; Ap: Acropora ..a palmata 2 m; Pa: Porites astreoides 10m and 23 m; Ma: Montastrea Q~ annularis 10m; Aa: A garicia .c agarieites 10 m and 25 m. Original data points for A. palmata this report (tissue: open circles, tis- sue+skeleton: closed circles) and 0 ts for P. astreoides 10m Bak, un- 20 published data (tissue: open circles, tissue + skeleton: closed ..// ~ ....................... A . 2s t circles). Other lines adapted from 7 / ./ ~."""" """" / A a 25 ts Bak et al., 1977 and Bak and Ste- ward-van Es, 1980 20 40 60 80 100 120 140 DAYS",,candidate_review_needed,,,Select the exact printed figure/table label and panel before assigning clip/data paths.,digitization/figures/dde85c3e__growth__fig-<printed-label>_panel-<panel>.png,digitization/data/dde85c3e__growth__fig-<printed-label>_panel-<panel>.csv
DIG-dde85c3e-rate,needs_figure_id,dde85c3e-6c0d-4057-9a5a-116138865992,"Bak - 1983 - Neoplasia, regeneration and growth in the reef-building coral Acropora palmata.pdf",rate,local_pdf_available,"literature/META_ANALYSIS_POOL/Bak - 1983 - Neoplasia, regeneration and growth in the reef-building coral Acropora palmata.pdf",77e9f3f18ad7e535ce5606fdbfd3e838c9cd78f55901d64d1bcbb582af2ba371,7,parsed,1,75,figure,Fig. 5,5,"Fig. 5. Acropora palmata. Surface area of lesions over time rounding the lesion does not grow over the lesion but showing recovery rate. Tissue lesions: closed circles, tissue+ extends vertically, chimney-shaped, enclosing the tufts of skeleton lesions: open circles algae growing on the lesion. The neoplasia as well as regeneration of lesions require calcification, which proves to interfere with the normal calcification of the branch. When energy has to be al- Foreign material, such as dolomite (CaMg (CO~)2) and located to an additional energy sink, i.e. abnormal cal- low-magnesium calcite (MgCO3), was present in the cification, available resources appear limited. This indi- samples of lesions of both types. This corroborates the cates how narrow the margins are, in terms of energy, for description of the regeneration process as involving metabolic processes and ultimately for survival. Potts simultaneously tissue growth and calcification of new (1977), working with Acroporapalifera Lamarck, suggested skeletal components over the damaged surface. The con- that exhaustion of metabolic reserves through energy trols always consisted of pure aragonite. spent in cleaning the coral su...",regeneration|recovery|lesion|tissue|area|rate|time,candidate_review_needed,,,Select the exact printed figure/table label and panel before assigning clip/data paths.,digitization/figures/dde85c3e__rate__fig-<printed-label>_panel-<panel>.png,digitization/data/dde85c3e__rate__fig-<printed-label>_panel-<panel>.csv
DIG-dde85c3e-rate,needs_figure_id,dde85c3e-6c0d-4057-9a5a-116138865992,"Bak - 1983 - Neoplasia, regeneration and growth in the reef-building coral Acropora palmata.pdf",rate,local_pdf_available,"literature/META_ANALYSIS_POOL/Bak - 1983 - Neoplasia, regeneration and growth in the reef-building coral Acropora palmata.pdf",77e9f3f18ad7e535ce5606fdbfd3e838c9cd78f55901d64d1bcbb582af2ba371,7,parsed,2,25,figure,Fig. 4,4,"Fig. 4. Rates of regeneration of tissue lesions (t, dashed lines) and 80 tissue+skeleton lesions (ts, solid lines) expressed as percentage of / .- .... a23t lesions completely recovered. Z Coral species and depth of ex- _o 6 0 perimental colonies; Ap: Acropora ..a palmata 2 m; Pa: Porites astreoides 10m and 23 m; Ma: Montastrea Q~ annularis 10m; Aa: A garicia .c agarieites 10 m and 25 m. Original data points for A. palmata this report (tissue: open circles, tis- sue+skeleton: closed circles) and 0 ts for P. astreoides 10m Bak, un- 20 published data (tissue: open circles, tissue + skeleton: closed ..// ~ ....................... A . 2s t circles). Other lines adapted from 7 / ./ ~."""" """" / A a 25 ts Bak et al., 1977 and Bak and Ste- ward-van Es, 1980 20 40 60 80 100 120 140 DAYS",regeneration|tissue,candidate_review_needed,,,Select the exact printed figure/table label and panel before assigning clip/data paths.,digitization/figures/dde85c3e__rate__fig-<printed-label>_panel-<panel>.png,digitization/data/dde85c3e__rate__fig-<printed-label>_panel-<panel>.csv
DIG-dde85c3e-rate,needs_figure_id,dde85c3e-6c0d-4057-9a5a-116138865992,"Bak - 1983 - Neoplasia, regeneration and growth in the reef-building coral Acropora palmata.pdf",rate,local_pdf_available,"literature/META_ANALYSIS_POOL/Bak - 1983 - Neoplasia, regeneration and growth in the reef-building coral Acropora palmata.pdf",77e9f3f18ad7e535ce5606fdbfd3e838c9cd78f55901d64d1bcbb582af2ba371,7,parsed,3,10,figure,Fig. 1,2,"Fig. 1. Acroporapalrnata. Neoplasia in corals. A: Colonies covered with white neoplasia (depth 1-2 m, southwest coast Curagao). B: Living neoplasm displays the scarcity of polyps at the characteristically smooth surface of the protuberance. Note swollen tissue at border between neoplasm and normal coral surface. Scale bar 0.4 cm. C: Skeletal surface of neoplasm (upper left) and normal branch (lower right). Note coenosteal structure of neoplasm. Scale bar 0.2 cm. D: Neoplasm on corallum ofAgaricia lamarcki (collected at 32 m, southwest coast Curacao). Note absence of normal polypary organization over the bulbous neoplasm. Scale bar l cm",tissue,candidate_review_needed,,,Select the exact printed figure/table label and panel before assigning clip/data paths.,digitization/figures/dde85c3e__rate__fig-<printed-label>_panel-<panel>.png,digitization/data/dde85c3e__rate__fig-<printed-label>_panel-<panel>.csv
DIG-dde85c3e-rate,needs_figure_id,dde85c3e-6c0d-4057-9a5a-116138865992,"Bak - 1983 - Neoplasia, regeneration and growth in the reef-building coral Acropora palmata.pdf",rate,local_pdf_available,"literature/META_ANALYSIS_POOL/Bak - 1983 - Neoplasia, regeneration and growth in the reef-building coral Acropora palmata.pdf",77e9f3f18ad7e535ce5606fdbfd3e838c9cd78f55901d64d1bcbb582af2ba371,7,parsed,4,0,figure,Fig. 3,4,Fig. 3. Acropora paImata. Growth rates of branches. 0 Horizontal bar of each data point denotes experimental period. Vertical bars show SD. Growth of controls: closed circles (connected by dashes). Growth of neo-,,candidate_review_needed,,,Select the exact printed figure/table label and panel before assigning clip/data paths.,digitization/figures/dde85c3e__rate__fig-<printed-label>_panel-<panel>.png,digitization/data/dde85c3e__rate__fig-<printed-label>_panel-<panel>.csv
DIG-12e9e864-rate,needs_figure_id,12e9e864-5ff1-42c4-a63d-19b5d62a7464,Bak and Es - REGENERATION OF SUPERFICIAL DAMAGE IN THE SCLERACTINIAN CORALS AGARCA AGARCTES F. PURPUREA AND P.pdf,rate,local_pdf_available,literature/META_ANALYSIS_POOL/Bak and Es - REGENERATION OF SUPERFICIAL DAMAGE IN THE SCLERACTINIAN CORALS AGARCA AGARCTES F. PURPUREA AND P.pdf,85a283634b3f69ddf03f9e9395e654856d7f09a83d96e7187fb7c62d952856c3,5,parsed,1,35,figure,Figure I,2,"Figure I. (Left) Rates of regeneration of the two coral species expressed as percentage of lesions completely recovered. Open circles, A. agariciles 1 cm"" tissue lesions, n = 25; closed circles, A. agaricites I cm"" tissue and skeleton lesions, n = 26; open squares, P. astreoides I cm"" tissue lesions, n = 22; closed squares, P. aslreoides 1 cm"" tissue and skeleton lesions, n = 25. Figure 2. (Right) Regeneration in A. agariciles expressed as mean surface area of all lesions. Triangles, 5 cm"" tissue and skeleton lesions, n = 24. For other symbols see Fig. I.",regeneration|tissue|area,candidate_review_needed,,,Select the exact printed figure/table label and panel before assigning clip/data paths.,digitization/figures/12e9e864__rate__fig-<printed-label>_panel-<panel>.png,digitization/data/12e9e864__rate__fig-<printed-label>_panel-<panel>.csv
DIG-12e9e864-rate,needs_figure_id,12e9e864-5ff1-42c4-a63d-19b5d62a7464,Bak and Es - REGENERATION OF SUPERFICIAL DAMAGE IN THE SCLERACTINIAN CORALS AGARCA AGARCTES F. PURPUREA AND P.pdf,rate,local_pdf_available,literature/META_ANALYSIS_POOL/Bak and Es - REGENERATION OF SUPERFICIAL DAMAGE IN THE SCLERACTINIAN CORALS AGARCA AGARCTES F. PURPUREA AND P.pdf,85a283634b3f69ddf03f9e9395e654856d7f09a83d96e7187fb7c62d952856c3,5,parsed,2,35,figure,Figure 3,3,"Figure 3. (Left) Regeneration in P. astreoides expressed as mean surface area of all lesions. Tri- angles, 5 cm"" tissue and skeleton lesions, n = 25. For other symbols see Fig. I. Figure 4. (Right) Regeneration expressed as percentage of lesions regenerating '375% of surface area. After """"70 days the number of lesions re-covering for 75% does not increase. This is indicated by level of broken lines. For explanation of symbols see Fig. I.",regeneration|tissue|area,candidate_review_needed,,,Select the exact printed figure/table label and panel before assigning clip/data paths.,digitization/figures/12e9e864__rate__fig-<printed-label>_panel-<panel>.png,digitization/data/12e9e864__rate__fig-<printed-label>_panel-<panel>.csv
DIG-12e9e864-rate,needs_figure_id,12e9e864-5ff1-42c4-a63d-19b5d62a7464,Bak and Es - REGENERATION OF SUPERFICIAL DAMAGE IN THE SCLERACTINIAN CORALS AGARCA AGARCTES F. PURPUREA AND P.pdf,rate,local_pdf_available,literature/META_ANALYSIS_POOL/Bak and Es - REGENERATION OF SUPERFICIAL DAMAGE IN THE SCLERACTINIAN CORALS AGARCA AGARCTES F. PURPUREA AND P.pdf,85a283634b3f69ddf03f9e9395e654856d7f09a83d96e7187fb7c62d952856c3,5,parsed,3,15,figure,Fig. I,4,"Fig. I) was done by A. van der Stelt (Shell Cura~ao). LITERATURE CITED Bak, R. P. M. 1976. The growth of coral colonies and the importance of crustose coralline algae and burrowing sponges in relation with carbonate accumulation. Neth. J. Sea Res. 10: 285-337. --. 1977. Coral reefs and their zonation in the Netherlands Antilles. AAPG Studies in Geology 4: 3-16. --, and M. S. Engel. 1979. Distribution, abundance and survival of juvenile hermatypic corals (Scleractinia) and the importance of life history strategies in the parent coral community. Mar. BioI. 54: 341-352. --, J. J. W. M. Brouns, and F. M. L. Heys. 1977. Regeneration and aspects of spatial compe- tition in the scleractinian corals Agaricia agaricites and Montastrea annu/aris. Proc. Third Int. Coral Reef Symp. Miami I: 143-148.",regeneration,candidate_review_needed,,,Select the exact printed figure/table label and panel before assigning clip/data paths.,digitization/figures/12e9e864__rate__fig-<printed-label>_panel-<panel>.png,digitization/data/12e9e864__rate__fig-<printed-label>_panel-<panel>.csv
DIG-12e9e864-rate,needs_figure_id,12e9e864-5ff1-42c4-a63d-19b5d62a7464,Bak and Es - REGENERATION OF SUPERFICIAL DAMAGE IN THE SCLERACTINIAN CORALS AGARCA AGARCTES F. PURPUREA AND P.pdf,rate,local_pdf_available,literature/META_ANALYSIS_POOL/Bak and Es - REGENERATION OF SUPERFICIAL DAMAGE IN THE SCLERACTINIAN CORALS AGARCA AGARCTES F. PURPUREA AND P.pdf,85a283634b3f69ddf03f9e9395e654856d7f09a83d96e7187fb7c62d952856c3,5,parsed,4,10,table,Table 1,3,Table 1 shows the changes in the living surface area of the control colonies.,area,candidate_review_needed,,,Select the exact printed figure/table label and panel before assigning clip/data paths.,digitization/figures/12e9e864__rate__fig-<printed-label>_panel-<panel>.png,digitization/data/12e9e864__rate__fig-<printed-label>_panel-<panel>.csv
DIG-12e9e864-rate,needs_figure_id,12e9e864-5ff1-42c4-a63d-19b5d62a7464,Bak and Es - REGENERATION OF SUPERFICIAL DAMAGE IN THE SCLERACTINIAN CORALS AGARCA AGARCTES F. PURPUREA AND P.pdf,rate,local_pdf_available,literature/META_ANALYSIS_POOL/Bak and Es - REGENERATION OF SUPERFICIAL DAMAGE IN THE SCLERACTINIAN CORALS AGARCA AGARCTES F. PURPUREA AND P.pdf,85a283634b3f69ddf03f9e9395e654856d7f09a83d96e7187fb7c62d952856c3,5,parsed,5,10,table,Table I,3,Table I. Changes in size (area) of natural lesions on control colonies after a 140 days period Area <50% Area Increased Area Decreased (increased-decreased) >50% >50%,area,candidate_review_needed,,,Select the exact printed figure/table label and panel before assigning clip/data paths.,digitization/figures/12e9e864__rate__fig-<printed-label>_panel-<panel>.png,digitization/data/12e9e864__rate__fig-<printed-label>_panel-<panel>.csv
DIG-12e9e864-survival,needs_figure_id,12e9e864-5ff1-42c4-a63d-19b5d62a7464,Bak and Es - REGENERATION OF SUPERFICIAL DAMAGE IN THE SCLERACTINIAN CORALS AGARCA AGARCTES F. PURPUREA AND P.pdf,survival,local_pdf_available,literature/META_ANALYSIS_POOL/Bak and Es - REGENERATION OF SUPERFICIAL DAMAGE IN THE SCLERACTINIAN CORALS AGARCA AGARCTES F. PURPUREA AND P.pdf,85a283634b3f69ddf03f9e9395e654856d7f09a83d96e7187fb7c62d952856c3,5,parsed,1,15,figure,Fig. I,4,"Fig. I) was done by A. van der Stelt (Shell Cura~ao). LITERATURE CITED Bak, R. P. M. 1976. The growth of coral colonies and the importance of crustose coralline algae and burrowing sponges in relation with carbonate accumulation. Neth. J. Sea Res. 10: 285-337. --. 1977. Coral reefs and their zonation in the Netherlands Antilles. AAPG Studies in Geology 4: 3-16. --, and M. S. Engel. 1979. Distribution, abundance and survival of juvenile hermatypic corals (Scleractinia) and the importance of life history strategies in the parent coral community. Mar. BioI. 54: 341-352. --, J. J. W. M. Brouns, and F. M. L. Heys. 1977. Regeneration and aspects of spatial compe- tition in the scleractinian corals Agaricia agaricites and Montastrea annu/aris. Proc. Third Int. Coral Reef Symp. Miami I: 143-148.",survival,candidate_review_needed,,,Select the exact printed figure/table label and panel before assigning clip/data paths.,digitization/figures/12e9e864__survival__fig-<printed-label>_panel-<panel>.png,digitization/data/12e9e864__survival__fig-<printed-label>_panel-<panel>.csv
DIG-12e9e864-survival,needs_figure_id,12e9e864-5ff1-42c4-a63d-19b5d62a7464,Bak and Es - REGENERATION OF SUPERFICIAL DAMAGE IN THE SCLERACTINIAN CORALS AGARCA AGARCTES F. PURPUREA AND P.pdf,survival,local_pdf_available,literature/META_ANALYSIS_POOL/Bak and Es - REGENERATION OF SUPERFICIAL DAMAGE IN THE SCLERACTINIAN CORALS AGARCA AGARCTES F. PURPUREA AND P.pdf,85a283634b3f69ddf03f9e9395e654856d7f09a83d96e7187fb7c62d952856c3,5,parsed,2,0,figure,Figure I,2,"Figure I. (Left) Rates of regeneration of the two coral species expressed as percentage of lesions completely recovered. Open circles, A. agariciles 1 cm"" tissue lesions, n = 25; closed circles, A. agaricites I cm"" tissue and skeleton lesions, n = 26; open squares, P. astreoides I cm"" tissue lesions, n = 22; closed squares, P. aslreoides 1 cm"" tissue and skeleton lesions, n = 25. Figure 2. (Right) Regeneration in A. agariciles expressed as mean surface area of all lesions. Triangles, 5 cm"" tissue and skeleton lesions, n = 24. For other symbols see Fig. I.",,candidate_review_needed,,,Select the exact printed figure/table label and panel before assigning clip/data paths.,digitization/figures/12e9e864__survival__fig-<printed-label>_panel-<panel>.png,digitization/data/12e9e864__survival__fig-<printed-label>_panel-<panel>.csv
DIG-12e9e864-survival,needs_figure_id,12e9e864-5ff1-42c4-a63d-19b5d62a7464,Bak and Es - REGENERATION OF SUPERFICIAL DAMAGE IN THE SCLERACTINIAN CORALS AGARCA AGARCTES F. PURPUREA AND P.pdf,survival,local_pdf_available,literature/META_ANALYSIS_POOL/Bak and Es - REGENERATION OF SUPERFICIAL DAMAGE IN THE SCLERACTINIAN CORALS AGARCA AGARCTES F. PURPUREA AND P.pdf,85a283634b3f69ddf03f9e9395e654856d7f09a83d96e7187fb7c62d952856c3,5,parsed,3,0,figure,Figure 3,3,"Figure 3. (Left) Regeneration in P. astreoides expressed as mean surface area of all lesions. Tri- angles, 5 cm"" tissue and skeleton lesions, n = 25. For other symbols see Fig. I. Figure 4. (Right) Regeneration expressed as percentage of lesions regenerating '375% of surface area. After """"70 days the number of lesions re-covering for 75% does not increase. This is indicated by level of broken lines. For explanation of symbols see Fig. I.",,candidate_review_needed,,,Select the exact printed figure/table label and panel before assigning clip/data paths.,digitization/figures/12e9e864__survival__fig-<printed-label>_panel-<panel>.png,digitization/data/12e9e864__survival__fig-<printed-label>_panel-<panel>.csv
DIG-12e9e864-survival,needs_figure_id,12e9e864-5ff1-42c4-a63d-19b5d62a7464,Bak and Es - REGENERATION OF SUPERFICIAL DAMAGE IN THE SCLERACTINIAN CORALS AGARCA AGARCTES F. PURPUREA AND P.pdf,survival,local_pdf_available,literature/META_ANALYSIS_POOL/Bak and Es - REGENERATION OF SUPERFICIAL DAMAGE IN THE SCLERACTINIAN CORALS AGARCA AGARCTES F. PURPUREA AND P.pdf,85a283634b3f69ddf03f9e9395e654856d7f09a83d96e7187fb7c62d952856c3,5,parsed,4,0,table,Table 1,3,Table 1 shows the changes in the living surface area of the control colonies.,,candidate_review_needed,,,Select the exact printed figure/table label and panel before assigning clip/data paths.,digitization/figures/12e9e864__survival__fig-<printed-label>_panel-<panel>.png,digitization/data/12e9e864__survival__fig-<printed-label>_panel-<panel>.csv
DIG-12e9e864-survival,needs_figure_id,12e9e864-5ff1-42c4-a63d-19b5d62a7464,Bak and Es - REGENERATION OF SUPERFICIAL DAMAGE IN THE SCLERACTINIAN CORALS AGARCA AGARCTES F. PURPUREA AND P.pdf,survival,local_pdf_available,literature/META_ANALYSIS_POOL/Bak and Es - REGENERATION OF SUPERFICIAL DAMAGE IN THE SCLERACTINIAN CORALS AGARCA AGARCTES F. PURPUREA AND P.pdf,85a283634b3f69ddf03f9e9395e654856d7f09a83d96e7187fb7c62d952856c3,5,parsed,5,0,table,Table I,3,Table I. Changes in size (area) of natural lesions on control colonies after a 140 days period Area <50% Area Increased Area Decreased (increased-decreased) >50% >50%,,candidate_review_needed,,,Select the exact printed figure/table label and panel before assigning clip/data paths.,digitization/figures/12e9e864__survival__fig-<printed-label>_panel-<panel>.png,digitization/data/12e9e864__survival__fig-<printed-label>_panel-<panel>.csv
DIG-daec544d-growth,needs_figure_id,daec544d-cfab-46db-be2a-1d3596bc0395,Burmester et al. - 2018 - The impact of autotrophic versus heterotrophic nutritional pathways on colony health and wound recov.pdf,growth,local_pdf_available,literature/META_ANALYSIS_POOL/Burmester et al. - 2018 - The impact of autotrophic versus heterotrophic nutritional pathways on colony health and wound recov.pdf,d2b87b8472eebd9350424e6f04162d6de31f0bc335aedbbde9b1be0f97b0e564,12,parsed,1,30,figure,Figure 7,7,"FIGURE 7 Mean chlorophyll density as determined by RGB color values. Error bars represent standard error mass, or PAR; however, nutritional state did play a slight but sig‐ S6)and S7). In order to test for the impact of applying a food‐re‐ nificant role in predicting changes in total colony surface area (AIC lated stimulus, an additional REML‐fitted GLMM was performed on −354.9, p = 0.0283), Supporting Information Table S5). Additionally, the subset of fed corals (pre‐ and post‐stimulus). This model found fed treatment groups experienced a higher proportion of colonies both time and applied stimulus to be significant predictors of polyp with increased total colony live tissue surface area (8/44 or 18.18% extension (AIC 5642.9, p < 0.05, Supporting Information Table S8), for symbiotic colonies; 7/43 or 16.28% for aposymbiotic colonies) whereby polyp extension varied over time but was consistently than did starved colonies (3/51 or 5.88% for symbiotic colonies; higher than pre‐stimulus colonies after food was supplied. 5/52 or 9.61% for aposymbiotic colonies).",extension|mass|area,candidate_review_needed,,,Select the exact printed figure/table label and panel before assigning clip/data paths.,digitization/figures/daec544d__growth__fig-<printed-label>_panel-<panel>.png,digitization/data/daec544d__growth__fig-<printed-label>_panel-<panel>.csv
DIG-daec544d-growth,needs_figure_id,daec544d-cfab-46db-be2a-1d3596bc0395,Burmester et al. - 2018 - The impact of autotrophic versus heterotrophic nutritional pathways on colony health and wound recov.pdf,growth,local_pdf_available,literature/META_ANALYSIS_POOL/Burmester et al. - 2018 - The impact of autotrophic versus heterotrophic nutritional pathways on colony health and wound recov.pdf,d2b87b8472eebd9350424e6f04162d6de31f0bc335aedbbde9b1be0f97b0e564,12,parsed,2,20,figure,Figure 3,6,"Figure 3). Both symbiont state and nutritional state (but not their in‐ teraction, PAR, initial mass, and initial wound size) were significant predictors of healing initiation (AIC 141.1, symbiont state: p < 0.01, nutritional state: p < 0.001, Supporting Information Table S1). Only symbiont state significantly impacted healing success (the formation of fully functional tentacles) according to GLMM analysis (AIC 58.1, F I G U R E 4 Mean proportional change in wound surface area p < 0.0001, Supporting Information Table S2). In order to adjust for 60 days after lesions were induced. Error bars signify standard the small sampling of aposymbiotic colonies with full polyp develop‐ error ment (1/56 colonies, Figure 3), a second GLMM was performed on only the subset of symbiotic colonies. However, this model did not fed, −0.2183 ± 0.0928) and starved, symbiotic colonies find nutritional state to be significant (AIC 43.7, p = 0.07, Supporting (−0.1836 ± 0.0874; Figure 4). While no group demonstrated full re‐ Information Table S3), which could potentially derive from a lack of covery across all colonies, the greatest proportion (16/28 or 57.14%) statistical power. Accounting for the tank...",mass|area,candidate_review_needed,,,Select the exact printed figure/table label and panel before assigning clip/data paths.,digitization/figures/daec544d__growth__fig-<printed-label>_panel-<panel>.png,digitization/data/daec544d__growth__fig-<printed-label>_panel-<panel>.csv
DIG-daec544d-growth,needs_figure_id,daec544d-cfab-46db-be2a-1d3596bc0395,Burmester et al. - 2018 - The impact of autotrophic versus heterotrophic nutritional pathways on colony health and wound recov.pdf,growth,local_pdf_available,literature/META_ANALYSIS_POOL/Burmester et al. - 2018 - The impact of autotrophic versus heterotrophic nutritional pathways on colony health and wound recov.pdf,d2b87b8472eebd9350424e6f04162d6de31f0bc335aedbbde9b1be0f97b0e564,12,parsed,3,15,figure,Figure 8,8,"Figure 8). Consistent with these results, the model with best sup‐ sourcing and nutritional state. The type of damage inflicted may port found symbiont state (p < 0.0001) and the interaction between also play a role in how energy is regulated or redirected to re‐ symbiotic state and nutritional state (particularly among symbiotic covery and other biological processes (DeFilippo et al., 2016). and not aposymbiotic colonies, p < 0.0001) to be the most signifi‐ Dislodged colonies of Pocillopora damicornis with edge damage cant predictors of photosynthetic efficiency (AIC 486.8, Supporting experience a decrease in overall energy allocation, resulting in Information Table S10). higher mortality rates and decreased growth and reproduction (Ward, 1995). Meanwhile, fragmentation bears no significant im‐ pact on growth and mortality, but results in higher overall energy 4 | D I S CU S S I O N allocation and increased reproduction (Ward, 1995). Therefore, it is likely that tissue maintenance and damage are regulated differ‐ Our findings highlight some of the dynamic pathways through which ently for small‐scale local wounds (e.g., the single polyp removal coral colonies might obtain, distr...",growth,candidate_review_needed,,,Select the exact printed figure/table label and panel before assigning clip/data paths.,digitization/figures/daec544d__growth__fig-<printed-label>_panel-<panel>.png,digitization/data/daec544d__growth__fig-<printed-label>_panel-<panel>.csv
DIG-daec544d-rate,needs_figure_id,daec544d-cfab-46db-be2a-1d3596bc0395,Burmester et al. - 2018 - The impact of autotrophic versus heterotrophic nutritional pathways on colony health and wound recov.pdf,rate,local_pdf_available,literature/META_ANALYSIS_POOL/Burmester et al. - 2018 - The impact of autotrophic versus heterotrophic nutritional pathways on colony health and wound recov.pdf,d2b87b8472eebd9350424e6f04162d6de31f0bc335aedbbde9b1be0f97b0e564,12,parsed,1,35,figure,Figure 3,6,"Figure 3). Both symbiont state and nutritional state (but not their in‐ teraction, PAR, initial mass, and initial wound size) were significant predictors of healing initiation (AIC 141.1, symbiont state: p < 0.01, nutritional state: p < 0.001, Supporting Information Table S1). Only symbiont state significantly impacted healing success (the formation of fully functional tentacles) according to GLMM analysis (AIC 58.1, F I G U R E 4 Mean proportional change in wound surface area p < 0.0001, Supporting Information Table S2). In order to adjust for 60 days after lesions were induced. Error bars signify standard the small sampling of aposymbiotic colonies with full polyp develop‐ error ment (1/56 colonies, Figure 3), a second GLMM was performed on only the subset of symbiotic colonies. However, this model did not fed, −0.2183 ± 0.0928) and starved, symbiotic colonies find nutritional state to be significant (AIC 43.7, p = 0.07, Supporting (−0.1836 ± 0.0874; Figure 4). While no group demonstrated full re‐ Information Table S3), which could potentially derive from a lack of covery across all colonies, the greatest proportion (16/28 or 57.14%) statistical power. Accounting for the tank...",healing|wound|area,candidate_review_needed,,,Select the exact printed figure/table label and panel before assigning clip/data paths.,digitization/figures/daec544d__rate__fig-<printed-label>_panel-<panel>.png,digitization/data/daec544d__rate__fig-<printed-label>_panel-<panel>.csv
DIG-daec544d-rate,needs_figure_id,daec544d-cfab-46db-be2a-1d3596bc0395,Burmester et al. - 2018 - The impact of autotrophic versus heterotrophic nutritional pathways on colony health and wound recov.pdf,rate,local_pdf_available,literature/META_ANALYSIS_POOL/Burmester et al. - 2018 - The impact of autotrophic versus heterotrophic nutritional pathways on colony health and wound recov.pdf,d2b87b8472eebd9350424e6f04162d6de31f0bc335aedbbde9b1be0f97b0e564,12,parsed,2,30,figure,Figure 7,7,"FIGURE 7 Mean chlorophyll density as determined by RGB color values. Error bars represent standard error mass, or PAR; however, nutritional state did play a slight but sig‐ S6)and S7). In order to test for the impact of applying a food‐re‐ nificant role in predicting changes in total colony surface area (AIC lated stimulus, an additional REML‐fitted GLMM was performed on −354.9, p = 0.0283), Supporting Information Table S5). Additionally, the subset of fed corals (pre‐ and post‐stimulus). This model found fed treatment groups experienced a higher proportion of colonies both time and applied stimulus to be significant predictors of polyp with increased total colony live tissue surface area (8/44 or 18.18% extension (AIC 5642.9, p < 0.05, Supporting Information Table S8), for symbiotic colonies; 7/43 or 16.28% for aposymbiotic colonies) whereby polyp extension varied over time but was consistently than did starved colonies (3/51 or 5.88% for symbiotic colonies; higher than pre‐stimulus colonies after food was supplied. 5/52 or 9.61% for aposymbiotic colonies).",tissue|area|time,candidate_review_needed,,,Select the exact printed figure/table label and panel before assigning clip/data paths.,digitization/figures/daec544d__rate__fig-<printed-label>_panel-<panel>.png,digitization/data/daec544d__rate__fig-<printed-label>_panel-<panel>.csv
DIG-daec544d-rate,needs_figure_id,daec544d-cfab-46db-be2a-1d3596bc0395,Burmester et al. - 2018 - The impact of autotrophic versus heterotrophic nutritional pathways on colony health and wound recov.pdf,rate,local_pdf_available,literature/META_ANALYSIS_POOL/Burmester et al. - 2018 - The impact of autotrophic versus heterotrophic nutritional pathways on colony health and wound recov.pdf,d2b87b8472eebd9350424e6f04162d6de31f0bc335aedbbde9b1be0f97b0e564,12,parsed,3,10,figure,Figure 8,8,"Figure 8). Consistent with these results, the model with best sup‐ sourcing and nutritional state. The type of damage inflicted may port found symbiont state (p < 0.0001) and the interaction between also play a role in how energy is regulated or redirected to re‐ symbiotic state and nutritional state (particularly among symbiotic covery and other biological processes (DeFilippo et al., 2016). and not aposymbiotic colonies, p < 0.0001) to be the most signifi‐ Dislodged colonies of Pocillopora damicornis with edge damage cant predictors of photosynthetic efficiency (AIC 486.8, Supporting experience a decrease in overall energy allocation, resulting in Information Table S10). higher mortality rates and decreased growth and reproduction (Ward, 1995). Meanwhile, fragmentation bears no significant im‐ pact on growth and mortality, but results in higher overall energy 4 | D I S CU S S I O N allocation and increased reproduction (Ward, 1995). Therefore, it is likely that tissue maintenance and damage are regulated differ‐ Our findings highlight some of the dynamic pathways through which ently for small‐scale local wounds (e.g., the single polyp removal coral colonies might obtain, distr...",tissue,candidate_review_needed,,,Select the exact printed figure/table label and panel before assigning clip/data paths.,digitization/figures/daec544d__rate__fig-<printed-label>_panel-<panel>.png,digitization/data/daec544d__rate__fig-<printed-label>_panel-<panel>.csv
DIG-9f7a74ab-rate,needs_figure_id,9f7a74ab-485d-44be-88c3-28c6b4a7c491,Chadwick and Loya - 1990 - Regeneration after experimental breakage in the solitary reef coral Fungia granulosa Klunzing.pdf,rate,local_pdf_available,literature/META_ANALYSIS_POOL/Chadwick and Loya - 1990 - Regeneration after experimental breakage in the solitary reef coral Fungia granulosa Klunzing.pdf,54a51444f0a27a7a51d8712331ea87bf34fabd703021eadc27bd9a0c489d7a92,14,parsed,1,25,figure,Fig. 1,4,"Fig. 1. Morphology of fractures and regeneration in F. gmnulma. Scde bars = I cm. (A) Wedge-shaped skeletal fragments created b, fractures along the septa ( = OO;,perpendicular to the septa). (B) Regenerating fan of septa radiating from the mouth area of a live fragment. at 8 months after breakage. Note that none of the fractures is oriented perpendicular to the septa, and that regeneration has occurred only at the mouth area. (C) Live fragment with fracture oriented across the septal edges ( = lOOoi, perpendicular to the septa). (D,E) Live fragments with mixed fractures. Note that fracture areas perpendicular to the septa have regenerated, while areas paraiiel are dead. 30 and 600; of the total fracture areas are perpendicular to the septa, respectively. (F) Naturally regenerating live polyp in the field (mouth is at center).",regeneration|area,candidate_review_needed,,,Select the exact printed figure/table label and panel before assigning clip/data paths.,digitization/figures/9f7a74ab__rate__fig-<printed-label>_panel-<panel>.png,digitization/data/9f7a74ab__rate__fig-<printed-label>_panel-<panel>.csv
DIG-9f7a74ab-rate,needs_figure_id,9f7a74ab-485d-44be-88c3-28c6b4a7c491,Chadwick and Loya - 1990 - Regeneration after experimental breakage in the solitary reef coral Fungia granulosa Klunzing.pdf,rate,local_pdf_available,literature/META_ANALYSIS_POOL/Chadwick and Loya - 1990 - Regeneration after experimental breakage in the solitary reef coral Fungia granulosa Klunzing.pdf,54a51444f0a27a7a51d8712331ea87bf34fabd703021eadc27bd9a0c489d7a92,14,parsed,2,15,figure,Fig. 2,5,Fig. 2. Correlation oftissue regeneration and fracture orientation in damaged polyps (n = 18) ofF. granulosa at 8 months after breakage. Only corals with lo-50% breakage are shown. See Fig. 1 for explanation of fracture orientation.,regeneration,candidate_review_needed,,,Select the exact printed figure/table label and panel before assigning clip/data paths.,digitization/figures/9f7a74ab__rate__fig-<printed-label>_panel-<panel>.png,digitization/data/9f7a74ab__rate__fig-<printed-label>_panel-<panel>.csv
DIG-9f7a74ab-rate,needs_figure_id,9f7a74ab-485d-44be-88c3-28c6b4a7c491,Chadwick and Loya - 1990 - Regeneration after experimental breakage in the solitary reef coral Fungia granulosa Klunzing.pdf,rate,local_pdf_available,literature/META_ANALYSIS_POOL/Chadwick and Loya - 1990 - Regeneration after experimental breakage in the solitary reef coral Fungia granulosa Klunzing.pdf,54a51444f0a27a7a51d8712331ea87bf34fabd703021eadc27bd9a0c489d7a92,14,parsed,3,10,figure,Fig. 3,6,Fig. 3. Tissue necrosis in experimentally fragmented polyps of F. grunulosu. (A) Intact control corals (n = 21). (B) Corals with 10-50x breakage (n = 18). (C)Corals with 51-90% breakage (n = 25). 100% tissue necrosis = dead coral.,tissue,candidate_review_needed,,,Select the exact printed figure/table label and panel before assigning clip/data paths.,digitization/figures/9f7a74ab__rate__fig-<printed-label>_panel-<panel>.png,digitization/data/9f7a74ab__rate__fig-<printed-label>_panel-<panel>.csv
DIG-9f7a74ab-rate,needs_figure_id,9f7a74ab-485d-44be-88c3-28c6b4a7c491,Chadwick and Loya - 1990 - Regeneration after experimental breakage in the solitary reef coral Fungia granulosa Klunzing.pdf,rate,local_pdf_available,literature/META_ANALYSIS_POOL/Chadwick and Loya - 1990 - Regeneration after experimental breakage in the solitary reef coral Fungia granulosa Klunzing.pdf,54a51444f0a27a7a51d8712331ea87bf34fabd703021eadc27bd9a0c489d7a92,14,parsed,4,10,figure,Fig. 4,7,Fig. 4. Variation in skeletal growth rate (% mass change. 8 months _ ’ ) with percent breakage in damaged and intact (0% breakage) polyps of F.granufosa. (A)Small corals (n = 38). (B)Large corals (n = 26).,rate,candidate_review_needed,,,Select the exact printed figure/table label and panel before assigning clip/data paths.,digitization/figures/9f7a74ab__rate__fig-<printed-label>_panel-<panel>.png,digitization/data/9f7a74ab__rate__fig-<printed-label>_panel-<panel>.csv
DIG-9f7a74ab-rate,needs_figure_id,9f7a74ab-485d-44be-88c3-28c6b4a7c491,Chadwick and Loya - 1990 - Regeneration after experimental breakage in the solitary reef coral Fungia granulosa Klunzing.pdf,rate,local_pdf_available,literature/META_ANALYSIS_POOL/Chadwick and Loya - 1990 - Regeneration after experimental breakage in the solitary reef coral Fungia granulosa Klunzing.pdf,54a51444f0a27a7a51d8712331ea87bf34fabd703021eadc27bd9a0c489d7a92,14,parsed,5,10,figure,Fig. 5,8,Fig. 5. Variation in skeletal growth rate ( y0 mass change. 8 months- ‘) with size (coral mass in g) in damaged and intact polyps of F. granulosa. (A) Intact control corals (n = 21). (B) Corals with 10-50x breakage (n = 18).,rate,candidate_review_needed,,,Select the exact printed figure/table label and panel before assigning clip/data paths.,digitization/figures/9f7a74ab__rate__fig-<printed-label>_panel-<panel>.png,digitization/data/9f7a74ab__rate__fig-<printed-label>_panel-<panel>.csv
DIG-9f7a74ab-survival,needs_figure_id,9f7a74ab-485d-44be-88c3-28c6b4a7c491,Chadwick and Loya - 1990 - Regeneration after experimental breakage in the solitary reef coral Fungia granulosa Klunzing.pdf,survival,local_pdf_available,literature/META_ANALYSIS_POOL/Chadwick and Loya - 1990 - Regeneration after experimental breakage in the solitary reef coral Fungia granulosa Klunzing.pdf,54a51444f0a27a7a51d8712331ea87bf34fabd703021eadc27bd9a0c489d7a92,14,parsed,1,10,figure,Fig. 1,4,"Fig. 1. Morphology of fractures and regeneration in F. gmnulma. Scde bars = I cm. (A) Wedge-shaped skeletal fragments created b, fractures along the septa ( = OO;,perpendicular to the septa). (B) Regenerating fan of septa radiating from the mouth area of a live fragment. at 8 months after breakage. Note that none of the fractures is oriented perpendicular to the septa, and that regeneration has occurred only at the mouth area. (C) Live fragment with fracture oriented across the septal edges ( = lOOoi, perpendicular to the septa). (D,E) Live fragments with mixed fractures. Note that fracture areas perpendicular to the septa have regenerated, while areas paraiiel are dead. 30 and 600; of the total fracture areas are perpendicular to the septa, respectively. (F) Naturally regenerating live polyp in the field (mouth is at center).",dead,candidate_review_needed,,,Select the exact printed figure/table label and panel before assigning clip/data paths.,digitization/figures/9f7a74ab__survival__fig-<printed-label>_panel-<panel>.png,digitization/data/9f7a74ab__survival__fig-<printed-label>_panel-<panel>.csv
DIG-9f7a74ab-survival,needs_figure_id,9f7a74ab-485d-44be-88c3-28c6b4a7c491,Chadwick and Loya - 1990 - Regeneration after experimental breakage in the solitary reef coral Fungia granulosa Klunzing.pdf,survival,local_pdf_available,literature/META_ANALYSIS_POOL/Chadwick and Loya - 1990 - Regeneration after experimental breakage in the solitary reef coral Fungia granulosa Klunzing.pdf,54a51444f0a27a7a51d8712331ea87bf34fabd703021eadc27bd9a0c489d7a92,14,parsed,2,10,figure,Fig. 3,6,Fig. 3. Tissue necrosis in experimentally fragmented polyps of F. grunulosu. (A) Intact control corals (n = 21). (B) Corals with 10-50x breakage (n = 18). (C)Corals with 51-90% breakage (n = 25). 100% tissue necrosis = dead coral.,dead,candidate_review_needed,,,Select the exact printed figure/table label and panel before assigning clip/data paths.,digitization/figures/9f7a74ab__survival__fig-<printed-label>_panel-<panel>.png,digitization/data/9f7a74ab__survival__fig-<printed-label>_panel-<panel>.csv
DIG-9f7a74ab-survival,needs_figure_id,9f7a74ab-485d-44be-88c3-28c6b4a7c491,Chadwick and Loya - 1990 - Regeneration after experimental breakage in the solitary reef coral Fungia granulosa Klunzing.pdf,survival,local_pdf_available,literature/META_ANALYSIS_POOL/Chadwick and Loya - 1990 - Regeneration after experimental breakage in the solitary reef coral Fungia granulosa Klunzing.pdf,54a51444f0a27a7a51d8712331ea87bf34fabd703021eadc27bd9a0c489d7a92,14,parsed,3,0,figure,Fig. 2,5,Fig. 2. Correlation oftissue regeneration and fracture orientation in damaged polyps (n = 18) ofF. granulosa at 8 months after breakage. Only corals with lo-50% breakage are shown. See Fig. 1 for explanation of fracture orientation.,,candidate_review_needed,,,Select the exact printed figure/table label and panel before assigning clip/data paths.,digitization/figures/9f7a74ab__survival__fig-<printed-label>_panel-<panel>.png,digitization/data/9f7a74ab__survival__fig-<printed-label>_panel-<panel>.csv
DIG-9f7a74ab-survival,needs_figure_id,9f7a74ab-485d-44be-88c3-28c6b4a7c491,Chadwick and Loya - 1990 - Regeneration after experimental breakage in the solitary reef coral Fungia granulosa Klunzing.pdf,survival,local_pdf_available,literature/META_ANALYSIS_POOL/Chadwick and Loya - 1990 - Regeneration after experimental breakage in the solitary reef coral Fungia granulosa Klunzing.pdf,54a51444f0a27a7a51d8712331ea87bf34fabd703021eadc27bd9a0c489d7a92,14,parsed,4,0,figure,Fig. 4,7,Fig. 4. Variation in skeletal growth rate (% mass change. 8 months _ ’ ) with percent breakage in damaged and intact (0% breakage) polyps of F.granufosa. (A)Small corals (n = 38). (B)Large corals (n = 26).,,candidate_review_needed,,,Select the exact printed figure/table label and panel before assigning clip/data paths.,digitization/figures/9f7a74ab__survival__fig-<printed-label>_panel-<panel>.png,digitization/data/9f7a74ab__survival__fig-<printed-label>_panel-<panel>.csv
DIG-9f7a74ab-survival,needs_figure_id,9f7a74ab-485d-44be-88c3-28c6b4a7c491,Chadwick and Loya - 1990 - Regeneration after experimental breakage in the solitary reef coral Fungia granulosa Klunzing.pdf,survival,local_pdf_available,literature/META_ANALYSIS_POOL/Chadwick and Loya - 1990 - Regeneration after experimental breakage in the solitary reef coral Fungia granulosa Klunzing.pdf,54a51444f0a27a7a51d8712331ea87bf34fabd703021eadc27bd9a0c489d7a92,14,parsed,5,0,figure,Fig. 5,8,Fig. 5. Variation in skeletal growth rate ( y0 mass change. 8 months- ‘) with size (coral mass in g) in damaged and intact polyps of F. granulosa. (A) Intact control corals (n = 21). (B) Corals with 10-50x breakage (n = 18).,,candidate_review_needed,,,Select the exact printed figure/table label and panel before assigning clip/data paths.,digitization/figures/9f7a74ab__survival__fig-<printed-label>_panel-<panel>.png,digitization/data/9f7a74ab__survival__fig-<printed-label>_panel-<panel>.csv
DIG-d4f87f68-growth,needs_figure_id,d4f87f68-6209-4973-bf99-fac310af5656,Coral-Damsel-Wounding-Manuscript.pdf,growth,local_pdf_available,literature/META_ANALYSIS_POOL/Coral-Damsel-Wounding-Manuscript.pdf,637ab63c756374bf3285d7cd29442dee4bd30c3a14323ec638d94eae97bf8db4,12,parsed,1,15,mention,Fig. 3,10,346 Figure 3. Effects of damselfish on coral growth rate and photosynthetic efficiency across wound,growth,candidate_review_needed,,,Select the exact printed figure/table label and panel before assigning clip/data paths.,digitization/figures/d4f87f68__growth__fig-<printed-label>_panel-<panel>.png,digitization/data/d4f87f68__growth__fig-<printed-label>_panel-<panel>.csv
DIG-d4f87f68-growth,needs_figure_id,d4f87f68-6209-4973-bf99-fac310af5656,Coral-Damsel-Wounding-Manuscript.pdf,growth,local_pdf_available,literature/META_ANALYSIS_POOL/Coral-Damsel-Wounding-Manuscript.pdf,637ab63c756374bf3285d7cd29442dee4bd30c3a14323ec638d94eae97bf8db4,12,parsed,2,0,mention,Fig. 1,4,"113 from each wounding treatment per tank for daily photography (Figure 1). On day 21, we photographed all",,candidate_review_needed,,,Select the exact printed figure/table label and panel before assigning clip/data paths.,digitization/figures/d4f87f68__growth__fig-<printed-label>_panel-<panel>.png,digitization/data/d4f87f68__growth__fig-<printed-label>_panel-<panel>.csv
DIG-d4f87f68-growth,needs_figure_id,d4f87f68-6209-4973-bf99-fac310af5656,Coral-Damsel-Wounding-Manuscript.pdf,growth,local_pdf_available,literature/META_ANALYSIS_POOL/Coral-Damsel-Wounding-Manuscript.pdf,637ab63c756374bf3285d7cd29442dee4bd30c3a14323ec638d94eae97bf8db4,12,parsed,3,0,mention,Fig. 2,5,"161 interaction: χ² = 4.416, p = 0.036, Figure 2). Fish presence increased healing rates for both wound sizes,",,candidate_review_needed,,,Select the exact printed figure/table label and panel before assigning clip/data paths.,digitization/figures/d4f87f68__growth__fig-<printed-label>_panel-<panel>.png,digitization/data/d4f87f68__growth__fig-<printed-label>_panel-<panel>.csv
DIG-d4f87f68-growth,needs_figure_id,d4f87f68-6209-4973-bf99-fac310af5656,Coral-Damsel-Wounding-Manuscript.pdf,growth,local_pdf_available,literature/META_ANALYSIS_POOL/Coral-Damsel-Wounding-Manuscript.pdf,637ab63c756374bf3285d7cd29442dee4bd30c3a14323ec638d94eae97bf8db4,12,parsed,4,0,mention,Fig. 3A,5,"171 (fish × wound interaction: χ²₂ = 10.898, p = 0.0043, Figure 3A). In the presence of damselfish,",,candidate_review_needed,,,Select the exact printed figure/table label and panel before assigning clip/data paths.,digitization/figures/d4f87f68__growth__fig-<printed-label>_panel-<panel>.png,digitization/data/d4f87f68__growth__fig-<printed-label>_panel-<panel>.csv
DIG-d4f87f68-growth,needs_figure_id,d4f87f68-6209-4973-bf99-fac310af5656,Coral-Damsel-Wounding-Manuscript.pdf,growth,local_pdf_available,literature/META_ANALYSIS_POOL/Coral-Damsel-Wounding-Manuscript.pdf,637ab63c756374bf3285d7cd29442dee4bd30c3a14323ec638d94eae97bf8db4,12,parsed,5,0,mention,Fig. 3B,5,"184 Wound: χ² = 5.224, p = 0.073; Figure 3B). Given prior studies demonstrating positive effects of fish on",,candidate_review_needed,,,Select the exact printed figure/table label and panel before assigning clip/data paths.,digitization/figures/d4f87f68__growth__fig-<printed-label>_panel-<panel>.png,digitization/data/d4f87f68__growth__fig-<printed-label>_panel-<panel>.csv
DIG-d4f87f68-rate,needs_figure_id,d4f87f68-6209-4973-bf99-fac310af5656,Coral-Damsel-Wounding-Manuscript.pdf,rate,local_pdf_available,literature/META_ANALYSIS_POOL/Coral-Damsel-Wounding-Manuscript.pdf,637ab63c756374bf3285d7cd29442dee4bd30c3a14323ec638d94eae97bf8db4,12,parsed,1,35,mention,Fig. 1,10,333 Figure 1. A time series of wound healing by treatment. One coral from each experimental treatment is,healing|wound|time,candidate_review_needed,,,Select the exact printed figure/table label and panel before assigning clip/data paths.,digitization/figures/d4f87f68__rate__fig-<printed-label>_panel-<panel>.png,digitization/data/d4f87f68__rate__fig-<printed-label>_panel-<panel>.csv
DIG-d4f87f68-rate,needs_figure_id,d4f87f68-6209-4973-bf99-fac310af5656,Coral-Damsel-Wounding-Manuscript.pdf,rate,local_pdf_available,literature/META_ANALYSIS_POOL/Coral-Damsel-Wounding-Manuscript.pdf,637ab63c756374bf3285d7cd29442dee4bd30c3a14323ec638d94eae97bf8db4,12,parsed,2,25,mention,Fig. 2,5,"161 interaction: χ² = 4.416, p = 0.036, Figure 2). Fish presence increased healing rates for both wound sizes,",healing|wound,candidate_review_needed,,,Select the exact printed figure/table label and panel before assigning clip/data paths.,digitization/figures/d4f87f68__rate__fig-<printed-label>_panel-<panel>.png,digitization/data/d4f87f68__rate__fig-<printed-label>_panel-<panel>.csv
DIG-d4f87f68-rate,needs_figure_id,d4f87f68-6209-4973-bf99-fac310af5656,Coral-Damsel-Wounding-Manuscript.pdf,rate,local_pdf_available,literature/META_ANALYSIS_POOL/Coral-Damsel-Wounding-Manuscript.pdf,637ab63c756374bf3285d7cd29442dee4bd30c3a14323ec638d94eae97bf8db4,12,parsed,3,25,mention,Fig. 2,10,"339 Figure 2. Damselfish presence accelerated coral wound healing, particularly for large wounds. Wound",healing|wound,candidate_review_needed,,,Select the exact printed figure/table label and panel before assigning clip/data paths.,digitization/figures/d4f87f68__rate__fig-<printed-label>_panel-<panel>.png,digitization/data/d4f87f68__rate__fig-<printed-label>_panel-<panel>.csv
DIG-d4f87f68-rate,needs_figure_id,d4f87f68-6209-4973-bf99-fac310af5656,Coral-Damsel-Wounding-Manuscript.pdf,rate,local_pdf_available,literature/META_ANALYSIS_POOL/Coral-Damsel-Wounding-Manuscript.pdf,637ab63c756374bf3285d7cd29442dee4bd30c3a14323ec638d94eae97bf8db4,12,parsed,4,20,mention,Fig. 3,10,346 Figure 3. Effects of damselfish on coral growth rate and photosynthetic efficiency across wound,wound|rate,candidate_review_needed,,,Select the exact printed figure/table label and panel before assigning clip/data paths.,digitization/figures/d4f87f68__rate__fig-<printed-label>_panel-<panel>.png,digitization/data/d4f87f68__rate__fig-<printed-label>_panel-<panel>.csv
DIG-d4f87f68-rate,needs_figure_id,d4f87f68-6209-4973-bf99-fac310af5656,Coral-Damsel-Wounding-Manuscript.pdf,rate,local_pdf_available,literature/META_ANALYSIS_POOL/Coral-Damsel-Wounding-Manuscript.pdf,637ab63c756374bf3285d7cd29442dee4bd30c3a14323ec638d94eae97bf8db4,12,parsed,5,10,mention,Fig. 3A,5,"171 (fish × wound interaction: χ²₂ = 10.898, p = 0.0043, Figure 3A). In the presence of damselfish,",wound,candidate_review_needed,,,Select the exact printed figure/table label and panel before assigning clip/data paths.,digitization/figures/d4f87f68__rate__fig-<printed-label>_panel-<panel>.png,digitization/data/d4f87f68__rate__fig-<printed-label>_panel-<panel>.csv
DIG-ec19aed9-rate,needs_figure_id,ec19aed9-6875-473a-accb-914b065e6e10,Counsell et al. - 2019 - Colony size and depth affect wound repair in a branching coral.pdf,rate,local_pdf_available,literature/META_ANALYSIS_POOL/Counsell et al. - 2019 - Colony size and depth affect wound repair in a branching coral.pdf,c9e682487c05272612f9e033f203c0872ca98c95cf487d7002c950ffbae07f0e,12,parsed,1,30,figure,Fig. 5,8,"Fig. 5 Plots of the average effect (across colonies, sites, and sampling time (in days) for wounds to heal in Pocillopora meandrina, based month) of depth (a), colony size (b), inter-branch distance (c), bleach- on a Generalized Linear Mixed Model. Gray bars show the 95% con- ing history stress (BHS) index, where 0 refers to no bleaching stress fidence interval on model estimates. Histograms (below effect plots) across survey years and 3 depicts severe bleaching stress for all sur- illustrate the variation across sample colonies for each variable vey years (d), percent live coral tissue (e), and wound size (f), on the",wound|tissue|time,candidate_review_needed,,,Select the exact printed figure/table label and panel before assigning clip/data paths.,digitization/figures/ec19aed9__rate__fig-<printed-label>_panel-<panel>.png,digitization/data/ec19aed9__rate__fig-<printed-label>_panel-<panel>.csv
DIG-ec19aed9-rate,needs_figure_id,ec19aed9-6875-473a-accb-914b065e6e10,Counsell et al. - 2019 - Colony size and depth affect wound repair in a branching coral.pdf,rate,local_pdf_available,literature/META_ANALYSIS_POOL/Counsell et al. - 2019 - Colony size and depth affect wound repair in a branching coral.pdf,c9e682487c05272612f9e033f203c0872ca98c95cf487d7002c950ffbae07f0e,12,parsed,2,25,figure,Fig. 3,6,Fig. 3 Chronological photo- graphs of wound healing from an initial (April 2017) and subsequent (May 2017) broken branch of a Pocillopora meand- rina colony,healing|wound,candidate_review_needed,,,Select the exact printed figure/table label and panel before assigning clip/data paths.,digitization/figures/ec19aed9__rate__fig-<printed-label>_panel-<panel>.png,digitization/data/ec19aed9__rate__fig-<printed-label>_panel-<panel>.csv
DIG-ec19aed9-rate,needs_figure_id,ec19aed9-6875-473a-accb-914b065e6e10,Counsell et al. - 2019 - Colony size and depth affect wound repair in a branching coral.pdf,rate,local_pdf_available,literature/META_ANALYSIS_POOL/Counsell et al. - 2019 - Colony size and depth affect wound repair in a branching coral.pdf,c9e682487c05272612f9e033f203c0872ca98c95cf487d7002c950ffbae07f0e,12,parsed,3,20,table,Table 1,4,"Table 1 Site names with coordinates, number of Pocillopora meandrina colonies sampled, depth, colony bleaching history, average daily tem- perature, and time to heal wound Site name Latitude Longitude Number of Colony Colony Temperature Significant Time (days) (deg N) (deg W) P. meandrina bleaching depth (m) (°C) April–July wave height to heal wound colonies history (mean ± SD) 2017 (max, (m) April–July (min, max, (mean ± SD) mean ± SD) 2017 (max, mean ± SD) mean ± SD)",wound|time,candidate_review_needed,,,Select the exact printed figure/table label and panel before assigning clip/data paths.,digitization/figures/ec19aed9__rate__fig-<printed-label>_panel-<panel>.png,digitization/data/ec19aed9__rate__fig-<printed-label>_panel-<panel>.csv
DIG-ec19aed9-rate,needs_figure_id,ec19aed9-6875-473a-accb-914b065e6e10,Counsell et al. - 2019 - Colony size and depth affect wound repair in a branching coral.pdf,rate,local_pdf_available,literature/META_ANALYSIS_POOL/Counsell et al. - 2019 - Colony size and depth affect wound repair in a branching coral.pdf,c9e682487c05272612f9e033f203c0872ca98c95cf487d7002c950ffbae07f0e,12,parsed,4,20,figure,Fig. 5d,7,"Fig. 5d), percent live coral tissue (− 0.03 ± 0.03, effect 831.3 833.6 AIC 829.6 size ± SE; p = 0.32; Fig. 5e), and wound size (0.02 ± 0.02, 829.7 830.8 829.4 a",wound|tissue,candidate_review_needed,,,Select the exact printed figure/table label and panel before assigning clip/data paths.,digitization/figures/ec19aed9__rate__fig-<printed-label>_panel-<panel>.png,digitization/data/ec19aed9__rate__fig-<printed-label>_panel-<panel>.csv
DIG-ec19aed9-rate,needs_figure_id,ec19aed9-6875-473a-accb-914b065e6e10,Counsell et al. - 2019 - Colony size and depth affect wound repair in a branching coral.pdf,rate,local_pdf_available,literature/META_ANALYSIS_POOL/Counsell et al. - 2019 - Colony size and depth affect wound repair in a branching coral.pdf,c9e682487c05272612f9e033f203c0872ca98c95cf487d7002c950ffbae07f0e,12,parsed,5,10,figure,Fig. 4,6,Fig. 4 a Scatterplot compar- N. days to heal subsequent wound (May) ing the number of days to heal an initial wound versus a b a subsequent wound for each Pocillopora meandrina colony. 1,wound,candidate_review_needed,,,Select the exact printed figure/table label and panel before assigning clip/data paths.,digitization/figures/ec19aed9__rate__fig-<printed-label>_panel-<panel>.png,digitization/data/ec19aed9__rate__fig-<printed-label>_panel-<panel>.csv
DIG-ec19aed9-survival,needs_figure_id,ec19aed9-6875-473a-accb-914b065e6e10,Counsell et al. - 2019 - Colony size and depth affect wound repair in a branching coral.pdf,survival,local_pdf_available,literature/META_ANALYSIS_POOL/Counsell et al. - 2019 - Colony size and depth affect wound repair in a branching coral.pdf,c9e682487c05272612f9e033f203c0872ca98c95cf487d7002c950ffbae07f0e,12,parsed,1,0,figure,Fig. 1,4,"Fig. 1 Location of study sites around the island of O‘ahu, Hawai‘i. Images were generated using Google maps. Site details are provided in",,candidate_review_needed,,,Select the exact printed figure/table label and panel before assigning clip/data paths.,digitization/figures/ec19aed9__survival__fig-<printed-label>_panel-<panel>.png,digitization/data/ec19aed9__survival__fig-<printed-label>_panel-<panel>.csv
DIG-ec19aed9-survival,needs_figure_id,ec19aed9-6875-473a-accb-914b065e6e10,Counsell et al. - 2019 - Colony size and depth affect wound repair in a branching coral.pdf,survival,local_pdf_available,literature/META_ANALYSIS_POOL/Counsell et al. - 2019 - Colony size and depth affect wound repair in a branching coral.pdf,c9e682487c05272612f9e033f203c0872ca98c95cf487d7002c950ffbae07f0e,12,parsed,2,0,table,Table 1,4,"Table 1 Site names with coordinates, number of Pocillopora meandrina colonies sampled, depth, colony bleaching history, average daily tem- perature, and time to heal wound Site name Latitude Longitude Number of Colony Colony Temperature Significant Time (days) (deg N) (deg W) P. meandrina bleaching depth (m) (°C) April–July wave height to heal wound colonies history (mean ± SD) 2017 (max, (m) April–July (min, max, (mean ± SD) mean ± SD) 2017 (max, mean ± SD) mean ± SD)",,candidate_review_needed,,,Select the exact printed figure/table label and panel before assigning clip/data paths.,digitization/figures/ec19aed9__survival__fig-<printed-label>_panel-<panel>.png,digitization/data/ec19aed9__survival__fig-<printed-label>_panel-<panel>.csv
DIG-ec19aed9-survival,needs_figure_id,ec19aed9-6875-473a-accb-914b065e6e10,Counsell et al. - 2019 - Colony size and depth affect wound repair in a branching coral.pdf,survival,local_pdf_available,literature/META_ANALYSIS_POOL/Counsell et al. - 2019 - Colony size and depth affect wound repair in a branching coral.pdf,c9e682487c05272612f9e033f203c0872ca98c95cf487d7002c950ffbae07f0e,12,parsed,3,0,table,Table 1,4,"Table 1 and ESM 1 with a consistent history of severe bleaching. This metric bleaching stress than 2016, and we were missing coral was conservative because 2014 and 2015 had overall higher health history for some colonies over these years. For a less",,candidate_review_needed,,,Select the exact printed figure/table label and panel before assigning clip/data paths.,digitization/figures/ec19aed9__survival__fig-<printed-label>_panel-<panel>.png,digitization/data/ec19aed9__survival__fig-<printed-label>_panel-<panel>.csv
DIG-ec19aed9-survival,needs_figure_id,ec19aed9-6875-473a-accb-914b065e6e10,Counsell et al. - 2019 - Colony size and depth affect wound repair in a branching coral.pdf,survival,local_pdf_available,literature/META_ANALYSIS_POOL/Counsell et al. - 2019 - Colony size and depth affect wound repair in a branching coral.pdf,c9e682487c05272612f9e033f203c0872ca98c95cf487d7002c950ffbae07f0e,12,parsed,4,0,figure,Fig. 2,5,Fig. 2 Examples of 4 levels of bleaching severity rankings for Pocillopora meandrina colonies. Each colony was ranked in situ and through a comparison of chronological monthly photographs,,candidate_review_needed,,,Select the exact printed figure/table label and panel before assigning clip/data paths.,digitization/figures/ec19aed9__survival__fig-<printed-label>_panel-<panel>.png,digitization/data/ec19aed9__survival__fig-<printed-label>_panel-<panel>.csv
DIG-ec19aed9-survival,needs_figure_id,ec19aed9-6875-473a-accb-914b065e6e10,Counsell et al. - 2019 - Colony size and depth affect wound repair in a branching coral.pdf,survival,local_pdf_available,literature/META_ANALYSIS_POOL/Counsell et al. - 2019 - Colony size and depth affect wound repair in a branching coral.pdf,c9e682487c05272612f9e033f203c0872ca98c95cf487d7002c950ffbae07f0e,12,parsed,5,0,figure,Fig. 3,6,Fig. 3 Chronological photo- graphs of wound healing from an initial (April 2017) and subsequent (May 2017) broken branch of a Pocillopora meand- rina colony,,candidate_review_needed,,,Select the exact printed figure/table label and panel before assigning clip/data paths.,digitization/figures/ec19aed9__survival__fig-<printed-label>_panel-<panel>.png,digitization/data/ec19aed9__survival__fig-<printed-label>_panel-<panel>.csv
DIG-034d4e10-rate,needs_figure_id,034d4e10-aee2-4964-9c77-cb6f4174bd3e,Cróquer et al. - 2002 - Environmental factors affecting tissue regeneration of the reef - building coral Montastraea annular.pdf,rate,local_pdf_available,literature/META_ANALYSIS_POOL/Cróquer et al. - 2002 - Environmental factors affecting tissue regeneration of the reef - building coral Montastraea annular.pdf,eaf8c45c156a136839921cf54226ac1e6f0605504fa35397c3acd7fa716dd84c,11,parsed,1,20,mention,Fig. 2,3,"injuries regenerated their tissue almost completely over the 90 days of monitoring ( Figs. 2 and 3 ). For all lesion Types, tissue",lesion|tissue,candidate_review_needed,,,Select the exact printed figure/table label and panel before assigning clip/data paths.,digitization/figures/034d4e10__rate__fig-<printed-label>_panel-<panel>.png,digitization/data/034d4e10__rate__fig-<printed-label>_panel-<panel>.csv
DIG-034d4e10-rate,needs_figure_id,034d4e10-aee2-4964-9c77-cb6f4174bd3e,Cróquer et al. - 2002 - Environmental factors affecting tissue regeneration of the reef - building coral Montastraea annular.pdf,rate,local_pdf_available,literature/META_ANALYSIS_POOL/Cróquer et al. - 2002 - Environmental factors affecting tissue regeneration of the reef - building coral Montastraea annular.pdf,eaf8c45c156a136839921cf54226ac1e6f0605504fa35397c3acd7fa716dd84c,11,parsed,2,20,mention,Fig. 3,3,"injuries regenerated their tissue almost completely over the 90 days of monitoring ( Figs. 2 and 3 ). For all lesion Types, tissue",lesion|tissue,candidate_review_needed,,,Select the exact printed figure/table label and panel before assigning clip/data paths.,digitization/figures/034d4e10__rate__fig-<printed-label>_panel-<panel>.png,digitization/data/034d4e10__rate__fig-<printed-label>_panel-<panel>.csv
DIG-034d4e10-rate,needs_figure_id,034d4e10-aee2-4964-9c77-cb6f4174bd3e,Cróquer et al. - 2002 - Environmental factors affecting tissue regeneration of the reef - building coral Montastraea annular.pdf,rate,local_pdf_available,literature/META_ANALYSIS_POOL/Cróquer et al. - 2002 - Environmental factors affecting tissue regeneration of the reef - building coral Montastraea annular.pdf,eaf8c45c156a136839921cf54226ac1e6f0605504fa35397c3acd7fa716dd84c,11,parsed,3,15,mention,Fig. 4,3,presence of healthy or only partially damaged polyps was presumably a key factor for recovery from damage ( Fig. 4 ). Colonies,recovery,candidate_review_needed,,,Select the exact printed figure/table label and panel before assigning clip/data paths.,digitization/figures/034d4e10__rate__fig-<printed-label>_panel-<panel>.png,digitization/data/034d4e10__rate__fig-<printed-label>_panel-<panel>.csv
DIG-034d4e10-rate,needs_figure_id,034d4e10-aee2-4964-9c77-cb6f4174bd3e,Cróquer et al. - 2002 - Environmental factors affecting tissue regeneration of the reef - building coral Montastraea annular.pdf,rate,local_pdf_available,literature/META_ANALYSIS_POOL/Cróquer et al. - 2002 - Environmental factors affecting tissue regeneration of the reef - building coral Montastraea annular.pdf,eaf8c45c156a136839921cf54226ac1e6f0605504fa35397c3acd7fa716dd84c,11,parsed,4,10,mention,Table 1,5,"tissue growth, while Type 1 lesions showed lower values ( Table 1 ). A further observed trend was the decrease of tissue",tissue,candidate_review_needed,,,Select the exact printed figure/table label and panel before assigning clip/data paths.,digitization/figures/034d4e10__rate__fig-<printed-label>_panel-<panel>.png,digitization/data/034d4e10__rate__fig-<printed-label>_panel-<panel>.csv
DIG-034d4e10-rate,needs_figure_id,034d4e10-aee2-4964-9c77-cb6f4174bd3e,Cróquer et al. - 2002 - Environmental factors affecting tissue regeneration of the reef - building coral Montastraea annular.pdf,rate,local_pdf_available,literature/META_ANALYSIS_POOL/Cróquer et al. - 2002 - Environmental factors affecting tissue regeneration of the reef - building coral Montastraea annular.pdf,eaf8c45c156a136839921cf54226ac1e6f0605504fa35397c3acd7fa716dd84c,11,parsed,5,10,mention,Table 3,7,"test sites salinity showed little variations, ranging from 37 to 38% according to the time of day (Table 3 ).",time,candidate_review_needed,,,Select the exact printed figure/table label and panel before assigning clip/data paths.,digitization/figures/034d4e10__rate__fig-<printed-label>_panel-<panel>.png,digitization/data/034d4e10__rate__fig-<printed-label>_panel-<panel>.csv
DIG-28b1e816-rate,needs_figure_id,28b1e816-45f3-42fc-a2b0-0cfea52a0adc,"DeFilippo et al. - 2016 - Patterns of surface lesion recovery in the Northern Star Coral, Astrangia poculata.pdf",rate,local_pdf_available,"literature/META_ANALYSIS_POOL/DeFilippo et al. - 2016 - Patterns of surface lesion recovery in the Northern Star Coral, Astrangia poculata.pdf",5fb549b25f37c40bca06719444aed4bddb2964544249e792145fb2d74e606e4d,10,parsed,1,65,figure,Fig. 3,6,"Fig. 3. Healing patterns in A. poculata. Mean proportion of the lesion area recovered for each wound group of (A) symbiotic A. poculata colonies, (B) aposymbiotic A. poculata colonies, and (C) all wound groups of symbiotic and aposymbiotic colonies combined. (D) mean surface area of new tissue by recovery type (central vs. perimeter). Error bars represent standard error from the mean.",healing|recovery|lesion|wound|tissue|area,candidate_review_needed,,,Select the exact printed figure/table label and panel before assigning clip/data paths.,digitization/figures/28b1e816__rate__fig-<printed-label>_panel-<panel>.png,digitization/data/28b1e816__rate__fig-<printed-label>_panel-<panel>.csv
DIG-28b1e816-rate,needs_figure_id,28b1e816-45f3-42fc-a2b0-0cfea52a0adc,"DeFilippo et al. - 2016 - Patterns of surface lesion recovery in the Northern Star Coral, Astrangia poculata.pdf",rate,local_pdf_available,"literature/META_ANALYSIS_POOL/DeFilippo et al. - 2016 - Patterns of surface lesion recovery in the Northern Star Coral, Astrangia poculata.pdf",5fb549b25f37c40bca06719444aed4bddb2964544249e792145fb2d74e606e4d,10,parsed,2,55,table,Table 1,6,"Table 1 ery across species should be considered when using healing as a proxy Model summary of beta regression for central recovery with logit link function. Pseu- for coral health, since recovery style may inﬂuence the rate and likeli- do-R2 = 0.555, Log-likelihood = 39.651, AICc = − 67.427. ϕ (Phi) serves as the pre- hood of recovery. cision parameter of the beta density for this model. Aposymbiotic A. poculata serve as The prevalence of PE recovery in A. poculata is likely due to two fac- the reference category for all effects that include symbiotic state. tors. Firstly, the deep corallite structure provides a refuge for polyp tis- Parameter Estimate Std. error z p sue against all but the most invasive lesioning agents. The presence of Intercept (aposymbiotic) −2.519 0.324 −7.776 b0.001 tissue remnants deep within dissected corallites immediately after Symbiotic −0.447 0.449 −0.997 0.319 wounding strongly suggests that even the most severe natural Residual tissue 10.896 2.645 4.119 b0.001 wounding would not fully extirpate tissue from the lesion site, and Symbiotic × residual tissue 11.272 4.445 2.536 0.011 that residual polyp tissue would be the main driver of tissue recover...",healing|recovery|lesion|tissue|rate,candidate_review_needed,,,Select the exact printed figure/table label and panel before assigning clip/data paths.,digitization/figures/28b1e816__rate__fig-<printed-label>_panel-<panel>.png,digitization/data/28b1e816__rate__fig-<printed-label>_panel-<panel>.csv
DIG-28b1e816-rate,needs_figure_id,28b1e816-45f3-42fc-a2b0-0cfea52a0adc,"DeFilippo et al. - 2016 - Patterns of surface lesion recovery in the Northern Star Coral, Astrangia poculata.pdf",rate,local_pdf_available,"literature/META_ANALYSIS_POOL/DeFilippo et al. - 2016 - Patterns of surface lesion recovery in the Northern Star Coral, Astrangia poculata.pdf",5fb549b25f37c40bca06719444aed4bddb2964544249e792145fb2d74e606e4d,10,parsed,3,35,figure,Fig. 2,4,"Fig. 2. Time series of wounding and recovery in A. poculata. Pre-wounding (A), after 3 days (B), 7 days (D), 10 days (F), 15 days (H), 20 days (J), 30 days (L), and 60 days (N). Insets: close-up of single polyp recovery (indicated with square) post-wounding after 3 days (C), 7 days (E), 10 days (G), 15 days (I), 20 days (K), 30 days (M), and 60 days (O). Newly formed tentacles denoted by “t,” areas of algal overgrowth denoted by “a.” Circles in lower right corner represent simpliﬁed diagrams of recovery: areas in brown signify live tissue cover while black regions signify removed tissue.",recovery|tissue|time,candidate_review_needed,,,Select the exact printed figure/table label and panel before assigning clip/data paths.,digitization/figures/28b1e816__rate__fig-<printed-label>_panel-<panel>.png,digitization/data/28b1e816__rate__fig-<printed-label>_panel-<panel>.csv
DIG-28b1e816-rate,needs_figure_id,28b1e816-45f3-42fc-a2b0-0cfea52a0adc,"DeFilippo et al. - 2016 - Patterns of surface lesion recovery in the Northern Star Coral, Astrangia poculata.pdf",rate,local_pdf_available,"literature/META_ANALYSIS_POOL/DeFilippo et al. - 2016 - Patterns of surface lesion recovery in the Northern Star Coral, Astrangia poculata.pdf",5fb549b25f37c40bca06719444aed4bddb2964544249e792145fb2d74e606e4d,10,parsed,4,25,table,Table 4,8,"Table 4 Table 5 Summary of REML ﬁtted linear mixed effects model for Fv/Fm. For symbiotic state, Summary of REML ﬁtted linear mixed effects model for chlorophyll density. The reference aposymbiotic corals serve as the reference category, and for day, the pre-wound measure- category for symbiotic state is the aposymbiotic corals. Log likelihood = 106.45, AICc = ments serve as the reference category. Log likelihood = 287.255, AICc = −549.193. Coral −204.69. Coral specimen was included in the model as a random effect. specimen was included in the model as a random effect. Parameter Estimate Std. error t p Parameter Estimate Std. error t p Intercept (aposymbiotic) 0.150 0.028 5.419 b0.001 Intercept (aposymbiotic) 0.389 0.014 28.086 b0.001 Symbiotic 0.281 0.039 7.153 b0.001 Symbiotic 0.187 0.020 9.535 b0.001 Day 3 0.064 0.018 3.477 0.006 Day 15 0.079 0.018 4.326 b0.001 Day 30 0.073 0.018 3.976 0.001 Rotjan and Lewis, 2005, 2008) severe hurricane damage (Woodley et al., Day 60 0.133 0.018 7.232 b0.001 1981; Bythell et al., 1993), dynamite, and ship groundings (Riegl, 2001) Symbiotic × day 3 0.026 0.026 0.998 0.320 may be less likely to illicit PE healing. Thus, the encouragingly rapid...",healing|wound,candidate_review_needed,,,Select the exact printed figure/table label and panel before assigning clip/data paths.,digitization/figures/28b1e816__rate__fig-<printed-label>_panel-<panel>.png,digitization/data/28b1e816__rate__fig-<printed-label>_panel-<panel>.csv
DIG-28b1e816-rate,needs_figure_id,28b1e816-45f3-42fc-a2b0-0cfea52a0adc,"DeFilippo et al. - 2016 - Patterns of surface lesion recovery in the Northern Star Coral, Astrangia poculata.pdf",rate,local_pdf_available,"literature/META_ANALYSIS_POOL/DeFilippo et al. - 2016 - Patterns of surface lesion recovery in the Northern Star Coral, Astrangia poculata.pdf",5fb549b25f37c40bca06719444aed4bddb2964544249e792145fb2d74e606e4d,10,parsed,5,20,figure,Fig. 4,7,"Fig. 4. Tissue mortality patterns in A. poculata. Mean proportion of living tissue lost for Wound treatment 3 0.109 0.036 3.492 0.028 each wound group of (A) symbiotic A. poculata colonies, (B) aposymbiotic A. poculata Symbiotic state × wound treatment 3 0.107 0.036 3.437 0.029 colonies, and (C) all wound groups of symbiotic and aposymbiotic colonies combined. Residuals 30 0.311 0.010 Error bars represent standard error from the mean.",wound|tissue,candidate_review_needed,,,Select the exact printed figure/table label and panel before assigning clip/data paths.,digitization/figures/28b1e816__rate__fig-<printed-label>_panel-<panel>.png,digitization/data/28b1e816__rate__fig-<printed-label>_panel-<panel>.csv
DIG-3d374a40-growth,needs_figure_id,3d374a40-79d3-413b-99c2-670f9da97bef,"Dias et al. - 2018 - Mortality, growth and regeneration following fragmentation of reef-forming corals under thermal stre.pdf",growth,local_pdf_available,"literature/META_ANALYSIS_POOL/Dias et al. - 2018 - Mortality, growth and regeneration following fragmentation of reef-forming corals under thermal stre.pdf",474a6c3544fd12e5255e73669a447dbedbb18336fefe123b3c28cc4bd7cd4f28,12,parsed,1,15,table,Table 1,3,"Table 1 Summary of results of PERMANOVA permutation tests applied to report the eﬀects of temperature, coral species and presence/absence of injury in coral fragments' mortality, partial mortality, growth and regeneration rates. Signiﬁcant diﬀerences are marked a bold. df SS MS Pseudo-F p(perm)",growth,candidate_review_needed,,,Select the exact printed figure/table label and panel before assigning clip/data paths.,digitization/figures/3d374a40__growth__fig-<printed-label>_panel-<panel>.png,digitization/data/3d374a40__growth__fig-<printed-label>_panel-<panel>.csv
DIG-3d374a40-growth,needs_figure_id,3d374a40-79d3-413b-99c2-670f9da97bef,"Dias et al. - 2018 - Mortality, growth and regeneration following fragmentation of reef-forming corals under thermal stre.pdf",growth,local_pdf_available,"literature/META_ANALYSIS_POOL/Dias et al. - 2018 - Mortality, growth and regeneration following fragmentation of reef-forming corals under thermal stre.pdf",474a6c3544fd12e5255e73669a447dbedbb18336fefe123b3c28cc4bd7cd4f28,12,parsed,2,15,figure,Fig. 2a,4,"Fig. 2a and d). p > .05), whereas G. fascicularis displayed the lowest growth rates The fragments of A. tenuis presented partial mortality in the (0.28 ± 0.08 g g−1 day−1, PERMANOVA pair wise p < .05; Table 2). [75,100] class at both 26 °C and 32 °C, however, at 26 °C they presented At 30 °C, A. tenuis had the highest growth rates very low percentage and maintained it stable until the end of the ex- (0.57 ± 0.12 g g−1 day−1, PERMANOVA pair wise p < .05), whereas periment (Fig. 2a). At 30 °C, A. tenuis only started to show partial E. lamellosa and M. capricornis (GM) displayed the lowest growth rates mortality on the 40th day, whereas at 32 °C it started on the 20th day (PERMANOVA pair wise p < .05) (0.17 ± 0.06 g g−1 day−1 and and with higher partial mortality (Fig. 2a). 0.14 ± 0.05 g g−1 day−1, respectively; PERMANOVA pair wise Acropora tenuis, P. damicornis, and S. pistillata had signiﬁcantly p > .05; Table 2). At 32 °C, P. contigua had the highest growth rates greater partial mortality since the 20th day (20% - 25% in the [75,100] (0.42 ± 0.10 g g−1 day−1, PERMANOVA pair wise p < .05), whereas class) than all other coral species at 32 °C (PERMANOVA pair-wise T. reniformis dis...",growth,candidate_review_needed,,,Select the exact printed figure/table label and panel before assigning clip/data paths.,digitization/figures/3d374a40__growth__fig-<printed-label>_panel-<panel>.png,digitization/data/3d374a40__growth__fig-<printed-label>_panel-<panel>.csv
DIG-3d374a40-growth,needs_figure_id,3d374a40-79d3-413b-99c2-670f9da97bef,"Dias et al. - 2018 - Mortality, growth and regeneration following fragmentation of reef-forming corals under thermal stre.pdf",growth,local_pdf_available,"literature/META_ANALYSIS_POOL/Dias et al. - 2018 - Mortality, growth and regeneration following fragmentation of reef-forming corals under thermal stre.pdf",474a6c3544fd12e5255e73669a447dbedbb18336fefe123b3c28cc4bd7cd4f28,12,parsed,3,15,table,Table 1,4,"Table 1). There was also a signiﬁcant eﬀect of the interactions of diﬀerences among temperatures (PERMANOVA pair wise p < .05), temperature and coral species (PERMANOVA p < .05, Table 1). with the exception of P. contigua that had its growth rate impacted in Coral fragments' partial mortality presented signiﬁcant diﬀerences the same way at 30 °C and 32 °C (PERMANOVA pair wise p > .05; among temperatures (PERMANOVA p < .05, Table 1), with the ex- Table 2). ceptions of A. tenuis and T. reniformis fragments. A. tenuis showed si- At 26 °C, A. tenuis and P. contigua had the highest growth rates milar partial mortality between 26 °C and 30 °C, whereas T. reniformis (PERMANOVA pair wise p < .05) (1.64 ± 0.38 g g−1 day−1 and showed it among all temperatures (PERMANOVA pair-wise p > .05, 1.54 ± 0.32 g g−1 day−1, respectively; PERMANOVA pair wise",growth,candidate_review_needed,,,Select the exact printed figure/table label and panel before assigning clip/data paths.,digitization/figures/3d374a40__growth__fig-<printed-label>_panel-<panel>.png,digitization/data/3d374a40__growth__fig-<printed-label>_panel-<panel>.csv
DIG-3d374a40-growth,needs_figure_id,3d374a40-79d3-413b-99c2-670f9da97bef,"Dias et al. - 2018 - Mortality, growth and regeneration following fragmentation of reef-forming corals under thermal stre.pdf",growth,local_pdf_available,"literature/META_ANALYSIS_POOL/Dias et al. - 2018 - Mortality, growth and regeneration following fragmentation of reef-forming corals under thermal stre.pdf",474a6c3544fd12e5255e73669a447dbedbb18336fefe123b3c28cc4bd7cd4f28,12,parsed,4,15,table,Table 2,8,"Table 2 susceptibility to thermal stress during the study, displaying more Coral fragments' average growth rate ± standard deviation in the three tem- bleaching and tissue loss early in the experiment compared to other perature experiments (g g−1 day−1). NA – not available. species. In ﬁeld studies, branching acroporids (e.g. Acropora spp.) and Species 26 °C 30 °C 32 °C pocilloporids (e.g. Pocillopora damicornis and Stylophora pistillata) are the taxa most sensitive to bleaching stress, usually suﬀering high Acropora tenuis 1.64 ± 0.38 0.57 ± 0.12 NA mortality, particularly in the Indo-Paciﬁc (Fujioka, 1999; Marshall & Montipora capricornis (BM) 0.92 ± 0.20 0.34 ± 0.21 NA Baird, 2000). T. reniformis only presented partial mortality by the 40th Montipora capricornis (GM) 0.79 ± 0.20 0.14 ± 0.05 NA Turbinaria reniformis 0.56 ± 0.33 0.24 ± 0.09 0.11 ± 0.06 day at 30 °C and at the end of the 32 °C experiment, and both G. fas- Echinopora lamellosa 0.51 ± 0.36 0.17 ± 0.06 NA cicularis and P. contigua only presented it at the end of the 32 °C ex- Galaxea fascicularis 0.28 ± 0.08 0.28 ± 0.10 0.20 ± 0.09 periment, indicating that these coral species fragments are most re- Pocillopora dam...",growth,candidate_review_needed,,,Select the exact printed figure/table label and panel before assigning clip/data paths.,digitization/figures/3d374a40__growth__fig-<printed-label>_panel-<panel>.png,digitization/data/3d374a40__growth__fig-<printed-label>_panel-<panel>.csv
DIG-3d374a40-growth,needs_figure_id,3d374a40-79d3-413b-99c2-670f9da97bef,"Dias et al. - 2018 - Mortality, growth and regeneration following fragmentation of reef-forming corals under thermal stre.pdf",growth,local_pdf_available,"literature/META_ANALYSIS_POOL/Dias et al. - 2018 - Mortality, growth and regeneration following fragmentation of reef-forming corals under thermal stre.pdf",474a6c3544fd12e5255e73669a447dbedbb18336fefe123b3c28cc4bd7cd4f28,12,parsed,5,0,figure,Fig. 1,5,Fig. 1. Mortality of the coral species' fragments studied throughout the three temperature experiments. 75,,candidate_review_needed,,,Select the exact printed figure/table label and panel before assigning clip/data paths.,digitization/figures/3d374a40__growth__fig-<printed-label>_panel-<panel>.png,digitization/data/3d374a40__growth__fig-<printed-label>_panel-<panel>.csv
DIG-3d374a40-rate,needs_figure_id,3d374a40-79d3-413b-99c2-670f9da97bef,"Dias et al. - 2018 - Mortality, growth and regeneration following fragmentation of reef-forming corals under thermal stre.pdf",rate,local_pdf_available,"literature/META_ANALYSIS_POOL/Dias et al. - 2018 - Mortality, growth and regeneration following fragmentation of reef-forming corals under thermal stre.pdf",474a6c3544fd12e5255e73669a447dbedbb18336fefe123b3c28cc4bd7cd4f28,12,parsed,1,35,table,Table 3,8,"Table 3 bleached colonies of other taxa (Bhagooli & Hidaka, 2003; Marshall & Coral fragments' average regeneration rate ± standard deviation in the three Baird, 2000; Stimson et al., 2002). temperature experiments (mm2 day−1) measured until complete regeneration The discoloration evidenced by the corals in this study resulted from or the last time point they were still alive. For more information see either the loss of their zooxanthellae, the degradation of their photo- Supplementary material – Table 1. synthetic pigments, or a combination of both, with the extent of their Species 26 °C 30 °C 32 °C bleaching and ultimately their mortality possibly being considered as good stress indicators (Glynn, 1993; Hoegh-Guldberg, 1999). At 30 °C, Acropora tenuis 0.23 ± 0.09 0.42 ± 0.22 0.30 ± 0.14 the coral species M. capricornis (BM), T. reniformis, and P. contigua Montipora capricornis (BM) 0.24 ± 0.16 0.69 ± 0.21 0.51 ± 0.27 showed color attenuation although never reaching the bleached level, Montipora capricornis (GM) 0.17 ± 0.03 0.16 ± 0.07 0.09 ± 0.07 Turbinaria reniformis 0.16 ± 0.10 0.35 ± 0.16 0.52 ± 0.16 whereas P. damicornis and S. pistillata reached the bleached level and Echi...",regeneration|rate|time,candidate_review_needed,,,Select the exact printed figure/table label and panel before assigning clip/data paths.,digitization/figures/3d374a40__rate__fig-<printed-label>_panel-<panel>.png,digitization/data/3d374a40__rate__fig-<printed-label>_panel-<panel>.csv
DIG-3d374a40-rate,needs_figure_id,3d374a40-79d3-413b-99c2-670f9da97bef,"Dias et al. - 2018 - Mortality, growth and regeneration following fragmentation of reef-forming corals under thermal stre.pdf",rate,local_pdf_available,"literature/META_ANALYSIS_POOL/Dias et al. - 2018 - Mortality, growth and regeneration following fragmentation of reef-forming corals under thermal stre.pdf",474a6c3544fd12e5255e73669a447dbedbb18336fefe123b3c28cc4bd7cd4f28,12,parsed,2,25,table,Table 3,8,"Table 3). T. reniformis and E. lamellosa regeneration rates were sig- 40% of P. contigua fragments were dead at the end of this experiment. niﬁcantly diﬀerent among all temperature experiments (PERMANOVA These ﬁndings make us consider these three species as highly tolerant to pair wise p < .05, Table 3), both M. capricornis (GM) and P. damicornis thermal stress due to their null or low mortality over the course of regeneration rates decreased signiﬁcantly at 32 °C (PERMANOVA pair 60 days. The bleaching level of all coral species was highest at 32 °C. wise p < .05, Table 3). This can be explained by the higher thermal stress present at higher At 26 °C, the fragments of S. pistillata presented the highest re- temperatures (Glynn, 1984; Goreau et al., 2000). generation rates (0.65 ± 0.29 mm2 day−1, PERMANOVA pair wise The hierarchy of species susceptibility to thermal stress presented p < .05), whereas the lowest regeneration rate was presented by M. here: (A. tenuis, P. damicornis, S. pistillata) > M. capricornis capricornis (BM), T. reniformis, and M. capricornis (GM) fragments (BM) > (M. capricornis (GM), E. lamellosa) > P. contigua > (T. re- (PERMANOVA pair wise p < .05) (0.24...",regeneration|rate,candidate_review_needed,,,Select the exact printed figure/table label and panel before assigning clip/data paths.,digitization/figures/3d374a40__rate__fig-<printed-label>_panel-<panel>.png,digitization/data/3d374a40__rate__fig-<printed-label>_panel-<panel>.csv
DIG-3d374a40-rate,needs_figure_id,3d374a40-79d3-413b-99c2-670f9da97bef,"Dias et al. - 2018 - Mortality, growth and regeneration following fragmentation of reef-forming corals under thermal stre.pdf",rate,local_pdf_available,"literature/META_ANALYSIS_POOL/Dias et al. - 2018 - Mortality, growth and regeneration following fragmentation of reef-forming corals under thermal stre.pdf",474a6c3544fd12e5255e73669a447dbedbb18336fefe123b3c28cc4bd7cd4f28,12,parsed,3,25,table,Table 3,8,"Table 3). At 32 °C, the fragments of E. lamellosa, G. fascicularis, and P. (Stimson et al., 2002) who reported high mortalities for Acropora spp., contigua had the highest regeneration rates (PERMANOVA pair wise Pocillopora damicornis, and Stylophora pistillata and low mortalities for p < .05) (0.84 ± 0.18 mm2 day−1, 0.88 ± 0.48 mm2 day−1 and Turbinaria spp., Galaxea fascicularis, and Psammocora contigua during 0.63 ± 0.49 mm2 day−1, respectively; PERMANOVA pair wise the bleaching event of late summer 1998 in northern Okinawa. p > .05, Table 3), whereas P. damicornis and M. capricornis (GM) dis- At 32 °C, G. fascicularis fragments acquired a lighter coloration than played the lowest regeneration rates (PERMANOVA pair wise p < .05) their typical red-brown coloration. This discoloration was most obvious (0.13 ± 0.02 mm2 day−1 and 0.09 ± 0.07 mm2 day−1, respectively; on the coenosarc between the corallites, while individual polyps re- PERMANOVA pair wise p > .05, Table 3). mained with their red-brown coloration. In these ﬂat surfaces of tissue, the algae are likely to experience the cumulative eﬀects of highest light intensities and elevated temperature, while the algae situated in...",regeneration|tissue,candidate_review_needed,,,Select the exact printed figure/table label and panel before assigning clip/data paths.,digitization/figures/3d374a40__rate__fig-<printed-label>_panel-<panel>.png,digitization/data/3d374a40__rate__fig-<printed-label>_panel-<panel>.csv
DIG-3d374a40-rate,needs_figure_id,3d374a40-79d3-413b-99c2-670f9da97bef,"Dias et al. - 2018 - Mortality, growth and regeneration following fragmentation of reef-forming corals under thermal stre.pdf",rate,local_pdf_available,"literature/META_ANALYSIS_POOL/Dias et al. - 2018 - Mortality, growth and regeneration following fragmentation of reef-forming corals under thermal stre.pdf",474a6c3544fd12e5255e73669a447dbedbb18336fefe123b3c28cc4bd7cd4f28,12,parsed,4,20,table,Table 2,8,"Table 2 susceptibility to thermal stress during the study, displaying more Coral fragments' average growth rate ± standard deviation in the three tem- bleaching and tissue loss early in the experiment compared to other perature experiments (g g−1 day−1). NA – not available. species. In ﬁeld studies, branching acroporids (e.g. Acropora spp.) and Species 26 °C 30 °C 32 °C pocilloporids (e.g. Pocillopora damicornis and Stylophora pistillata) are the taxa most sensitive to bleaching stress, usually suﬀering high Acropora tenuis 1.64 ± 0.38 0.57 ± 0.12 NA mortality, particularly in the Indo-Paciﬁc (Fujioka, 1999; Marshall & Montipora capricornis (BM) 0.92 ± 0.20 0.34 ± 0.21 NA Baird, 2000). T. reniformis only presented partial mortality by the 40th Montipora capricornis (GM) 0.79 ± 0.20 0.14 ± 0.05 NA Turbinaria reniformis 0.56 ± 0.33 0.24 ± 0.09 0.11 ± 0.06 day at 30 °C and at the end of the 32 °C experiment, and both G. fas- Echinopora lamellosa 0.51 ± 0.36 0.17 ± 0.06 NA cicularis and P. contigua only presented it at the end of the 32 °C ex- Galaxea fascicularis 0.28 ± 0.08 0.28 ± 0.10 0.20 ± 0.09 periment, indicating that these coral species fragments are most re- Pocillopora dam...",tissue|rate,candidate_review_needed,,,Select the exact printed figure/table label and panel before assigning clip/data paths.,digitization/figures/3d374a40__rate__fig-<printed-label>_panel-<panel>.png,digitization/data/3d374a40__rate__fig-<printed-label>_panel-<panel>.csv
DIG-3d374a40-rate,needs_figure_id,3d374a40-79d3-413b-99c2-670f9da97bef,"Dias et al. - 2018 - Mortality, growth and regeneration following fragmentation of reef-forming corals under thermal stre.pdf",rate,local_pdf_available,"literature/META_ANALYSIS_POOL/Dias et al. - 2018 - Mortality, growth and regeneration following fragmentation of reef-forming corals under thermal stre.pdf",474a6c3544fd12e5255e73669a447dbedbb18336fefe123b3c28cc4bd7cd4f28,12,parsed,5,15,table,Table 1,3,"Table 1 Summary of results of PERMANOVA permutation tests applied to report the eﬀects of temperature, coral species and presence/absence of injury in coral fragments' mortality, partial mortality, growth and regeneration rates. Signiﬁcant diﬀerences are marked a bold. df SS MS Pseudo-F p(perm)",regeneration,candidate_review_needed,,,Select the exact printed figure/table label and panel before assigning clip/data paths.,digitization/figures/3d374a40__rate__fig-<printed-label>_panel-<panel>.png,digitization/data/3d374a40__rate__fig-<printed-label>_panel-<panel>.csv
DIG-3d374a40-survival,needs_figure_id,3d374a40-79d3-413b-99c2-670f9da97bef,"Dias et al. - 2018 - Mortality, growth and regeneration following fragmentation of reef-forming corals under thermal stre.pdf",survival,local_pdf_available,"literature/META_ANALYSIS_POOL/Dias et al. - 2018 - Mortality, growth and regeneration following fragmentation of reef-forming corals under thermal stre.pdf",474a6c3544fd12e5255e73669a447dbedbb18336fefe123b3c28cc4bd7cd4f28,12,parsed,1,35,table,Table 2,8,"Table 2 susceptibility to thermal stress during the study, displaying more Coral fragments' average growth rate ± standard deviation in the three tem- bleaching and tissue loss early in the experiment compared to other perature experiments (g g−1 day−1). NA – not available. species. In ﬁeld studies, branching acroporids (e.g. Acropora spp.) and Species 26 °C 30 °C 32 °C pocilloporids (e.g. Pocillopora damicornis and Stylophora pistillata) are the taxa most sensitive to bleaching stress, usually suﬀering high Acropora tenuis 1.64 ± 0.38 0.57 ± 0.12 NA mortality, particularly in the Indo-Paciﬁc (Fujioka, 1999; Marshall & Montipora capricornis (BM) 0.92 ± 0.20 0.34 ± 0.21 NA Baird, 2000). T. reniformis only presented partial mortality by the 40th Montipora capricornis (GM) 0.79 ± 0.20 0.14 ± 0.05 NA Turbinaria reniformis 0.56 ± 0.33 0.24 ± 0.09 0.11 ± 0.06 day at 30 °C and at the end of the 32 °C experiment, and both G. fas- Echinopora lamellosa 0.51 ± 0.36 0.17 ± 0.06 NA cicularis and P. contigua only presented it at the end of the 32 °C ex- Galaxea fascicularis 0.28 ± 0.08 0.28 ± 0.10 0.20 ± 0.09 periment, indicating that these coral species fragments are most re- Pocillopora dam...",mortality|partial mortality|tissue loss,candidate_review_needed,,,Select the exact printed figure/table label and panel before assigning clip/data paths.,digitization/figures/3d374a40__survival__fig-<printed-label>_panel-<panel>.png,digitization/data/3d374a40__survival__fig-<printed-label>_panel-<panel>.csv
DIG-3d374a40-survival,needs_figure_id,3d374a40-79d3-413b-99c2-670f9da97bef,"Dias et al. - 2018 - Mortality, growth and regeneration following fragmentation of reef-forming corals under thermal stre.pdf",survival,local_pdf_available,"literature/META_ANALYSIS_POOL/Dias et al. - 2018 - Mortality, growth and regeneration following fragmentation of reef-forming corals under thermal stre.pdf",474a6c3544fd12e5255e73669a447dbedbb18336fefe123b3c28cc4bd7cd4f28,12,parsed,2,25,table,Table 1,3,"Table 1 Summary of results of PERMANOVA permutation tests applied to report the eﬀects of temperature, coral species and presence/absence of injury in coral fragments' mortality, partial mortality, growth and regeneration rates. Signiﬁcant diﬀerences are marked a bold. df SS MS Pseudo-F p(perm)",mortality|partial mortality,candidate_review_needed,,,Select the exact printed figure/table label and panel before assigning clip/data paths.,digitization/figures/3d374a40__survival__fig-<printed-label>_panel-<panel>.png,digitization/data/3d374a40__survival__fig-<printed-label>_panel-<panel>.csv
DIG-3d374a40-survival,needs_figure_id,3d374a40-79d3-413b-99c2-670f9da97bef,"Dias et al. - 2018 - Mortality, growth and regeneration following fragmentation of reef-forming corals under thermal stre.pdf",survival,local_pdf_available,"literature/META_ANALYSIS_POOL/Dias et al. - 2018 - Mortality, growth and regeneration following fragmentation of reef-forming corals under thermal stre.pdf",474a6c3544fd12e5255e73669a447dbedbb18336fefe123b3c28cc4bd7cd4f28,12,parsed,3,25,figure,Fig. 2a,4,"Fig. 2a and d). p > .05), whereas G. fascicularis displayed the lowest growth rates The fragments of A. tenuis presented partial mortality in the (0.28 ± 0.08 g g−1 day−1, PERMANOVA pair wise p < .05; Table 2). [75,100] class at both 26 °C and 32 °C, however, at 26 °C they presented At 30 °C, A. tenuis had the highest growth rates very low percentage and maintained it stable until the end of the ex- (0.57 ± 0.12 g g−1 day−1, PERMANOVA pair wise p < .05), whereas periment (Fig. 2a). At 30 °C, A. tenuis only started to show partial E. lamellosa and M. capricornis (GM) displayed the lowest growth rates mortality on the 40th day, whereas at 32 °C it started on the 20th day (PERMANOVA pair wise p < .05) (0.17 ± 0.06 g g−1 day−1 and and with higher partial mortality (Fig. 2a). 0.14 ± 0.05 g g−1 day−1, respectively; PERMANOVA pair wise Acropora tenuis, P. damicornis, and S. pistillata had signiﬁcantly p > .05; Table 2). At 32 °C, P. contigua had the highest growth rates greater partial mortality since the 20th day (20% - 25% in the [75,100] (0.42 ± 0.10 g g−1 day−1, PERMANOVA pair wise p < .05), whereas class) than all other coral species at 32 °C (PERMANOVA pair-wise T. reniformis dis...",mortality|partial mortality,candidate_review_needed,,,Select the exact printed figure/table label and panel before assigning clip/data paths.,digitization/figures/3d374a40__survival__fig-<printed-label>_panel-<panel>.png,digitization/data/3d374a40__survival__fig-<printed-label>_panel-<panel>.csv
DIG-3d374a40-survival,needs_figure_id,3d374a40-79d3-413b-99c2-670f9da97bef,"Dias et al. - 2018 - Mortality, growth and regeneration following fragmentation of reef-forming corals under thermal stre.pdf",survival,local_pdf_available,"literature/META_ANALYSIS_POOL/Dias et al. - 2018 - Mortality, growth and regeneration following fragmentation of reef-forming corals under thermal stre.pdf",474a6c3544fd12e5255e73669a447dbedbb18336fefe123b3c28cc4bd7cd4f28,12,parsed,4,25,table,Table 1,4,"Table 1). There was also a signiﬁcant eﬀect of the interactions of diﬀerences among temperatures (PERMANOVA pair wise p < .05), temperature and coral species (PERMANOVA p < .05, Table 1). with the exception of P. contigua that had its growth rate impacted in Coral fragments' partial mortality presented signiﬁcant diﬀerences the same way at 30 °C and 32 °C (PERMANOVA pair wise p > .05; among temperatures (PERMANOVA p < .05, Table 1), with the ex- Table 2). ceptions of A. tenuis and T. reniformis fragments. A. tenuis showed si- At 26 °C, A. tenuis and P. contigua had the highest growth rates milar partial mortality between 26 °C and 30 °C, whereas T. reniformis (PERMANOVA pair wise p < .05) (1.64 ± 0.38 g g−1 day−1 and showed it among all temperatures (PERMANOVA pair-wise p > .05, 1.54 ± 0.32 g g−1 day−1, respectively; PERMANOVA pair wise",mortality|partial mortality,candidate_review_needed,,,Select the exact printed figure/table label and panel before assigning clip/data paths.,digitization/figures/3d374a40__survival__fig-<printed-label>_panel-<panel>.png,digitization/data/3d374a40__survival__fig-<printed-label>_panel-<panel>.csv
DIG-3d374a40-survival,needs_figure_id,3d374a40-79d3-413b-99c2-670f9da97bef,"Dias et al. - 2018 - Mortality, growth and regeneration following fragmentation of reef-forming corals under thermal stre.pdf",survival,local_pdf_available,"literature/META_ANALYSIS_POOL/Dias et al. - 2018 - Mortality, growth and regeneration following fragmentation of reef-forming corals under thermal stre.pdf",474a6c3544fd12e5255e73669a447dbedbb18336fefe123b3c28cc4bd7cd4f28,12,parsed,5,25,figure,Fig. 2,6,"Fig. 2. Partial mortality of the coral species' fragments studied throughout the three temperature experiments separated in percentage classes [0,25%[, [25,50%[, [50,75%[and [75,100%].",mortality|partial mortality,candidate_review_needed,,,Select the exact printed figure/table label and panel before assigning clip/data paths.,digitization/figures/3d374a40__survival__fig-<printed-label>_panel-<panel>.png,digitization/data/3d374a40__survival__fig-<printed-label>_panel-<panel>.csv
DIG-c849a042-growth,needs_figure_id,c849a042-644e-4b4f-a530-33cfb800d9a9,E and Y - 1996 - Regeneration versus budding in fungiid corals a trade-off.pdf,growth,local_pdf_available,literature/META_ANALYSIS_POOL/E and Y - 1996 - Regeneration versus budding in fungiid corals a trade-off.pdf,100ab88307ff7bf8f3e978f96cc1fb1f78ff364f13b42c064664cf8dd564af0f,7,parsed,1,0,figure,Fig. 1,3,Fig. 1 Fungia granulosa. Corallum after experimental treatment: (a) 1 yr after coverage of the polyp's mouth and part of its corallurn with putty. Arrow In insert indicates new buds. (b) Close-up of insert of parent polyp showing asexually derived antho- cauli; (c) 6 mo after removal of tissue by air plck. Arrow in insert indicates new buds. (d) Close-up of insert of anthocauli developed 6 mo after tissue removal. Scale bar = 1.0 mm,,candidate_review_needed,,,Select the exact printed figure/table label and panel before assigning clip/data paths.,digitization/figures/c849a042__growth__fig-<printed-label>_panel-<panel>.png,digitization/data/c849a042__growth__fig-<printed-label>_panel-<panel>.csv
DIG-c849a042-growth,needs_figure_id,c849a042-644e-4b4f-a530-33cfb800d9a9,E and Y - 1996 - Regeneration versus budding in fungiid corals a trade-off.pdf,growth,local_pdf_available,literature/META_ANALYSIS_POOL/E and Y - 1996 - Regeneration versus budding in fungiid corals a trade-off.pdf,100ab88307ff7bf8f3e978f96cc1fb1f78ff364f13b42c064664cf8dd564af0f,7,parsed,2,0,figure,Fig. 2,4,"Fig. 2. Fungia granulosa. Residual tissue developing into a new polyp: (a) new mouth developing 10 d after breakage. Scale bar = 300 p m . ( b ) New polyp at Day 14; note calyx and developing septae. Scale bar = 600 pm; (c) developed antho- caulus at 21 d , showing calyx scleroseptae and tentacles. Scale bar = 300 pm",,candidate_review_needed,,,Select the exact printed figure/table label and panel before assigning clip/data paths.,digitization/figures/c849a042__growth__fig-<printed-label>_panel-<panel>.png,digitization/data/c849a042__growth__fig-<printed-label>_panel-<panel>.csv
DIG-c849a042-growth,needs_figure_id,c849a042-644e-4b4f-a530-33cfb800d9a9,E and Y - 1996 - Regeneration versus budding in fungiid corals a trade-off.pdf,growth,local_pdf_available,literature/META_ANALYSIS_POOL/E and Y - 1996 - Regeneration versus budding in fungiid corals a trade-off.pdf,100ab88307ff7bf8f3e978f96cc1fb1f78ff364f13b42c064664cf8dd564af0f,7,parsed,3,0,table,Table 2,4,"Table 2. Fungia granulosa. Characteristics of survival, regeneration, and bud formation, follow~ngexperimental breakage of vanous- sized fragments of coral raised under laboratory conditions. Large fragments were greater than 5 septae in thickness, medium-sized fragments were 2 to 5 septae in thickness, and small fragments were 1 septum in thickness. W : wlth mouth; WO: without mouth",,candidate_review_needed,,,Select the exact printed figure/table label and panel before assigning clip/data paths.,digitization/figures/c849a042__growth__fig-<printed-label>_panel-<panel>.png,digitization/data/c849a042__growth__fig-<printed-label>_panel-<panel>.csv
DIG-c849a042-growth,needs_figure_id,c849a042-644e-4b4f-a530-33cfb800d9a9,E and Y - 1996 - Regeneration versus budding in fungiid corals a trade-off.pdf,growth,local_pdf_available,literature/META_ANALYSIS_POOL/E and Y - 1996 - Regeneration versus budding in fungiid corals a trade-off.pdf,100ab88307ff7bf8f3e978f96cc1fb1f78ff364f13b42c064664cf8dd564af0f,7,parsed,4,0,figure,Fig. 3,5,"Fig. 3. Fungia granulosa. Tissue fragment: (a) planula-like tissue ball 1 d after excision. Scale bar = l 0 0 pm. ( b )Tissue ball 21 d after settlement In vltro. Note development of mouth, calyx and septde. Scale bar = 300 p m",,candidate_review_needed,,,Select the exact printed figure/table label and panel before assigning clip/data paths.,digitization/figures/c849a042__growth__fig-<printed-label>_panel-<panel>.png,digitization/data/c849a042__growth__fig-<printed-label>_panel-<panel>.csv
DIG-c849a042-growth,needs_figure_id,c849a042-644e-4b4f-a530-33cfb800d9a9,E and Y - 1996 - Regeneration versus budding in fungiid corals a trade-off.pdf,growth,local_pdf_available,literature/META_ANALYSIS_POOL/E and Y - 1996 - Regeneration versus budding in fungiid corals a trade-off.pdf,100ab88307ff7bf8f3e978f96cc1fb1f78ff364f13b42c064664cf8dd564af0f,7,parsed,5,0,figure,Fig. 4,5,"Fig. 4. Fungia granulosa. Residual tissue (a) decalcified bud developed from residual tissue, surrounded by remnant parental tissue. Scale bar = 300 pm. (b) Histological section of the bud revealing tissue fornlation from parental tissues. Remnant parental tissues at bottom of photograph. Scale bar = 200 pm",,candidate_review_needed,,,Select the exact printed figure/table label and panel before assigning clip/data paths.,digitization/figures/c849a042__growth__fig-<printed-label>_panel-<panel>.png,digitization/data/c849a042__growth__fig-<printed-label>_panel-<panel>.csv
DIG-c849a042-rate,needs_figure_id,c849a042-644e-4b4f-a530-33cfb800d9a9,E and Y - 1996 - Regeneration versus budding in fungiid corals a trade-off.pdf,rate,local_pdf_available,literature/META_ANALYSIS_POOL/E and Y - 1996 - Regeneration versus budding in fungiid corals a trade-off.pdf,100ab88307ff7bf8f3e978f96cc1fb1f78ff364f13b42c064664cf8dd564af0f,7,parsed,1,15,table,Table 2,4,"Table 2. Fungia granulosa. Characteristics of survival, regeneration, and bud formation, follow~ngexperimental breakage of vanous- sized fragments of coral raised under laboratory conditions. Large fragments were greater than 5 septae in thickness, medium-sized fragments were 2 to 5 septae in thickness, and small fragments were 1 septum in thickness. W : wlth mouth; WO: without mouth",regeneration,candidate_review_needed,,,Select the exact printed figure/table label and panel before assigning clip/data paths.,digitization/figures/c849a042__rate__fig-<printed-label>_panel-<panel>.png,digitization/data/c849a042__rate__fig-<printed-label>_panel-<panel>.csv
DIG-c849a042-rate,needs_figure_id,c849a042-644e-4b4f-a530-33cfb800d9a9,E and Y - 1996 - Regeneration versus budding in fungiid corals a trade-off.pdf,rate,local_pdf_available,literature/META_ANALYSIS_POOL/E and Y - 1996 - Regeneration versus budding in fungiid corals a trade-off.pdf,100ab88307ff7bf8f3e978f96cc1fb1f78ff364f13b42c064664cf8dd564af0f,7,parsed,2,10,figure,Fig. 1,3,Fig. 1 Fungia granulosa. Corallum after experimental treatment: (a) 1 yr after coverage of the polyp's mouth and part of its corallurn with putty. Arrow In insert indicates new buds. (b) Close-up of insert of parent polyp showing asexually derived antho- cauli; (c) 6 mo after removal of tissue by air plck. Arrow in insert indicates new buds. (d) Close-up of insert of anthocauli developed 6 mo after tissue removal. Scale bar = 1.0 mm,tissue,candidate_review_needed,,,Select the exact printed figure/table label and panel before assigning clip/data paths.,digitization/figures/c849a042__rate__fig-<printed-label>_panel-<panel>.png,digitization/data/c849a042__rate__fig-<printed-label>_panel-<panel>.csv
DIG-c849a042-rate,needs_figure_id,c849a042-644e-4b4f-a530-33cfb800d9a9,E and Y - 1996 - Regeneration versus budding in fungiid corals a trade-off.pdf,rate,local_pdf_available,literature/META_ANALYSIS_POOL/E and Y - 1996 - Regeneration versus budding in fungiid corals a trade-off.pdf,100ab88307ff7bf8f3e978f96cc1fb1f78ff364f13b42c064664cf8dd564af0f,7,parsed,3,10,figure,Fig. 2,4,"Fig. 2. Fungia granulosa. Residual tissue developing into a new polyp: (a) new mouth developing 10 d after breakage. Scale bar = 300 p m . ( b ) New polyp at Day 14; note calyx and developing septae. Scale bar = 600 pm; (c) developed antho- caulus at 21 d , showing calyx scleroseptae and tentacles. Scale bar = 300 pm",tissue,candidate_review_needed,,,Select the exact printed figure/table label and panel before assigning clip/data paths.,digitization/figures/c849a042__rate__fig-<printed-label>_panel-<panel>.png,digitization/data/c849a042__rate__fig-<printed-label>_panel-<panel>.csv
DIG-c849a042-rate,needs_figure_id,c849a042-644e-4b4f-a530-33cfb800d9a9,E and Y - 1996 - Regeneration versus budding in fungiid corals a trade-off.pdf,rate,local_pdf_available,literature/META_ANALYSIS_POOL/E and Y - 1996 - Regeneration versus budding in fungiid corals a trade-off.pdf,100ab88307ff7bf8f3e978f96cc1fb1f78ff364f13b42c064664cf8dd564af0f,7,parsed,4,10,figure,Fig. 3,5,"Fig. 3. Fungia granulosa. Tissue fragment: (a) planula-like tissue ball 1 d after excision. Scale bar = l 0 0 pm. ( b )Tissue ball 21 d after settlement In vltro. Note development of mouth, calyx and septde. Scale bar = 300 p m",tissue,candidate_review_needed,,,Select the exact printed figure/table label and panel before assigning clip/data paths.,digitization/figures/c849a042__rate__fig-<printed-label>_panel-<panel>.png,digitization/data/c849a042__rate__fig-<printed-label>_panel-<panel>.csv
DIG-c849a042-rate,needs_figure_id,c849a042-644e-4b4f-a530-33cfb800d9a9,E and Y - 1996 - Regeneration versus budding in fungiid corals a trade-off.pdf,rate,local_pdf_available,literature/META_ANALYSIS_POOL/E and Y - 1996 - Regeneration versus budding in fungiid corals a trade-off.pdf,100ab88307ff7bf8f3e978f96cc1fb1f78ff364f13b42c064664cf8dd564af0f,7,parsed,5,10,figure,Fig. 4,5,"Fig. 4. Fungia granulosa. Residual tissue (a) decalcified bud developed from residual tissue, surrounded by remnant parental tissue. Scale bar = 300 pm. (b) Histological section of the bud revealing tissue fornlation from parental tissues. Remnant parental tissues at bottom of photograph. Scale bar = 200 pm",tissue,candidate_review_needed,,,Select the exact printed figure/table label and panel before assigning clip/data paths.,digitization/figures/c849a042__rate__fig-<printed-label>_panel-<panel>.png,digitization/data/c849a042__rate__fig-<printed-label>_panel-<panel>.csv
DIG-ad751939-rate,needs_figure_id,ad751939-b061-4323-9097-c1e7d2e9576f,Fine et al. - 2002 - Bleaching effect on regeneration and resource translocation in the coral Oculina patagonica.pdf,rate,local_pdf_available,literature/META_ANALYSIS_POOL/Fine et al. - 2002 - Bleaching effect on regeneration and resource translocation in the coral Oculina patagonica.pdf,2ba8c3786732a57e3b876e07485ced0c1c41f118b9b454832b8e37b44e4b1d01,7,parsed,1,35,table,Table 2,4,"Table 2. Oculina patagonica. Average 14C activity (counts min–1 cm–2 ± SD) in coral tissues in partly bleached colonies 14 C translocation during regeneration in healthy (n = 4). Percentage bleaching of each colony is presented in versus bleached colonies left column. L: coral tissue taken from labelled site; BB: coral tissue from border of bleached section, located 4 to 5 cm from labelled area; OB: coral tissue from sites opposite the The 1-way ANOVA with repeated measures showed bleached area, 4 to 5 cm from labelled site. Each tissue sam- no significant difference between sampling Site OI ple was divided into 2 replicates for measurement of 14C activ- (from unbleached colonies and partly bleached ity. Average background activity of tissues = 29 ± 6 counts colonies with > 40% bleaching) and the background min–1 cm–2 (intact control colonies, n = 6). Two tissue samples 14 were taken from the BB and OB areas and divided into C activity (p > 0.05, df = 2, F = 61.82). These results 2 replicates each. Data for L represent range of 14C activity. indicate that partly bleached colonies (percentage Data for BB and OB are for samples with 2 replicates each bleaching > 40%) of Oculina pa...",regeneration|tissue|area,candidate_review_needed,,,Select the exact printed figure/table label and panel before assigning clip/data paths.,digitization/figures/ad751939__rate__fig-<printed-label>_panel-<panel>.png,digitization/data/ad751939__rate__fig-<printed-label>_panel-<panel>.csv
DIG-ad751939-rate,needs_figure_id,ad751939-b061-4323-9097-c1e7d2e9576f,Fine et al. - 2002 - Bleaching effect on regeneration and resource translocation in the coral Oculina patagonica.pdf,rate,local_pdf_available,literature/META_ANALYSIS_POOL/Fine et al. - 2002 - Bleaching effect on regeneration and resource translocation in the coral Oculina patagonica.pdf,2ba8c3786732a57e3b876e07485ced0c1c41f118b9b454832b8e37b44e4b1d01,7,parsed,2,35,table,Table 3,6,"Table 3). This result may indicate the existence of a Glynn PW (1991) Coral-reef bleaching in the 1980s and pos- bleaching threshold, according to which the colony sible connections with global warming. Trends Ecol Evol regulates its rate of resource allocation. The existence 6:175–179 of colony thresholds that determine resource allocation Glynn PW (1993) Coral-reef bleaching — ecological perspec- and the onset of intra-colonial translocation of these tives. Coral Reefs 12:1–17 Goreau TJ, Macfarlane AH (1990) Reduced growth rate of resources reflects a basic life-preserving strategy and Montastrea annularis following the 1987–1988 coral blea- constitutes one of the most important advantages of ching event. Coral Reefs 8:211–215 clonal and colonial organisms. Based on the known Harrison PL, Wallace CC (1990) Reproduction, dispersal and importance of resource translocation for lesion regen- recruitment of scleractinian corals. In: Dubinski Z (ed) Coral reefs, ecosystems of the world, Vol 25. Elsevier, eration, we suggest that the relatively low recovery Amsterdam, p 133–206 rates characterizing partly bleached colonies com- Hoegh-Guldberg O (1999) Climate change coral bleaching p...",recovery|lesion|rate,candidate_review_needed,,,Select the exact printed figure/table label and panel before assigning clip/data paths.,digitization/figures/ad751939__rate__fig-<printed-label>_panel-<panel>.png,digitization/data/ad751939__rate__fig-<printed-label>_panel-<panel>.csv
DIG-ad751939-rate,needs_figure_id,ad751939-b061-4323-9097-c1e7d2e9576f,Fine et al. - 2002 - Bleaching effect on regeneration and resource translocation in the coral Oculina patagonica.pdf,rate,local_pdf_available,literature/META_ANALYSIS_POOL/Fine et al. - 2002 - Bleaching effect on regeneration and resource translocation in the coral Oculina patagonica.pdf,2ba8c3786732a57e3b876e07485ced0c1c41f118b9b454832b8e37b44e4b1d01,7,parsed,3,25,table,Table 1,4,"Table 1. Oculina patagonica. Percentage lesion recovery over RESULTS 45 d of 2 cm2 lesions inflicted on the surface of unbleached (n = 13), partly bleached (30 to 80%) (n = 11) and totally Lesion recovery rates in unbleached versus partly bleached (n = 10) colonies and totally bleached colonies",recovery|lesion,candidate_review_needed,,,Select the exact printed figure/table label and panel before assigning clip/data paths.,digitization/figures/ad751939__rate__fig-<printed-label>_panel-<panel>.png,digitization/data/ad751939__rate__fig-<printed-label>_panel-<panel>.csv
DIG-ad751939-rate,needs_figure_id,ad751939-b061-4323-9097-c1e7d2e9576f,Fine et al. - 2002 - Bleaching effect on regeneration and resource translocation in the coral Oculina patagonica.pdf,rate,local_pdf_available,literature/META_ANALYSIS_POOL/Fine et al. - 2002 - Bleaching effect on regeneration and resource translocation in the coral Oculina patagonica.pdf,2ba8c3786732a57e3b876e07485ced0c1c41f118b9b454832b8e37b44e4b1d01,7,parsed,4,20,figure,Fig. 1,2,"Fig. 1. Oculina patagonica. Round tissue lesions on surface transforming percentage data by arcsine√p, a 1-way following predation by polychaete Hermodice carunculata ANOVA was used to test the difference in lesion re- (photograph is 38% actual size) covery between healthy and partly bleached colonies.",lesion|tissue,candidate_review_needed,,,Select the exact printed figure/table label and panel before assigning clip/data paths.,digitization/figures/ad751939__rate__fig-<printed-label>_panel-<panel>.png,digitization/data/ad751939__rate__fig-<printed-label>_panel-<panel>.csv
DIG-ad751939-rate,needs_figure_id,ad751939-b061-4323-9097-c1e7d2e9576f,Fine et al. - 2002 - Bleaching effect on regeneration and resource translocation in the coral Oculina patagonica.pdf,rate,local_pdf_available,literature/META_ANALYSIS_POOL/Fine et al. - 2002 - Bleaching effect on regeneration and resource translocation in the coral Oculina patagonica.pdf,2ba8c3786732a57e3b876e07485ced0c1c41f118b9b454832b8e37b44e4b1d01,7,parsed,5,10,figure,Fig. 2C,5,"Fig. 2C), exhibited significantly higher 14C activity colony is presented in left column. L: coral tissue taken from than background levels (LSD p < 0.001). These labelled site; IB: coral tissue from injury border, located 4 to",tissue,candidate_review_needed,,,Select the exact printed figure/table label and panel before assigning clip/data paths.,digitization/figures/ad751939__rate__fig-<printed-label>_panel-<panel>.png,digitization/data/ad751939__rate__fig-<printed-label>_panel-<panel>.csv
DIG-ad751939-survival,needs_figure_id,ad751939-b061-4323-9097-c1e7d2e9576f,Fine et al. - 2002 - Bleaching effect on regeneration and resource translocation in the coral Oculina patagonica.pdf,survival,local_pdf_available,literature/META_ANALYSIS_POOL/Fine et al. - 2002 - Bleaching effect on regeneration and resource translocation in the coral Oculina patagonica.pdf,2ba8c3786732a57e3b876e07485ced0c1c41f118b9b454832b8e37b44e4b1d01,7,parsed,1,0,figure,Fig. 1,2,"Fig. 1. Oculina patagonica. Round tissue lesions on surface transforming percentage data by arcsine√p, a 1-way following predation by polychaete Hermodice carunculata ANOVA was used to test the difference in lesion re- (photograph is 38% actual size) covery between healthy and partly bleached colonies.",,candidate_review_needed,,,Select the exact printed figure/table label and panel before assigning clip/data paths.,digitization/figures/ad751939__survival__fig-<printed-label>_panel-<panel>.png,digitization/data/ad751939__survival__fig-<printed-label>_panel-<panel>.csv
DIG-ad751939-survival,needs_figure_id,ad751939-b061-4323-9097-c1e7d2e9576f,Fine et al. - 2002 - Bleaching effect on regeneration and resource translocation in the coral Oculina patagonica.pdf,survival,local_pdf_available,literature/META_ANALYSIS_POOL/Fine et al. - 2002 - Bleaching effect on regeneration and resource translocation in the coral Oculina patagonica.pdf,2ba8c3786732a57e3b876e07485ced0c1c41f118b9b454832b8e37b44e4b1d01,7,parsed,2,0,table,Table 1,4,"Table 1. Oculina patagonica. Percentage lesion recovery over RESULTS 45 d of 2 cm2 lesions inflicted on the surface of unbleached (n = 13), partly bleached (30 to 80%) (n = 11) and totally Lesion recovery rates in unbleached versus partly bleached (n = 10) colonies and totally bleached colonies",,candidate_review_needed,,,Select the exact printed figure/table label and panel before assigning clip/data paths.,digitization/figures/ad751939__survival__fig-<printed-label>_panel-<panel>.png,digitization/data/ad751939__survival__fig-<printed-label>_panel-<panel>.csv
DIG-ad751939-survival,needs_figure_id,ad751939-b061-4323-9097-c1e7d2e9576f,Fine et al. - 2002 - Bleaching effect on regeneration and resource translocation in the coral Oculina patagonica.pdf,survival,local_pdf_available,literature/META_ANALYSIS_POOL/Fine et al. - 2002 - Bleaching effect on regeneration and resource translocation in the coral Oculina patagonica.pdf,2ba8c3786732a57e3b876e07485ced0c1c41f118b9b454832b8e37b44e4b1d01,7,parsed,3,0,table,Table 2,4,"Table 2. Oculina patagonica. Average 14C activity (counts min–1 cm–2 ± SD) in coral tissues in partly bleached colonies 14 C translocation during regeneration in healthy (n = 4). Percentage bleaching of each colony is presented in versus bleached colonies left column. L: coral tissue taken from labelled site; BB: coral tissue from border of bleached section, located 4 to 5 cm from labelled area; OB: coral tissue from sites opposite the The 1-way ANOVA with repeated measures showed bleached area, 4 to 5 cm from labelled site. Each tissue sam- no significant difference between sampling Site OI ple was divided into 2 replicates for measurement of 14C activ- (from unbleached colonies and partly bleached ity. Average background activity of tissues = 29 ± 6 counts colonies with > 40% bleaching) and the background min–1 cm–2 (intact control colonies, n = 6). Two tissue samples 14 were taken from the BB and OB areas and divided into C activity (p > 0.05, df = 2, F = 61.82). These results 2 replicates each. Data for L represent range of 14C activity. indicate that partly bleached colonies (percentage Data for BB and OB are for samples with 2 replicates each bleaching > 40%) of Oculina pa...",,candidate_review_needed,,,Select the exact printed figure/table label and panel before assigning clip/data paths.,digitization/figures/ad751939__survival__fig-<printed-label>_panel-<panel>.png,digitization/data/ad751939__survival__fig-<printed-label>_panel-<panel>.csv
DIG-ad751939-survival,needs_figure_id,ad751939-b061-4323-9097-c1e7d2e9576f,Fine et al. - 2002 - Bleaching effect on regeneration and resource translocation in the coral Oculina patagonica.pdf,survival,local_pdf_available,literature/META_ANALYSIS_POOL/Fine et al. - 2002 - Bleaching effect on regeneration and resource translocation in the coral Oculina patagonica.pdf,2ba8c3786732a57e3b876e07485ced0c1c41f118b9b454832b8e37b44e4b1d01,7,parsed,4,0,figure,Fig. 2C,5,"Fig. 2C), exhibited significantly higher 14C activity colony is presented in left column. L: coral tissue taken from than background levels (LSD p < 0.001). These labelled site; IB: coral tissue from injury border, located 4 to",,candidate_review_needed,,,Select the exact printed figure/table label and panel before assigning clip/data paths.,digitization/figures/ad751939__survival__fig-<printed-label>_panel-<panel>.png,digitization/data/ad751939__survival__fig-<printed-label>_panel-<panel>.csv
DIG-ad751939-survival,needs_figure_id,ad751939-b061-4323-9097-c1e7d2e9576f,Fine et al. - 2002 - Bleaching effect on regeneration and resource translocation in the coral Oculina patagonica.pdf,survival,local_pdf_available,literature/META_ANALYSIS_POOL/Fine et al. - 2002 - Bleaching effect on regeneration and resource translocation in the coral Oculina patagonica.pdf,2ba8c3786732a57e3b876e07485ced0c1c41f118b9b454832b8e37b44e4b1d01,7,parsed,5,0,table,Table 1,5,Table 1. Data for L represent range of 14C activity. Data for IB products to recuperating injuries. Tissue samples and OI are for 2 samples with 2 replicates each taken from the borders of the lesions inflicted on the partly bleached colonies (Site IB; Colonies 9 to 13 in Colony % Sampling site,,candidate_review_needed,,,Select the exact printed figure/table label and panel before assigning clip/data paths.,digitization/figures/ad751939__survival__fig-<printed-label>_panel-<panel>.png,digitization/data/ad751939__survival__fig-<printed-label>_panel-<panel>.csv
DIG-e2191f69-rate,needs_figure_id,e2191f69-a271-4c74-be4c-ebe977248362,Hall - 1997 - Interspecific differences in the regeneration of artificial injuries on scleractinian corals.pdf,rate,local_pdf_available,literature/META_ANALYSIS_POOL/Hall - 1997 - Interspecific differences in the regeneration of artificial injuries on scleractinian corals.pdf,60df3fac2c8469ff407083916fdda38d184afacc13b2d48131161b22a60b3716,15,parsed,1,35,figure,Fig. 1,6,"Fig. 1. A photographic series showing the recovery of the tissue and scraping injuries inflicted on Porites over time, (where a 5 tissue injury and b 5 scraping injury). A, Infliction of the injury in August. B, Recovery of injuries after 71 days. Note that the scraping injury has nearly completely regenerated while the unrepaired section of both injuries is overgrown with algae. C, Complete recovery of the scraping injury and partial recovery of the tissue injury. D, The tissue injury is still only partially recovered after 215 days. Scale bar 5 1 cm.",recovery|tissue|time,candidate_review_needed,,,Select the exact printed figure/table label and panel before assigning clip/data paths.,digitization/figures/e2191f69__rate__fig-<printed-label>_panel-<panel>.png,digitization/data/e2191f69__rate__fig-<printed-label>_panel-<panel>.csv
DIG-e2191f69-rate,needs_figure_id,e2191f69-a271-4c74-be4c-ebe977248362,Hall - 1997 - Interspecific differences in the regeneration of artificial injuries on scleractinian corals.pdf,rate,local_pdf_available,literature/META_ANALYSIS_POOL/Hall - 1997 - Interspecific differences in the regeneration of artificial injuries on scleractinian corals.pdf,60df3fac2c8469ff407083916fdda38d184afacc13b2d48131161b22a60b3716,15,parsed,2,25,figure,Fig. 2,8,"Fig. 2. The amount of regeneration of a central and edge injury for several common reef crest species over 71 days. The error bars are one standard error. smooth band of tissue and skeleton which enveloped the injury and grew over the colonising algae. Polyps were than produced along the margin of the band that was closest to the uninjured tissue. In contrast, rather then producing a smooth band, the massive species (Porites lichen, P. mayeri and G. retiformis) and Pocillopora damicornis produced new polyps directly around the margin of the injury.",regeneration|tissue,candidate_review_needed,,,Select the exact printed figure/table label and panel before assigning clip/data paths.,digitization/figures/e2191f69__rate__fig-<printed-label>_panel-<panel>.png,digitization/data/e2191f69__rate__fig-<printed-label>_panel-<panel>.csv
DIG-e2191f69-rate,needs_figure_id,e2191f69-a271-4c74-be4c-ebe977248362,Hall - 1997 - Interspecific differences in the regeneration of artificial injuries on scleractinian corals.pdf,rate,local_pdf_available,literature/META_ANALYSIS_POOL/Hall - 1997 - Interspecific differences in the regeneration of artificial injuries on scleractinian corals.pdf,60df3fac2c8469ff407083916fdda38d184afacc13b2d48131161b22a60b3716,15,parsed,3,25,figure,Fig. 3,9,Fig. 3. Percentage of injury regeneration over time for P. australiensis and A. cytherea. The error bars are one standard error.,regeneration|time,candidate_review_needed,,,Select the exact printed figure/table label and panel before assigning clip/data paths.,digitization/figures/e2191f69__rate__fig-<printed-label>_panel-<panel>.png,digitization/data/e2191f69__rate__fig-<printed-label>_panel-<panel>.csv
DIG-e2191f69-rate,needs_figure_id,e2191f69-a271-4c74-be4c-ebe977248362,Hall - 1997 - Interspecific differences in the regeneration of artificial injuries on scleractinian corals.pdf,rate,local_pdf_available,literature/META_ANALYSIS_POOL/Hall - 1997 - Interspecific differences in the regeneration of artificial injuries on scleractinian corals.pdf,60df3fac2c8469ff407083916fdda38d184afacc13b2d48131161b22a60b3716,15,parsed,4,25,table,Table 4,10,Table 4 (a) Linear extension of new growth for the two injury types (tissue removal and branch removal) inflicted on A. millepora and A. gemmifera in experiment 2b (mean6one standard error). (b) Injury size and regeneration (percent of injury recovered) for the three injury types inflicted on A. millepora and A. gemmifera in experirnent 2b (mean6one standard error). (Number of colonies 5 8 and 10 for A. gemmifera and A. millepora respectively) (a) Injury type A. gemmifera A. millepora Regeneration Statistic Regeneration Statistic Linear extension of tissue (mm) 3.1960.86 KW 5 14.4 4.360.31 KW 5 11.3 Linear extension of branch (mm) 0.2560.13 P 5 0.0001 0.5560.12 P 5 0.0008,regeneration|tissue,candidate_review_needed,,,Select the exact printed figure/table label and panel before assigning clip/data paths.,digitization/figures/e2191f69__rate__fig-<printed-label>_panel-<panel>.png,digitization/data/e2191f69__rate__fig-<printed-label>_panel-<panel>.csv
DIG-e2191f69-rate,needs_figure_id,e2191f69-a271-4c74-be4c-ebe977248362,Hall - 1997 - Interspecific differences in the regeneration of artificial injuries on scleractinian corals.pdf,rate,local_pdf_available,literature/META_ANALYSIS_POOL/Hall - 1997 - Interspecific differences in the regeneration of artificial injuries on scleractinian corals.pdf,60df3fac2c8469ff407083916fdda38d184afacc13b2d48131161b22a60b3716,15,parsed,5,15,table,Table 1,4,"Table 1 A list of studies showing the places and scleractinian corals for which experimental studies on injury and regeneration have been conducted Species Reference Carribbean Acropora palmata Bak, 1983; Meesters et al., 1993; Meesters and Bak, 1995 Montastrea annularis Bak et al., 1977; Meesters et al., 1993, 1994 Van Veghel and Bak, 1994 Meandrina meandrites Meesters and Bak, 1993 Porties asteroides Bak and Steward-Van Es, 1980; Meesters et al., 1993 Agaricia agaricites Bak et al., 1977; Bak and Steward-Van Es, 1980 Siderastrea siderea, Diploria strigosa Meesters et al., 1993",regeneration,candidate_review_needed,,,Select the exact printed figure/table label and panel before assigning clip/data paths.,digitization/figures/e2191f69__rate__fig-<printed-label>_panel-<panel>.png,digitization/data/e2191f69__rate__fig-<printed-label>_panel-<panel>.csv
DIG-b9536b7f-rate,needs_figure_id,b9536b7f-eb24-428a-8a9f-9750a74faa1f,Hall - 2001 - The response of Acropora hyacinthus and Montipora tuberculosa to three different types of colony dam.pdf,rate,local_pdf_available,literature/META_ANALYSIS_POOL/Hall - 2001 - The response of Acropora hyacinthus and Montipora tuberculosa to three different types of colony dam.pdf,7699130874ecf1ca00ceadb5707ad11ed1ba29dd51c24929e93dde27ebebee49,15,parsed,1,45,figure,Fig. 2,8,"Fig. 2.. This was in marked contrast to the recovery of tissue and breakage injuries where less than 40% of the injured area was regenerated ŽFig. 2.. However, although the regrowth of lost polyps was slow for breakage injuries, most of the section of the colony that was damaged as a result of breakage was rapidly sealed over within 12 days. For breakage injuries, the amount of recovery was approximately twice as high for M. tuberculosa as A. hyacinthus ŽFig. 2.. The overall amount of recovery of all injuries types was much greater in the first 12 days as compared to the second 12 days ŽWithin Subject Effects for census, Table 1, Fig. 2.. This pattern of regeneration among censuses was consistent for species but not injury types ŽWithin Subject Effects, Table 1.. For injury types, the amount of recovery between censuses was approximately 1.2–1.5 times greater for tissue injuries and breakage as compared to scraping injuries ŽFig. 2..",regeneration|recovery|tissue|area,candidate_review_needed,,,Select the exact printed figure/table label and panel before assigning clip/data paths.,digitization/figures/b9536b7f__rate__fig-<printed-label>_panel-<panel>.png,digitization/data/b9536b7f__rate__fig-<printed-label>_panel-<panel>.csv
DIG-b9536b7f-rate,needs_figure_id,b9536b7f-eb24-428a-8a9f-9750a74faa1f,Hall - 2001 - The response of Acropora hyacinthus and Montipora tuberculosa to three different types of colony dam.pdf,rate,local_pdf_available,literature/META_ANALYSIS_POOL/Hall - 2001 - The response of Acropora hyacinthus and Montipora tuberculosa to three different types of colony dam.pdf,7699130874ecf1ca00ceadb5707ad11ed1ba29dd51c24929e93dde27ebebee49,15,parsed,2,35,table,Table 3,10,"Table 3 The zone of tissue available for regeneration""1 SE for each injury type and species, and the results of the t-test analysing differences between species in the amount of tissue available for regeneration for each injury type Injury type Zone of regeneration Species T-test A. hyacinthus M. tuberculosa Statistic Ž df ., P Tissue Perimeter of injury Žcm. 6.00""0.21 6.19""0.54 0.72 Ž18., 0.481 Scrape Area of injury Žcm2 . 3.23""0.10 1.00""0.00 0.47 Ž17., 0.642 Break Area at base of break Žcm2 . 0.45""0.08 1.66""0.26 16.13 Ž17., 0.000",regeneration|tissue|area,candidate_review_needed,,,Select the exact printed figure/table label and panel before assigning clip/data paths.,digitization/figures/b9536b7f__rate__fig-<printed-label>_panel-<panel>.png,digitization/data/b9536b7f__rate__fig-<printed-label>_panel-<panel>.csv
DIG-b9536b7f-rate,needs_figure_id,b9536b7f-eb24-428a-8a9f-9750a74faa1f,Hall - 2001 - The response of Acropora hyacinthus and Montipora tuberculosa to three different types of colony dam.pdf,rate,local_pdf_available,literature/META_ANALYSIS_POOL/Hall - 2001 - The response of Acropora hyacinthus and Montipora tuberculosa to three different types of colony dam.pdf,7699130874ecf1ca00ceadb5707ad11ed1ba29dd51c24929e93dde27ebebee49,15,parsed,3,35,table,Table 4,11,"Table 4.. Thus, this result suggests that the recovery of breakage injuries is similar among species providing the area available for regeneration is the same. 4. Discussion",regeneration|recovery|area,candidate_review_needed,,,Select the exact printed figure/table label and panel before assigning clip/data paths.,digitization/figures/b9536b7f__rate__fig-<printed-label>_panel-<panel>.png,digitization/data/b9536b7f__rate__fig-<printed-label>_panel-<panel>.csv
DIG-b9536b7f-rate,needs_figure_id,b9536b7f-eb24-428a-8a9f-9750a74faa1f,Hall - 2001 - The response of Acropora hyacinthus and Montipora tuberculosa to three different types of colony dam.pdf,rate,local_pdf_available,literature/META_ANALYSIS_POOL/Hall - 2001 - The response of Acropora hyacinthus and Montipora tuberculosa to three different types of colony dam.pdf,7699130874ecf1ca00ceadb5707ad11ed1ba29dd51c24929e93dde27ebebee49,15,parsed,4,25,figure,Fig. 1,5,"Fig. 1. Photographs of the different injury types for A. hyacinthus Žtop row. and M. tuberculosa Žbottom row.. Ža. The size of the injury is outlined in white, and Žb. zone of tissue available for regeneration is outlined in white with the respective areas shaded in grey. For scale, the side of the box s1.8 cm.",regeneration|tissue,candidate_review_needed,,,Select the exact printed figure/table label and panel before assigning clip/data paths.,digitization/figures/b9536b7f__rate__fig-<printed-label>_panel-<panel>.png,digitization/data/b9536b7f__rate__fig-<printed-label>_panel-<panel>.csv
DIG-b9536b7f-rate,needs_figure_id,b9536b7f-eb24-428a-8a9f-9750a74faa1f,Hall - 2001 - The response of Acropora hyacinthus and Montipora tuberculosa to three different types of colony dam.pdf,rate,local_pdf_available,literature/META_ANALYSIS_POOL/Hall - 2001 - The response of Acropora hyacinthus and Montipora tuberculosa to three different types of colony dam.pdf,7699130874ecf1ca00ceadb5707ad11ed1ba29dd51c24929e93dde27ebebee49,15,parsed,5,25,table,Table 1,7,"Table 1 Summary of the repeated measures ANOVA testing for differences in regeneration between species and injury types ŽBetween Subject Effects. and how these patterns change between censuses ŽWithin Subject Effects. Source of variation df Type III SS Mean square F-ratio Probability Between Subject Effects Species 1 0.041 0.041 2.58 0.115 Injury Type 2 2.177 1.088 68.86 0.000 Species)Injury Type 2 0.132 0.066 4.19 0.021 Error 47 0.743 0.016 Tukey’s Test A. hyacinthus scrape, M. tuberculosa scrape, M. tuberculosa break, M. tuberculosa tissue, A. hyacinthus tissue, A. hyacinthus break",regeneration|tissue,candidate_review_needed,,,Select the exact printed figure/table label and panel before assigning clip/data paths.,digitization/figures/b9536b7f__rate__fig-<printed-label>_panel-<panel>.png,digitization/data/b9536b7f__rate__fig-<printed-label>_panel-<panel>.csv
DIG-33b7b9b2-rate,needs_figure_id,33b7b9b2-9041-454b-bba3-abfadd68029f,Hall et al. - 2015 - Lesion recovery of two scleractinian corals under low pH conditions Implications for restoration ef.pdf,rate,local_pdf_available,literature/META_ANALYSIS_POOL/Hall et al. - 2015 - Lesion recovery of two scleractinian corals under low pH conditions Implications for restoration ef.pdf,d7fbcfa97e20aa6b12eb3662d11895aa206407666f8c00e658d78dfb3a8504fb,7,parsed,1,25,figure,Fig. 1,3,Fig. 1. Lesion recovery of representative Porites porites and P. astreoides after 10 days under 2 pH conditions (C-8.1 and L-7.6) and for 2 fragment sizes (1 × 1 cm and 5 × 5 cm).,recovery|lesion,candidate_review_needed,,,Select the exact printed figure/table label and panel before assigning clip/data paths.,digitization/figures/33b7b9b2__rate__fig-<printed-label>_panel-<panel>.png,digitization/data/33b7b9b2__rate__fig-<printed-label>_panel-<panel>.csv
DIG-33b7b9b2-rate,needs_figure_id,33b7b9b2-9041-454b-bba3-abfadd68029f,Hall et al. - 2015 - Lesion recovery of two scleractinian corals under low pH conditions Implications for restoration ef.pdf,rate,local_pdf_available,literature/META_ANALYSIS_POOL/Hall et al. - 2015 - Lesion recovery of two scleractinian corals under low pH conditions Implications for restoration ef.pdf,d7fbcfa97e20aa6b12eb3662d11895aa206407666f8c00e658d78dfb3a8504fb,7,parsed,2,25,figure,Fig. 2,4,"Fig. 2. Average percent lesion recovery (mean ± SEM, n = 9) after 10 days for (A) Porites porites and (B) P. astreoides in low (L-7.6) and control (C-8.1) pH and two fragment sizes (1 × 1 cm and 5 × 5 cm).",recovery|lesion,candidate_review_needed,,,Select the exact printed figure/table label and panel before assigning clip/data paths.,digitization/figures/33b7b9b2__rate__fig-<printed-label>_panel-<panel>.png,digitization/data/33b7b9b2__rate__fig-<printed-label>_panel-<panel>.csv
DIG-33b7b9b2-rate,needs_figure_id,33b7b9b2-9041-454b-bba3-abfadd68029f,Hall et al. - 2015 - Lesion recovery of two scleractinian corals under low pH conditions Implications for restoration ef.pdf,rate,local_pdf_available,literature/META_ANALYSIS_POOL/Hall et al. - 2015 - Lesion recovery of two scleractinian corals under low pH conditions Implications for restoration ef.pdf,d7fbcfa97e20aa6b12eb3662d11895aa206407666f8c00e658d78dfb3a8504fb,7,parsed,3,10,figure,Fig. 3,4,"Fig. 3. Zooxanthellae cell/surface area (mean ± SEM, n = 7) for (A) Porites porites and (B) P. astreoides in low (L-7.6) and control (C-8.1) pH and two fragment sizes (1 × 1 cm and 5 × 5 cm).",area,candidate_review_needed,,,Select the exact printed figure/table label and panel before assigning clip/data paths.,digitization/figures/33b7b9b2__rate__fig-<printed-label>_panel-<panel>.png,digitization/data/33b7b9b2__rate__fig-<printed-label>_panel-<panel>.csv
DIG-33b7b9b2-rate,needs_figure_id,33b7b9b2-9041-454b-bba3-abfadd68029f,Hall et al. - 2015 - Lesion recovery of two scleractinian corals under low pH conditions Implications for restoration ef.pdf,rate,local_pdf_available,literature/META_ANALYSIS_POOL/Hall et al. - 2015 - Lesion recovery of two scleractinian corals under low pH conditions Implications for restoration ef.pdf,d7fbcfa97e20aa6b12eb3662d11895aa206407666f8c00e658d78dfb3a8504fb,7,parsed,4,10,figure,Fig. 5,5,"Fig. 5. Protein/surface area (mean ± SEM, n = 7) for (A) Porites porites and (B) P. astreoides in low (L-7.6) and control (C-8.1) pH and two fragment sizes (1 × 1 cm and 5 × 5 cm).",area,candidate_review_needed,,,Select the exact printed figure/table label and panel before assigning clip/data paths.,digitization/figures/33b7b9b2__rate__fig-<printed-label>_panel-<panel>.png,digitization/data/33b7b9b2__rate__fig-<printed-label>_panel-<panel>.csv
DIG-33b7b9b2-rate,needs_figure_id,33b7b9b2-9041-454b-bba3-abfadd68029f,Hall et al. - 2015 - Lesion recovery of two scleractinian corals under low pH conditions Implications for restoration ef.pdf,rate,local_pdf_available,literature/META_ANALYSIS_POOL/Hall et al. - 2015 - Lesion recovery of two scleractinian corals under low pH conditions Implications for restoration ef.pdf,d7fbcfa97e20aa6b12eb3662d11895aa206407666f8c00e658d78dfb3a8504fb,7,parsed,5,0,figure,Fig. 4,5,"Fig. 4. Chlorophyll a/zooxanthellae cell (mean ± SEM, n = 7) for (A) Porites porites and (B) P. astreoides in low (L-7.6) and control (C-8.1) pH and two fragment sizes (1 × 1 cm and 5 × 5 cm).",,candidate_review_needed,,,Select the exact printed figure/table label and panel before assigning clip/data paths.,digitization/figures/33b7b9b2__rate__fig-<printed-label>_panel-<panel>.png,digitization/data/33b7b9b2__rate__fig-<printed-label>_panel-<panel>.csv
DIG-2b8676ad-growth,needs_figure_id,2b8676ad-34ad-450c-8649-095d5be68458,Hall_Injury_and_regeneration_of_common_reef-crest_corals.pdf,growth,local_pdf_available,literature/META_ANALYSIS_POOL/INJURY AND REGENERATION OF COMMON REEF-CREST CORALS.pdf,1cc24104a68e64c296bee5ac19098ce87b4ec3220194033a085af6665b24e654,136,parsed,1,35,table,Table 3,16,Table 3.4. (a) Linear extension of new growth for the two injury types (tissue removal and branch removal) inflicted on A. millepora and A. gemmifera in experiment 2b. (b) Injury size and regeneration for the two injury types inflicted on A. millepora and A. gemmifera in experiment 2b …………………………………………………..………….. 55,growth|extension|linear,candidate_review_needed,,,Select the exact printed figure/table label and panel before assigning clip/data paths.,digitization/figures/2b8676ad__growth__fig-<printed-label>_panel-<panel>.png,digitization/data/2b8676ad__growth__fig-<printed-label>_panel-<panel>.csv
DIG-2b8676ad-growth,needs_figure_id,2b8676ad-34ad-450c-8649-095d5be68458,Hall_Injury_and_regeneration_of_common_reef-crest_corals.pdf,growth,local_pdf_available,literature/META_ANALYSIS_POOL/INJURY AND REGENERATION OF COMMON REEF-CREST CORALS.pdf,1cc24104a68e64c296bee5ac19098ce87b4ec3220194033a085af6665b24e654,136,parsed,2,35,table,Table 3,74,"Table 3.4: (a) Linear extension of new growth for the two injury types (tissue removal and branch removal) inflicted on A. millepora and A. gemmifera in experiment 2b (mean + 1 SE). KW represents the Kruskal- Wallis statistic obtained by comparing the differences in linear extension between the two injury types, and P equals the probability. (b) Injury size and regeneration (percent of injury recovered) for the two injury types inflicted on A. millepora and A. gemmifera in experiment 2b (mean + 1 SE). (Number of colonies =8 and 10 for A. gemmifera and A. millepora respectively).",growth|extension|linear,candidate_review_needed,,,Select the exact printed figure/table label and panel before assigning clip/data paths.,digitization/figures/2b8676ad__growth__fig-<printed-label>_panel-<panel>.png,digitization/data/2b8676ad__growth__fig-<printed-label>_panel-<panel>.csv
DIG-2b8676ad-growth,needs_figure_id,2b8676ad-34ad-450c-8649-095d5be68458,Hall_Injury_and_regeneration_of_common_reef-crest_corals.pdf,growth,local_pdf_available,literature/META_ANALYSIS_POOL/INJURY AND REGENERATION OF COMMON REEF-CREST CORALS.pdf,1cc24104a68e64c296bee5ac19098ce87b4ec3220194033a085af6665b24e654,136,parsed,3,15,table,Table 5,16,Table 5.1. A summary of ANCOVA results testing the effects of injury size and frequency of damage on colony growth (cm2) and regeneration (cm2) for each species …………………………………………………………….. 92,growth,candidate_review_needed,,,Select the exact printed figure/table label and panel before assigning clip/data paths.,digitization/figures/2b8676ad__growth__fig-<printed-label>_panel-<panel>.png,digitization/data/2b8676ad__growth__fig-<printed-label>_panel-<panel>.csv
DIG-2b8676ad-growth,needs_figure_id,2b8676ad-34ad-450c-8649-095d5be68458,Hall_Injury_and_regeneration_of_common_reef-crest_corals.pdf,growth,local_pdf_available,literature/META_ANALYSIS_POOL/INJURY AND REGENERATION OF COMMON REEF-CREST CORALS.pdf,1cc24104a68e64c296bee5ac19098ce87b4ec3220194033a085af6665b24e654,136,parsed,4,15,figure,Figure 5,19,"Figure 5.2. (a) Final colony size (cm ) adjusted for initial colony size by ANCOVA showing the effects of injury size and frequency of damage on absolute colony growth for each species. The amount of regeneration (cm2) over nine months, adjusted for initial injury size by ANCOVA, for each injury treatment by species ……………………….. 90",growth,candidate_review_needed,,,Select the exact printed figure/table label and panel before assigning clip/data paths.,digitization/figures/2b8676ad__growth__fig-<printed-label>_panel-<panel>.png,digitization/data/2b8676ad__growth__fig-<printed-label>_panel-<panel>.csv
DIG-2b8676ad-growth,needs_figure_id,2b8676ad-34ad-450c-8649-095d5be68458,Hall_Injury_and_regeneration_of_common_reef-crest_corals.pdf,growth,local_pdf_available,literature/META_ANALYSIS_POOL/INJURY AND REGENERATION OF COMMON REEF-CREST CORALS.pdf,1cc24104a68e64c296bee5ac19098ce87b4ec3220194033a085af6665b24e654,136,parsed,5,15,figure,Figure 5,109,"Figure 5.2. (a) Final colony size (cm2) adjusted for initial colony size by ANCOVA showing the effect of injury size and frequency of damage on absolute colony growth for each species. (b) The amount of regeneration (cm2) over nine months, adjusted for initial injury size by ANCOVA, for each injury treatment by species. (Error bars represent one standard error, and the numbers below each data point correspond to the number of colonies used in the analysis).",growth,candidate_review_needed,,,Select the exact printed figure/table label and panel before assigning clip/data paths.,digitization/figures/2b8676ad__growth__fig-<printed-label>_panel-<panel>.png,digitization/data/2b8676ad__growth__fig-<printed-label>_panel-<panel>.csv
DIG-2b8676ad-rate,needs_figure_id,2b8676ad-34ad-450c-8649-095d5be68458,Hall_Injury_and_regeneration_of_common_reef-crest_corals.pdf,rate,local_pdf_available,literature/META_ANALYSIS_POOL/INJURY AND REGENERATION OF COMMON REEF-CREST CORALS.pdf,1cc24104a68e64c296bee5ac19098ce87b4ec3220194033a085af6665b24e654,136,parsed,1,45,figure,Figure 4,88,"Figure 4.2 and 4.3). These results have been discussed in detail below. 4.4.1. Amount of regeneration Rates of recovery varied markedly between injury types, and also between species for breakage injuries (Between Subject Effects, Table 4.1, Figure 4.2) over 24 days. In contrast, there was no difference in recovery for scraping and tissue injures for A. hyacinthus and M. tuberculosa (Figure 4.2). The amount of regeneration of scraping injuries was high during the course of this study (> 75% of the original injury, Figure 4.2). This was in marked contrast to the recovery of tissue and breakage injuries where less than 40% of the injured area was regenerated ( Figure 4.2). However, although the regrowth of lost polyps was slow for breakage injuries, most of the section of the colony that was damaged as a result of breakage was rapidly sealed over within 12 days (also see chapter 3, section 3.4.2). For breakage injuries, the amount of recovery was approximately twice as high for M. tuberculosa as A. hyacinthus (Figure 4.2). The overall amount of recovery of all injuries types was much greater in the first 12 days as compared to the second 12 days (Within Subject Effects for census,...",regeneration|recovery|tissue|area,candidate_review_needed,,,Select the exact printed figure/table label and panel before assigning clip/data paths.,digitization/figures/2b8676ad__rate__fig-<printed-label>_panel-<panel>.png,digitization/data/2b8676ad__rate__fig-<printed-label>_panel-<panel>.csv
DIG-2b8676ad-rate,needs_figure_id,2b8676ad-34ad-450c-8649-095d5be68458,Hall_Injury_and_regeneration_of_common_reef-crest_corals.pdf,rate,local_pdf_available,literature/META_ANALYSIS_POOL/INJURY AND REGENERATION OF COMMON REEF-CREST CORALS.pdf,1cc24104a68e64c296bee5ac19098ce87b4ec3220194033a085af6665b24e654,136,parsed,2,35,table,Table 4,16,"Table 4.3. The zone of tissue available for regeneration to original injury area for each injury type and species, and the results of the t-test analysing differences between species in the amount of tissue available for regeneration for each injury type ……………………………………...…… 74",regeneration|tissue|area,candidate_review_needed,,,Select the exact printed figure/table label and panel before assigning clip/data paths.,digitization/figures/2b8676ad__rate__fig-<printed-label>_panel-<panel>.png,digitization/data/2b8676ad__rate__fig-<printed-label>_panel-<panel>.csv
DIG-2b8676ad-rate,needs_figure_id,2b8676ad-34ad-450c-8649-095d5be68458,Hall_Injury_and_regeneration_of_common_reef-crest_corals.pdf,rate,local_pdf_available,literature/META_ANALYSIS_POOL/INJURY AND REGENERATION OF COMMON REEF-CREST CORALS.pdf,1cc24104a68e64c296bee5ac19098ce87b4ec3220194033a085af6665b24e654,136,parsed,3,35,table,Table 4,16,Table 4.4. A summary of the repeated measures analysis of covariance (ANCOVA) testing for differences in regeneration between species for breakage injuries and how these patterns change between census after the effect of tissue area available for regeneration has been adjusted for. ………………………….…………………….…..… 75,regeneration|tissue|area,candidate_review_needed,,,Select the exact printed figure/table label and panel before assigning clip/data paths.,digitization/figures/2b8676ad__rate__fig-<printed-label>_panel-<panel>.png,digitization/data/2b8676ad__rate__fig-<printed-label>_panel-<panel>.csv
DIG-2b8676ad-rate,needs_figure_id,2b8676ad-34ad-450c-8649-095d5be68458,Hall_Injury_and_regeneration_of_common_reef-crest_corals.pdf,rate,local_pdf_available,literature/META_ANALYSIS_POOL/INJURY AND REGENERATION OF COMMON REEF-CREST CORALS.pdf,1cc24104a68e64c296bee5ac19098ce87b4ec3220194033a085af6665b24e654,136,parsed,4,35,figure,Figure 3,18,Figure 3.1. A photographic series showing the recovery of the tissue and scraping injuries inflicted on Porites over time ……………………………. 49,recovery|tissue|time,candidate_review_needed,,,Select the exact printed figure/table label and panel before assigning clip/data paths.,digitization/figures/2b8676ad__rate__fig-<printed-label>_panel-<panel>.png,digitization/data/2b8676ad__rate__fig-<printed-label>_panel-<panel>.csv
DIG-2b8676ad-rate,needs_figure_id,2b8676ad-34ad-450c-8649-095d5be68458,Hall_Injury_and_regeneration_of_common_reef-crest_corals.pdf,rate,local_pdf_available,literature/META_ANALYSIS_POOL/INJURY AND REGENERATION OF COMMON REEF-CREST CORALS.pdf,1cc24104a68e64c296bee5ac19098ce87b4ec3220194033a085af6665b24e654,136,parsed,5,35,figure,Figure 3,68,"Figure 3.1: A photographic series showing the recovery of the tissue and scraping injuries inflicted on Porites australiensis over time, (where a = tissue injury and b = scraping injury). A. Infliction of the injury in August. B. Recovery of injuries after 71 days. Note that the scraping injury has nearly completely regenerated while the unrepaired section of both injuries is overgrown with algae. C. Complete recovery of the scraping injury and partial recovery of the tissue injury. D. The tissue injury is still only partially recovered after 215 days. Scale bar = 1cm.",recovery|tissue|time,candidate_review_needed,,,Select the exact printed figure/table label and panel before assigning clip/data paths.,digitization/figures/2b8676ad__rate__fig-<printed-label>_panel-<panel>.png,digitization/data/2b8676ad__rate__fig-<printed-label>_panel-<panel>.csv
DIG-2b8676ad-reproduction,needs_figure_id,2b8676ad-34ad-450c-8649-095d5be68458,Hall_Injury_and_regeneration_of_common_reef-crest_corals.pdf,reproduction,local_pdf_available,literature/META_ANALYSIS_POOL/INJURY AND REGENERATION OF COMMON REEF-CREST CORALS.pdf,1cc24104a68e64c296bee5ac19098ce87b4ec3220194033a085af6665b24e654,136,parsed,1,25,table,Table 5,16,Table 5.2. A summary of ANOVA results testing colony-wide effects of injury size and frequency of damage on egg volume per polyp (mm3) and polyp fecundity for the three species …………………………………...….. 93,fecundity|egg,candidate_review_needed,,,Select the exact printed figure/table label and panel before assigning clip/data paths.,digitization/figures/2b8676ad__reproduction__fig-<printed-label>_panel-<panel>.png,digitization/data/2b8676ad__reproduction__fig-<printed-label>_panel-<panel>.csv
DIG-2b8676ad-reproduction,needs_figure_id,2b8676ad-34ad-450c-8649-095d5be68458,Hall_Injury_and_regeneration_of_common_reef-crest_corals.pdf,reproduction,local_pdf_available,literature/META_ANALYSIS_POOL/INJURY AND REGENERATION OF COMMON REEF-CREST CORALS.pdf,1cc24104a68e64c296bee5ac19098ce87b4ec3220194033a085af6665b24e654,136,parsed,2,25,figure,Figure 5,110,"Figure 5.3c). No colony-wide effect on egg volume per polyp (mm3) was detected for injury size and frequency of damage (Table 5.2, Figure 5.4c), nor for polyp fecundity from colonies that were repeatedly damaged (Table 5.2, Figure 5.3c).",fecundity|egg,candidate_review_needed,,,Select the exact printed figure/table label and panel before assigning clip/data paths.,digitization/figures/2b8676ad__reproduction__fig-<printed-label>_panel-<panel>.png,digitization/data/2b8676ad__reproduction__fig-<printed-label>_panel-<panel>.csv
DIG-2b8676ad-reproduction,needs_figure_id,2b8676ad-34ad-450c-8649-095d5be68458,Hall_Injury_and_regeneration_of_common_reef-crest_corals.pdf,reproduction,local_pdf_available,literature/META_ANALYSIS_POOL/INJURY AND REGENERATION OF COMMON REEF-CREST CORALS.pdf,1cc24104a68e64c296bee5ac19098ce87b4ec3220194033a085af6665b24e654,136,parsed,3,25,table,Table 5,112,"Table 5.2. Summary of ANOVA results testing colony-wide effects of injury size and frequency on egg volume per polyp (mm3), and the proportion of polyps with mature gonads (polyp fecundity) for the three species.",fecundity|egg,candidate_review_needed,,,Select the exact printed figure/table label and panel before assigning clip/data paths.,digitization/figures/2b8676ad__reproduction__fig-<printed-label>_panel-<panel>.png,digitization/data/2b8676ad__reproduction__fig-<printed-label>_panel-<panel>.csv
DIG-2b8676ad-reproduction,needs_figure_id,2b8676ad-34ad-450c-8649-095d5be68458,Hall_Injury_and_regeneration_of_common_reef-crest_corals.pdf,reproduction,local_pdf_available,literature/META_ANALYSIS_POOL/INJURY AND REGENERATION OF COMMON REEF-CREST CORALS.pdf,1cc24104a68e64c296bee5ac19098ce87b4ec3220194033a085af6665b24e654,136,parsed,4,25,table,Table 5,113,Table 5.3. Summary of ANOVA results testing the localised effects of injury size and frequency on egg volume per polyp (mm3) and proportion of polyps with mature gonads (polyp fecundity) for the three species.,fecundity|egg,candidate_review_needed,,,Select the exact printed figure/table label and panel before assigning clip/data paths.,digitization/figures/2b8676ad__reproduction__fig-<printed-label>_panel-<panel>.png,digitization/data/2b8676ad__reproduction__fig-<printed-label>_panel-<panel>.csv
DIG-2b8676ad-reproduction,needs_figure_id,2b8676ad-34ad-450c-8649-095d5be68458,Hall_Injury_and_regeneration_of_common_reef-crest_corals.pdf,reproduction,local_pdf_available,literature/META_ANALYSIS_POOL/INJURY AND REGENERATION OF COMMON REEF-CREST CORALS.pdf,1cc24104a68e64c296bee5ac19098ce87b4ec3220194033a085af6665b24e654,136,parsed,5,10,table,Table 5,16,Table 5.3. A summary of ANOVA results testing the effects of injury (size and frequency of damage) and position (samples taken close to and away from the injury site) on egg volume per polyp (mm3) and,egg,candidate_review_needed,,,Select the exact printed figure/table label and panel before assigning clip/data paths.,digitization/figures/2b8676ad__reproduction__fig-<printed-label>_panel-<panel>.png,digitization/data/2b8676ad__reproduction__fig-<printed-label>_panel-<panel>.csv
DIG-58b15640-growth,needs_figure_id,58b15640-3061-4ea9-a606-877701eef38c,"Hamman - 2019 - Spatial distribution of damage affects the healing, growth, and morphology of coral.pdf",growth,local_pdf_available,"literature/META_ANALYSIS_POOL/Hamman - 2019 - Spatial distribution of damage affects the healing, growth, and morphology of coral.pdf",58520979c9369d64664a3122e4e3fca08234c28c2f83c18d1112b293d5074ebe,12,parsed,1,55,figure,Fig. 3,8,"Fig. 3 Effect of lesion spacing [control: no lesions (N = 13), near: polyps. These findings build on past studies that demonstrate lesion centers separated by 1.2 cm (N = 10), far: 3.5 cm (N = 12)] on this relationship between available resources and tissue coral growth rates at different locations on the colony (represented regeneration. For example, wounds with a greater perimeter: by the angle of growth). Lines give best fits, lightly shaded regions indicate ± 1 SE, and darkly shaded regions indicate the average lesion surface area heal more quickly than similarly sized lesions locations in each treatment (corals had two lesions, with one wound (but with small perimeters) because there is more healthy located to each side of 0°) tissue bordering the lesion that can extend in and heal the lesion (Meesters et al. 1997; Oren et al. 1997a). Similarly, damage differentially affect skeletal growth patterns across smaller lesions heal more quickly than larger lesions (Henry the surface of the coral. When lesions are close together, and Hart 2005). there is a local reduction in linear extension near the lesion Previous studies have noted that lesions in clusters heal location, while...",growth|extension|linear|skeletal|area,candidate_review_needed,,,Select the exact printed figure/table label and panel before assigning clip/data paths.,digitization/figures/58b15640__growth__fig-<printed-label>_panel-<panel>.png,digitization/data/58b15640__growth__fig-<printed-label>_panel-<panel>.csv
DIG-58b15640-growth,needs_figure_id,58b15640-3061-4ea9-a606-877701eef38c,"Hamman - 2019 - Spatial distribution of damage affects the healing, growth, and morphology of coral.pdf",growth,local_pdf_available,"literature/META_ANALYSIS_POOL/Hamman - 2019 - Spatial distribution of damage affects the healing, growth, and morphology of coral.pdf",58520979c9369d64664a3122e4e3fca08234c28c2f83c18d1112b293d5074ebe,12,parsed,2,45,table,Table 1,6,"Table 1 Model selection information—field surveys of coral lesions pattern of the coral. The model that best described the Model Distribution Log likelihood AIC Δ AIC data included a quadratic and cubic term (Table 2) as the relationship between coral growth and the angle of growth Coral Negative − 427.02 864.04 0 decreased nonlinearly from the top of the coral. Corals area + site binomial without any lesions (control) grew 1.32 cm at the top of Coral area Negative − 435.50 875.01 10.97 the coral (i.e., 0°). For control corals, linear extension binomial decreased 19% for polyps that were 45° from the top of the Coral Poisson − 1783.40 3576.80 2712.77 area + site colony, and by 54% at the point where the coral extended Coral area Poisson − 2081.63 4167.26 3303.23 horizontally (i.e., at 90°, Fig. 4). Corals with lesions far apart (centers separated by Models were fit for the number of coral lesions at the quadrat level. 3.5 cm) showed only a 3% reduction in growth compared The best model included both the area of live tissue, site, and an over- dispersion term indicating spatial clustering to the undamaged corals, and this reduction across the col- ony was not significant (Table 3...",growth|extension|linear|area,candidate_review_needed,,,Select the exact printed figure/table label and panel before assigning clip/data paths.,digitization/figures/58b15640__growth__fig-<printed-label>_panel-<panel>.png,digitization/data/58b15640__growth__fig-<printed-label>_panel-<panel>.csv
DIG-58b15640-growth,needs_figure_id,58b15640-3061-4ea9-a606-877701eef38c,"Hamman - 2019 - Spatial distribution of damage affects the healing, growth, and morphology of coral.pdf",growth,local_pdf_available,"literature/META_ANALYSIS_POOL/Hamman - 2019 - Spatial distribution of damage affects the healing, growth, and morphology of coral.pdf",58520979c9369d64664a3122e4e3fca08234c28c2f83c18d1112b293d5074ebe,12,parsed,3,25,figure,Fig. 2,7,"Fig. 2 Effect of lesion spacing on a percent of lesion healed and b 3.5 cm after 20 days, but not 39. There were no significant effects coral skeletal growth rate and after 20 (light gray bars) and 39 (dark between distance between lesion centers and skeletal growth. Values gray bars) days. The percent of lesion healed was significant between plotted are fitted values from the mixed effects model and error bars corals with lesions with centers separated by 1.2 cm and by at least represent ± 1 SE (N = 10)",growth|skeletal,candidate_review_needed,,,Select the exact printed figure/table label and panel before assigning clip/data paths.,digitization/figures/58b15640__growth__fig-<printed-label>_panel-<panel>.png,digitization/data/58b15640__growth__fig-<printed-label>_panel-<panel>.csv
DIG-58b15640-growth,needs_figure_id,58b15640-3061-4ea9-a606-877701eef38c,"Hamman - 2019 - Spatial distribution of damage affects the healing, growth, and morphology of coral.pdf",growth,local_pdf_available,"literature/META_ANALYSIS_POOL/Hamman - 2019 - Spatial distribution of damage affects the healing, growth, and morphology of coral.pdf",58520979c9369d64664a3122e4e3fca08234c28c2f83c18d1112b293d5074ebe,12,parsed,4,20,table,Table 2,7,Table 2 Model selection Model Log likelihood AIC Δ AIC information—effect of lesion spacing on linear extension Treatment + angle2 + angle2 + treatment × angle2 + treatment × angle3 298.26 − 574.52 0 Treatment + angle + treatment × angle 278.74 − 541.49 33.04 Treatment + angle + angle2 + angle3 + treatment × angle + treat- 283.22 − 538.44 36.09 ment × angle2 + treatment × angle3 Treatment + angle + angle2 + treatment × angle + treatment × angle2 278.34 − 534.68 39.84 Treatment + angle3 + treatment × angle3 264.33 − 506.67 67.85 Treatment + angle2 + treatment × angle2 114.37 − 212.73 361.79,extension|linear,candidate_review_needed,,,Select the exact printed figure/table label and panel before assigning clip/data paths.,digitization/figures/58b15640__growth__fig-<printed-label>_panel-<panel>.png,digitization/data/58b15640__growth__fig-<printed-label>_panel-<panel>.csv
DIG-58b15640-growth,needs_figure_id,58b15640-3061-4ea9-a606-877701eef38c,"Hamman - 2019 - Spatial distribution of damage affects the healing, growth, and morphology of coral.pdf",growth,local_pdf_available,"literature/META_ANALYSIS_POOL/Hamman - 2019 - Spatial distribution of damage affects the healing, growth, and morphology of coral.pdf",58520979c9369d64664a3122e4e3fca08234c28c2f83c18d1112b293d5074ebe,12,parsed,5,20,table,Table 3,7,"Table 3 Parameter estimates—effect of lesion spacing on linear Near the snail, there was an increase in the topographic com- extension plexity, while in areas away from the snails, topographic Effect Value Std. error t value p value complexity decreased (t28, P = 0.047, Fig. 4a). Linear exten- sion of coral was reduced by 68% in the presence of C. vio- Intercept 1.32 0.063 20.90 < 0.0001 lacea (t18.5, P = 0.0023, Fig. 4b). These results support the Near − 0.24 0.10 − 2.53 0.016 hypothesis that snails increase the heterogeneity of coral Far − .04 0.091 − 0.43 0.67 morphology by decreasing linear extension rates of the coral Angle2 − 0.00016 < 0.0001 − 25.41 < 0.0001 near where they feed and that this effect is quite localized Angle3 < 0.0001 < 0.0001 15.28 < 0.0001 (e.g., much smaller than the scale over which I measured Near × angle2 0.0001 < 0.0001 8.79 < 0.0001 topographic heterogeneity, 20 cm). Far × angle2 − 0.00001 < 0.0001 − 1.62 0.11 Near × angle3 ≥ 0.0001 < 0.0001 − 7.22 < 0.0001 Far × angle3 < 0.0001 < 0.0001 2.81 0.0049",extension|linear,candidate_review_needed,,,Select the exact printed figure/table label and panel before assigning clip/data paths.,digitization/figures/58b15640__growth__fig-<printed-label>_panel-<panel>.png,digitization/data/58b15640__growth__fig-<printed-label>_panel-<panel>.csv
DIG-58b15640-rate,needs_figure_id,58b15640-3061-4ea9-a606-877701eef38c,"Hamman - 2019 - Spatial distribution of damage affects the healing, growth, and morphology of coral.pdf",rate,local_pdf_available,"literature/META_ANALYSIS_POOL/Hamman - 2019 - Spatial distribution of damage affects the healing, growth, and morphology of coral.pdf",58520979c9369d64664a3122e4e3fca08234c28c2f83c18d1112b293d5074ebe,12,parsed,1,55,figure,Fig. 3,8,"Fig. 3 Effect of lesion spacing [control: no lesions (N = 13), near: polyps. These findings build on past studies that demonstrate lesion centers separated by 1.2 cm (N = 10), far: 3.5 cm (N = 12)] on this relationship between available resources and tissue coral growth rates at different locations on the colony (represented regeneration. For example, wounds with a greater perimeter: by the angle of growth). Lines give best fits, lightly shaded regions indicate ± 1 SE, and darkly shaded regions indicate the average lesion surface area heal more quickly than similarly sized lesions locations in each treatment (corals had two lesions, with one wound (but with small perimeters) because there is more healthy located to each side of 0°) tissue bordering the lesion that can extend in and heal the lesion (Meesters et al. 1997; Oren et al. 1997a). Similarly, damage differentially affect skeletal growth patterns across smaller lesions heal more quickly than larger lesions (Henry the surface of the coral. When lesions are close together, and Hart 2005). there is a local reduction in linear extension near the lesion Previous studies have noted that lesions in clusters heal location, while...",regeneration|lesion|wound|tissue|area,candidate_review_needed,,,Select the exact printed figure/table label and panel before assigning clip/data paths.,digitization/figures/58b15640__rate__fig-<printed-label>_panel-<panel>.png,digitization/data/58b15640__rate__fig-<printed-label>_panel-<panel>.csv
DIG-58b15640-rate,needs_figure_id,58b15640-3061-4ea9-a606-877701eef38c,"Hamman - 2019 - Spatial distribution of damage affects the healing, growth, and morphology of coral.pdf",rate,local_pdf_available,"literature/META_ANALYSIS_POOL/Hamman - 2019 - Spatial distribution of damage affects the healing, growth, and morphology of coral.pdf",58520979c9369d64664a3122e4e3fca08234c28c2f83c18d1112b293d5074ebe,12,parsed,2,20,figure,Fig. 1,6,"Fig. 1 Spatial patterning of coral lesions, giving a the density (num- resent predictions for c = 1 (equal elliptical axes), and c = 2 (the major ber of lesions per live area of coral) among quadrats, b the distance elliptical axis is twice that of the minor). Results are based on 97 to the centroid of the nearest neighboring lesion, c the shape of the quadrats (a, c), and 3957 lesions (b, d). All histogram x axes are on lesions, and d the size of the lesions. In panel c, the dashed lines rep- the log10 scale",lesion|area,candidate_review_needed,,,Select the exact printed figure/table label and panel before assigning clip/data paths.,digitization/figures/58b15640__rate__fig-<printed-label>_panel-<panel>.png,digitization/data/58b15640__rate__fig-<printed-label>_panel-<panel>.csv
DIG-58b15640-rate,needs_figure_id,58b15640-3061-4ea9-a606-877701eef38c,"Hamman - 2019 - Spatial distribution of damage affects the healing, growth, and morphology of coral.pdf",rate,local_pdf_available,"literature/META_ANALYSIS_POOL/Hamman - 2019 - Spatial distribution of damage affects the healing, growth, and morphology of coral.pdf",58520979c9369d64664a3122e4e3fca08234c28c2f83c18d1112b293d5074ebe,12,parsed,3,20,table,Table 1,6,"Table 1 Model selection information—field surveys of coral lesions pattern of the coral. The model that best described the Model Distribution Log likelihood AIC Δ AIC data included a quadratic and cubic term (Table 2) as the relationship between coral growth and the angle of growth Coral Negative − 427.02 864.04 0 decreased nonlinearly from the top of the coral. Corals area + site binomial without any lesions (control) grew 1.32 cm at the top of Coral area Negative − 435.50 875.01 10.97 the coral (i.e., 0°). For control corals, linear extension binomial decreased 19% for polyps that were 45° from the top of the Coral Poisson − 1783.40 3576.80 2712.77 area + site colony, and by 54% at the point where the coral extended Coral area Poisson − 2081.63 4167.26 3303.23 horizontally (i.e., at 90°, Fig. 4). Corals with lesions far apart (centers separated by Models were fit for the number of coral lesions at the quadrat level. 3.5 cm) showed only a 3% reduction in growth compared The best model included both the area of live tissue, site, and an over- dispersion term indicating spatial clustering to the undamaged corals, and this reduction across the col- ony was not significant (Table 3...",tissue|area,candidate_review_needed,,,Select the exact printed figure/table label and panel before assigning clip/data paths.,digitization/figures/58b15640__rate__fig-<printed-label>_panel-<panel>.png,digitization/data/58b15640__rate__fig-<printed-label>_panel-<panel>.csv
DIG-58b15640-rate,needs_figure_id,58b15640-3061-4ea9-a606-877701eef38c,"Hamman - 2019 - Spatial distribution of damage affects the healing, growth, and morphology of coral.pdf",rate,local_pdf_available,"literature/META_ANALYSIS_POOL/Hamman - 2019 - Spatial distribution of damage affects the healing, growth, and morphology of coral.pdf",58520979c9369d64664a3122e4e3fca08234c28c2f83c18d1112b293d5074ebe,12,parsed,4,20,figure,Fig. 2,7,"Fig. 2 Effect of lesion spacing on a percent of lesion healed and b 3.5 cm after 20 days, but not 39. There were no significant effects coral skeletal growth rate and after 20 (light gray bars) and 39 (dark between distance between lesion centers and skeletal growth. Values gray bars) days. The percent of lesion healed was significant between plotted are fitted values from the mixed effects model and error bars corals with lesions with centers separated by 1.2 cm and by at least represent ± 1 SE (N = 10)",lesion|rate,candidate_review_needed,,,Select the exact printed figure/table label and panel before assigning clip/data paths.,digitization/figures/58b15640__rate__fig-<printed-label>_panel-<panel>.png,digitization/data/58b15640__rate__fig-<printed-label>_panel-<panel>.csv
DIG-58b15640-rate,needs_figure_id,58b15640-3061-4ea9-a606-877701eef38c,"Hamman - 2019 - Spatial distribution of damage affects the healing, growth, and morphology of coral.pdf",rate,local_pdf_available,"literature/META_ANALYSIS_POOL/Hamman - 2019 - Spatial distribution of damage affects the healing, growth, and morphology of coral.pdf",58520979c9369d64664a3122e4e3fca08234c28c2f83c18d1112b293d5074ebe,12,parsed,5,10,table,Table 2,7,Table 2 Model selection Model Log likelihood AIC Δ AIC information—effect of lesion spacing on linear extension Treatment + angle2 + angle2 + treatment × angle2 + treatment × angle3 298.26 − 574.52 0 Treatment + angle + treatment × angle 278.74 − 541.49 33.04 Treatment + angle + angle2 + angle3 + treatment × angle + treat- 283.22 − 538.44 36.09 ment × angle2 + treatment × angle3 Treatment + angle + angle2 + treatment × angle + treatment × angle2 278.34 − 534.68 39.84 Treatment + angle3 + treatment × angle3 264.33 − 506.67 67.85 Treatment + angle2 + treatment × angle2 114.37 − 212.73 361.79,lesion,candidate_review_needed,,,Select the exact printed figure/table label and panel before assigning clip/data paths.,digitization/figures/58b15640__rate__fig-<printed-label>_panel-<panel>.png,digitization/data/58b15640__rate__fig-<printed-label>_panel-<panel>.csv
DIG-5f4a560f-rate,needs_figure_id,5f4a560f-1449-4b1d-96ad-236a0da5fcb7,Horwitz and Fine - 2014 - High CO2 detrimentally affects tissue regeneration of Red Sea corals.pdf,rate,local_pdf_available,literature/META_ANALYSIS_POOL/Horwitz and Fine - 2014 - High CO2 detrimentally affects tissue regeneration of Red Sea corals.pdf,3c90102cf389a5cb5790c3d6a3c0cbd48a13f459035ae4ae136a54963a80ab82,11,parsed,1,45,figure,Fig. 1,3,"Fig. 1 Lesion recovery of representative Stylophora pistillata frag- when compared to 1,800 latm (intermediate) and 4,000 latm (high). ments after 0, 30, and 60 d under three pCO2 treatments (400, 1,800, After 60 d, there was complete tissue recovery in 400 latm (control), and 4,000 latm). Thirty days from onset of the experiment, similar whereas fragments in the intermediate and high treatments showed size lesions in 400 latm (control) demonstrated a higher recovery rate only partial recovery",recovery|lesion|tissue|rate,candidate_review_needed,,,Select the exact printed figure/table label and panel before assigning clip/data paths.,digitization/figures/5f4a560f__rate__fig-<printed-label>_panel-<panel>.png,digitization/data/5f4a560f__rate__fig-<printed-label>_panel-<panel>.csv
DIG-5f4a560f-rate,needs_figure_id,5f4a560f-1449-4b1d-96ad-236a0da5fcb7,Horwitz and Fine - 2014 - High CO2 detrimentally affects tissue regeneration of Red Sea corals.pdf,rate,local_pdf_available,literature/META_ANALYSIS_POOL/Horwitz and Fine - 2014 - High CO2 detrimentally affects tissue regeneration of Red Sea corals.pdf,3c90102cf389a5cb5790c3d6a3c0cbd48a13f459035ae4ae136a54963a80ab82,11,parsed,2,25,figure,Fig. 2,4,"Fig. 2) and the end of the experimental period (n = 6). The BioTek, USA). Total protein to surface area ratio was length of the experiment differed between species because of determined to examine changes in coral biomass. differences in recovery length (Porites sp. and F. favus, 120 d; A. eurystoma, 100 d; S. pistillata, 60 d). Statistical analyses",recovery|area,candidate_review_needed,,,Select the exact printed figure/table label and panel before assigning clip/data paths.,digitization/figures/5f4a560f__rate__fig-<printed-label>_panel-<panel>.png,digitization/data/5f4a560f__rate__fig-<printed-label>_panel-<panel>.csv
DIG-5f4a560f-rate,needs_figure_id,5f4a560f-1449-4b1d-96ad-236a0da5fcb7,Horwitz and Fine - 2014 - High CO2 detrimentally affects tissue regeneration of Red Sea corals.pdf,rate,local_pdf_available,literature/META_ANALYSIS_POOL/Horwitz and Fine - 2014 - High CO2 detrimentally affects tissue regeneration of Red Sea corals.pdf,3c90102cf389a5cb5790c3d6a3c0cbd48a13f459035ae4ae136a54963a80ab82,11,parsed,3,25,figure,Fig. 2,5,"Fig. 2 Percentage tissue regeneration of lesions after 60 d under pistillata (mean ± SEM; n = 6). Letters indicate significant differ- three pCO2 treatments (400, 1,800, and 4,000 latm) in: a Porites sp. ences in percentage tissue regeneration between different pCO2 (mean ± SEM; n = 6), b Favia favus (mean ± SEM; n = 6), treatments (Tukey, p \ 0.05) c Acropora eurystoma (mean ± SEM; n = 6), and d Stylophora",regeneration|tissue,candidate_review_needed,,,Select the exact printed figure/table label and panel before assigning clip/data paths.,digitization/figures/5f4a560f__rate__fig-<printed-label>_panel-<panel>.png,digitization/data/5f4a560f__rate__fig-<printed-label>_panel-<panel>.csv
DIG-5f4a560f-rate,needs_figure_id,5f4a560f-1449-4b1d-96ad-236a0da5fcb7,Horwitz and Fine - 2014 - High CO2 detrimentally affects tissue regeneration of Red Sea corals.pdf,rate,local_pdf_available,literature/META_ANALYSIS_POOL/Horwitz and Fine - 2014 - High CO2 detrimentally affects tissue regeneration of Red Sea corals.pdf,3c90102cf389a5cb5790c3d6a3c0cbd48a13f459035ae4ae136a54963a80ab82,11,parsed,4,15,figure,Fig. 4d,7,"Fig. 4d), whereas there were no significant differences detected compared to high pCO2/low pH treatments (Figs. 1, 2). We in Symbiodinium chlorophyll concentrations of Porites sp., F. proclaim that high pCO2/low pH conditions exposed the favus, and A. eurystoma. studied coral species to unfavorable conditions thereby impairing regeneration performance. Generally, the regen- eration of injuries within colonies of the same species is not",regeneration,candidate_review_needed,,,Select the exact printed figure/table label and panel before assigning clip/data paths.,digitization/figures/5f4a560f__rate__fig-<printed-label>_panel-<panel>.png,digitization/data/5f4a560f__rate__fig-<printed-label>_panel-<panel>.csv
DIG-5f4a560f-rate,needs_figure_id,5f4a560f-1449-4b1d-96ad-236a0da5fcb7,Horwitz and Fine - 2014 - High CO2 detrimentally affects tissue regeneration of Red Sea corals.pdf,rate,local_pdf_available,literature/META_ANALYSIS_POOL/Horwitz and Fine - 2014 - High CO2 detrimentally affects tissue regeneration of Red Sea corals.pdf,3c90102cf389a5cb5790c3d6a3c0cbd48a13f459035ae4ae136a54963a80ab82,11,parsed,5,0,table,Table 1,4,"Table 1 Carbonate chemistry of seawater in the three pCO2 treatments (400, 1,800, and 4,000 latm) calculated from pHNBS, total alkalinity (TA), ambient seawater temperature, and salinity (41 ppm) using the program CO2SYS (Pierrot et al. 2006) pHNBS TA (leq kg-1) pCO2 (latm) DIC HC0- 3 CO32- CO2(aq) Xarag (lmol kg-1) (lmol kg-1) (lmol kg-1) (lmol kg-1)",,candidate_review_needed,,,Select the exact printed figure/table label and panel before assigning clip/data paths.,digitization/figures/5f4a560f__rate__fig-<printed-label>_panel-<panel>.png,digitization/data/5f4a560f__rate__fig-<printed-label>_panel-<panel>.csv
DIG-4cc9b30b-growth,needs_figure_id,4cc9b30b-9ed8-4123-82aa-2f182db391b7,Jayewardene - 2010 - Experimental determination of the cost of lesion healing on Porites compressa growth.pdf,growth,local_pdf_available,literature/META_ANALYSIS_POOL/Jayewardene - 2010 - Experimental determination of the cost of lesion healing on Porites compressa growth.pdf,1cb4dd2ba6245d09e80eba1e3db671a6436d9a0ee35b3a1ec0eb821e94e88b99,5,parsed,1,15,figure,Fig. 1,2,"Fig. 1 The four treatment groups: 5-cm undamaged controls, 4-cm tall scarred nubbins, 2-cm tall scarred nubbins, and 1-cm tall scarred Lesion-healing rates were compared among treatments nubbins using a one-way ANOVA. Nubbin growth rates among",growth,candidate_review_needed,,,Select the exact printed figure/table label and panel before assigning clip/data paths.,digitization/figures/4cc9b30b__growth__fig-<printed-label>_panel-<panel>.png,digitization/data/4cc9b30b__growth__fig-<printed-label>_panel-<panel>.csv
DIG-4cc9b30b-growth,needs_figure_id,4cc9b30b-9ed8-4123-82aa-2f182db391b7,Jayewardene - 2010 - Experimental determination of the cost of lesion healing on Porites compressa growth.pdf,growth,local_pdf_available,literature/META_ANALYSIS_POOL/Jayewardene - 2010 - Experimental determination of the cost of lesion healing on Porites compressa growth.pdf,1cb4dd2ba6245d09e80eba1e3db671a6436d9a0ee35b3a1ec0eb821e94e88b99,5,parsed,2,10,figure,Fig. 2,3,"Fig. 2 The average cumulative weight gain (g cm-2) for 5-cm branching Acropora palmata in the Caribbean (Meesters undamaged controls, 4-cm treatment nubbins, 2-cm treatment nub- and Bak 1995). Furthermore, as branched corals are more bins, and 1-cm treatment nubbins over the course of the 3-month monitoring period. The dashed line indicates the average time of scar prone to fragmentation, they tend to have rapid rates of healing tissue regeneration (Hall 1997), which promotes successful",weight,candidate_review_needed,,,Select the exact printed figure/table label and panel before assigning clip/data paths.,digitization/figures/4cc9b30b__growth__fig-<printed-label>_panel-<panel>.png,digitization/data/4cc9b30b__growth__fig-<printed-label>_panel-<panel>.csv
DIG-4cc9b30b-rate,needs_figure_id,4cc9b30b-9ed8-4123-82aa-2f182db391b7,Jayewardene - 2010 - Experimental determination of the cost of lesion healing on Porites compressa growth.pdf,rate,local_pdf_available,literature/META_ANALYSIS_POOL/Jayewardene - 2010 - Experimental determination of the cost of lesion healing on Porites compressa growth.pdf,1cb4dd2ba6245d09e80eba1e3db671a6436d9a0ee35b3a1ec0eb821e94e88b99,5,parsed,1,45,figure,Fig. 2,3,"Fig. 2 The average cumulative weight gain (g cm-2) for 5-cm branching Acropora palmata in the Caribbean (Meesters undamaged controls, 4-cm treatment nubbins, 2-cm treatment nub- and Bak 1995). Furthermore, as branched corals are more bins, and 1-cm treatment nubbins over the course of the 3-month monitoring period. The dashed line indicates the average time of scar prone to fragmentation, they tend to have rapid rates of healing tissue regeneration (Hall 1997), which promotes successful",regeneration|healing|tissue|time,candidate_review_needed,,,Select the exact printed figure/table label and panel before assigning clip/data paths.,digitization/figures/4cc9b30b__rate__fig-<printed-label>_panel-<panel>.png,digitization/data/4cc9b30b__rate__fig-<printed-label>_panel-<panel>.csv
DIG-4cc9b30b-rate,needs_figure_id,4cc9b30b-9ed8-4123-82aa-2f182db391b7,Jayewardene - 2010 - Experimental determination of the cost of lesion healing on Porites compressa growth.pdf,rate,local_pdf_available,literature/META_ANALYSIS_POOL/Jayewardene - 2010 - Experimental determination of the cost of lesion healing on Porites compressa growth.pdf,1cb4dd2ba6245d09e80eba1e3db671a6436d9a0ee35b3a1ec0eb821e94e88b99,5,parsed,2,25,figure,Fig. 1,2,"Fig. 1 The four treatment groups: 5-cm undamaged controls, 4-cm tall scarred nubbins, 2-cm tall scarred nubbins, and 1-cm tall scarred Lesion-healing rates were compared among treatments nubbins using a one-way ANOVA. Nubbin growth rates among",healing|lesion,candidate_review_needed,,,Select the exact printed figure/table label and panel before assigning clip/data paths.,digitization/figures/4cc9b30b__rate__fig-<printed-label>_panel-<panel>.png,digitization/data/4cc9b30b__rate__fig-<printed-label>_panel-<panel>.csv
DIG-45fcfd8e-growth,needs_figure_id,45fcfd8e-a2d2-4345-aec0-baeb03f883a4,Jayewardene et al. - 2009 - Effects of frequent fish predation on corals in Hawaii.pdf,growth,local_pdf_available,literature/META_ANALYSIS_POOL/Jayewardene et al. - 2009 - Effects of frequent fish predation on corals in Hawaii.pdf,bb579bc1efa13420851b1d71e23c52bb9c96f8f583b191c0ec8c86edd71c7e7b,8,parsed,1,20,figure,Fig. 1,2,"Fig. 1 Map of the Main Hawaiian Islands showing study sites. Sites lesions when feeding on coral (Jayewardene and Birkeland marked with * indicate ‘‘open’’ sites where fishing was unregulated, 2006). They are, however, very skittish and thus seldom ** indicates sites with ‘‘partial’’ protection where lay netting was seen in action by divers. All but one of Hawaii’s 13 species prohibited, and *** indicates ‘‘no-take’’ sites where all fishing was of corallivorous butterflyfishes do not inflict visible lesions prohibited. Arrows indicate locations where nubbins were collected for transplant experiments because they feed only on the tissue of coral polyps (Randall 2007). The teardrop butterflyfish (Chaetodon uni- maculatus) is the exception, but it usually has only been seen Kealakakua Bay). The shallow areas were included in the to bite off small amounts of skeletal material from the rice study to increase the range in the background cover of coral (Montipora capitata) (E. F. Cox, pers. comm.). P. compressa found across study sites. Surveys and The goal of this study was to determine the role that experiments at each site were conducted within an area of corallivory by C. dumerilii...",skeletal|area,candidate_review_needed,,,Select the exact printed figure/table label and panel before assigning clip/data paths.,digitization/figures/45fcfd8e__growth__fig-<printed-label>_panel-<panel>.png,digitization/data/45fcfd8e__growth__fig-<printed-label>_panel-<panel>.csv
DIG-45fcfd8e-growth,needs_figure_id,45fcfd8e-a2d2-4345-aec0-baeb03f883a4,Jayewardene et al. - 2009 - Effects of frequent fish predation on corals in Hawaii.pdf,growth,local_pdf_available,literature/META_ANALYSIS_POOL/Jayewardene et al. - 2009 - Effects of frequent fish predation on corals in Hawaii.pdf,bb579bc1efa13420851b1d71e23c52bb9c96f8f583b191c0ec8c86edd71c7e7b,8,parsed,2,0,figure,Fig. 2,3,"Fig. 2 Bite marks by Arothron meleagris on a Porites compressa, b, c Porites lobata, by Cantherhines dumerillii on d Pocillopora meandrina, and e by the bullethead parrotfish (Chlorurus sordidus) on non-coral tissue adjacent to P. lobata",,candidate_review_needed,,,Select the exact printed figure/table label and panel before assigning clip/data paths.,digitization/figures/45fcfd8e__growth__fig-<printed-label>_panel-<panel>.png,digitization/data/45fcfd8e__growth__fig-<printed-label>_panel-<panel>.csv
DIG-45fcfd8e-growth,needs_figure_id,45fcfd8e-a2d2-4345-aec0-baeb03f883a4,Jayewardene et al. - 2009 - Effects of frequent fish predation on corals in Hawaii.pdf,growth,local_pdf_available,literature/META_ANALYSIS_POOL/Jayewardene et al. - 2009 - Effects of frequent fish predation on corals in Hawaii.pdf,bb579bc1efa13420851b1d71e23c52bb9c96f8f583b191c0ec8c86edd71c7e7b,8,parsed,3,0,figure,Fig. 3,5,Fig. 3 Experimental predation (# of bites tile-1) on transplanted Expected number of bites was calculated assuming that bites were Porites compressa nubbins in relation to the observed predation distributed in proportion to coral cover. Differences between observed pressure (# of bites m-1 P. compressa tissue) by Arothron meleagris and expected bites were assessed using a binomial test on P. compressa in the field at sites. Error bars indicate ±1 SD for y-axis and ±1 SE for x-axis,,candidate_review_needed,,,Select the exact printed figure/table label and panel before assigning clip/data paths.,digitization/figures/45fcfd8e__growth__fig-<printed-label>_panel-<panel>.png,digitization/data/45fcfd8e__growth__fig-<printed-label>_panel-<panel>.csv
DIG-45fcfd8e-growth,needs_figure_id,45fcfd8e-a2d2-4345-aec0-baeb03f883a4,Jayewardene et al. - 2009 - Effects of frequent fish predation on corals in Hawaii.pdf,growth,local_pdf_available,literature/META_ANALYSIS_POOL/Jayewardene et al. - 2009 - Effects of frequent fish predation on corals in Hawaii.pdf,bb579bc1efa13420851b1d71e23c52bb9c96f8f583b191c0ec8c86edd71c7e7b,8,parsed,4,0,table,Table 1,5,"Table 1 Total coral cover (%), coral cover of the three most common species (%), bite density on these species (# bites/m-1) and the intensity of predation on small (1–2 cm) and large (4–5 cm) experimental Porites compressa nubbins (number of bites tile-1, max = 4 bites tile-1) across study sites Sites % Coral (±SE) # Bites/m-1 (±SE) # Bites/tile (±SD) Total PC PL PM PC PL PM Small Large",,candidate_review_needed,,,Select the exact printed figure/table label and panel before assigning clip/data paths.,digitization/figures/45fcfd8e__growth__fig-<printed-label>_panel-<panel>.png,digitization/data/45fcfd8e__growth__fig-<printed-label>_panel-<panel>.csv
DIG-45fcfd8e-growth,needs_figure_id,45fcfd8e-a2d2-4345-aec0-baeb03f883a4,Jayewardene et al. - 2009 - Effects of frequent fish predation on corals in Hawaii.pdf,growth,local_pdf_available,literature/META_ANALYSIS_POOL/Jayewardene et al. - 2009 - Effects of frequent fish predation on corals in Hawaii.pdf,bb579bc1efa13420851b1d71e23c52bb9c96f8f583b191c0ec8c86edd71c7e7b,8,parsed,5,0,table,Table 2,5,Table 2 Observed and expected bites on Porites compressa (PC) and Porites lobata (PL) per site Sites Expected # bites Observed # bites Direction PC PL PC PL PC PL,,candidate_review_needed,,,Select the exact printed figure/table label and panel before assigning clip/data paths.,digitization/figures/45fcfd8e__growth__fig-<printed-label>_panel-<panel>.png,digitization/data/45fcfd8e__growth__fig-<printed-label>_panel-<panel>.csv
DIG-45fcfd8e-survival,needs_figure_id,45fcfd8e-a2d2-4345-aec0-baeb03f883a4,Jayewardene et al. - 2009 - Effects of frequent fish predation on corals in Hawaii.pdf,survival,local_pdf_available,literature/META_ANALYSIS_POOL/Jayewardene et al. - 2009 - Effects of frequent fish predation on corals in Hawaii.pdf,bb579bc1efa13420851b1d71e23c52bb9c96f8f583b191c0ec8c86edd71c7e7b,8,parsed,1,0,figure,Fig. 1,2,"Fig. 1 Map of the Main Hawaiian Islands showing study sites. Sites lesions when feeding on coral (Jayewardene and Birkeland marked with * indicate ‘‘open’’ sites where fishing was unregulated, 2006). They are, however, very skittish and thus seldom ** indicates sites with ‘‘partial’’ protection where lay netting was seen in action by divers. All but one of Hawaii’s 13 species prohibited, and *** indicates ‘‘no-take’’ sites where all fishing was of corallivorous butterflyfishes do not inflict visible lesions prohibited. Arrows indicate locations where nubbins were collected for transplant experiments because they feed only on the tissue of coral polyps (Randall 2007). The teardrop butterflyfish (Chaetodon uni- maculatus) is the exception, but it usually has only been seen Kealakakua Bay). The shallow areas were included in the to bite off small amounts of skeletal material from the rice study to increase the range in the background cover of coral (Montipora capitata) (E. F. Cox, pers. comm.). P. compressa found across study sites. Surveys and The goal of this study was to determine the role that experiments at each site were conducted within an area of corallivory by C. dumerilii...",,candidate_review_needed,,,Select the exact printed figure/table label and panel before assigning clip/data paths.,digitization/figures/45fcfd8e__survival__fig-<printed-label>_panel-<panel>.png,digitization/data/45fcfd8e__survival__fig-<printed-label>_panel-<panel>.csv
DIG-45fcfd8e-survival,needs_figure_id,45fcfd8e-a2d2-4345-aec0-baeb03f883a4,Jayewardene et al. - 2009 - Effects of frequent fish predation on corals in Hawaii.pdf,survival,local_pdf_available,literature/META_ANALYSIS_POOL/Jayewardene et al. - 2009 - Effects of frequent fish predation on corals in Hawaii.pdf,bb579bc1efa13420851b1d71e23c52bb9c96f8f583b191c0ec8c86edd71c7e7b,8,parsed,2,0,figure,Fig. 2,3,"Fig. 2 Bite marks by Arothron meleagris on a Porites compressa, b, c Porites lobata, by Cantherhines dumerillii on d Pocillopora meandrina, and e by the bullethead parrotfish (Chlorurus sordidus) on non-coral tissue adjacent to P. lobata",,candidate_review_needed,,,Select the exact printed figure/table label and panel before assigning clip/data paths.,digitization/figures/45fcfd8e__survival__fig-<printed-label>_panel-<panel>.png,digitization/data/45fcfd8e__survival__fig-<printed-label>_panel-<panel>.csv
DIG-45fcfd8e-survival,needs_figure_id,45fcfd8e-a2d2-4345-aec0-baeb03f883a4,Jayewardene et al. - 2009 - Effects of frequent fish predation on corals in Hawaii.pdf,survival,local_pdf_available,literature/META_ANALYSIS_POOL/Jayewardene et al. - 2009 - Effects of frequent fish predation on corals in Hawaii.pdf,bb579bc1efa13420851b1d71e23c52bb9c96f8f583b191c0ec8c86edd71c7e7b,8,parsed,3,0,figure,Fig. 3,5,Fig. 3 Experimental predation (# of bites tile-1) on transplanted Expected number of bites was calculated assuming that bites were Porites compressa nubbins in relation to the observed predation distributed in proportion to coral cover. Differences between observed pressure (# of bites m-1 P. compressa tissue) by Arothron meleagris and expected bites were assessed using a binomial test on P. compressa in the field at sites. Error bars indicate ±1 SD for y-axis and ±1 SE for x-axis,,candidate_review_needed,,,Select the exact printed figure/table label and panel before assigning clip/data paths.,digitization/figures/45fcfd8e__survival__fig-<printed-label>_panel-<panel>.png,digitization/data/45fcfd8e__survival__fig-<printed-label>_panel-<panel>.csv
DIG-45fcfd8e-survival,needs_figure_id,45fcfd8e-a2d2-4345-aec0-baeb03f883a4,Jayewardene et al. - 2009 - Effects of frequent fish predation on corals in Hawaii.pdf,survival,local_pdf_available,literature/META_ANALYSIS_POOL/Jayewardene et al. - 2009 - Effects of frequent fish predation on corals in Hawaii.pdf,bb579bc1efa13420851b1d71e23c52bb9c96f8f583b191c0ec8c86edd71c7e7b,8,parsed,4,0,table,Table 1,5,"Table 1 Total coral cover (%), coral cover of the three most common species (%), bite density on these species (# bites/m-1) and the intensity of predation on small (1–2 cm) and large (4–5 cm) experimental Porites compressa nubbins (number of bites tile-1, max = 4 bites tile-1) across study sites Sites % Coral (±SE) # Bites/m-1 (±SE) # Bites/tile (±SD) Total PC PL PM PC PL PM Small Large",,candidate_review_needed,,,Select the exact printed figure/table label and panel before assigning clip/data paths.,digitization/figures/45fcfd8e__survival__fig-<printed-label>_panel-<panel>.png,digitization/data/45fcfd8e__survival__fig-<printed-label>_panel-<panel>.csv
DIG-45fcfd8e-survival,needs_figure_id,45fcfd8e-a2d2-4345-aec0-baeb03f883a4,Jayewardene et al. - 2009 - Effects of frequent fish predation on corals in Hawaii.pdf,survival,local_pdf_available,literature/META_ANALYSIS_POOL/Jayewardene et al. - 2009 - Effects of frequent fish predation on corals in Hawaii.pdf,bb579bc1efa13420851b1d71e23c52bb9c96f8f583b191c0ec8c86edd71c7e7b,8,parsed,5,0,table,Table 2,5,Table 2 Observed and expected bites on Porites compressa (PC) and Porites lobata (PL) per site Sites Expected # bites Observed # bites Direction PC PL PC PL PC PL,,candidate_review_needed,,,Select the exact printed figure/table label and panel before assigning clip/data paths.,digitization/figures/45fcfd8e__survival__fig-<printed-label>_panel-<panel>.png,digitization/data/45fcfd8e__survival__fig-<printed-label>_panel-<panel>.csv
DIG-acf00158-rate,needs_figure_id,acf00158-0890-4388-9a0e-da9194664ef6,Kaufman et al. - 2021 - Thermal history influences lesion recovery of the threatened Caribbean staghorn coral Acropora cervi.pdf,rate,local_pdf_available,literature/META_ANALYSIS_POOL/Kaufman et al. - 2021 - Thermal history influences lesion recovery of the threatened Caribbean staghorn coral Acropora cervi.pdf,c45b7f8538fd218e44a576136f4807e92c2dbb58a074babecfdf4d34001c47ea,5,parsed,1,45,figure,Fig. 3,4,"Fig. 3 Log(-log(survival)) curves as a function of time (log scale) In addition, we document for the first time that donor using separate Cox proportional hazard models for the ambient reef thermal history plays a role in efficient lesion recovery temperature treatment (solid lines) and the warm temperature under heat stress and provide evidence for thermal adap- treatment (dashed lines), with thermal history (red indicating being tation. There was a significant interaction between tem- from a warm reef and blue being from a cool reef) as a fixed effect. In this experiment, survival is analogous to not healing, the censored perature treatment and thermal history in the stratified Cox outcome. Negative log-log values indicate a higher survival proba- model (ß = 0.52, Z1,164 = 2.18, p \ 0.05). Corals from bility or higher probability of not healing, while higher log–log values warmer donor reefs demonstrated significantly greater indicate a greater probability of healing",healing|recovery|lesion|time,candidate_review_needed,,,Select the exact printed figure/table label and panel before assigning clip/data paths.,digitization/figures/acf00158__rate__fig-<printed-label>_panel-<panel>.png,digitization/data/acf00158__rate__fig-<printed-label>_panel-<panel>.csv
DIG-acf00158-rate,needs_figure_id,acf00158-0890-4388-9a0e-da9194664ef6,Kaufman et al. - 2021 - Thermal history influences lesion recovery of the threatened Caribbean staghorn coral Acropora cervi.pdf,rate,local_pdf_available,literature/META_ANALYSIS_POOL/Kaufman et al. - 2021 - Thermal history influences lesion recovery of the threatened Caribbean staghorn coral Acropora cervi.pdf,c45b7f8538fd218e44a576136f4807e92c2dbb58a074babecfdf4d34001c47ea,5,parsed,2,35,figure,Fig. 2,3,"Fig. 2 Incremental lesion healing scoring system including a 0% healed; b 25% healed; c 50% healed; d 75% healed; and e 100% healed fragments data were determined from 4-km resolution monthly sea which all ‘‘cool’’ genets are located and south of which all surface temperature climatology derived from harmonic the ‘‘warm’’ genets are located (Fig. 1). While corals were analysis of the advanced very high-resolution radiometer collected outside the period used to calculate historical (AVHRR) Pathfinder version 5.0 temperature time series temperature patterns (2014–2018), it is expected that the data for 1982–2008 (Casey et al. 2010). Genets from reefs temporal offset (maximum of 10 years) would not have with MMMs C 29.92 °C, the median MMM of the dataset resulted in a significant change in regional climatology of considering all fragments, were classified as from ‘‘warm’’ temperature patterns. We constructed a Cox proportional environments (10 genets), and those from reefs with lower hazards model using the package ‘‘survival’’ in R version MMMs were classified as from ‘‘cool’’ environments (8 1.3.959, with temperature treatment (ambient vs. heated) genets). 29.92 °C also represent...",healing|lesion|time,candidate_review_needed,,,Select the exact printed figure/table label and panel before assigning clip/data paths.,digitization/figures/acf00158__rate__fig-<printed-label>_panel-<panel>.png,digitization/data/acf00158__rate__fig-<printed-label>_panel-<panel>.csv
DIG-acf00158-rate,needs_figure_id,acf00158-0890-4388-9a0e-da9194664ef6,Kaufman et al. - 2021 - Thermal history influences lesion recovery of the threatened Caribbean staghorn coral Acropora cervi.pdf,rate,local_pdf_available,literature/META_ANALYSIS_POOL/Kaufman et al. - 2021 - Thermal history influences lesion recovery of the threatened Caribbean staghorn coral Acropora cervi.pdf,c45b7f8538fd218e44a576136f4807e92c2dbb58a074babecfdf4d34001c47ea,5,parsed,3,0,figure,Fig. 1,3,"Fig. 1 a Key Biscayne Nursery and donor reef locations. Circle colors very high-resolution radiometer (AVHRR) Pathfinder version 5.0 from correspond to donor reef 4-km resolution maximum monthly mean 1982 to 2008. The Florida Reef Tract is outlined in black, and donor reef (MMM) sea surface temperature data in which red indicates an locations are indicated by black X’s. The dashed horizontal line indicates MMM C 29.92 °C and blue indicates an MMM \ 29.92 °C. b MMM the geographic location of the temperature grouping threshold, which is sea surface temperatures derived from harmonic analysis of the advanced also the location of the ‘‘Safety Valve’’ tidal flow channels",,candidate_review_needed,,,Select the exact printed figure/table label and panel before assigning clip/data paths.,digitization/figures/acf00158__rate__fig-<printed-label>_panel-<panel>.png,digitization/data/acf00158__rate__fig-<printed-label>_panel-<panel>.csv
DIG-04e10b24-rate,needs_figure_id,04e10b24-592e-4cf3-8f94-226c7904262d,Kramarsky-Winter and Loya - 2000 - Tissue regeneration in the coral Fungia granulosa  the effect of extrinsic and intrinsic factors.pdf,rate,local_pdf_available,literature/META_ANALYSIS_POOL/Kramarsky-Winter and Loya - 2000 - Tissue regeneration in the coral Fungia granulosa  the effect of extrinsic and intrinsic factors.pdf,2b49ceb873374517f2e071a2bcc383bd47ce961acf9f8b5216450c075c7a109c,7,parsed,1,55,table,Table 2,5,"Table 2 Fulgia granulosa. Average oocyte sizes and average both the polyps surrounding the lesion and those further fecundities 1 month after lesion in¯iction for regenerating and from it, had greatly reduced fecundities when compared control corals to control corals (Van Veghel and Bak 1994). Whale Oocyte size Oocyte No. of oocytes (1983) examined the eect of reproduction on tissue (lm  SD) stages gonad)1 (SD) repair rate in the gorgonian Plexeura homomalla, and showed that the regeneration rate of small lesions was Regenerating 29.91  14.9 II and III 17  1.15 (n = 5) independent of reproductive phase. He reasoned that Control (n = 3) 33.2  11.39 II and III 33  9.85 this coral possesses a permanent and independent ener- getic reserve for repair (Whale 1983). It is possible though that the lesions were small enough not to aect lesion size, as well as on the coral's reproductive state. the energetic reserves of this coral. This is not surprising since seasonal factors, such as In regenerating Favia favus colonies, the reproductive changes in light intensity, temperature and sedimenta- eort of single polyps in a colony was shown to depend tion, are known to aect normal g...",regeneration|repair|lesion|tissue|rate,candidate_review_needed,,,Select the exact printed figure/table label and panel before assigning clip/data paths.,digitization/figures/04e10b24__rate__fig-<printed-label>_panel-<panel>.png,digitization/data/04e10b24__rate__fig-<printed-label>_panel-<panel>.csv
DIG-04e10b24-rate,needs_figure_id,04e10b24-592e-4cf3-8f94-226c7904262d,Kramarsky-Winter and Loya - 2000 - Tissue regeneration in the coral Fungia granulosa  the effect of extrinsic and intrinsic factors.pdf,rate,local_pdf_available,literature/META_ANALYSIS_POOL/Kramarsky-Winter and Loya - 2000 - Tissue regeneration in the coral Fungia granulosa  the effect of extrinsic and intrinsic factors.pdf,2b49ceb873374517f2e071a2bcc383bd47ce961acf9f8b5216450c075c7a109c,7,parsed,2,45,figure,Fig. 1,3,"Fig. 1 Fungia granulosa. A comparison of repair rates of three lesion recovered fully regardless of lesion size (Fig. 1d to f ). Of sizes in large and small individuals during fall (September to the small corals, 30% with intermediate and 50% of November) 1994 and spring (March to May) 1995. a, b and c represent fall experiments with tissue lesions of 10, 30 and 50%, respectively. d, e those with large lesions died within 8 weeks (see Fig. 1). and f represent spring experiments with tissue lesions of 10, 30 and During this period large corals began to recover from 50%, respectively (empty diamonds small corals; ®lled squares large larger lesions (Fig. 1e and f ), repairing the torn edges corals) Bars represent standard deviations; n = 10 for each treatment. and growing new tissues, though complete recovery was Note: Survivorship was 100% in corals unless otherwise mentioned. During fall, small coral survivorship among specimens with large not evident, even in small lesions (Fig. 1d). In many lesions was 60%. During spring, 70% of small specimens with medium- cases the large and intermediate lesions were not com- sized lesions and 50% of small specimens with large lesions survive...",recovery|repair|lesion|tissue,candidate_review_needed,,,Select the exact printed figure/table label and panel before assigning clip/data paths.,digitization/figures/04e10b24__rate__fig-<printed-label>_panel-<panel>.png,digitization/data/04e10b24__rate__fig-<printed-label>_panel-<panel>.csv
DIG-04e10b24-rate,needs_figure_id,04e10b24-592e-4cf3-8f94-226c7904262d,Kramarsky-Winter and Loya - 2000 - Tissue regeneration in the coral Fungia granulosa  the effect of extrinsic and intrinsic factors.pdf,rate,local_pdf_available,literature/META_ANALYSIS_POOL/Kramarsky-Winter and Loya - 2000 - Tissue regeneration in the coral Fungia granulosa  the effect of extrinsic and intrinsic factors.pdf,2b49ceb873374517f2e071a2bcc383bd47ce961acf9f8b5216450c075c7a109c,7,parsed,3,20,figure,Fig. 2,4,Fig. 2 Fungia granulosa. a 1 d following lesion in¯iction (arrow Spring 1 0 0 shows denuded area). b 4 weeks following lesion in¯iction; note the 2 0 0 light color of the newly regenerated tissues (arrow shows area 4 0 16.7 previously denuded). Coral diameter = 6.5 cm,lesion|area,candidate_review_needed,,,Select the exact printed figure/table label and panel before assigning clip/data paths.,digitization/figures/04e10b24__rate__fig-<printed-label>_panel-<panel>.png,digitization/data/04e10b24__rate__fig-<printed-label>_panel-<panel>.csv
DIG-04e10b24-rate,needs_figure_id,04e10b24-592e-4cf3-8f94-226c7904262d,Kramarsky-Winter and Loya - 2000 - Tissue regeneration in the coral Fungia granulosa  the effect of extrinsic and intrinsic factors.pdf,rate,local_pdf_available,literature/META_ANALYSIS_POOL/Kramarsky-Winter and Loya - 2000 - Tissue regeneration in the coral Fungia granulosa  the effect of extrinsic and intrinsic factors.pdf,2b49ceb873374517f2e071a2bcc383bd47ce961acf9f8b5216450c075c7a109c,7,parsed,4,15,table,Table 1,4,Table 1 Fungia granulosa. Percent of large corals undergoing complete recovery during fall and spring at two dierent tem- perature regimes in the laboratory (n = 6 at each treatment),recovery,candidate_review_needed,,,Select the exact printed figure/table label and panel before assigning clip/data paths.,digitization/figures/04e10b24__rate__fig-<printed-label>_panel-<panel>.png,digitization/data/04e10b24__rate__fig-<printed-label>_panel-<panel>.csv
DIG-40359446-growth,needs_figure_id,40359446-8345-4a72-8169-af86ad3de9d6,Lenihan and Edmunds - 2010 - Response of Pocillopora verrucosa to corallivory varies with environmental conditions.pdf,growth,local_pdf_available,literature/META_ANALYSIS_POOL/Lenihan and Edmunds - 2010 - Response of Pocillopora verrucosa to corallivory varies with environmental conditions.pdf,985f5dbcb9c2d7c8a0c760926e96771a6ad6379a7410567ad53570ed10ff78b9,13,parsed,1,35,figure,Fig. 2,8,"Fig. 2. Pocillopora verrucosa. Mean % (+ SE) of lesions healed at the end of the 10 d trials; results from the 2 trials are pooled. bites removed the apices of branches, and were 16 to There was no statistically significant difference among treat- 81 mm2 in size. We do not know how much biomass ments. Corals were the same as described in Fig. 1 was removed with each bite, but all affected corals grew. Although these predation events were not wit- nessed, we believe they were caused by porcupinefish, orange-striped triggerfish, and white-spotted puffer- fish, as these corallivores are frequently seen foraging in the study area (H. Lenihan unpubl. data). Growth rates of Pocillopora verrucosa were higher on the tops of bommies than on the adjacent seafloor (Fig. 3, Table 4; SNK, p < 0.05), and the corals grew more on bommies when protected from corallivores than when unprotected (SNK, p < 0.05). In January 2008, the mean flow speed on the tops of bommies was 14.3 ± 2.9 cm s–1 (± SE), which was significantly higher (F1,15 = 478.51, p = 0.0001) than flow speed over the adjacent seafloor (3.4 ± 1.2 cm s–1). During the 24 h ADV deployment in June 2008, there was a greater frequency of...",growth|biomass|area,candidate_review_needed,,,Select the exact printed figure/table label and panel before assigning clip/data paths.,digitization/figures/40359446__growth__fig-<printed-label>_panel-<panel>.png,digitization/data/40359446__growth__fig-<printed-label>_panel-<panel>.csv
DIG-40359446-growth,needs_figure_id,40359446-8345-4a72-8169-af86ad3de9d6,Lenihan and Edmunds - 2010 - Response of Pocillopora verrucosa to corallivory varies with environmental conditions.pdf,growth,local_pdf_available,literature/META_ANALYSIS_POOL/Lenihan and Edmunds - 2010 - Response of Pocillopora verrucosa to corallivory varies with environmental conditions.pdf,985f5dbcb9c2d7c8a0c760926e96771a6ad6379a7410567ad53570ed10ff78b9,13,parsed,2,25,table,Table 2,7,"Table 2. Results of a 3-way, blocked ANOVA comparing the I 1 0.000 0.000 0.29 0.59 growth in buoyant weight of Pocillopora verrucosa nubbins as F 1 0.001 0.001 1.24 0.27 a function of injury, flow speed, temperature, and their T 1 0.021 0.021 33.720 < 0.0001 interaction in the laboratory experiment. Trials, of which I×F 1 0.001 0.001 1.90 0.17 there were 2, was the blocking factor. n = 10 replicates per I×T 1 0.000 0.000 0.57 0.45 treatment in each trial. I: injury; F: flow speed; T: temperature. T×F 1 0.002 0.002 3.22 0.07 Result in bold is significant I×T×F 1 0.000 0.000 0.67 0.42 Error 144 0.089 Source df SS MS F p",growth|weight,candidate_review_needed,,,Select the exact printed figure/table label and panel before assigning clip/data paths.,digitization/figures/40359446__growth__fig-<printed-label>_panel-<panel>.png,digitization/data/40359446__growth__fig-<printed-label>_panel-<panel>.csv
DIG-40359446-growth,needs_figure_id,40359446-8345-4a72-8169-af86ad3de9d6,Lenihan and Edmunds - 2010 - Response of Pocillopora verrucosa to corallivory varies with environmental conditions.pdf,growth,local_pdf_available,literature/META_ANALYSIS_POOL/Lenihan and Edmunds - 2010 - Response of Pocillopora verrucosa to corallivory varies with environmental conditions.pdf,985f5dbcb9c2d7c8a0c760926e96771a6ad6379a7410567ad53570ed10ff78b9,13,parsed,3,25,table,Table 4,8,"Table 4. Results of a 2-way ANOVA comparing the growth in buoyant weight of juvenile Pocillopora verrucosa as a func- tion of substrate type (bommie versus seafloor), predation (predator exclusion cages versus cage controls in which predators attacked corals), and their interaction. n = 12 repli- cates per treatment. S: substrate; P: predation. Values in bold are significant",growth|weight,candidate_review_needed,,,Select the exact printed figure/table label and panel before assigning clip/data paths.,digitization/figures/40359446__growth__fig-<printed-label>_panel-<panel>.png,digitization/data/40359446__growth__fig-<printed-label>_panel-<panel>.csv
DIG-40359446-growth,needs_figure_id,40359446-8345-4a72-8169-af86ad3de9d6,Lenihan and Edmunds - 2010 - Response of Pocillopora verrucosa to corallivory varies with environmental conditions.pdf,growth,local_pdf_available,literature/META_ANALYSIS_POOL/Lenihan and Edmunds - 2010 - Response of Pocillopora verrucosa to corallivory varies with environmental conditions.pdf,985f5dbcb9c2d7c8a0c760926e96771a6ad6379a7410567ad53570ed10ff78b9,13,parsed,4,25,figure,Fig. 5,11,"Fig. 5. Mean density (± SE) of all corallivorous fishes counted Genetic evidence for contrasting patterns of dispersal in along transect at stations located on the forereef (6 m water solitary and colonial ascidians. Mar Biol 130:51–61 depth; outside of the lagoon), back reef (in the lagoon; 2 m ä Barnes DJ, Devereux MJ (1988) Variations in the skeletal depth), and mid-lagoon (near coral experiment; 3 m depth). architecture associated with density banding in the hard n = 8 transects sampled at each site in austral summer coral Porites. J Exp Mar Biol Ecol 121:37–54 (January 2008) and winter (July 2008) ä Bellwood DR, Choat JH (1990) A functional analysis of graz- ing in parrotfishes (family Scaridae): the ecological impli- cations. Environ Biol Fishes 28:189–214 2010) faster than Pocillopora verrucosa (present study) ä Belsky AJ, Amundson RG, Duxbury JM, Riha SJ, Ali AR, and a number of other coral species (Clausen & Roth Mwonga SM (1989) The effects of trees on their physical, 1975, Edmunds 2005). For massive Porites that survive chemical and biological environments in a semi-arid the juvenile stage, subsequent growth can produce savanna in Kenya. J Appl Ecol 26:1005–1024 excep...",growth|skeletal,candidate_review_needed,,,Select the exact printed figure/table label and panel before assigning clip/data paths.,digitization/figures/40359446__growth__fig-<printed-label>_panel-<panel>.png,digitization/data/40359446__growth__fig-<printed-label>_panel-<panel>.csv
DIG-40359446-growth,needs_figure_id,40359446-8345-4a72-8169-af86ad3de9d6,Lenihan and Edmunds - 2010 - Response of Pocillopora verrucosa to corallivory varies with environmental conditions.pdf,growth,local_pdf_available,literature/META_ANALYSIS_POOL/Lenihan and Edmunds - 2010 - Response of Pocillopora verrucosa to corallivory varies with environmental conditions.pdf,985f5dbcb9c2d7c8a0c760926e96771a6ad6379a7410567ad53570ed10ff78b9,13,parsed,5,15,figure,Fig. 1,7,"Fig. 1. Pocillopora verrucosa. Growth after 10 d incubation at Trial 1 (0.32 ± 0.06% d–1) compared to Trial 2 (0.07 ± high flow and high temperature (HH), high flow and low tem- 0.03% d–1). There was no significant influence on heal- perature (HL), low flow and high temperature (LH), and low ing of flow speed (F1, 78 = 0.19, p = 0.65), temperature flow and low temperature (LL) (summarized in Table 1), for (F1, 78 = 2.97, p = 0.09), or their interaction (F1, 78 = 0.03, p = corals that were injured or uninjured in 2 replicate trials (Trial 1 or Trial 2); means (+ SE) shown are pooled from 2 tri- 0.87). However, there was a nonsignificant trend across als (n = 20 for each bar). A–D: results of Student-Newman- both trials for greater healing in the low-temperature Keuls (SNK) post hoc tests (A > B > C > D) at p < 0.05 than high-temperature treatments (Fig. 2).",growth,candidate_review_needed,,,Select the exact printed figure/table label and panel before assigning clip/data paths.,digitization/figures/40359446__growth__fig-<printed-label>_panel-<panel>.png,digitization/data/40359446__growth__fig-<printed-label>_panel-<panel>.csv
DIG-40359446-rate,needs_figure_id,40359446-8345-4a72-8169-af86ad3de9d6,Lenihan and Edmunds - 2010 - Response of Pocillopora verrucosa to corallivory varies with environmental conditions.pdf,rate,local_pdf_available,literature/META_ANALYSIS_POOL/Lenihan and Edmunds - 2010 - Response of Pocillopora verrucosa to corallivory varies with environmental conditions.pdf,985f5dbcb9c2d7c8a0c760926e96771a6ad6379a7410567ad53570ed10ff78b9,13,parsed,1,15,figure,Fig. 1,7,"Fig. 1. Pocillopora verrucosa. Growth after 10 d incubation at Trial 1 (0.32 ± 0.06% d–1) compared to Trial 2 (0.07 ± high flow and high temperature (HH), high flow and low tem- 0.03% d–1). There was no significant influence on heal- perature (HL), low flow and high temperature (LH), and low ing of flow speed (F1, 78 = 0.19, p = 0.65), temperature flow and low temperature (LL) (summarized in Table 1), for (F1, 78 = 2.97, p = 0.09), or their interaction (F1, 78 = 0.03, p = corals that were injured or uninjured in 2 replicate trials (Trial 1 or Trial 2); means (+ SE) shown are pooled from 2 tri- 0.87). However, there was a nonsignificant trend across als (n = 20 for each bar). A–D: results of Student-Newman- both trials for greater healing in the low-temperature Keuls (SNK) post hoc tests (A > B > C > D) at p < 0.05 than high-temperature treatments (Fig. 2).",healing,candidate_review_needed,,,Select the exact printed figure/table label and panel before assigning clip/data paths.,digitization/figures/40359446__rate__fig-<printed-label>_panel-<panel>.png,digitization/data/40359446__rate__fig-<printed-label>_panel-<panel>.csv
DIG-40359446-rate,needs_figure_id,40359446-8345-4a72-8169-af86ad3de9d6,Lenihan and Edmunds - 2010 - Response of Pocillopora verrucosa to corallivory varies with environmental conditions.pdf,rate,local_pdf_available,literature/META_ANALYSIS_POOL/Lenihan and Edmunds - 2010 - Response of Pocillopora verrucosa to corallivory varies with environmental conditions.pdf,985f5dbcb9c2d7c8a0c760926e96771a6ad6379a7410567ad53570ed10ff78b9,13,parsed,2,10,figure,Fig. 2,8,"Fig. 2. Pocillopora verrucosa. Mean % (+ SE) of lesions healed at the end of the 10 d trials; results from the 2 trials are pooled. bites removed the apices of branches, and were 16 to There was no statistically significant difference among treat- 81 mm2 in size. We do not know how much biomass ments. Corals were the same as described in Fig. 1 was removed with each bite, but all affected corals grew. Although these predation events were not wit- nessed, we believe they were caused by porcupinefish, orange-striped triggerfish, and white-spotted puffer- fish, as these corallivores are frequently seen foraging in the study area (H. Lenihan unpubl. data). Growth rates of Pocillopora verrucosa were higher on the tops of bommies than on the adjacent seafloor (Fig. 3, Table 4; SNK, p < 0.05), and the corals grew more on bommies when protected from corallivores than when unprotected (SNK, p < 0.05). In January 2008, the mean flow speed on the tops of bommies was 14.3 ± 2.9 cm s–1 (± SE), which was significantly higher (F1,15 = 478.51, p = 0.0001) than flow speed over the adjacent seafloor (3.4 ± 1.2 cm s–1). During the 24 h ADV deployment in June 2008, there was a greater frequency of...",area,candidate_review_needed,,,Select the exact printed figure/table label and panel before assigning clip/data paths.,digitization/figures/40359446__rate__fig-<printed-label>_panel-<panel>.png,digitization/data/40359446__rate__fig-<printed-label>_panel-<panel>.csv
DIG-40359446-rate,needs_figure_id,40359446-8345-4a72-8169-af86ad3de9d6,Lenihan and Edmunds - 2010 - Response of Pocillopora verrucosa to corallivory varies with environmental conditions.pdf,rate,local_pdf_available,literature/META_ANALYSIS_POOL/Lenihan and Edmunds - 2010 - Response of Pocillopora verrucosa to corallivory varies with environmental conditions.pdf,985f5dbcb9c2d7c8a0c760926e96771a6ad6379a7410567ad53570ed10ff78b9,13,parsed,3,0,table,Table 2,7,"Table 2. Results of a 3-way, blocked ANOVA comparing the I 1 0.000 0.000 0.29 0.59 growth in buoyant weight of Pocillopora verrucosa nubbins as F 1 0.001 0.001 1.24 0.27 a function of injury, flow speed, temperature, and their T 1 0.021 0.021 33.720 < 0.0001 interaction in the laboratory experiment. Trials, of which I×F 1 0.001 0.001 1.90 0.17 there were 2, was the blocking factor. n = 10 replicates per I×T 1 0.000 0.000 0.57 0.45 treatment in each trial. I: injury; F: flow speed; T: temperature. T×F 1 0.002 0.002 3.22 0.07 Result in bold is significant I×T×F 1 0.000 0.000 0.67 0.42 Error 144 0.089 Source df SS MS F p",,candidate_review_needed,,,Select the exact printed figure/table label and panel before assigning clip/data paths.,digitization/figures/40359446__rate__fig-<printed-label>_panel-<panel>.png,digitization/data/40359446__rate__fig-<printed-label>_panel-<panel>.csv
DIG-40359446-rate,needs_figure_id,40359446-8345-4a72-8169-af86ad3de9d6,Lenihan and Edmunds - 2010 - Response of Pocillopora verrucosa to corallivory varies with environmental conditions.pdf,rate,local_pdf_available,literature/META_ANALYSIS_POOL/Lenihan and Edmunds - 2010 - Response of Pocillopora verrucosa to corallivory varies with environmental conditions.pdf,985f5dbcb9c2d7c8a0c760926e96771a6ad6379a7410567ad53570ed10ff78b9,13,parsed,4,0,figure,Fig. 3,8,"Fig. 3. Pocillopora verrucosa. Growth after 30 d in the field on temperatures (F1,19 = 0.16, p = 0.69) between treat- top of bommies (high flow; mean speed 14.3 ± 7.7 cm s–1 ments (bommies: 27.2 ± 0.2°C versus seafloor: 27.3 ± [± SE]) and seafloor (low flow, mean speed 3.2 ± 2.1 cm s–1). 1.0°C). For the corals transplanted to the tops of bom- Corals were placed in either cages (no predation) or cage con- mies, there was a significant and positive correlation trols (predation) in both habitats (n = 12 for each bar). A, B: between flow speed and growth in the no predation",,candidate_review_needed,,,Select the exact printed figure/table label and panel before assigning clip/data paths.,digitization/figures/40359446__rate__fig-<printed-label>_panel-<panel>.png,digitization/data/40359446__rate__fig-<printed-label>_panel-<panel>.csv
DIG-40359446-rate,needs_figure_id,40359446-8345-4a72-8169-af86ad3de9d6,Lenihan and Edmunds - 2010 - Response of Pocillopora verrucosa to corallivory varies with environmental conditions.pdf,rate,local_pdf_available,literature/META_ANALYSIS_POOL/Lenihan and Edmunds - 2010 - Response of Pocillopora verrucosa to corallivory varies with environmental conditions.pdf,985f5dbcb9c2d7c8a0c760926e96771a6ad6379a7410567ad53570ed10ff78b9,13,parsed,5,0,table,Table 4,8,"Table 4. Results of a 2-way ANOVA comparing the growth in buoyant weight of juvenile Pocillopora verrucosa as a func- tion of substrate type (bommie versus seafloor), predation (predator exclusion cages versus cage controls in which predators attacked corals), and their interaction. n = 12 repli- cates per treatment. S: substrate; P: predation. Values in bold are significant",,candidate_review_needed,,,Select the exact printed figure/table label and panel before assigning clip/data paths.,digitization/figures/40359446__rate__fig-<printed-label>_panel-<panel>.png,digitization/data/40359446__rate__fig-<printed-label>_panel-<panel>.csv
DIG-a67392b0-growth,needs_figure_id,a67392b0-7a7e-43ad-917d-94febf750c1a,Lenihan et al. - 2015 - Hydrodynamics influence coral performance through simultaneous direct and indirect effects.pdf,growth,local_pdf_available,literature/META_ANALYSIS_POOL/Lenihan et al. - 2015 - Hydrodynamics influence coral performance through simultaneous direct and indirect effects.pdf,96b42aae1ea3b8ea6de9ff2d1ed4edca2218f634fa07ea258a96fb37baad753c,10,parsed,1,35,figure,FIG. 2,5,"FIG. 2. Skeletal growth (mean and 95% CI) of Acropora elseyi as a function of the (A) mean current velocity and (B) from 28.72 6 0.478C to 28.94 6 0.458C (mean 6 SD), velocity fluctuations (ru,med, a measure of waves and turbulence over the course of the study. measured at each study site; see Methods: Hydrodynamic measurements). Data are from corallivorous fish exclusion Patterns of coral growth treatments (i.e., full cages; $predator). N ¼ 12 corals for each growth measurement. The symbols L1–L5 indicate the five In the absence of predation, coral growth was a study sites (see Fig. 1). positive function of mean velocity ū (Fig. 2A; r 2 ¼ 0.57, F1,4 ¼ 43.57, P , 0.01). The trend in growth was positive abundance, and bite rate (of C. trifascialis) against ū and with ru,med when predators were absent but the ru,med separately to test whether these aspects of relationship was not statistically distinguishable from corallivory varied with hydrodynamic conditions. In zero (Fig. 2B; r 2 ¼ 0.17, F1,4 ¼ 2.36, P . 0.10). Linear addition, as specification checks, we conducted these tests regressions also revealed no significant relationships using ru,tot, ru,high, and ru,low in place o...",growth|linear|skeletal,candidate_review_needed,,,Select the exact printed figure/table label and panel before assigning clip/data paths.,digitization/figures/a67392b0__growth__fig-<printed-label>_panel-<panel>.png,digitization/data/a67392b0__growth__fig-<printed-label>_panel-<panel>.csv
DIG-a67392b0-growth,needs_figure_id,a67392b0-7a7e-43ad-917d-94febf750c1a,Lenihan et al. - 2015 - Hydrodynamics influence coral performance through simultaneous direct and indirect effects.pdf,growth,local_pdf_available,literature/META_ANALYSIS_POOL/Lenihan et al. - 2015 - Hydrodynamics influence coral performance through simultaneous direct and indirect effects.pdf,96b42aae1ea3b8ea6de9ff2d1ed4edca2218f634fa07ea258a96fb37baad753c,10,parsed,2,25,figure,FIG. 3,6,"FIG. 3. Skeletal growth (mean and 95% CI) of Acropora elseyi exposed to predators shown as a function of the (A) mean current velocity and (B) velocity fluctuations (ru,med). Data are from corallivorous fish exclusion cage control treatments (i.e., partial cages; þpredator). The symbols L1–L5 indicate the five study sites (see Fig. 1).",growth|skeletal,candidate_review_needed,,,Select the exact printed figure/table label and panel before assigning clip/data paths.,digitization/figures/a67392b0__growth__fig-<printed-label>_panel-<panel>.png,digitization/data/a67392b0__growth__fig-<printed-label>_panel-<panel>.csv
DIG-a67392b0-growth,needs_figure_id,a67392b0-7a7e-43ad-917d-94febf750c1a,Lenihan et al. - 2015 - Hydrodynamics influence coral performance through simultaneous direct and indirect effects.pdf,growth,local_pdf_available,literature/META_ANALYSIS_POOL/Lenihan et al. - 2015 - Hydrodynamics influence coral performance through simultaneous direct and indirect effects.pdf,96b42aae1ea3b8ea6de9ff2d1ed4edca2218f634fa07ea258a96fb37baad753c,10,parsed,3,15,figure,FIG. 5,7,"FIG. 5. Difference in growth (mean and 95% CI) of Acropora elseyi between $predator and þpredator (i.e., cage controls) treatments as a function of the density of (A) all corallivorous fishes (no. corallivores/80 m2) and (B) consumer pressure, an index generated by multiplying the mean density of chevron butterflyfishes (Chaetodon trifascialis; no. fish/80 m2) by mean bite rate (no. bites/5 min) of individual C. trifascialis recorded at each site.",growth,candidate_review_needed,,,Select the exact printed figure/table label and panel before assigning clip/data paths.,digitization/figures/a67392b0__growth__fig-<printed-label>_panel-<panel>.png,digitization/data/a67392b0__growth__fig-<printed-label>_panel-<panel>.csv
DIG-a67392b0-growth,needs_figure_id,a67392b0-7a7e-43ad-917d-94febf750c1a,Lenihan et al. - 2015 - Hydrodynamics influence coral performance through simultaneous direct and indirect effects.pdf,growth,local_pdf_available,literature/META_ANALYSIS_POOL/Lenihan et al. - 2015 - Hydrodynamics influence coral performance through simultaneous direct and indirect effects.pdf,96b42aae1ea3b8ea6de9ff2d1ed4edca2218f634fa07ea258a96fb37baad753c,10,parsed,4,0,figure,FIG. 1,3,"FIG. 1. A cross-section of the reef bathymetry, showing the conditions for both the mean and variance in the observed location of the five study sites (L1–L5), the distance of the sites velocities (Appendix B: Figs. B1, B2). The ru is related to from the reef crest, and water depths. The scale of the variance in the instantaneous flow velocity as ru ¼ theﬃﬃﬃﬃﬃﬃﬃﬃﬃﬃﬃﬃ p horizontal, or x-axis, is greatly compressed. The predominant direction of the current within the lagoon is across the reef (left varðuÞ and obtained from integration of the power to right), driven primarily by waves breaking over the reef crest. spectra of velocity time series (Appendix B: Fig. B3A). We report velocity fluctuations corresponding to the total ru,tot as well as three frequency bands of interest: ru,low, conceptual model has been previously studied in a ru,med, and ru,high. The ru,low represents velocity fluctu- number of reef flat systems (e.g., Hearn et al. 1999), ations within the infra-gravity wave band (90 s to 30 s); the including the field site examined here (Hench et al. 2008, ru,med represents motion within the wave band (30 s to 4 Rosman and Hench 2011, Monismith et al. 2013). s), and ru,h...",,candidate_review_needed,,,Select the exact printed figure/table label and panel before assigning clip/data paths.,digitization/figures/a67392b0__growth__fig-<printed-label>_panel-<panel>.png,digitization/data/a67392b0__growth__fig-<printed-label>_panel-<panel>.csv
DIG-a67392b0-survival,needs_figure_id,a67392b0-7a7e-43ad-917d-94febf750c1a,Lenihan et al. - 2015 - Hydrodynamics influence coral performance through simultaneous direct and indirect effects.pdf,survival,local_pdf_available,literature/META_ANALYSIS_POOL/Lenihan et al. - 2015 - Hydrodynamics influence coral performance through simultaneous direct and indirect effects.pdf,96b42aae1ea3b8ea6de9ff2d1ed4edca2218f634fa07ea258a96fb37baad753c,10,parsed,1,0,figure,FIG. 1,3,"FIG. 1. A cross-section of the reef bathymetry, showing the conditions for both the mean and variance in the observed location of the five study sites (L1–L5), the distance of the sites velocities (Appendix B: Figs. B1, B2). The ru is related to from the reef crest, and water depths. The scale of the variance in the instantaneous flow velocity as ru ¼ theﬃﬃﬃﬃﬃﬃﬃﬃﬃﬃﬃﬃ p horizontal, or x-axis, is greatly compressed. The predominant direction of the current within the lagoon is across the reef (left varðuÞ and obtained from integration of the power to right), driven primarily by waves breaking over the reef crest. spectra of velocity time series (Appendix B: Fig. B3A). We report velocity fluctuations corresponding to the total ru,tot as well as three frequency bands of interest: ru,low, conceptual model has been previously studied in a ru,med, and ru,high. The ru,low represents velocity fluctu- number of reef flat systems (e.g., Hearn et al. 1999), ations within the infra-gravity wave band (90 s to 30 s); the including the field site examined here (Hench et al. 2008, ru,med represents motion within the wave band (30 s to 4 Rosman and Hench 2011, Monismith et al. 2013). s), and ru,h...",,candidate_review_needed,,,Select the exact printed figure/table label and panel before assigning clip/data paths.,digitization/figures/a67392b0__survival__fig-<printed-label>_panel-<panel>.png,digitization/data/a67392b0__survival__fig-<printed-label>_panel-<panel>.csv
DIG-a67392b0-survival,needs_figure_id,a67392b0-7a7e-43ad-917d-94febf750c1a,Lenihan et al. - 2015 - Hydrodynamics influence coral performance through simultaneous direct and indirect effects.pdf,survival,local_pdf_available,literature/META_ANALYSIS_POOL/Lenihan et al. - 2015 - Hydrodynamics influence coral performance through simultaneous direct and indirect effects.pdf,96b42aae1ea3b8ea6de9ff2d1ed4edca2218f634fa07ea258a96fb37baad753c,10,parsed,2,0,figure,FIG. 2,5,"FIG. 2. Skeletal growth (mean and 95% CI) of Acropora elseyi as a function of the (A) mean current velocity and (B) from 28.72 6 0.478C to 28.94 6 0.458C (mean 6 SD), velocity fluctuations (ru,med, a measure of waves and turbulence over the course of the study. measured at each study site; see Methods: Hydrodynamic measurements). Data are from corallivorous fish exclusion Patterns of coral growth treatments (i.e., full cages; $predator). N ¼ 12 corals for each growth measurement. The symbols L1–L5 indicate the five In the absence of predation, coral growth was a study sites (see Fig. 1). positive function of mean velocity ū (Fig. 2A; r 2 ¼ 0.57, F1,4 ¼ 43.57, P , 0.01). The trend in growth was positive abundance, and bite rate (of C. trifascialis) against ū and with ru,med when predators were absent but the ru,med separately to test whether these aspects of relationship was not statistically distinguishable from corallivory varied with hydrodynamic conditions. In zero (Fig. 2B; r 2 ¼ 0.17, F1,4 ¼ 2.36, P . 0.10). Linear addition, as specification checks, we conducted these tests regressions also revealed no significant relationships using ru,tot, ru,high, and ru,low in place o...",,candidate_review_needed,,,Select the exact printed figure/table label and panel before assigning clip/data paths.,digitization/figures/a67392b0__survival__fig-<printed-label>_panel-<panel>.png,digitization/data/a67392b0__survival__fig-<printed-label>_panel-<panel>.csv
DIG-a67392b0-survival,needs_figure_id,a67392b0-7a7e-43ad-917d-94febf750c1a,Lenihan et al. - 2015 - Hydrodynamics influence coral performance through simultaneous direct and indirect effects.pdf,survival,local_pdf_available,literature/META_ANALYSIS_POOL/Lenihan et al. - 2015 - Hydrodynamics influence coral performance through simultaneous direct and indirect effects.pdf,96b42aae1ea3b8ea6de9ff2d1ed4edca2218f634fa07ea258a96fb37baad753c,10,parsed,3,0,figure,FIG. 3,6,"FIG. 3. Skeletal growth (mean and 95% CI) of Acropora elseyi exposed to predators shown as a function of the (A) mean current velocity and (B) velocity fluctuations (ru,med). Data are from corallivorous fish exclusion cage control treatments (i.e., partial cages; þpredator). The symbols L1–L5 indicate the five study sites (see Fig. 1).",,candidate_review_needed,,,Select the exact printed figure/table label and panel before assigning clip/data paths.,digitization/figures/a67392b0__survival__fig-<printed-label>_panel-<panel>.png,digitization/data/a67392b0__survival__fig-<printed-label>_panel-<panel>.csv
DIG-a67392b0-survival,needs_figure_id,a67392b0-7a7e-43ad-917d-94febf750c1a,Lenihan et al. - 2015 - Hydrodynamics influence coral performance through simultaneous direct and indirect effects.pdf,survival,local_pdf_available,literature/META_ANALYSIS_POOL/Lenihan et al. - 2015 - Hydrodynamics influence coral performance through simultaneous direct and indirect effects.pdf,96b42aae1ea3b8ea6de9ff2d1ed4edca2218f634fa07ea258a96fb37baad753c,10,parsed,4,0,figure,FIG. 5,7,"FIG. 5. Difference in growth (mean and 95% CI) of Acropora elseyi between $predator and þpredator (i.e., cage controls) treatments as a function of the density of (A) all corallivorous fishes (no. corallivores/80 m2) and (B) consumer pressure, an index generated by multiplying the mean density of chevron butterflyfishes (Chaetodon trifascialis; no. fish/80 m2) by mean bite rate (no. bites/5 min) of individual C. trifascialis recorded at each site.",,candidate_review_needed,,,Select the exact printed figure/table label and panel before assigning clip/data paths.,digitization/figures/a67392b0__survival__fig-<printed-label>_panel-<panel>.png,digitization/data/a67392b0__survival__fig-<printed-label>_panel-<panel>.csv
DIG-d110a8f5-growth,needs_figure_id,d110a8f5-278e-4ba7-a502-32eb61aed5cb,Lirman et al. - 2010 - Propagation of the threatened staghorn coral Acropora cervicornis methods to minimize the impacts o.pdf,growth,local_pdf_available,literature/META_ANALYSIS_POOL/Lirman et al. - 2010 - Propagation of the threatened staghorn coral Acropora cervicornis methods to minimize the impacts o.pdf,5326e5995d35911ccc9e67da7394adc21b3d7c30a2bd35b332227afd125d1091,7,parsed,1,45,figure,Fig. 1,3,Fig. 1 Photographs of a the cinderblocks used as platforms to grow colonies of Acropora cervicornis in the Florida nursery; b staghorn colony fragmented in this study showing the color plastic ties used to measure linear extension rates; c branch tips collected from staghorn colonies (the large tips show healthy growth while the small tip in the middle is completely dead); d fragmented staghorn colony showing a skeletal lesion and the recovery of the same lesion 3 weeks later (inset),growth|extension|linear|skeletal,candidate_review_needed,,,Select the exact printed figure/table label and panel before assigning clip/data paths.,digitization/figures/d110a8f5__growth__fig-<printed-label>_panel-<panel>.png,digitization/data/d110a8f5__growth__fig-<printed-label>_panel-<panel>.csv
DIG-d110a8f5-growth,needs_figure_id,d110a8f5-278e-4ba7-a502-32eb61aed5cb,Lirman et al. - 2010 - Propagation of the threatened staghorn coral Acropora cervicornis methods to minimize the impacts o.pdf,growth,local_pdf_available,literature/META_ANALYSIS_POOL/Lirman et al. - 2010 - Propagation of the threatened staghorn coral Acropora cervicornis methods to minimize the impacts o.pdf,5326e5995d35911ccc9e67da7394adc21b3d7c30a2bd35b332227afd125d1091,7,parsed,2,25,figure,Fig. 2,4,"Fig. 2 Amount of tissue and skeleton (linear length) of staghorn Discussion branch tips and branches used in experiment 1 (a) and 2 (b). The white bars represent the total amount of new coral produced by the fragmented donor branches (n = 30 branches for experiment 1 and 24 In this study, we conducted manipulative experiments with for experiment 2). The striped bars represent the total linear length of colonies of Acropora cervicornis to evaluate whether the all surviving branch tips in each experiment (pooled for 2.5- and 3.5- coral gardening approach fulfills two key tenets of coral cm branch tips). The black bars represent the total amount of new restoration: ‘‘do not cause irreversible harm to parent/donor coral produced by unfragmented branches in control colonies. The dashed horizontal lines represent the total amount of coral collected populations’’ and ‘‘maximize coral productivity through from colonies at the start of the experiments (30 branch tips in vegetative growth’’. We found that (1) the growth of col- experiment 1 and 24 branch tips in experiment 2) onies within the nursery exceeded the growth of wild staghorn colonies in the same region; (2) the removal of The...",growth|linear,candidate_review_needed,,,Select the exact printed figure/table label and panel before assigning clip/data paths.,digitization/figures/d110a8f5__growth__fig-<printed-label>_panel-<panel>.png,digitization/data/d110a8f5__growth__fig-<printed-label>_panel-<panel>.csv
DIG-d110a8f5-survival,needs_figure_id,d110a8f5-278e-4ba7-a502-32eb61aed5cb,Lirman et al. - 2010 - Propagation of the threatened staghorn coral Acropora cervicornis methods to minimize the impacts o.pdf,survival,local_pdf_available,literature/META_ANALYSIS_POOL/Lirman et al. - 2010 - Propagation of the threatened staghorn coral Acropora cervicornis methods to minimize the impacts o.pdf,5326e5995d35911ccc9e67da7394adc21b3d7c30a2bd35b332227afd125d1091,7,parsed,1,10,figure,Fig. 1,3,Fig. 1 Photographs of a the cinderblocks used as platforms to grow colonies of Acropora cervicornis in the Florida nursery; b staghorn colony fragmented in this study showing the color plastic ties used to measure linear extension rates; c branch tips collected from staghorn colonies (the large tips show healthy growth while the small tip in the middle is completely dead); d fragmented staghorn colony showing a skeletal lesion and the recovery of the same lesion 3 weeks later (inset),dead,candidate_review_needed,,,Select the exact printed figure/table label and panel before assigning clip/data paths.,digitization/figures/d110a8f5__survival__fig-<printed-label>_panel-<panel>.png,digitization/data/d110a8f5__survival__fig-<printed-label>_panel-<panel>.csv
DIG-d110a8f5-survival,needs_figure_id,d110a8f5-278e-4ba7-a502-32eb61aed5cb,Lirman et al. - 2010 - Propagation of the threatened staghorn coral Acropora cervicornis methods to minimize the impacts o.pdf,survival,local_pdf_available,literature/META_ANALYSIS_POOL/Lirman et al. - 2010 - Propagation of the threatened staghorn coral Acropora cervicornis methods to minimize the impacts o.pdf,5326e5995d35911ccc9e67da7394adc21b3d7c30a2bd35b332227afd125d1091,7,parsed,2,0,figure,Fig. 2,4,"Fig. 2 Amount of tissue and skeleton (linear length) of staghorn Discussion branch tips and branches used in experiment 1 (a) and 2 (b). The white bars represent the total amount of new coral produced by the fragmented donor branches (n = 30 branches for experiment 1 and 24 In this study, we conducted manipulative experiments with for experiment 2). The striped bars represent the total linear length of colonies of Acropora cervicornis to evaluate whether the all surviving branch tips in each experiment (pooled for 2.5- and 3.5- coral gardening approach fulfills two key tenets of coral cm branch tips). The black bars represent the total amount of new restoration: ‘‘do not cause irreversible harm to parent/donor coral produced by unfragmented branches in control colonies. The dashed horizontal lines represent the total amount of coral collected populations’’ and ‘‘maximize coral productivity through from colonies at the start of the experiments (30 branch tips in vegetative growth’’. We found that (1) the growth of col- experiment 1 and 24 branch tips in experiment 2) onies within the nursery exceeded the growth of wild staghorn colonies in the same region; (2) the removal of The...",,candidate_review_needed,,,Select the exact printed figure/table label and panel before assigning clip/data paths.,digitization/figures/d110a8f5__survival__fig-<printed-label>_panel-<panel>.png,digitization/data/d110a8f5__survival__fig-<printed-label>_panel-<panel>.csv
DIG-070cf5f2-rate,needs_figure_id,070cf5f2-ae03-4d99-8e1b-7e07f8428803,Loya - 1976 - Skeletal regeneration in a Red Sea scleractinian coral population.pdf,rate,local_pdf_available,literature/META_ANALYSIS_POOL/Loya - 1976 - Skeletal regeneration in a Red Sea scleractinian coral population.pdf,4359ada3aff52dd19055fb4c1c8fc55b74c1de0461f5021b86d030cdc6e611dd,2,parsed,1,35,figure,Fig. 4,1,"Fig. 4 Phototropic displacement undergone by a point 3.5 cm low tide that caused partial desiccation or death of many from the base of a 4.2-cm high plant in response to 0.02 mW cm- 2 , colonies of Red Sea scleractinian corals, regeneration in 450 nm blue light from a monochromator. Before I - 5 min the stapelia was undergoing a small constant motion in darkness. The blue light stimulus was applied at t = 5 min and removed at t = 50 min. a, Total tip displacement; b, tip velocity. The points Fig. I Skeletal growth rate in damaged colonies of S. pistillata. are experimentally determined, whereas the lines represent the The corals were divided into size groups according to their best fit assuming the velocity data are of the form l -e- 0 · 2 ' on geometric mean radius (r) after breakage. (i' = (Ix w x h) 11 ""/2 stimulus application and e- 0 · "" on stimulus removal. where/ is length, w is width, and his height (cm).) The r of each size group is given (in cm) by the height of the bars. The vertical lines in the middle of the bars represent the standard deviations. time frame. Thus, the data are of interest simply to their unique The horizontal broken line in the left bar of each siz...",regeneration|rate|time,candidate_review_needed,,,Select the exact printed figure/table label and panel before assigning clip/data paths.,digitization/figures/070cf5f2__rate__fig-<printed-label>_panel-<panel>.png,digitization/data/070cf5f2__rate__fig-<printed-label>_panel-<panel>.csv
DIG-070cf5f2-rate,needs_figure_id,070cf5f2-ae03-4d99-8e1b-7e07f8428803,Loya - 1976 - Skeletal regeneration in a Red Sea scleractinian coral population.pdf,rate,local_pdf_available,literature/META_ANALYSIS_POOL/Loya - 1976 - Skeletal regeneration in a Red Sea scleractinian coral population.pdf,4359ada3aff52dd19055fb4c1c8fc55b74c1de0461f5021b86d030cdc6e611dd,2,parsed,2,25,figure,Figure I,2,"Figure I presents the extent of skeletal damage caused to each size category and the rate of regeneration and growth . of a circadian rhythm in the The percentage decrease in r of different size groups varied mosquito Cu/ex pipiens f atigans Wied. from 14 % to 29 %- Assuming linear growth between the periods when measurements were taken, and taking into account the 8RADY 1 has discussed Truman's• hypothesis that circadian different standard deviations of r, within each size category clocks can be divided into two types: type I in which light (Fig. 1), I estimated the number of days of growth required by seems to act directly on the oscillator, stopping it in constant the damaged corals to attain their size before breakage (see light (LL); and type 2, in which the photoreceptor and oscillator legend to Fig. I). To compare the different size groups with are separate and the rhythm is free-running in LL. Typically, in respect to their capacity for skeletal regeneration, the expected insects, developmental events such as eclosion seem to be con- average number of days of growth to regain original size after trolled by the first type, and daily behavioural activities by the 25 % brea...",regeneration|rate,candidate_review_needed,,,Select the exact printed figure/table label and panel before assigning clip/data paths.,digitization/figures/070cf5f2__rate__fig-<printed-label>_panel-<panel>.png,digitization/data/070cf5f2__rate__fig-<printed-label>_panel-<panel>.csv
DIG-070cf5f2-rate,needs_figure_id,070cf5f2-ae03-4d99-8e1b-7e07f8428803,Loya - 1976 - Skeletal regeneration in a Red Sea scleractinian coral population.pdf,rate,local_pdf_available,literature/META_ANALYSIS_POOL/Loya - 1976 - Skeletal regeneration in a Red Sea scleractinian coral population.pdf,4359ada3aff52dd19055fb4c1c8fc55b74c1de0461f5021b86d030cdc6e611dd,2,parsed,3,15,figure,Figure 2,2,"Figure 2 compares the mean percentage increases in r per characteristics. Previously, the only known exception among month (M %/month) in the damaged corals and the intact the Diptera was Aedes aegypti, a light-active mosquito, in which control groups. During the first 2 months of regeneration, all the flight activity rhythm persists, rather weakly, in LL 4 • Here damaged corals grew twice as fast as the intact control corals. I show that circadian flight activity in the mosquito Culex After the damaged colonies had regained their original size, no pipiensfatigans Wied. persists in LL, although in other respects © 1976 Nature Publishing Group",regeneration,candidate_review_needed,,,Select the exact printed figure/table label and panel before assigning clip/data paths.,digitization/figures/070cf5f2__rate__fig-<printed-label>_panel-<panel>.png,digitization/data/070cf5f2__rate__fig-<printed-label>_panel-<panel>.csv
DIG-070cf5f2-rate,needs_figure_id,070cf5f2-ae03-4d99-8e1b-7e07f8428803,Loya - 1976 - Skeletal regeneration in a Red Sea scleractinian coral population.pdf,rate,local_pdf_available,literature/META_ANALYSIS_POOL/Loya - 1976 - Skeletal regeneration in a Red Sea scleractinian coral population.pdf,4359ada3aff52dd19055fb4c1c8fc55b74c1de0461f5021b86d030cdc6e611dd,2,parsed,4,10,figure,Fig. I,2,"Fig. I). The largest size group (r = 3.01-4.00 cm) required rapidly damped out by LL1; for example in the mosquito a significantly longer time to attain its original size than did any Anopheles gambiae, the 'clock' controlling flight of the other groups (r tests, P < 0.05), which strengthens the activity seems to stop when the light phase is prolonged, and to assertion that this species grows more slowly as it ages 14 • restart at the next onset of darkness3, thus showing type I",time,candidate_review_needed,,,Select the exact printed figure/table label and panel before assigning clip/data paths.,digitization/figures/070cf5f2__rate__fig-<printed-label>_panel-<panel>.png,digitization/data/070cf5f2__rate__fig-<printed-label>_panel-<panel>.csv
DIG-070cf5f2-rate,needs_figure_id,070cf5f2-ae03-4d99-8e1b-7e07f8428803,Loya - 1976 - Skeletal regeneration in a Red Sea scleractinian coral population.pdf,rate,local_pdf_available,literature/META_ANALYSIS_POOL/Loya - 1976 - Skeletal regeneration in a Red Sea scleractinian coral population.pdf,4359ada3aff52dd19055fb4c1c8fc55b74c1de0461f5021b86d030cdc6e611dd,2,parsed,5,0,figure,Fig. 2,2,"Fig. 2 Comparison between the mean percentage increase in Israel. geometric mean of radius (r) per month (6.i' %/month) of Y. LOYA damaged corals (black bars) and intact control corals, belonging to the same size interval (blank bars). Average values of r, in Department of Zoology, the different dates of measurements are given in Fig. I. The George S. Wise Center for Life Sciences, Tel Aviv University, - 0// h 30 (r, -r,_,) x 100 6 r /o mont =--z;;; - - ~ Tel Aviv, Israel",,candidate_review_needed,,,Select the exact printed figure/table label and panel before assigning clip/data paths.,digitization/figures/070cf5f2__rate__fig-<printed-label>_panel-<panel>.png,digitization/data/070cf5f2__rate__fig-<printed-label>_panel-<panel>.csv
DIG-f7335f31-rate,needs_figure_id,f7335f31-f560-4d42-9f0d-52fdbec8ece6,Meesters et al 1992 sedimentation and lesion position.pdf,rate,local_pdf_available,literature/META_ANALYSIS_POOL/Meesters et al 1992 sedimentation and lesion position.pdf,20b67cab453ce43ff30bbb5a94d877ec185316e509a2348bf45b2a833570faaf,8,parsed,1,35,figure,Fig. 2,4,Fig. 2. Regeneration of the four species used in the long-term sediment stress experiment. Lesion size is given as the mean size of all lesions at a certain time. Fitted regression lines are drawn in graphs. Low: low sedimentation site; High: high sedimentation site.,regeneration|lesion|time,candidate_review_needed,,,Select the exact printed figure/table label and panel before assigning clip/data paths.,digitization/figures/f7335f31__rate__fig-<printed-label>_panel-<panel>.png,digitization/data/f7335f31__rate__fig-<printed-label>_panel-<panel>.csv
DIG-f7335f31-rate,needs_figure_id,f7335f31-f560-4d42-9f0d-52fdbec8ece6,Meesters et al 1992 sedimentation and lesion position.pdf,rate,local_pdf_available,literature/META_ANALYSIS_POOL/Meesters et al 1992 sedimentation and lesion position.pdf,20b67cab453ce43ff30bbb5a94d877ec185316e509a2348bf45b2a833570faaf,8,parsed,2,35,figure,Fig. 3,5,Fig. 3. Regeneration of Montastrea annularis up-current Fig. 4. Regeneration of lesions on the side and at the top (SedUp) and down-current (SedDown) of the construction of Porites astreoides colonies. Lesion size is given as the site of an articial beach. Lesion size is the mean size of all mean size of all lesions. Fitted regression lines are shown lesions at a given time. Fitted regression lines are drawn in in graph. graph.,regeneration|lesion|time,candidate_review_needed,,,Select the exact printed figure/table label and panel before assigning clip/data paths.,digitization/figures/f7335f31__rate__fig-<printed-label>_panel-<panel>.png,digitization/data/f7335f31__rate__fig-<printed-label>_panel-<panel>.csv
DIG-f7335f31-rate,needs_figure_id,f7335f31-f560-4d42-9f0d-52fdbec8ece6,Meesters et al 1992 sedimentation and lesion position.pdf,rate,local_pdf_available,literature/META_ANALYSIS_POOL/Meesters et al 1992 sedimentation and lesion position.pdf,20b67cab453ce43ff30bbb5a94d877ec185316e509a2348bf45b2a833570faaf,8,parsed,3,15,table,Table 2,6,"Table 2. Life history characteristics. Comparison of regeneration, reproduction, growth, polyp position, sediment rejection, and competitive characteristics of the species used in this study. Regeneration, sediment rejection, and competitive ability are 4",regeneration,candidate_review_needed,,,Select the exact printed figure/table label and panel before assigning clip/data paths.,digitization/figures/f7335f31__rate__fig-<printed-label>_panel-<panel>.png,digitization/data/f7335f31__rate__fig-<printed-label>_panel-<panel>.csv
DIG-f7335f31-rate,needs_figure_id,f7335f31-f560-4d42-9f0d-52fdbec8ece6,Meesters et al 1992 sedimentation and lesion position.pdf,rate,local_pdf_available,literature/META_ANALYSIS_POOL/Meesters et al 1992 sedimentation and lesion position.pdf,20b67cab453ce43ff30bbb5a94d877ec185316e509a2348bf45b2a833570faaf,8,parsed,4,10,figure,Fig. 1,2,"Fig. 1. The island of Cura~ao and situation of the study as explained in the previous section. sites. Site Low and High are the respectively low and high sedimentation sites of the long-term stress experiment. SedDown and SedUp are the sites of the short-term sedi- Lesion position ment stress experiment, down-current and up-current of the artificial beach construction site. Main wind and current di- To assess the influence oflesion position on regen- rection are shown. 1 eration, lesions were inflicted on the tops and sides I I",lesion,candidate_review_needed,,,Select the exact printed figure/table label and panel before assigning clip/data paths.,digitization/figures/f7335f31__rate__fig-<printed-label>_panel-<panel>.png,digitization/data/f7335f31__rate__fig-<printed-label>_panel-<panel>.csv
DIG-f7335f31-rate,needs_figure_id,f7335f31-f560-4d42-9f0d-52fdbec8ece6,Meesters et al 1992 sedimentation and lesion position.pdf,rate,local_pdf_available,literature/META_ANALYSIS_POOL/Meesters et al 1992 sedimentation and lesion position.pdf,20b67cab453ce43ff30bbb5a94d877ec185316e509a2348bf45b2a833570faaf,8,parsed,5,10,table,Table 1,5,"Table 1. Results of regression analyses and slope comparisons. Data were fitted to the line: Size = C * I Q<b""Timo>, in which C = constant, and b = slope. X0 = number of days till lesion closure according to regression line, N = number of data, R2 = coefficient of determination; Days = number of days included in regression; P,__ = Probability of regression, P,amp. Probability ofno difference between slopes:*** = P < 0.001, ** = P < 0.005, * = P < 0.025, n.s. = not significant.",lesion,candidate_review_needed,,,Select the exact printed figure/table label and panel before assigning clip/data paths.,digitization/figures/f7335f31__rate__fig-<printed-label>_panel-<panel>.png,digitization/data/f7335f31__rate__fig-<printed-label>_panel-<panel>.csv
DIG-c84ce087-growth,needs_figure_id,c84ce087-58f5-4e19-a373-34f57299f6d0,Meesters et al. - 1994 - Damage and regeneration links to growth in the reef-building coral Montastrea annularis.pdf,growth,local_pdf_available,literature/META_ANALYSIS_POOL/Meesters et al. - 1994 - Damage and regeneration links to growth in the reef-building coral Montastrea annularis.pdf,65ab2fc2bfd1493d19d9ace3a2426c4e55aee6f85fec96a57d13c6d59dfa0279,11,parsed,1,45,figure,Fig. 7,7,"Fig. 7. Montastrea annularis. Mean difference in growth tissue area of the core suppressed growth by approxi (mg cm-2 d""\ ± SE) between damaged and undamaged cores mately 32% during a period of at least 56 d. Growth relative to the time of lesion infliction. Horizontal line repre remained suppressed even after regeneration, in terms sent equal growth of lesion tissue recovery, stopped (Figs. 5 & 7). The for mation of septa, polyps and internal structures that Growth of both groups, i.e. undamaged cores and emerge when tissue regeneration slows down is prob regenerating cores, appeared to be decreasing ably responsible for the prolonged reduction of growth. A similar prolonged impact of damage has through time (Fig. 6). This was affirmed by an ANOVA on the growth data of the cores without a lesion been recorded as a decrease in skeletal extension over",growth|extension|skeletal|area,candidate_review_needed,,,Select the exact printed figure/table label and panel before assigning clip/data paths.,digitization/figures/c84ce087__growth__fig-<printed-label>_panel-<panel>.png,digitization/data/c84ce087__growth__fig-<printed-label>_panel-<panel>.csv
DIG-c84ce087-growth,needs_figure_id,c84ce087-58f5-4e19-a373-34f57299f6d0,Meesters et al. - 1994 - Damage and regeneration links to growth in the reef-building coral Montastrea annularis.pdf,growth,local_pdf_available,literature/META_ANALYSIS_POOL/Meesters et al. - 1994 - Damage and regeneration links to growth in the reef-building coral Montastrea annularis.pdf,65ab2fc2bfd1493d19d9ace3a2426c4e55aee6f85fec96a57d13c6d59dfa0279,11,parsed,2,25,table,Table 3,7,"Table 3. Montastrea annularis. Repeated-measures ANOVA on the difference in growth between cores with and without a processes. Corals respond by diverting a considerable lesion through time. Time is partitioned into measurements amount of available energy to regeneration and this before lesions were made, measurements after lesions were reduces growth. Regeneration of damage in corals dif made, and an interaction between before and after, ""p < 0.05;fers between species and is affected by sedimentation, **p<0.01 bleaching, kind of damage and surface area of the lesion (Bak et al. 1977, Bak & Steward-van Es 1980, Source of variation SS df MS F Bak & Criens 1981, Bak 1983, Lester & Bak 1985, Meesters et al. 1992, Meesters & Bak 1993). Colony 95.60 19 5.03 6.22** 6.22"" Time 7.82 11 0.71 0.88 An intrinsic characteristic of the regeneration pro Before 0.07 1 0.10 0.12 cess appears to be the exponential decrease in lesion After 1.63 9 0.18 0.22 size (Bak 1983, Meesters et al. 1992). But this decrease Before x After 6.12 1 6.12 7.57"" Error 170.76 209 0.82 in size often ceases before lesions are completely Non-additivity 3.30 1 3.30 4.08* 4.08' closed; a simple exponential regression, as...",growth|area,candidate_review_needed,,,Select the exact printed figure/table label and panel before assigning clip/data paths.,digitization/figures/c84ce087__growth__fig-<printed-label>_panel-<panel>.png,digitization/data/c84ce087__growth__fig-<printed-label>_panel-<panel>.csv
DIG-c84ce087-growth,needs_figure_id,c84ce087-58f5-4e19-a373-34f57299f6d0,Meesters et al. - 1994 - Damage and regeneration links to growth in the reef-building coral Montastrea annularis.pdf,growth,local_pdf_available,literature/META_ANALYSIS_POOL/Meesters et al. - 1994 - Damage and regeneration links to growth in the reef-building coral Montastrea annularis.pdf,65ab2fc2bfd1493d19d9ace3a2426c4e55aee6f85fec96a57d13c6d59dfa0279,11,parsed,3,25,table,Table 4,7,"Table 4. Montastrea annularis. Repeated-measures ANOVA and regression of the growth of the cores without a lesion We do not know why regeneration stops before a through time (n = 240). Resulting linear regression equation: wound is fully closed. During the first week after lesion Growth = 3.36-(0.03xTime); r2 = 0.20. ""pcO.Ol; """"p<0.001 infliction the only organisms that settle in lesions are filamentous algae. They do not appear to slow down Source of variation SS df MS F regeneration. Corals are known to overgrow algae that have infested dead parts of colonies (Fishelson 1973, Cores 113.16 19 5.96 9.87""' Bak et al. 1977). Time 137.06 11 12.46 20.64""' Lesion size is important in regeneration, because Regression 74.26 1 74.26 11.87"" Deviations 62.79 10 6.28 10.40"""" lesions above a certain size will not be recovered by Error Error 126.16 209 0.60 new tissue and will be colonised by other organisms. Total 376.38 239 But even in large lesions there will be an initial phase of regeneration, an effort of the coral to close the",growth|linear,candidate_review_needed,,,Select the exact printed figure/table label and panel before assigning clip/data paths.,digitization/figures/c84ce087__growth__fig-<printed-label>_panel-<panel>.png,digitization/data/c84ce087__growth__fig-<printed-label>_panel-<panel>.csv
DIG-c84ce087-growth,needs_figure_id,c84ce087-58f5-4e19-a373-34f57299f6d0,Meesters et al. - 1994 - Damage and regeneration links to growth in the reef-building coral Montastrea annularis.pdf,growth,local_pdf_available,literature/META_ANALYSIS_POOL/Meesters et al. - 1994 - Damage and regeneration links to growth in the reef-building coral Montastrea annularis.pdf,65ab2fc2bfd1493d19d9ace3a2426c4e55aee6f85fec96a57d13c6d59dfa0279,11,parsed,4,15,figure,Fig. 2,5,"Fig. 2. Montastrea annularis. Mean growth of rando lected growth measurements (n = 30) in our data se to received radiation. Regression: Growth = 2.58 + (0.06 x Handling Light); r2 =0.67; p < 0.001 Handling included collecting, transporting to the laboratory, weighing and taking the corals back to the reef. Mean growth of 3 groups of colonies (2 cores per colony) handled 2, 4 or 8 times in 16 d is shown in",growth,candidate_review_needed,,,Select the exact printed figure/table label and panel before assigning clip/data paths.,digitization/figures/c84ce087__growth__fig-<printed-label>_panel-<panel>.png,digitization/data/c84ce087__growth__fig-<printed-label>_panel-<panel>.csv
DIG-c84ce087-growth,needs_figure_id,c84ce087-58f5-4e19-a373-34f57299f6d0,Meesters et al. - 1994 - Damage and regeneration links to growth in the reef-building coral Montastrea annularis.pdf,growth,local_pdf_available,literature/META_ANALYSIS_POOL/Meesters et al. - 1994 - Damage and regeneration links to growth in the reef-building coral Montastrea annularis.pdf,65ab2fc2bfd1493d19d9ace3a2426c4e55aee6f85fec96a57d13c6d59dfa0279,11,parsed,5,15,figure,Fig. 3,5,"Fig. 3. If there had been a handling effect, one would expect growth to be higher when a colony is handled less. Instead, mean growth for colonies sampled only once every 8 d was even less than for colonies in the other 2 treatments. However, there was no significant 2 4 8 difference in growth between the 3 handling intensi Interval ties (days) (Table 1). The overall mean growth was 3.60 mg cm-2 d""1 (SE = 0.20; range 1.78 to 5.45).",growth,candidate_review_needed,,,Select the exact printed figure/table label and panel before assigning clip/data paths.,digitization/figures/c84ce087__growth__fig-<printed-label>_panel-<panel>.png,digitization/data/c84ce087__growth__fig-<printed-label>_panel-<panel>.csv
DIG-c84ce087-rate,needs_figure_id,c84ce087-58f5-4e19-a373-34f57299f6d0,Meesters et al. - 1994 - Damage and regeneration links to growth in the reef-building coral Montastrea annularis.pdf,rate,local_pdf_available,literature/META_ANALYSIS_POOL/Meesters et al. - 1994 - Damage and regeneration links to growth in the reef-building coral Montastrea annularis.pdf,65ab2fc2bfd1493d19d9ace3a2426c4e55aee6f85fec96a57d13c6d59dfa0279,11,parsed,1,65,figure,Fig. 7,7,"Fig. 7. Montastrea annularis. Mean difference in growth tissue area of the core suppressed growth by approxi (mg cm-2 d""\ ± SE) between damaged and undamaged cores mately 32% during a period of at least 56 d. Growth relative to the time of lesion infliction. Horizontal line repre remained suppressed even after regeneration, in terms sent equal growth of lesion tissue recovery, stopped (Figs. 5 & 7). The for mation of septa, polyps and internal structures that Growth of both groups, i.e. undamaged cores and emerge when tissue regeneration slows down is prob regenerating cores, appeared to be decreasing ably responsible for the prolonged reduction of growth. A similar prolonged impact of damage has through time (Fig. 6). This was affirmed by an ANOVA on the growth data of the cores without a lesion been recorded as a decrease in skeletal extension over",regeneration|recovery|lesion|tissue|area|time,candidate_review_needed,,,Select the exact printed figure/table label and panel before assigning clip/data paths.,digitization/figures/c84ce087__rate__fig-<printed-label>_panel-<panel>.png,digitization/data/c84ce087__rate__fig-<printed-label>_panel-<panel>.csv
DIG-c84ce087-rate,needs_figure_id,c84ce087-58f5-4e19-a373-34f57299f6d0,Meesters et al. - 1994 - Damage and regeneration links to growth in the reef-building coral Montastrea annularis.pdf,rate,local_pdf_available,literature/META_ANALYSIS_POOL/Meesters et al. - 1994 - Damage and regeneration links to growth in the reef-building coral Montastrea annularis.pdf,65ab2fc2bfd1493d19d9ace3a2426c4e55aee6f85fec96a57d13c6d59dfa0279,11,parsed,2,55,figure,Fig. 5,6,"Fig. 5. Montastrea annularis. Mean lesion size (± SE) at in Regeneration and growth fliction of lesion and subsequently through time. The model, Size = S» + (Smax x I0,slope x days>), results in the line Size = 35 + After lesions were made, the surrounding tissue (130 x io(_0 05 x days>), r2 = 0.73, n = 240. For abbreviations in the model see text started to recover the bare skeleton at a fast rate",regeneration|lesion|tissue|rate|time,candidate_review_needed,,,Select the exact printed figure/table label and panel before assigning clip/data paths.,digitization/figures/c84ce087__rate__fig-<printed-label>_panel-<panel>.png,digitization/data/c84ce087__rate__fig-<printed-label>_panel-<panel>.csv
DIG-c84ce087-rate,needs_figure_id,c84ce087-58f5-4e19-a373-34f57299f6d0,Meesters et al. - 1994 - Damage and regeneration links to growth in the reef-building coral Montastrea annularis.pdf,rate,local_pdf_available,literature/META_ANALYSIS_POOL/Meesters et al. - 1994 - Damage and regeneration links to growth in the reef-building coral Montastrea annularis.pdf,65ab2fc2bfd1493d19d9ace3a2426c4e55aee6f85fec96a57d13c6d59dfa0279,11,parsed,3,55,table,Table 4,7,"Table 4. Montastrea annularis. Repeated-measures ANOVA and regression of the growth of the cores without a lesion We do not know why regeneration stops before a through time (n = 240). Resulting linear regression equation: wound is fully closed. During the first week after lesion Growth = 3.36-(0.03xTime); r2 = 0.20. ""pcO.Ol; """"p<0.001 infliction the only organisms that settle in lesions are filamentous algae. They do not appear to slow down Source of variation SS df MS F regeneration. Corals are known to overgrow algae that have infested dead parts of colonies (Fishelson 1973, Cores 113.16 19 5.96 9.87""' Bak et al. 1977). Time 137.06 11 12.46 20.64""' Lesion size is important in regeneration, because Regression 74.26 1 74.26 11.87"" Deviations 62.79 10 6.28 10.40"""" lesions above a certain size will not be recovered by Error Error 126.16 209 0.60 new tissue and will be colonised by other organisms. Total 376.38 239 But even in large lesions there will be an initial phase of regeneration, an effort of the coral to close the",regeneration|lesion|wound|tissue|time,candidate_review_needed,,,Select the exact printed figure/table label and panel before assigning clip/data paths.,digitization/figures/c84ce087__rate__fig-<printed-label>_panel-<panel>.png,digitization/data/c84ce087__rate__fig-<printed-label>_panel-<panel>.csv
DIG-c84ce087-rate,needs_figure_id,c84ce087-58f5-4e19-a373-34f57299f6d0,Meesters et al. - 1994 - Damage and regeneration links to growth in the reef-building coral Montastrea annularis.pdf,rate,local_pdf_available,literature/META_ANALYSIS_POOL/Meesters et al. - 1994 - Damage and regeneration links to growth in the reef-building coral Montastrea annularis.pdf,65ab2fc2bfd1493d19d9ace3a2426c4e55aee6f85fec96a57d13c6d59dfa0279,11,parsed,4,45,table,Table 3,7,"Table 3. Montastrea annularis. Repeated-measures ANOVA on the difference in growth between cores with and without a processes. Corals respond by diverting a considerable lesion through time. Time is partitioned into measurements amount of available energy to regeneration and this before lesions were made, measurements after lesions were reduces growth. Regeneration of damage in corals dif made, and an interaction between before and after, ""p < 0.05;fers between species and is affected by sedimentation, **p<0.01 bleaching, kind of damage and surface area of the lesion (Bak et al. 1977, Bak & Steward-van Es 1980, Source of variation SS df MS F Bak & Criens 1981, Bak 1983, Lester & Bak 1985, Meesters et al. 1992, Meesters & Bak 1993). Colony 95.60 19 5.03 6.22** 6.22"" Time 7.82 11 0.71 0.88 An intrinsic characteristic of the regeneration pro Before 0.07 1 0.10 0.12 cess appears to be the exponential decrease in lesion After 1.63 9 0.18 0.22 size (Bak 1983, Meesters et al. 1992). But this decrease Before x After 6.12 1 6.12 7.57"" Error 170.76 209 0.82 in size often ceases before lesions are completely Non-additivity 3.30 1 3.30 4.08* 4.08' closed; a simple exponential regression, as...",regeneration|lesion|area|time,candidate_review_needed,,,Select the exact printed figure/table label and panel before assigning clip/data paths.,digitization/figures/c84ce087__rate__fig-<printed-label>_panel-<panel>.png,digitization/data/c84ce087__rate__fig-<printed-label>_panel-<panel>.csv
DIG-c84ce087-rate,needs_figure_id,c84ce087-58f5-4e19-a373-34f57299f6d0,Meesters et al. - 1994 - Damage and regeneration links to growth in the reef-building coral Montastrea annularis.pdf,rate,local_pdf_available,literature/META_ANALYSIS_POOL/Meesters et al. - 1994 - Damage and regeneration links to growth in the reef-building coral Montastrea annularis.pdf,65ab2fc2bfd1493d19d9ace3a2426c4e55aee6f85fec96a57d13c6d59dfa0279,11,parsed,5,20,table,Table 2,6,Table 2. Estimated parameters (± SE) in the model: Lesion size = S„ + (Smax x io(slope x daYs'). The parameters were estimated by an iterative line fitting model using least squares. S„: the size to which an average lesion (of size S„ + Smax) in Montastrea annularis will be healed; Smax: the maximum lesion size that will completely regenerate; Slope: the slope of the regression -15 0 0 15 15 30 30 45 45 60 line; n = 240 Days after le,regenerate|lesion,candidate_review_needed,,,Select the exact printed figure/table label and panel before assigning clip/data paths.,digitization/figures/c84ce087__rate__fig-<printed-label>_panel-<panel>.png,digitization/data/c84ce087__rate__fig-<printed-label>_panel-<panel>.csv
DIG-398d01aa-survival,needs_figure_id,398d01aa-1e0e-4c46-9989-8490ca8748d5,Meesters et al. - 1996 - Partial Mortality in Three Species of Reef-Building Corals and the Relation with Colony Morphology.pdf,survival,local_pdf_available,literature/META_ANALYSIS_POOL/Meesters et al. - 1996 - Partial Mortality in Three Species of Reef-Building Corals and the Relation with Colony Morphology.pdf,25e641b59a412c6d61d393ba39e1909815c61430f71bf350921a14dfc9c3cf27,15,parsed,1,25,table,Table 4,6,"Table 4. Partial mortality measured as lesion size (cm2) in Acropora palmata, Diploria strigosa, and Porites astreoides. Lesions are grouped into type I (i.e., completely surrounded by tissue) and type II (partly surrounded by living tissue). (In Acropora palmata lesions were measured on the upperside (Up.) and underside (Un.) of branches)",mortality|partial mortality,candidate_review_needed,,,Select the exact printed figure/table label and panel before assigning clip/data paths.,digitization/figures/398d01aa__survival__fig-<printed-label>_panel-<panel>.png,digitization/data/398d01aa__survival__fig-<printed-label>_panel-<panel>.csv
DIG-398d01aa-survival,needs_figure_id,398d01aa-1e0e-4c46-9989-8490ca8748d5,Meesters et al. - 1996 - Partial Mortality in Three Species of Reef-Building Corals and the Relation with Colony Morphology.pdf,survival,local_pdf_available,literature/META_ANALYSIS_POOL/Meesters et al. - 1996 - Partial Mortality in Three Species of Reef-Building Corals and the Relation with Colony Morphology.pdf,25e641b59a412c6d61d393ba39e1909815c61430f71bf350921a14dfc9c3cf27,15,parsed,2,25,figure,Figure 3,9,"Figure 3. Percentage of colonies with and without partial mortality in colony size classes of Dip/oria strigosa and Porites astreoides. Total number of colonies in white bars. Statistics: Dip/oria. G = 16.9, df = 6, P = 0.010; Porites, G = 26.9, df = 4, P < 0.001.",mortality|partial mortality,candidate_review_needed,,,Select the exact printed figure/table label and panel before assigning clip/data paths.,digitization/figures/398d01aa__survival__fig-<printed-label>_panel-<panel>.png,digitization/data/398d01aa__survival__fig-<printed-label>_panel-<panel>.csv
DIG-398d01aa-survival,needs_figure_id,398d01aa-1e0e-4c46-9989-8490ca8748d5,Meesters et al. - 1996 - Partial Mortality in Three Species of Reef-Building Corals and the Relation with Colony Morphology.pdf,survival,local_pdf_available,literature/META_ANALYSIS_POOL/Meesters et al. - 1996 - Partial Mortality in Three Species of Reef-Building Corals and the Relation with Colony Morphology.pdf,25e641b59a412c6d61d393ba39e1909815c61430f71bf350921a14dfc9c3cf27,15,parsed,3,0,table,Table 1,5,Table 1. Geometric mean number of lesions colony-I and m-2 and percent colonies damaged for the three surveyed species. Values for Acropora pa/mata are branch-I. (Roman numbers refer to lesion type; n number of measured colonies),,candidate_review_needed,,,Select the exact printed figure/table label and panel before assigning clip/data paths.,digitization/figures/398d01aa__survival__fig-<printed-label>_panel-<panel>.png,digitization/data/398d01aa__survival__fig-<printed-label>_panel-<panel>.csv
DIG-398d01aa-survival,needs_figure_id,398d01aa-1e0e-4c46-9989-8490ca8748d5,Meesters et al. - 1996 - Partial Mortality in Three Species of Reef-Building Corals and the Relation with Colony Morphology.pdf,survival,local_pdf_available,literature/META_ANALYSIS_POOL/Meesters et al. - 1996 - Partial Mortality in Three Species of Reef-Building Corals and the Relation with Colony Morphology.pdf,25e641b59a412c6d61d393ba39e1909815c61430f71bf350921a14dfc9c3cf27,15,parsed,4,0,table,Table 2,5,"Table 2. Acropora palmara. Relation of lesion abundance to reef location, lesion type, and branch side (3-way anova on the mean number of lesions, type I + type II per colony branch, three branches·colony-I). Data were square-root eV(lOO-X) transformed. Branch side, sampling site and lesion type are fixed factors.",,candidate_review_needed,,,Select the exact printed figure/table label and panel before assigning clip/data paths.,digitization/figures/398d01aa__survival__fig-<printed-label>_panel-<panel>.png,digitization/data/398d01aa__survival__fig-<printed-label>_panel-<panel>.csv
DIG-398d01aa-survival,needs_figure_id,398d01aa-1e0e-4c46-9989-8490ca8748d5,Meesters et al. - 1996 - Partial Mortality in Three Species of Reef-Building Corals and the Relation with Colony Morphology.pdf,survival,local_pdf_available,literature/META_ANALYSIS_POOL/Meesters et al. - 1996 - Partial Mortality in Three Species of Reef-Building Corals and the Relation with Colony Morphology.pdf,25e641b59a412c6d61d393ba39e1909815c61430f71bf350921a14dfc9c3cf27,15,parsed,5,0,table,Table 3,6,"Table 3. Number of lesions per branch per colony. (Geometric mean of type I and II lesions of all branches together, for damaged branches, and maximum number per branch)",,candidate_review_needed,,,Select the exact printed figure/table label and panel before assigning clip/data paths.,digitization/figures/398d01aa__survival__fig-<printed-label>_panel-<panel>.png,digitization/data/398d01aa__survival__fig-<printed-label>_panel-<panel>.csv
DIG-f46ad039-growth,needs_figure_id,f46ad039-b2d6-4a0a-860d-98cf61f2a7de,Miller and Hay - 1998 - Effects of fish predation and seaweed competition on the survival and growth of corals.pdf,growth,local_pdf_available,literature/META_ANALYSIS_POOL/Miller and Hay - 1998 - Effects of fish predation and seaweed competition on the survival and growth of corals.pdf,4844837471ad5ff6d9f3678d7a734f2ee8ac3a87d4d171cfc6b9e7dc98ebb3c6,8,parsed,1,25,figure,Fig. 5A,4,"Fig. 5A) in full-cage treatments than in the half-cage and no-cage treatments (P = 0.002). In addition, sea- weed cover on the preplanted side of each block remained signi®cantly greater (by 5±10%) than on the initially bare side (P = 0.002). There was also a signi- ®cant spatial eect of cinder block (P < 0.002). Dic- tyota spp. that had been preplanted were the most abundant seaweed present in all replicates of all cage treatments. H. opuntia was also present in all types of Fig. 5A±C Results of the experiment with P. porites. Bars represent cage treatments, but at lower abundance that Dictyota. means + 1 SE. P-values from two-factor split-plot ANOVA (n = 12±13). A Macroalgal percent cover in the six treatment groups Colonizing species of seaweed (mostly reds) were largely after 14 weeks. B Coral growth as relative change in buoyant weight restricted to full-cage treatments (Fig. 6). over the course of the experiment. C Grazing scars on corals in the six Contrary to our a priori hypothesis, there was no treatment groups signi®cant cage eect on coral growth (Fig. 5B, P = 0.886) even though there was a signi®cant eect of the initial planting of seaweeds on coral growth cause o...",growth|weight,candidate_review_needed,,,Select the exact printed figure/table label and panel before assigning clip/data paths.,digitization/figures/f46ad039__growth__fig-<printed-label>_panel-<panel>.png,digitization/data/f46ad039__growth__fig-<printed-label>_panel-<panel>.csv
DIG-f46ad039-growth,needs_figure_id,f46ad039-b2d6-4a0a-860d-98cf61f2a7de,Miller and Hay - 1998 - Effects of fish predation and seaweed competition on the survival and growth of corals.pdf,growth,local_pdf_available,literature/META_ANALYSIS_POOL/Miller and Hay - 1998 - Effects of fish predation and seaweed competition on the survival and growth of corals.pdf,4844837471ad5ff6d9f3678d7a734f2ee8ac3a87d4d171cfc6b9e7dc98ebb3c6,8,parsed,2,10,figure,Fig. 6,5,"Fig. 6 Seaweed composition of each cage treatment indicated by the percent of replicates with each taxa present (n = 11 for full cages, intensity of damage is unusual. Randall (1974) and Bak n = 14 for half cages, and n = 15 for no cages) (red ®ls multiple and Engle (1979) reported that grazing ®shes damage unidenti®ed red ®lamentous species) juvenile corals, while Birkeland (1977) reported that grazing ®shes avoided damaging even very small juve- niles. Other recent observations suggest that the repro- ate treatment with regard to coral predation while it ductive status of the corals may also be important. functioned more as the described control with regard to Developing gonads held in coral tissue might provide a grazing on seaweeds. particularly rich nutritional source, and M. annularis in the Florida Keys appears to suer increased predation in the weeks before the annual mass spawn (A.M. Szmant,",mass,candidate_review_needed,,,Select the exact printed figure/table label and panel before assigning clip/data paths.,digitization/figures/f46ad039__growth__fig-<printed-label>_panel-<panel>.png,digitization/data/f46ad039__growth__fig-<printed-label>_panel-<panel>.csv
DIG-f46ad039-growth,needs_figure_id,f46ad039-b2d6-4a0a-860d-98cf61f2a7de,Miller and Hay - 1998 - Effects of fish predation and seaweed competition on the survival and growth of corals.pdf,growth,local_pdf_available,literature/META_ANALYSIS_POOL/Miller and Hay - 1998 - Effects of fish predation and seaweed competition on the survival and growth of corals.pdf,4844837471ad5ff6d9f3678d7a734f2ee8ac3a87d4d171cfc6b9e7dc98ebb3c6,8,parsed,3,0,figure,Fig. 2,3,Fig. 2 Results of the experiment with P. divaracata. Bars represent means + 1 SE. P-value from Kruskal-Wallis one-way ANOVA.,,candidate_review_needed,,,Select the exact printed figure/table label and panel before assigning clip/data paths.,digitization/figures/f46ad039__growth__fig-<printed-label>_panel-<panel>.png,digitization/data/f46ad039__growth__fig-<printed-label>_panel-<panel>.csv
DIG-f46ad039-growth,needs_figure_id,f46ad039-b2d6-4a0a-860d-98cf61f2a7de,Miller and Hay - 1998 - Effects of fish predation and seaweed competition on the survival and growth of corals.pdf,growth,local_pdf_available,literature/META_ANALYSIS_POOL/Miller and Hay - 1998 - Effects of fish predation and seaweed competition on the survival and growth of corals.pdf,4844837471ad5ff6d9f3678d7a734f2ee8ac3a87d4d171cfc6b9e7dc98ebb3c6,8,parsed,4,0,figure,Fig. 4,4,Fig. 4 Number of bites/h (mean + 1 SE) on approximately equal sized clumps of four species of corals transplanted from a seagrass bed to a fore-reef habitat. All bites were by the two species of parrot®shes indicated. The large SE is due to two sites being rapidly found and attacked by ®shes while two other sites were found only near the end of the 2-h ®lming period,,candidate_review_needed,,,Select the exact printed figure/table label and panel before assigning clip/data paths.,digitization/figures/f46ad039__growth__fig-<printed-label>_panel-<panel>.png,digitization/data/f46ad039__growth__fig-<printed-label>_panel-<panel>.csv
DIG-f46ad039-survival,needs_figure_id,f46ad039-b2d6-4a0a-860d-98cf61f2a7de,Miller and Hay - 1998 - Effects of fish predation and seaweed competition on the survival and growth of corals.pdf,survival,local_pdf_available,literature/META_ANALYSIS_POOL/Miller and Hay - 1998 - Effects of fish predation and seaweed competition on the survival and growth of corals.pdf,4844837471ad5ff6d9f3678d7a734f2ee8ac3a87d4d171cfc6b9e7dc98ebb3c6,8,parsed,1,0,figure,Fig. 2,3,Fig. 2 Results of the experiment with P. divaracata. Bars represent means + 1 SE. P-value from Kruskal-Wallis one-way ANOVA.,,candidate_review_needed,,,Select the exact printed figure/table label and panel before assigning clip/data paths.,digitization/figures/f46ad039__survival__fig-<printed-label>_panel-<panel>.png,digitization/data/f46ad039__survival__fig-<printed-label>_panel-<panel>.csv
DIG-f46ad039-survival,needs_figure_id,f46ad039-b2d6-4a0a-860d-98cf61f2a7de,Miller and Hay - 1998 - Effects of fish predation and seaweed competition on the survival and growth of corals.pdf,survival,local_pdf_available,literature/META_ANALYSIS_POOL/Miller and Hay - 1998 - Effects of fish predation and seaweed competition on the survival and growth of corals.pdf,4844837471ad5ff6d9f3678d7a734f2ee8ac3a87d4d171cfc6b9e7dc98ebb3c6,8,parsed,2,0,figure,Fig. 4,4,Fig. 4 Number of bites/h (mean + 1 SE) on approximately equal sized clumps of four species of corals transplanted from a seagrass bed to a fore-reef habitat. All bites were by the two species of parrot®shes indicated. The large SE is due to two sites being rapidly found and attacked by ®shes while two other sites were found only near the end of the 2-h ®lming period,,candidate_review_needed,,,Select the exact printed figure/table label and panel before assigning clip/data paths.,digitization/figures/f46ad039__survival__fig-<printed-label>_panel-<panel>.png,digitization/data/f46ad039__survival__fig-<printed-label>_panel-<panel>.csv
DIG-f46ad039-survival,needs_figure_id,f46ad039-b2d6-4a0a-860d-98cf61f2a7de,Miller and Hay - 1998 - Effects of fish predation and seaweed competition on the survival and growth of corals.pdf,survival,local_pdf_available,literature/META_ANALYSIS_POOL/Miller and Hay - 1998 - Effects of fish predation and seaweed competition on the survival and growth of corals.pdf,4844837471ad5ff6d9f3678d7a734f2ee8ac3a87d4d171cfc6b9e7dc98ebb3c6,8,parsed,3,0,figure,Fig. 5A,4,"Fig. 5A) in full-cage treatments than in the half-cage and no-cage treatments (P = 0.002). In addition, sea- weed cover on the preplanted side of each block remained signi®cantly greater (by 5±10%) than on the initially bare side (P = 0.002). There was also a signi- ®cant spatial eect of cinder block (P < 0.002). Dic- tyota spp. that had been preplanted were the most abundant seaweed present in all replicates of all cage treatments. H. opuntia was also present in all types of Fig. 5A±C Results of the experiment with P. porites. Bars represent cage treatments, but at lower abundance that Dictyota. means + 1 SE. P-values from two-factor split-plot ANOVA (n = 12±13). A Macroalgal percent cover in the six treatment groups Colonizing species of seaweed (mostly reds) were largely after 14 weeks. B Coral growth as relative change in buoyant weight restricted to full-cage treatments (Fig. 6). over the course of the experiment. C Grazing scars on corals in the six Contrary to our a priori hypothesis, there was no treatment groups signi®cant cage eect on coral growth (Fig. 5B, P = 0.886) even though there was a signi®cant eect of the initial planting of seaweeds on coral growth cause o...",,candidate_review_needed,,,Select the exact printed figure/table label and panel before assigning clip/data paths.,digitization/figures/f46ad039__survival__fig-<printed-label>_panel-<panel>.png,digitization/data/f46ad039__survival__fig-<printed-label>_panel-<panel>.csv
DIG-f46ad039-survival,needs_figure_id,f46ad039-b2d6-4a0a-860d-98cf61f2a7de,Miller and Hay - 1998 - Effects of fish predation and seaweed competition on the survival and growth of corals.pdf,survival,local_pdf_available,literature/META_ANALYSIS_POOL/Miller and Hay - 1998 - Effects of fish predation and seaweed competition on the survival and growth of corals.pdf,4844837471ad5ff6d9f3678d7a734f2ee8ac3a87d4d171cfc6b9e7dc98ebb3c6,8,parsed,4,0,figure,Fig. 6,5,"Fig. 6 Seaweed composition of each cage treatment indicated by the percent of replicates with each taxa present (n = 11 for full cages, intensity of damage is unusual. Randall (1974) and Bak n = 14 for half cages, and n = 15 for no cages) (red ®ls multiple and Engle (1979) reported that grazing ®shes damage unidenti®ed red ®lamentous species) juvenile corals, while Birkeland (1977) reported that grazing ®shes avoided damaging even very small juve- niles. Other recent observations suggest that the repro- ate treatment with regard to coral predation while it ductive status of the corals may also be important. functioned more as the described control with regard to Developing gonads held in coral tissue might provide a grazing on seaweeds. particularly rich nutritional source, and M. annularis in the Florida Keys appears to suer increased predation in the weeks before the annual mass spawn (A.M. Szmant,",,candidate_review_needed,,,Select the exact printed figure/table label and panel before assigning clip/data paths.,digitization/figures/f46ad039__survival__fig-<printed-label>_panel-<panel>.png,digitization/data/f46ad039__survival__fig-<printed-label>_panel-<panel>.csv
DIG-8c205a55-rate,needs_figure_id,8c205a55-4093-46c5-a7c2-e356c8bf6a7c,Nagelkerken and Bak - 1998 - Differential regeneration of artificial lesions among sympatric morphs of the Caribbean corals Porit.pdf,rate,local_pdf_available,literature/META_ANALYSIS_POOL/Nagelkerken and Bak - 1998 - Differential regeneration of artificial lesions among sympatric morphs of the Caribbean corals Porit.pdf,97220cb0270f8f8ed3fbdb1bd2aec0bd12a986f64883fed4dfd948843b835c5c,5,parsed,1,55,figure,Fig. 2,3,"Fig. 2. Regress~onslopes of lesion recovery (lesion size vs more surprising as our experimental lesions were rela- time) for the &ferent morphs of Porites astreoides and Steph- tively small, and small lesions are less likely to show anocoenia micheljnii and species/morphs of Madracis differentiation in regeneration rate than large ones",regeneration|recovery|lesion|rate|time,candidate_review_needed,,,Select the exact printed figure/table label and panel before assigning clip/data paths.,digitization/figures/8c205a55__rate__fig-<printed-label>_panel-<panel>.png,digitization/data/8c205a55__rate__fig-<printed-label>_panel-<panel>.csv
DIG-b2eaa7a6-rate,needs_figure_id,b2eaa7a6-c475-4f8e-bec2-2a52585da7c3,Nagelkerken et al. - 1999 - Depth-related variation in regeneration of artificial lesions in the Caribbean corals Porites ast.pdf,rate,local_pdf_available,literature/META_ANALYSIS_POOL/Nagelkerken et al. - 1999 - Depth-related variation in regeneration of artificial lesions in the Caribbean corals Porites ast.pdf,8fdbcf52f5fdddd2282b3c4190444061250ed746d371d91cdfc2bc71f8ac3591,11,parsed,1,45,figure,Fig. 1,4,"Fig. 1. Lesion recovery as a function of time for shallow and deep water colonies of (a) Porites astreoides, (b) Stephanocoenia michelinii. and only 5% in the deep water Stephanocoenia michelinii (Fig. 1a,b). In both species, shallow and deep water colonies had regenerated an average of approximately 90% of the total lesion area after 49 days, and most lesions were not completely closed at the",recovery|lesion|area|time,candidate_review_needed,,,Select the exact printed figure/table label and panel before assigning clip/data paths.,digitization/figures/b2eaa7a6__rate__fig-<printed-label>_panel-<panel>.png,digitization/data/b2eaa7a6__rate__fig-<printed-label>_panel-<panel>.csv
DIG-b2eaa7a6-rate,needs_figure_id,b2eaa7a6-c475-4f8e-bec2-2a52585da7c3,Nagelkerken et al. - 1999 - Depth-related variation in regeneration of artificial lesions in the Caribbean corals Porites ast.pdf,rate,local_pdf_available,literature/META_ANALYSIS_POOL/Nagelkerken et al. - 1999 - Depth-related variation in regeneration of artificial lesions in the Caribbean corals Porites ast.pdf,8fdbcf52f5fdddd2282b3c4190444061250ed746d371d91cdfc2bc71f8ac3591,11,parsed,2,30,figure,Fig. 2,6,"Fig. 2. Regression slopes calculated at each of the time intervals for the relation between percentage lesion area recovered versus water depth (a) Porites astreoides, (b) Stephanocoenia michelinii. Bars indicate the 95% confidence interval. Slopes are significantly different (0.05 level) if their intervals do not overlap.",lesion|area|time,candidate_review_needed,,,Select the exact printed figure/table label and panel before assigning clip/data paths.,digitization/figures/b2eaa7a6__rate__fig-<printed-label>_panel-<panel>.png,digitization/data/b2eaa7a6__rate__fig-<printed-label>_panel-<panel>.csv
DIG-b2eaa7a6-rate,needs_figure_id,b2eaa7a6-c475-4f8e-bec2-2a52585da7c3,Nagelkerken et al. - 1999 - Depth-related variation in regeneration of artificial lesions in the Caribbean corals Porites ast.pdf,rate,local_pdf_available,literature/META_ANALYSIS_POOL/Nagelkerken et al. - 1999 - Depth-related variation in regeneration of artificial lesions in the Caribbean corals Porites ast.pdf,8fdbcf52f5fdddd2282b3c4190444061250ed746d371d91cdfc2bc71f8ac3591,11,parsed,3,10,figure,Fig. 3,7,Fig. 3. Zooxanthellae counts and fitted regression lines of zooxanthellae density in the coral tissue near the lesions as a function of water depth.,tissue,candidate_review_needed,,,Select the exact printed figure/table label and panel before assigning clip/data paths.,digitization/figures/b2eaa7a6__rate__fig-<printed-label>_panel-<panel>.png,digitization/data/b2eaa7a6__rate__fig-<printed-label>_panel-<panel>.csv
DIG-b2eaa7a6-rate,needs_figure_id,b2eaa7a6-c475-4f8e-bec2-2a52585da7c3,Nagelkerken et al. - 1999 - Depth-related variation in regeneration of artificial lesions in the Caribbean corals Porites ast.pdf,rate,local_pdf_available,literature/META_ANALYSIS_POOL/Nagelkerken et al. - 1999 - Depth-related variation in regeneration of artificial lesions in the Caribbean corals Porites ast.pdf,8fdbcf52f5fdddd2282b3c4190444061250ed746d371d91cdfc2bc71f8ac3591,11,parsed,4,10,figure,Fig. 5,8,"Fig. 5. Chlorophyll a /c 2 ratio and fitted regression lines as a function of water depth. Colonies of Porites astreoides and Stephanocoenia michelinii did not show signs of photoacclimatization with depth by means of an increase of the total chlorophyll concentration per cell or a variation in the zooxanthellae density. It is known that various coral species are able to photoacclimatize when living at greater depths (Chalker et al., 1988). As a response to the reduced light levels deep water corals often have increased levels of pigments in their tissue (Porter et al., 1984; Battey and Porter, 1988). A further indication of lack of photoacclimatization in P. astreoides and S. michelinii is the lack of a decrease in the chlorophyll a /c 2 ratio with depth. Chlorophyll c 2 is much more efficient in absorbing the blue light available at greater depths. A decrease in the chlorophyll a /c 2 ratio with depth would therefore indicate a relative increase in the chlorophyll c 2 concentration compared to that of chlorophyll a, allowing for a more efficient use of the light available at depth (Battey and Porter, 1988). The lack of chlorophyll acclimatization in combination with reduced li...",tissue,candidate_review_needed,,,Select the exact printed figure/table label and panel before assigning clip/data paths.,digitization/figures/b2eaa7a6__rate__fig-<printed-label>_panel-<panel>.png,digitization/data/b2eaa7a6__rate__fig-<printed-label>_panel-<panel>.csv
DIG-b2eaa7a6-rate,needs_figure_id,b2eaa7a6-c475-4f8e-bec2-2a52585da7c3,Nagelkerken et al. - 1999 - Depth-related variation in regeneration of artificial lesions in the Caribbean corals Porites ast.pdf,rate,local_pdf_available,literature/META_ANALYSIS_POOL/Nagelkerken et al. - 1999 - Depth-related variation in regeneration of artificial lesions in the Caribbean corals Porites ast.pdf,8fdbcf52f5fdddd2282b3c4190444061250ed746d371d91cdfc2bc71f8ac3591,11,parsed,5,0,figure,Fig. 4,7,Fig. 4. Total chlorophyll (i.e. chl. a 1 c 2 ) concentration per zooxanthellae cell and fitted regression lines as a function of water depth.,,candidate_review_needed,,,Select the exact printed figure/table label and panel before assigning clip/data paths.,digitization/figures/b2eaa7a6__rate__fig-<printed-label>_panel-<panel>.png,digitization/data/b2eaa7a6__rate__fig-<printed-label>_panel-<panel>.csv
DIG-9f560a14-survival,needs_figure_id,9f560a14-a39a-4d71-8d68-9c14a4001c75,Nicolet et al. - 2018 - Predation scars may influence host susceptibility to pathogens evaluating the role of corallivores.pdf,survival,local_pdf_available,literature/META_ANALYSIS_POOL/Nicolet et al. - 2018 - Predation scars may influence host susceptibility to pathogens evaluating the role of corallivores.pdf,ed44518ac253683e2d15fd0f26ad7d2b646038768aa2f9a1242397ad68a42ad6,10,parsed,1,0,figure,Figure 1,3,"Figure 1. Percentage of nubbins infected in disease transmission experiments involving the butterflyfish Chaetodon plebeius (a,b) and the snail Drupella (c,d). The C. plebeius transmission experiment used a) brown band disease and b) black band disease, and comprised three treatments: active transmission, passive transmission with fish predation, and passive transmission without fish predation treatments, with three controls (passive transmission, pathogen infectivity, and seawater controls). The Drupella transmission experiment used c) brown band and d) black band disease, and comprised three treatments: a no delay introduction of snails to tanks, a 12 h delay, and a 24 h delay, with three controls (pathogen infectivity, injury and seawater controls).",,candidate_review_needed,,,Select the exact printed figure/table label and panel before assigning clip/data paths.,digitization/figures/9f560a14__survival__fig-<printed-label>_panel-<panel>.png,digitization/data/9f560a14__survival__fig-<printed-label>_panel-<panel>.csv
DIG-9f560a14-survival,needs_figure_id,9f560a14-a39a-4d71-8d68-9c14a4001c75,Nicolet et al. - 2018 - Predation scars may influence host susceptibility to pathogens evaluating the role of corallivores.pdf,survival,local_pdf_available,literature/META_ANALYSIS_POOL/Nicolet et al. - 2018 - Predation scars may influence host susceptibility to pathogens evaluating the role of corallivores.pdf,ed44518ac253683e2d15fd0f26ad7d2b646038768aa2f9a1242397ad68a42ad6,10,parsed,2,0,figure,Figure 2,4,"Figure 2. Table plot illustrating the proportion of healthy and infected (pathogen present) nubbins in relation to caging treatment, disease type and reef site. The field experiment ran for 7 days and monitored every second day. N = 96 nubbins overall.",,candidate_review_needed,,,Select the exact printed figure/table label and panel before assigning clip/data paths.,digitization/figures/9f560a14__survival__fig-<printed-label>_panel-<panel>.png,digitization/data/9f560a14__survival__fig-<printed-label>_panel-<panel>.csv
DIG-9f560a14-survival,needs_figure_id,9f560a14-a39a-4d71-8d68-9c14a4001c75,Nicolet et al. - 2018 - Predation scars may influence host susceptibility to pathogens evaluating the role of corallivores.pdf,survival,local_pdf_available,literature/META_ANALYSIS_POOL/Nicolet et al. - 2018 - Predation scars may influence host susceptibility to pathogens evaluating the role of corallivores.pdf,ed44518ac253683e2d15fd0f26ad7d2b646038768aa2f9a1242397ad68a42ad6,10,parsed,3,0,table,Table 1,5,"Table 1. List of peer-review publication aimed at testing the effect of potential vectors on coral disease transmission; listed by main finding, disease type, vector organism, pathogen species, transmission mechanism and source.",,candidate_review_needed,,,Select the exact printed figure/table label and panel before assigning clip/data paths.,digitization/figures/9f560a14__survival__fig-<printed-label>_panel-<panel>.png,digitization/data/9f560a14__survival__fig-<printed-label>_panel-<panel>.csv
DIG-9f560a14-survival,needs_figure_id,9f560a14-a39a-4d71-8d68-9c14a4001c75,Nicolet et al. - 2018 - Predation scars may influence host susceptibility to pathogens evaluating the role of corallivores.pdf,survival,local_pdf_available,literature/META_ANALYSIS_POOL/Nicolet et al. - 2018 - Predation scars may influence host susceptibility to pathogens evaluating the role of corallivores.pdf,ed44518ac253683e2d15fd0f26ad7d2b646038768aa2f9a1242397ad68a42ad6,10,parsed,4,0,table,Table 1,6,"Table 1). To date, only four vectors have been confirmed to transmit a total of six coral diseases19,26–28,40,41. Of the four confirmed coral disease vectors, the fireworm Hermodice carunculata acts as a winter reservoir and a sum- mer vector of Vibrio shiloi, a bacterium causing bleaching26. H. carunculata was also observed feeding on disease lesion during an outbreak of a ‘white disease’ in the Caribbean44. The remaining three vectors are corallivorous gastropods (Table 1). The Caribbean snail Coralliophila abbreviata (accepted species name now C. galea) has successfully transmitted various bacteria responsible for acroporid serratiosis (Serratia marcescens), white band disease (Vibrio and Rickettsiales bacteria) and an unknown type of white syndrome19,27,41. Interestingly, a close relative, Coralliophila caribaea, was unable to transmit white band disease in the same laboratory conditions41. Feeding scars of a snail from the same genus, Coralliophila violacea, were also found to be the origin of Porites white syndrome, this time in the Indo-Pacific46. Another mollusc, Cyphoma gibbosum, is a successful vector of the fungus Aspergillus syndowii that affects gorgonian corals40....",,candidate_review_needed,,,Select the exact printed figure/table label and panel before assigning clip/data paths.,digitization/figures/9f560a14__survival__fig-<printed-label>_panel-<panel>.png,digitization/data/9f560a14__survival__fig-<printed-label>_panel-<panel>.csv
DIG-d17e3c0b-growth,needs_figure_id,d17e3c0b-32a1-4c10-94fa-7558d22f726e,Okubo - 2008 - Size-independent investment allocation to regeneration and growth of the branching coral Acropora mu.pdf,growth,local_pdf_available,literature/META_ANALYSIS_POOL/Okubo - 2008 - Size-independent investment allocation to regeneration and growth of the branching coral Acropora mu.pdf,a7323fed10ef4d7aef86cb1ef8ad7824716f4436fc8a9e2211b03136f0b28753,5,parsed,1,15,table,Table 2,4,"Table 2 Number of new polyps formed on the new layer on the cut surface 24 days after fragmentation. Fragmentation was conducted on 13 August 2000 perimeter length of the initial lesion) in Montastrea an- cm fragments. nularis. In the present study, the cuts were made to main- Combining these results, it appears that the energetic tain consistent dimensions in all fragments, thus the initial investment for regeneration and growth was constant and lesion perimeter length was similar in all fragments. It has the investment in reproduction was proportional to been reported that larger lesions stop healing after ap- fragment size. This is analogous to the theoretical optimal proximately the same period of time as smaller lesions dispersal strategy (Comins et al. 1980). The fragment al- (Bak et al. 1977; Bak and Steward van Es 1980). Also, locates its energetic investment to growth and reproduc- preliminary observations noted that one fragment that tion. Let x be the investment to regeneration/growth and had a larger cut surface required a longer period for wound survivorship of the fragment. Let K be the total invest- closure (Okubo and Shimoike, unpublished results). It is ment. Th...",growth,candidate_review_needed,,,Select the exact printed figure/table label and panel before assigning clip/data paths.,digitization/figures/d17e3c0b__growth__fig-<printed-label>_panel-<panel>.png,digitization/data/d17e3c0b__growth__fig-<printed-label>_panel-<panel>.csv
DIG-d17e3c0b-growth,needs_figure_id,d17e3c0b-32a1-4c10-94fa-7558d22f726e,Okubo - 2008 - Size-independent investment allocation to regeneration and growth of the branching coral Acropora mu.pdf,growth,local_pdf_available,literature/META_ANALYSIS_POOL/Okubo - 2008 - Size-independent investment allocation to regeneration and growth of the branching coral Acropora mu.pdf,a7323fed10ef4d7aef86cb1ef8ad7824716f4436fc8a9e2211b03136f0b28753,5,parsed,2,0,table,Table 1,3,Table 1 Number of new polyps formed on the new layer on the cut surface 24 days after fragmentation. Fragmentation was conducted on 13 August 2000,,candidate_review_needed,,,Select the exact printed figure/table label and panel before assigning clip/data paths.,digitization/figures/d17e3c0b__growth__fig-<printed-label>_panel-<panel>.png,digitization/data/d17e3c0b__growth__fig-<printed-label>_panel-<panel>.csv
DIG-d17e3c0b-rate,needs_figure_id,d17e3c0b-32a1-4c10-94fa-7558d22f726e,Okubo - 2008 - Size-independent investment allocation to regeneration and growth of the branching coral Acropora mu.pdf,rate,local_pdf_available,literature/META_ANALYSIS_POOL/Okubo - 2008 - Size-independent investment allocation to regeneration and growth of the branching coral Acropora mu.pdf,a7323fed10ef4d7aef86cb1ef8ad7824716f4436fc8a9e2211b03136f0b28753,5,parsed,1,55,table,Table 2,4,"Table 2 Number of new polyps formed on the new layer on the cut surface 24 days after fragmentation. Fragmentation was conducted on 13 August 2000 perimeter length of the initial lesion) in Montastrea an- cm fragments. nularis. In the present study, the cuts were made to main- Combining these results, it appears that the energetic tain consistent dimensions in all fragments, thus the initial investment for regeneration and growth was constant and lesion perimeter length was similar in all fragments. It has the investment in reproduction was proportional to been reported that larger lesions stop healing after ap- fragment size. This is analogous to the theoretical optimal proximately the same period of time as smaller lesions dispersal strategy (Comins et al. 1980). The fragment al- (Bak et al. 1977; Bak and Steward van Es 1980). Also, locates its energetic investment to growth and reproduc- preliminary observations noted that one fragment that tion. Let x be the investment to regeneration/growth and had a larger cut surface required a longer period for wound survivorship of the fragment. Let K be the total invest- closure (Okubo and Shimoike, unpublished results). It is ment. Th...",regeneration|healing|lesion|wound|time,candidate_review_needed,,,Select the exact printed figure/table label and panel before assigning clip/data paths.,digitization/figures/d17e3c0b__rate__fig-<printed-label>_panel-<panel>.png,digitization/data/d17e3c0b__rate__fig-<printed-label>_panel-<panel>.csv
DIG-d17e3c0b-rate,needs_figure_id,d17e3c0b-32a1-4c10-94fa-7558d22f726e,Okubo - 2008 - Size-independent investment allocation to regeneration and growth of the branching coral Acropora mu.pdf,rate,local_pdf_available,literature/META_ANALYSIS_POOL/Okubo - 2008 - Size-independent investment allocation to regeneration and growth of the branching coral Acropora mu.pdf,a7323fed10ef4d7aef86cb1ef8ad7824716f4436fc8a9e2211b03136f0b28753,5,parsed,2,0,table,Table 1,3,Table 1 Number of new polyps formed on the new layer on the cut surface 24 days after fragmentation. Fragmentation was conducted on 13 August 2000,,candidate_review_needed,,,Select the exact printed figure/table label and panel before assigning clip/data paths.,digitization/figures/d17e3c0b__rate__fig-<printed-label>_panel-<panel>.png,digitization/data/d17e3c0b__rate__fig-<printed-label>_panel-<panel>.csv
DIG-84a7b2a4-rate,needs_figure_id,84a7b2a4-6982-4dce-a39a-2d4f07d0176b,Oren et al. - 1997 - Effect of lesion size and shape on regeneration of the Red Sea coral Favia favus.pdf,rate,local_pdf_available,literature/META_ANALYSIS_POOL/Oren et al. - 1997 - Effect of lesion size and shape on regeneration of the Red Sea coral Favia favus.pdf,e1c5f050c0b5b71a4aa23afe7d1db5c164601ddcc9054bd3276c1d2819f56008,8,parsed,1,45,table,Table 3,6,"Table 3. One-way ANOVA of the NFT/P ratios (Fig. 3) E-6 and each of the elongated lesions in the EP for attained during the first month. ""Significance at 95%. For tion (Fig. 2a), attained different recovery rates despite definitions of lesion type abbreviations see Table 1 their size similarity (Table 1). The only lesions demonstrating negative recovery Lesion Lesiontype type Mean Difference Fisher PLSD rates during the second and third time intervals were SP vs E-3 0.359 0.183' the SQ-6. The major difference between these and the SP vs SQ-6 0.192 0.189* other lesion types is their relatively low perimeter/sur SP vs E-6 -0.001 0.174 face area ratio (Fig. 2c). We noticed that the tentacles SP vs EP -0.374 0.163' of the healthy polyps surrounding each of the elon E-3 vs SQ-6 -0.167 0.194 E-3 vs E-6 -0.360 0.179* gated (E-3, E-6 and EP; Fig. lb, d, e) and the SP lesions E-3 vs EP -0.733 0.168* (Fig. la) covered the damaged surface area of these SQ-6 vs E-6 -0.193 0.185"" lesions during night time, while the SQ-6 lesions were SQ-6 vs EP -0.566 0.175* only partly covered, due to the greater distance be E-6 vs EP -0.372 0.158* tween their surrounding polyps and the center of these lesi...",recovery|lesion|area|time,candidate_review_needed,,,Select the exact printed figure/table label and panel before assigning clip/data paths.,digitization/figures/84a7b2a4__rate__fig-<printed-label>_panel-<panel>.png,digitization/data/84a7b2a4__rate__fig-<printed-label>_panel-<panel>.csv
DIG-84a7b2a4-rate,needs_figure_id,84a7b2a4-6982-4dce-a39a-2d4f07d0176b,Oren et al. - 1997 - Effect of lesion size and shape on regeneration of the Red Sea coral Favia favus.pdf,rate,local_pdf_available,literature/META_ANALYSIS_POOL/Oren et al. - 1997 - Effect of lesion size and shape on regeneration of the Red Sea coral Favia favus.pdf,e1c5f050c0b5b71a4aa23afe7d1db5c164601ddcc9054bd3276c1d2819f56008,8,parsed,2,35,figure,Fig. I,3,"Fig. Id), and (5) configurations of 3 elongated lesions composed of 6 polyps each, which were inflicted par The percent recovery achieved by each lesion type allel to each other with an interval of 2 undamaged during each month interval and throughout the polyps in between (EP, n = 8; Fig. le). All lesions were entire study period (relative to lesion size at t = 0) is photographed immediately after they were damaged presented in Table 1. The results presented in each (January 1995) by a Nikonos V camera with 35 mm column refer only to the changes in lesion size dur close-up attachment. Analyzing these slides with an ing a given month interval. The highest recovery image analyzer (Olympus, CUE-3), we calculated percentages of all lesion types were achieved during averages (±SD) of the surface areas of the lesions the (i.e.first month interval followed by a significant projected area), their perimeters and their perime decrease during the second and third month inter ter/surface area ratios (P/SA; Fig. 2a-c, respectively). vals (ANOVA with repeated measures, p = 0.0001; The projected surface areas of the SQ-6, E-6, and Table 1). each of the 3 lesions in the EP formation were simil...",recovery|lesion|area,candidate_review_needed,,,Select the exact printed figure/table label and panel before assigning clip/data paths.,digitization/figures/84a7b2a4__rate__fig-<printed-label>_panel-<panel>.png,digitization/data/84a7b2a4__rate__fig-<printed-label>_panel-<panel>.csv
DIG-84a7b2a4-rate,needs_figure_id,84a7b2a4-6982-4dce-a39a-2d4f07d0176b,Oren et al. - 1997 - Effect of lesion size and shape on regeneration of the Red Sea coral Favia favus.pdf,rate,local_pdf_available,literature/META_ANALYSIS_POOL/Oren et al. - 1997 - Effect of lesion size and shape on regeneration of the Red Sea coral Favia favus.pdf,e1c5f050c0b5b71a4aa23afe7d1db5c164601ddcc9054bd3276c1d2819f56008,8,parsed,3,35,figure,Fig. 2b,7,"Fig 2b). The various NFT/P ratios, which standardize LITERATURE CITED the size and shape differences between the lesion types, indicate that different lesions receive different Bäk RPM (1983) Neoplasia, regeneration and growth reef-building coral Acropora palmata. Mar Biol 77: amounts of energy from the colony. The results 221-227 obtained in this study suggest that long perimeter Bak RPM, Brouns JJWM, Heys FML (1977) Regeneration an lesions are provided with greater energetic resources aspects of spatial competition in the Scleractinian corals for their regeneration. It is logical to assume that long Agaiicia agaricites and Montastrea annularis. Proc 3rd In Symp Coral Reef 1:143-149 perimeter lesions in F. favus obtain their recovery Bak RPM, Criens SR (1981) Survival after fragmentation resources from a large portion of the colony, while colonies of Madracis mirabilis, Acropora palmata and A. short perimeter lesions 'activate' smaller portions of cervicornis (Scleractinia) and the subsequent impact of a the colony. The high recovery rates and NFT/P ratios coral disease. Proc 4th Int Symp Coral Reef 2:221-227 demonstrated by the small SP lesions appear to be in Bak RPM, Steward...",regeneration|recovery|lesion,candidate_review_needed,,,Select the exact printed figure/table label and panel before assigning clip/data paths.,digitization/figures/84a7b2a4__rate__fig-<printed-label>_panel-<panel>.png,digitization/data/84a7b2a4__rate__fig-<printed-label>_panel-<panel>.csv
DIG-84a7b2a4-rate,needs_figure_id,84a7b2a4-6982-4dce-a39a-2d4f07d0176b,Oren et al. - 1997 - Effect of lesion size and shape on regeneration of the Red Sea coral Favia favus.pdf,rate,local_pdf_available,literature/META_ANALYSIS_POOL/Oren et al. - 1997 - Effect of lesion size and shape on regeneration of the Red Sea coral Favia favus.pdf,e1c5f050c0b5b71a4aa23afe7d1db5c164601ddcc9054bd3276c1d2819f56008,8,parsed,4,35,figure,Fig. l,7,"Fig. le) are 'regarded' by the colony as 1 single lesion Indo-Pacific reef corals to elevated temperature. Coral Reefs 8:155-162 with a very long perimeter. Lang JC, Chornesky EA (1990) Competition between s Previous studies showed that regeneration can affect tinian reef corals — a review of mechanisms and effects. In: colony growth as well as its reproduction (Bak 1983, Dubinsky Z (ed) Coral reefs. Elsevier, Amsterdam, p 209-252 Rinkevich & Loya 1989, Harrison & Wallace 1990, Van Lester RT, Bak RPM (1985) Effect of environment on regener Veghel & Bak 1994). These findings indicate an ener ation of tissue lesions in the reef coral Montastrea annu",regeneration|lesion|tissue,candidate_review_needed,,,Select the exact printed figure/table label and panel before assigning clip/data paths.,digitization/figures/84a7b2a4__rate__fig-<printed-label>_panel-<panel>.png,digitization/data/84a7b2a4__rate__fig-<printed-label>_panel-<panel>.csv
DIG-84a7b2a4-rate,needs_figure_id,84a7b2a4-6982-4dce-a39a-2d4f07d0176b,Oren et al. - 1997 - Effect of lesion size and shape on regeneration of the Red Sea coral Favia favus.pdf,rate,local_pdf_available,literature/META_ANALYSIS_POOL/Oren et al. - 1997 - Effect of lesion size and shape on regeneration of the Red Sea coral Favia favus.pdf,e1c5f050c0b5b71a4aa23afe7d1db5c164601ddcc9054bd3276c1d2819f56008,8,parsed,5,30,figure,Fig. 2,5,"Fig. 2. Characteristics of the 5 different rates during lesionthis time interval types, (Table 1) (a) Aver The ratios age surface area (+SD); (b) average (NFT/P) between perimeter lengththe newly formed t (+SD); (c) average perimeter/surface area (in mm2) and (+SD) ratio (in mm) of each of the perimeter lesion types for each monthly interval are presen survey conducted 12 mo after inflicting the lesions Fig. 3. The highest NFT/P ratios for all lesions showed that all lesions except SQ-6 had completely obtained during the first month and a significant healed (data not shown). Furthermore, some of the SQ decrease with time was recorded in the following intervals (ANOVA with repeated mea sures, p = 0.0001; Fig. 3).",lesion|area|time,candidate_review_needed,,,Select the exact printed figure/table label and panel before assigning clip/data paths.,digitization/figures/84a7b2a4__rate__fig-<printed-label>_panel-<panel>.png,digitization/data/84a7b2a4__rate__fig-<printed-label>_panel-<panel>.csv
DIG-a3b88246-rate,needs_figure_id,a3b88246-eb7f-49ed-a997-67c6d36e9413,Oren et al. - 2001 - Colony Integration during Regeneration in the Stony Coral Favia favus.pdf,rate,local_pdf_available,literature/META_ANALYSIS_POOL/Oren et al. - 2001 - Colony Integration during Regeneration in the Stony Coral Favia favus.pdf,7ec41c46c5640cf2400b4d31f64cf29e9cae08433f05c799a200f258aeb768c5,13,parsed,1,45,table,Table 4,8,"TABLE 4. Two-way analysis of variance examining the ef- ments that focused mainly on healing of small, circular fect of lesion type and the distance from the lesion on polyp lesions of -1 cm2 (Wahle 1983, Lester and Bak 1985, fecundity of Favia favus (for details see Fig. 5). Meesters et al. 1992, Meesters and Bak 1993, Meesters Sum of Mean et al. 1994, Van Veghel and Bak 1994). The results of Source df squares square F P our study show that small lesions do not elicit the full Lesion type (A) 2 1050.5 525.3 168.1 0.0001 regenerative potential of F. favus colonies, since the Distance from lesions require a minor energy investment for their re- lesion (B) 2 901.5 450.8 144.2 0.0001 covery. The relatively small SP lesions examined in Interaction (AB) 4 446.8 111.7 35.7 0.0001 Error 63 196.8 3.1 our study (-1 cm2) were the only ones to support the localized regeneration hypothesis, since their recovery was unaffected by colony size (Fig. 3a). However, the larger E-2 and E-3 lesions confirmed the significance significantly reduced fecundity. Both lesion type and the distance from the lesion reduced fecundity, and there was a highly significant interaction between these * Control (n...",regeneration|healing|recovery|lesion,candidate_review_needed,,,Select the exact printed figure/table label and panel before assigning clip/data paths.,digitization/figures/a3b88246__rate__fig-<printed-label>_panel-<panel>.png,digitization/data/a3b88246__rate__fig-<printed-label>_panel-<panel>.csv
DIG-a3b88246-rate,needs_figure_id,a3b88246-eb7f-49ed-a997-67c6d36e9413,Oren et al. - 2001 - Colony Integration during Regeneration in the Stony Coral Favia favus.pdf,rate,local_pdf_available,literature/META_ANALYSIS_POOL/Oren et al. - 2001 - Colony Integration during Regeneration in the Stony Coral Favia favus.pdf,7ec41c46c5640cf2400b4d31f64cf29e9cae08433f05c799a200f258aeb768c5,13,parsed,2,25,table,Table 2,6,TABLE 2. Average percentage (+ 1 SD) lesion recovery during three consecutive monthly intervals (see Fig. 2 for description of lesion type). Recovery rates (%) Colony size Lesion type 0-30 d 31-60 d 61-90 d,recovery|lesion,candidate_review_needed,,,Select the exact printed figure/table label and panel before assigning clip/data paths.,digitization/figures/a3b88246__rate__fig-<printed-label>_panel-<panel>.png,digitization/data/a3b88246__rate__fig-<printed-label>_panel-<panel>.csv
DIG-a3b88246-rate,needs_figure_id,a3b88246-eb7f-49ed-a997-67c6d36e9413,Oren et al. - 2001 - Colony Integration during Regeneration in the Stony Coral Favia favus.pdf,rate,local_pdf_available,literature/META_ANALYSIS_POOL/Oren et al. - 2001 - Colony Integration during Regeneration in the Stony Coral Favia favus.pdf,7ec41c46c5640cf2400b4d31f64cf29e9cae08433f05c799a200f258aeb768c5,13,parsed,3,25,figure,FIG. 3,7,"FIG. 3. Average percentage recovery rates recorded for the small, intermediate, and large Faviafavus colonies during 1 7 15 the first month after injury: (a) colonies inflicted with SP lesions (n = 8), (b) colonies inflicted with E-2 lesions (n = 0 20 Control (n =10) 8), and (c) colonies inflicted with E-3 lesions (n = 8). Error 4-- b) E-lIO lesion E-l0O lesion (n =8) bars represent the upper range of the 95% confidence interval f 15 for the mean deduced from the calculated percentage data (arcsine square-root p transformation for percentage data). I 10 -",recovery|lesion,candidate_review_needed,,,Select the exact printed figure/table label and panel before assigning clip/data paths.,digitization/figures/a3b88246__rate__fig-<printed-label>_panel-<panel>.png,digitization/data/a3b88246__rate__fig-<printed-label>_panel-<panel>.csv
DIG-a3b88246-rate,needs_figure_id,a3b88246-eb7f-49ed-a997-67c6d36e9413,Oren et al. - 2001 - Colony Integration during Regeneration in the Stony Coral Favia favus.pdf,rate,local_pdf_available,literature/META_ANALYSIS_POOL/Oren et al. - 2001 - Colony Integration during Regeneration in the Stony Coral Favia favus.pdf,7ec41c46c5640cf2400b4d31f64cf29e9cae08433f05c799a200f258aeb768c5,13,parsed,4,10,figure,FIG. 2,5,"FIG. 2. Photographs (70% actual size) of the lesion types (a) single polyp lesion (SP), (b) elongated lesion of two neighboring polyps in a row (E-2), (c) elongated lesion of three neighboring polyps in a row (E-3), and (d) elongated lesion of 10 neighboring polyps in a row (E-10).",lesion,candidate_review_needed,,,Select the exact printed figure/table label and panel before assigning clip/data paths.,digitization/figures/a3b88246__rate__fig-<printed-label>_panel-<panel>.png,digitization/data/a3b88246__rate__fig-<printed-label>_panel-<panel>.csv
DIG-a3b88246-rate,needs_figure_id,a3b88246-eb7f-49ed-a997-67c6d36e9413,Oren et al. - 2001 - Colony Integration during Regeneration in the Stony Coral Favia favus.pdf,rate,local_pdf_available,literature/META_ANALYSIS_POOL/Oren et al. - 2001 - Colony Integration during Regeneration in the Stony Coral Favia favus.pdf,7ec41c46c5640cf2400b4d31f64cf29e9cae08433f05c799a200f258aeb768c5,13,parsed,5,10,table,Table 1,5,"TABLE 1. Average dimensions (? 1 SD) of the experimen- experiment was initiated in February 1996, during the tally inflicted lesions (see Fig 2 for description of lesion initial stages of F. favus oogenesis. It was expected type). that during the initial stages of oogenesis an increasing",lesion,candidate_review_needed,,,Select the exact printed figure/table label and panel before assigning clip/data paths.,digitization/figures/a3b88246__rate__fig-<printed-label>_panel-<panel>.png,digitization/data/a3b88246__rate__fig-<printed-label>_panel-<panel>.csv
DIG-a3b88246-reproduction,needs_figure_id,a3b88246-eb7f-49ed-a997-67c6d36e9413,Oren et al. - 2001 - Colony Integration during Regeneration in the Stony Coral Favia favus.pdf,reproduction,local_pdf_available,literature/META_ANALYSIS_POOL/Oren et al. - 2001 - Colony Integration during Regeneration in the Stony Coral Favia favus.pdf,7ec41c46c5640cf2400b4d31f64cf29e9cae08433f05c799a200f258aeb768c5,13,parsed,1,15,table,Table 4,8,"TABLE 4. Two-way analysis of variance examining the ef- ments that focused mainly on healing of small, circular fect of lesion type and the distance from the lesion on polyp lesions of -1 cm2 (Wahle 1983, Lester and Bak 1985, fecundity of Favia favus (for details see Fig. 5). Meesters et al. 1992, Meesters and Bak 1993, Meesters Sum of Mean et al. 1994, Van Veghel and Bak 1994). The results of Source df squares square F P our study show that small lesions do not elicit the full Lesion type (A) 2 1050.5 525.3 168.1 0.0001 regenerative potential of F. favus colonies, since the Distance from lesions require a minor energy investment for their re- lesion (B) 2 901.5 450.8 144.2 0.0001 covery. The relatively small SP lesions examined in Interaction (AB) 4 446.8 111.7 35.7 0.0001 Error 63 196.8 3.1 our study (-1 cm2) were the only ones to support the localized regeneration hypothesis, since their recovery was unaffected by colony size (Fig. 3a). However, the larger E-2 and E-3 lesions confirmed the significance significantly reduced fecundity. Both lesion type and the distance from the lesion reduced fecundity, and there was a highly significant interaction between these * Control (n...",fecundity,candidate_review_needed,,,Select the exact printed figure/table label and panel before assigning clip/data paths.,digitization/figures/a3b88246__reproduction__fig-<printed-label>_panel-<panel>.png,digitization/data/a3b88246__reproduction__fig-<printed-label>_panel-<panel>.csv
DIG-a3b88246-reproduction,needs_figure_id,a3b88246-eb7f-49ed-a997-67c6d36e9413,Oren et al. - 2001 - Colony Integration during Regeneration in the Stony Coral Favia favus.pdf,reproduction,local_pdf_available,literature/META_ANALYSIS_POOL/Oren et al. - 2001 - Colony Integration during Regeneration in the Stony Coral Favia favus.pdf,7ec41c46c5640cf2400b4d31f64cf29e9cae08433f05c799a200f258aeb768c5,13,parsed,2,0,figure,FIG. 1,4,"FIG. 1. Representative colonies of Favia favus from each of the four size classes examined in the study: (a) small, (b) intermediate, (c) large, and (d) very large. Length of ruler = 30 cm; distances between the black lines marked on the ruler = 10 cm.",,candidate_review_needed,,,Select the exact printed figure/table label and panel before assigning clip/data paths.,digitization/figures/a3b88246__reproduction__fig-<printed-label>_panel-<panel>.png,digitization/data/a3b88246__reproduction__fig-<printed-label>_panel-<panel>.csv
DIG-a3b88246-reproduction,needs_figure_id,a3b88246-eb7f-49ed-a997-67c6d36e9413,Oren et al. - 2001 - Colony Integration during Regeneration in the Stony Coral Favia favus.pdf,reproduction,local_pdf_available,literature/META_ANALYSIS_POOL/Oren et al. - 2001 - Colony Integration during Regeneration in the Stony Coral Favia favus.pdf,7ec41c46c5640cf2400b4d31f64cf29e9cae08433f05c799a200f258aeb768c5,13,parsed,3,0,figure,FIG. 2,5,"FIG. 2. Photographs (70% actual size) of the lesion types (a) single polyp lesion (SP), (b) elongated lesion of two neighboring polyps in a row (E-2), (c) elongated lesion of three neighboring polyps in a row (E-3), and (d) elongated lesion of 10 neighboring polyps in a row (E-10).",,candidate_review_needed,,,Select the exact printed figure/table label and panel before assigning clip/data paths.,digitization/figures/a3b88246__reproduction__fig-<printed-label>_panel-<panel>.png,digitization/data/a3b88246__reproduction__fig-<printed-label>_panel-<panel>.csv
DIG-a3b88246-reproduction,needs_figure_id,a3b88246-eb7f-49ed-a997-67c6d36e9413,Oren et al. - 2001 - Colony Integration during Regeneration in the Stony Coral Favia favus.pdf,reproduction,local_pdf_available,literature/META_ANALYSIS_POOL/Oren et al. - 2001 - Colony Integration during Regeneration in the Stony Coral Favia favus.pdf,7ec41c46c5640cf2400b4d31f64cf29e9cae08433f05c799a200f258aeb768c5,13,parsed,4,0,table,Table 1,5,"TABLE 1. Average dimensions (? 1 SD) of the experimen- experiment was initiated in February 1996, during the tally inflicted lesions (see Fig 2 for description of lesion initial stages of F. favus oogenesis. It was expected type). that during the initial stages of oogenesis an increasing",,candidate_review_needed,,,Select the exact printed figure/table label and panel before assigning clip/data paths.,digitization/figures/a3b88246__reproduction__fig-<printed-label>_panel-<panel>.png,digitization/data/a3b88246__reproduction__fig-<printed-label>_panel-<panel>.csv
DIG-a3b88246-reproduction,needs_figure_id,a3b88246-eb7f-49ed-a997-67c6d36e9413,Oren et al. - 2001 - Colony Integration during Regeneration in the Stony Coral Favia favus.pdf,reproduction,local_pdf_available,literature/META_ANALYSIS_POOL/Oren et al. - 2001 - Colony Integration during Regeneration in the Stony Coral Favia favus.pdf,7ec41c46c5640cf2400b4d31f64cf29e9cae08433f05c799a200f258aeb768c5,13,parsed,5,0,table,Table 2,6,TABLE 2. Average percentage (+ 1 SD) lesion recovery during three consecutive monthly intervals (see Fig. 2 for description of lesion type). Recovery rates (%) Colony size Lesion type 0-30 d 31-60 d 61-90 d,,candidate_review_needed,,,Select the exact printed figure/table label and panel before assigning clip/data paths.,digitization/figures/a3b88246__reproduction__fig-<printed-label>_panel-<panel>.png,digitization/data/a3b88246__reproduction__fig-<printed-label>_panel-<panel>.csv
DIG-d7f996dc-survival,needs_figure_id,d7f996dc-c00b-423c-b424-965cd78f9d1b,Page and Willis - 2008 - Epidemiology of skeletal eroding band on the Great Barrier Reef and the role of injury in the initia.pdf,survival,local_pdf_available,literature/META_ANALYSIS_POOL/Page and Willis - 2008 - Epidemiology of skeletal eroding band on the Great Barrier Reef and the role of injury in the initia.pdf,8b05b1d98f036ecf637f601608ef961436c1ad4e54222c396fcb949f7043ab8d,17,parsed,1,10,table,Table 4,11,"Table 4 Logistic regression comparing the proportion of mid branch injuries colonized by the ciliate Halofolliculina corallasia, 1–133 days nity. after injury The presence of ciliates on coral skeleton exposed via injury did not lead to additional tissue loss on any of the Factor Model 1 Model 2 (saturated model) injured branches. In fact, overall, the size of injuries df 2 p df 2 p declined through time (Fig. 7; ANOVA(Time): Pillai’s Time 1 47.9655 <0.0001 2 12.8586 <0.01* trace = 0.918, F = 69.41, df = 6, p < 0.001) indicating repair rather than degeneration of wounds in the presence Species 2 47.8443 <0.0001 1 0.3940 0.53 of H. corallasia ciliates. The extent to which injuries Time £ Species 2 7.4325 0.02* healed varied among the three species, as indicted by var-  in Schwarz’s Baysian criterion between model 1 and 2 = 109.32. iation in the timing and magnitude of declines in injury size Positive change in Schwarz’s Baysian criterion indicates improvement of model by interaction term among species (Fig. 7; ANOVA (Time £ Species): Pillai’s * denotes signiWcance at  = 0.05 trace = 1.305, F = 11.9, df = 12, p < 0.001). All injuries on P. damicornis healed completely by 4.5 m...",tissue loss,candidate_review_needed,,,Select the exact printed figure/table label and panel before assigning clip/data paths.,digitization/figures/d7f996dc__survival__fig-<printed-label>_panel-<panel>.png,digitization/data/d7f996dc__survival__fig-<printed-label>_panel-<panel>.csv
DIG-d7f996dc-survival,needs_figure_id,d7f996dc-c00b-423c-b424-965cd78f9d1b,Page and Willis - 2008 - Epidemiology of skeletal eroding band on the Great Barrier Reef and the role of injury in the initia.pdf,survival,local_pdf_available,literature/META_ANALYSIS_POOL/Page and Willis - 2008 - Epidemiology of skeletal eroding band on the Great Barrier Reef and the role of injury in the initia.pdf,8b05b1d98f036ecf637f601608ef961436c1ad4e54222c396fcb949f7043ab8d,17,parsed,2,10,figure,Fig. 7,12,"Fig. 7 Mean size of injuries, artiWcially created on three scleractinian of corals on the Great Barrier Reef (GBR). Mean and maxi- species (Acropora muricata, Porites cylindrica and Pocillopora dami- cornis), 1–133 days after injury mum rates of disease progression, of 2 § 0.3 (§ SE) and 3.3 mm/day, respectively, are low compared with rates of tissue loss caused by other coral diseases on the GBR. For 4.5 months. Regeneration of injuries in P. cylindrica was example, mean rates of SEB progression are less than half relatively slow compared with regeneration in P. damicor- those reported for BBD at Lizard Island (4.1–9.9 mm/day, nis, with injury size declining by 40% between day 20 Boyett et al. 2007) and are likely to be slower than those (4 § 0.04 [§SE] cm2) and 4.5 months after injury reported for white syndrome in the southern GBR (up to (2.3 § 0.26 [§SE] cm2). 57.8 mm2/day, RoV et al. 2006), although faster than those recorded much further south (> 1,000 km south of the Aquarium injury experiment GBR) in the Solitary Islands (maximum of 0.52 mm/day, Dalton and Smith 2006). Although rates of disease progres- Exclusion of macroscopic organisms in the aquarium injury sion are g...",tissue loss,candidate_review_needed,,,Select the exact printed figure/table label and panel before assigning clip/data paths.,digitization/figures/d7f996dc__survival__fig-<printed-label>_panel-<panel>.png,digitization/data/d7f996dc__survival__fig-<printed-label>_panel-<panel>.csv
DIG-d7f996dc-survival,needs_figure_id,d7f996dc-c00b-423c-b424-965cd78f9d1b,Page and Willis - 2008 - Epidemiology of skeletal eroding band on the Great Barrier Reef and the role of injury in the initia.pdf,survival,local_pdf_available,literature/META_ANALYSIS_POOL/Page and Willis - 2008 - Epidemiology of skeletal eroding band on the Great Barrier Reef and the role of injury in the initia.pdf,8b05b1d98f036ecf637f601608ef961436c1ad4e54222c396fcb949f7043ab8d,17,parsed,3,0,figure,Fig. 1,2,"Fig. 1 Macroscopic Weld signs of skeletal eroding band (SEB) on a Acropora pulchra, b Turbinaria stellata, c Acropora muricata, and d Pocillopora damicornis. Microscopic images of e motile swarmers (sw) of Halofolliculina corallasia ahead of sessile trophonts (t) at the interface between live coral and bare skeleton on P. damicornis. [Note that the coral tissue is damaged and a mesenterial Wlament (mf) is exposed] and f motile swarmer undergoing morphogenesis and secreting a lorica (l). Cilia (c) which lie in rows or kineties (k) and zooxanthellae (z) are clearly visible",,candidate_review_needed,,,Select the exact printed figure/table label and panel before assigning clip/data paths.,digitization/figures/d7f996dc__survival__fig-<printed-label>_panel-<panel>.png,digitization/data/d7f996dc__survival__fig-<printed-label>_panel-<panel>.csv
DIG-d7f996dc-survival,needs_figure_id,d7f996dc-c00b-423c-b424-965cd78f9d1b,Page and Willis - 2008 - Epidemiology of skeletal eroding band on the Great Barrier Reef and the role of injury in the initia.pdf,survival,local_pdf_available,literature/META_ANALYSIS_POOL/Page and Willis - 2008 - Epidemiology of skeletal eroding band on the Great Barrier Reef and the role of injury in the initia.pdf,8b05b1d98f036ecf637f601608ef961436c1ad4e54222c396fcb949f7043ab8d,17,parsed,4,0,figure,Fig. 2,4,"Fig. 2 Reefs surveyed annually between 2004 and 2006 for SEB in two latitudinal sectors of the Great Barrier Reef. Reefs are numbered as follows: 1 Day Reef, 2 Yonge Reef, 3 No Name Reef, 4 Macgillivray Reef, 5 Lizard Island, 6 North Direction Island, 7 Martin Reef, 8 Linnet Reef, 9 Maxwell Reef, 10 Dip Reef, 11 Knife Reef, 12 Fork Reef, 13 Kelso Reef, 14 Little Kelso Reef, 15 Davies Reef, 16 Orpheus Island, 17 Magnetic Island, 18 Middle Reef",,candidate_review_needed,,,Select the exact printed figure/table label and panel before assigning clip/data paths.,digitization/figures/d7f996dc__survival__fig-<printed-label>_panel-<panel>.png,digitization/data/d7f996dc__survival__fig-<printed-label>_panel-<panel>.csv
DIG-d7f996dc-survival,needs_figure_id,d7f996dc-c00b-423c-b424-965cd78f9d1b,Page and Willis - 2008 - Epidemiology of skeletal eroding band on the Great Barrier Reef and the role of injury in the initia.pdf,survival,local_pdf_available,literature/META_ANALYSIS_POOL/Page and Willis - 2008 - Epidemiology of skeletal eroding band on the Great Barrier Reef and the role of injury in the initia.pdf,8b05b1d98f036ecf637f601608ef961436c1ad4e54222c396fcb949f7043ab8d,17,parsed,5,0,table,Table 1,6,Table 1 Prevalence and host range of skeletal eroding band (SEB) in annual surveys of 18 reefs of the Great Barrier Reef between 2004 and 2006 262 Family Species or Total # of colonies Total # of colonies Total # of Prevalence Prevalence of SEB + Records of species taxonomic group with SEB with SEB + other diseases colonies of SEB (%) other disease (%) or taxa with SEB 123 surveyed,,candidate_review_needed,,,Select the exact printed figure/table label and panel before assigning clip/data paths.,digitization/figures/d7f996dc__survival__fig-<printed-label>_panel-<panel>.png,digitization/data/d7f996dc__survival__fig-<printed-label>_panel-<panel>.csv
DIG-3f852e08-growth,needs_figure_id,3f852e08-6b2f-488b-9351-0f78b2ba41a5,Palacios et al. - 2014 - Fish corallivory on a pocilloporid reef and experimental coral responses to predation.pdf,growth,local_pdf_available,literature/META_ANALYSIS_POOL/Palacios et al. - 2014 - Fish corallivory on a pocilloporid reef and experimental coral responses to predation.pdf,7beb1f8574bc1534dd79557e0d7dda3ac16b5663274ec2569e90eac48f4701de,12,parsed,1,45,figure,Fig. 6,8,"Fig. 6 Mean (?95 % CI) growth in terms of a normalized linear extension (cm cm-2 yr-1) and b normalized weight (g cm-2 yr-1) of weight for a given rate of linear extension than corals Pocillopora spp. nubbins in each of three predation treatments (Predation, protected from fish predation (F2,26 = 6.2, P \ 0.01; cage control = CC, and Predation exclusion). c Average ratio between the Figs. 6c, 7). Nubbins in the predator exclusion treatment normalized weight gained and the increased linear extension of nubbins showed the opposite morphology (long thin branches). (normalized) in each treatment. Bars with the same lowercase letter did not differ significantly: a, c Tukey multiple comparison test (a = 0.05), b two- sample resampling tests with Holm’s correction (a = 0.05) Effect of puffers on the pocilloporid carbonate budget",growth|extension|linear|weight,candidate_review_needed,,,Select the exact printed figure/table label and panel before assigning clip/data paths.,digitization/figures/3f852e08__growth__fig-<printed-label>_panel-<panel>.png,digitization/data/3f852e08__growth__fig-<printed-label>_panel-<panel>.csv
DIG-3f852e08-growth,needs_figure_id,3f852e08-6b2f-488b-9351-0f78b2ba41a5,Palacios et al. - 2014 - Fish corallivory on a pocilloporid reef and experimental coral responses to predation.pdf,growth,local_pdf_available,literature/META_ANALYSIS_POOL/Palacios et al. - 2014 - Fish corallivory on a pocilloporid reef and experimental coral responses to predation.pdf,7beb1f8574bc1534dd79557e0d7dda3ac16b5663274ec2569e90eac48f4701de,12,parsed,2,25,figure,Fig. 5,8,"Fig. 5 Adjusted mean (?95 % CI) of the change in weight attained by pocilloporid colonies exposed to different levels of simulated bite- inflicted damage (control = 0 % or no damage, and 25, 50, or 75 % Fig. 7 Representative corallum morphologies of pocilloporid nub- of colony branch tips damaged). Means of change in weight were bins a exposed and b protected from fish corallivory in the Predator adjusted by ANCOVA to the mean initial weight of colonies exclusion experiment carried out at La Azufrada coral reef, Gorgona Island, Colombia 0.06 a simulated puffer feeding). All injuries had healed suc- Length growth b 0.05 cessfully after 2 months with no apparent negative effects",growth|weight,candidate_review_needed,,,Select the exact printed figure/table label and panel before assigning clip/data paths.,digitization/figures/3f852e08__growth__fig-<printed-label>_panel-<panel>.png,digitization/data/3f852e08__growth__fig-<printed-label>_panel-<panel>.csv
DIG-3f852e08-growth,needs_figure_id,3f852e08-6b2f-488b-9351-0f78b2ba41a5,Palacios et al. - 2014 - Fish corallivory on a pocilloporid reef and experimental coral responses to predation.pdf,growth,local_pdf_available,literature/META_ANALYSIS_POOL/Palacios et al. - 2014 - Fish corallivory on a pocilloporid reef and experimental coral responses to predation.pdf,7beb1f8574bc1534dd79557e0d7dda3ac16b5663274ec2569e90eac48f4701de,12,parsed,3,15,figure,Fig. 5,8,"Fig. 5). Growth rate of pocilloporid colonies seemed not to The puffer A. meleagris removed 15.8 % of the carbonate be affected significantly by the levels of injury we exam- produced by the pocilloporid stands at La Azufrada reef, ined (25, 50, or 75 % of the branch tips injured by assuming a mean carbonate production rate of 5.5 kg",growth,candidate_review_needed,,,Select the exact printed figure/table label and panel before assigning clip/data paths.,digitization/figures/3f852e08__growth__fig-<printed-label>_panel-<panel>.png,digitization/data/3f852e08__growth__fig-<printed-label>_panel-<panel>.csv
DIG-3f852e08-growth,needs_figure_id,3f852e08-6b2f-488b-9351-0f78b2ba41a5,Palacios et al. - 2014 - Fish corallivory on a pocilloporid reef and experimental coral responses to predation.pdf,growth,local_pdf_available,literature/META_ANALYSIS_POOL/Palacios et al. - 2014 - Fish corallivory on a pocilloporid reef and experimental coral responses to predation.pdf,7beb1f8574bc1534dd79557e0d7dda3ac16b5663274ec2569e90eac48f4701de,12,parsed,4,15,table,Table 1,9,"Table 1 Carbonate budget estimated for La Azufrada coral reef, considering only the production of Pocillopora spp. and the destruction by the puffer Arothron meleagris Pocillopora spp. production Destruction by A. meleagris Growth rate Colony density Cover Production Density Destruction per fish CF Destruction (cm yr-1) (g cm-3) (%) (kg m-2 yr-1) (ind ha-1) (g d-1) (kg m-2 yr-1)",growth,candidate_review_needed,,,Select the exact printed figure/table label and panel before assigning clip/data paths.,digitization/figures/3f852e08__growth__fig-<printed-label>_panel-<panel>.png,digitization/data/3f852e08__growth__fig-<printed-label>_panel-<panel>.csv
DIG-3f852e08-growth,needs_figure_id,3f852e08-6b2f-488b-9351-0f78b2ba41a5,Palacios et al. - 2014 - Fish corallivory on a pocilloporid reef and experimental coral responses to predation.pdf,growth,local_pdf_available,literature/META_ANALYSIS_POOL/Palacios et al. - 2014 - Fish corallivory on a pocilloporid reef and experimental coral responses to predation.pdf,7beb1f8574bc1534dd79557e0d7dda3ac16b5663274ec2569e90eac48f4701de,12,parsed,5,0,figure,Fig. 1,4,"Fig. 1 Bite marks by the pufferfish Arothron meleagris on Pocillopora spp. colonies: a scrapes to the coral tissue, b, c excavating bites where coral tissue and skeleton have been removed, d pocilloporid colony exhibiting pufferfish bite marks, e A. meleagris feeding on Pocillopora spp.",,candidate_review_needed,,,Select the exact printed figure/table label and panel before assigning clip/data paths.,digitization/figures/3f852e08__growth__fig-<printed-label>_panel-<panel>.png,digitization/data/3f852e08__growth__fig-<printed-label>_panel-<panel>.csv
DIG-3f852e08-survival,needs_figure_id,3f852e08-6b2f-488b-9351-0f78b2ba41a5,Palacios et al. - 2014 - Fish corallivory on a pocilloporid reef and experimental coral responses to predation.pdf,survival,local_pdf_available,literature/META_ANALYSIS_POOL/Palacios et al. - 2014 - Fish corallivory on a pocilloporid reef and experimental coral responses to predation.pdf,7beb1f8574bc1534dd79557e0d7dda3ac16b5663274ec2569e90eac48f4701de,12,parsed,1,0,figure,Fig. 1,4,"Fig. 1 Bite marks by the pufferfish Arothron meleagris on Pocillopora spp. colonies: a scrapes to the coral tissue, b, c excavating bites where coral tissue and skeleton have been removed, d pocilloporid colony exhibiting pufferfish bite marks, e A. meleagris feeding on Pocillopora spp.",,candidate_review_needed,,,Select the exact printed figure/table label and panel before assigning clip/data paths.,digitization/figures/3f852e08__survival__fig-<printed-label>_panel-<panel>.png,digitization/data/3f852e08__survival__fig-<printed-label>_panel-<panel>.csv
DIG-3f852e08-survival,needs_figure_id,3f852e08-6b2f-488b-9351-0f78b2ba41a5,Palacios et al. - 2014 - Fish corallivory on a pocilloporid reef and experimental coral responses to predation.pdf,survival,local_pdf_available,literature/META_ANALYSIS_POOL/Palacios et al. - 2014 - Fish corallivory on a pocilloporid reef and experimental coral responses to predation.pdf,7beb1f8574bc1534dd79557e0d7dda3ac16b5663274ec2569e90eac48f4701de,12,parsed,2,0,figure,Fig. 2,5,"Fig. 2 Treatments considered in the Predator exclusion experiment treatment (half-cage), and c Predator exclusion treatment (full cage). where pocilloporid nubbins were individually exposed or protected Half-cages were employed to allow fish predation while controlling from fish corallivores: a Predation treatment (no cage), b cage control for the possible effects of the mesh on the nubbins",,candidate_review_needed,,,Select the exact printed figure/table label and panel before assigning clip/data paths.,digitization/figures/3f852e08__survival__fig-<printed-label>_panel-<panel>.png,digitization/data/3f852e08__survival__fig-<printed-label>_panel-<panel>.csv
DIG-3f852e08-survival,needs_figure_id,3f852e08-6b2f-488b-9351-0f78b2ba41a5,Palacios et al. - 2014 - Fish corallivory on a pocilloporid reef and experimental coral responses to predation.pdf,survival,local_pdf_available,literature/META_ANALYSIS_POOL/Palacios et al. - 2014 - Fish corallivory on a pocilloporid reef and experimental coral responses to predation.pdf,7beb1f8574bc1534dd79557e0d7dda3ac16b5663274ec2569e90eac48f4701de,12,parsed,3,0,figure,Fig. 3,6,"Fig. 3 Mean (?95 % CI) a pocilloporid coral cover (%), b Arothron (kg m-2 yr-1) was obtained as: meleagris abundance (ind ha-1), and c standing bite density (bites  m-2) across three zones of La Azufrada coral reef, Gorgona Island. Puffer destruction ¼ population density ind ha1 Bars with the same lowercase letter did not differ significantly: a,   destruction rate per fish g min 1 b two-sample resampling tests with Holm’s correction (a = 0.05), c Tukey’s multiple comparison test (a = 0.05)  feeding correction factor:",,candidate_review_needed,,,Select the exact printed figure/table label and panel before assigning clip/data paths.,digitization/figures/3f852e08__survival__fig-<printed-label>_panel-<panel>.png,digitization/data/3f852e08__survival__fig-<printed-label>_panel-<panel>.csv
DIG-3f852e08-survival,needs_figure_id,3f852e08-6b2f-488b-9351-0f78b2ba41a5,Palacios et al. - 2014 - Fish corallivory on a pocilloporid reef and experimental coral responses to predation.pdf,survival,local_pdf_available,literature/META_ANALYSIS_POOL/Palacios et al. - 2014 - Fish corallivory on a pocilloporid reef and experimental coral responses to predation.pdf,7beb1f8574bc1534dd79557e0d7dda3ac16b5663274ec2569e90eac48f4701de,12,parsed,4,0,figure,Fig. 3b,7,"Fig. 3b), with the reef crest (231.2 ± 160.7 ind ha1, any of the damage treatments (F3,31 = 1.12, P [ 0.1; 123",,candidate_review_needed,,,Select the exact printed figure/table label and panel before assigning clip/data paths.,digitization/figures/3f852e08__survival__fig-<printed-label>_panel-<panel>.png,digitization/data/3f852e08__survival__fig-<printed-label>_panel-<panel>.csv
DIG-3f852e08-survival,needs_figure_id,3f852e08-6b2f-488b-9351-0f78b2ba41a5,Palacios et al. - 2014 - Fish corallivory on a pocilloporid reef and experimental coral responses to predation.pdf,survival,local_pdf_available,literature/META_ANALYSIS_POOL/Palacios et al. - 2014 - Fish corallivory on a pocilloporid reef and experimental coral responses to predation.pdf,7beb1f8574bc1534dd79557e0d7dda3ac16b5663274ec2569e90eac48f4701de,12,parsed,5,0,figure,Fig. 4,7,"Fig. 4 Observed frequency distribution of standing bite scars within (e.g., sponges) were also bitten by the fish. Sixty percent of 100 cm2 quadrats on each of three reef zones at La Azufrada coral reef: a back reef, b reef flat, and c reef crest. Dash line histograms the 150 pufferfish we followed were actively feeding, so correspond to the expected Poisson distribution under the null we used this value to estimate the rate of coral consumption hypothesis of a random spatial distribution of bite scars by puffers. During the feeding activity, the puffers’ average feeding rate on Pocillopora was 1.8 ± 1.4 bites min-1 (mean ± SD, N = 72) with no significant differences (composed of coral rubble tightly cemented by encrusting among fish size classes (F2,69 = 0.8, P [ 0.3), reef zones calcareous algae) and scattered coral patches. (F2,69 = 0.98, P [ 0.3), or periods of the day, (F1,70 = 0.13, P [ 0.9). Predator abundance (Arothron meleagris) Tolerance to corallivory experiment The puffer A. meleagris had an average density of 171.2 ± 166.9 ind ha-1 (mean ± SD, N = 150) and an Uninjured control colonies of Pocillopora spp. were estimated total population size of 1,606 individuals (on...",,candidate_review_needed,,,Select the exact printed figure/table label and panel before assigning clip/data paths.,digitization/figures/3f852e08__survival__fig-<printed-label>_panel-<panel>.png,digitization/data/3f852e08__survival__fig-<printed-label>_panel-<panel>.csv
DIG-6f750c49-rate,needs_figure_id,6f750c49-3261-482c-ade2-373835f7cf40,Paz-García - 2006 - Temporal variation in the regeneration rate of artificial lesions in two morphotypes of Porites pana.pdf,rate,local_pdf_available,literature/META_ANALYSIS_POOL/Paz-García - 2006 - Temporal variation in the regeneration rate of artificial lesions in two morphotypes of Porites pana.pdf,785b560f9eb95b017399ae13305c6c5d94bfeee504f7a9fc7d45cc007394d288,8,parsed,1,35,figure,Figure 3,5,"Figure 3. Curve of lesion regeneration in Porites panamensis morphotypes. (a) Massive colonies: (♦) cold season (n = 30) and (—) fitted model (y = – The literature indicates that there are interspecific differ- 0.0847x + 3.4467, R2 = 0.585); (z) warm season (n = 26) and (—) fitted ences in the regeneration capacity of corals (Hall 1997, 2001; model (y = –0.1379x + 3.6742, R2 = 0.7867). (b) Columnar colonies: (♦) Van Woesik 1998). In some species, the naturally or artificially cold season (n = 30) and (—) fitted model (y = –0.081x + 3.3172, R2 = inflicted lesions can be entirely covered by undifferentiated 0.5503); (z) warm season (n = 28) and (—) fitted model (y = –0.1573x + tissue before new polyps appear (Meesters et al. 1997). In 3.6411, R2 = 0.7358). others, the pigmented polyps and new layer of tissue develop almost simultaneously (Bak 1983, Meesters et al. 1997). In this formas de P. panamensis. En contraste con las anteriores estra- study, the first strategy was observed in the cold season and the tegias de regeneración observadas en P. panamensis, en P. second in the warm season in both forms of P. panamensis. compressa de Hawaii la regeneración de las colonias ocurrió T...",regeneration|lesion|tissue,candidate_review_needed,,,Select the exact printed figure/table label and panel before assigning clip/data paths.,digitization/figures/6f750c49__rate__fig-<printed-label>_panel-<panel>.png,digitization/data/6f750c49__rate__fig-<printed-label>_panel-<panel>.csv
DIG-6f750c49-rate,needs_figure_id,6f750c49-3261-482c-ade2-373835f7cf40,Paz-García - 2006 - Temporal variation in the regeneration rate of artificial lesions in two morphotypes of Porites pana.pdf,rate,local_pdf_available,literature/META_ANALYSIS_POOL/Paz-García - 2006 - Temporal variation in the regeneration rate of artificial lesions in two morphotypes of Porites pana.pdf,785b560f9eb95b017399ae13305c6c5d94bfeee504f7a9fc7d45cc007394d288,8,parsed,2,15,figure,Figure 4,5,"Figure 4. Percentage of lesions with complete regeneration, partial regeneration and algal colonization in massive (grey) and columnar (black) colonies of Porites panamensis during the warm and cold seasons. Tiempo (Días) was higher for the columnar form than for the massive form. Figura 3. Curva de regeneración de lesiones en morfotipos de Porites Differences were also found in the proportion of colonies that panamensis. (a) Colonias masivas: (♦) temporada fría (n = 30) y (—) showed algal colonization in the lesions, the massive form modelo ajustado (y = –0.0847x + 3.4467, R2 = 0.585); (z) temporada cálida being three times more affected than the columnar in both (n = 26) y (—) modelo ajustado (y = –0.1379x + 3.6742, R2 = 0.7867). (b) seasons (fig. 4). colonias columnares: (♦) datos temporada fría (n = 30) y (—) modelo ajustado (y = –0.081x + 3.3172, R2 = 0.5503); (z) datos temporada cálida (n = 28) y (—) modelo ajustado (y = –0.1573x + 3.6411, R2 = 0.7358).",regeneration,candidate_review_needed,,,Select the exact printed figure/table label and panel before assigning clip/data paths.,digitization/figures/6f750c49__rate__fig-<printed-label>_panel-<panel>.png,digitization/data/6f750c49__rate__fig-<printed-label>_panel-<panel>.csv
DIG-06ab1757-growth,needs_figure_id,06ab1757-8fe9-4325-96ed-6f3106b325e4,Raymundo et al. - 2016 - Effects of Coralliophila violacea on tissue loss in the scleractinian corals Porites spp. depend on.pdf,growth,local_pdf_available,literature/META_ANALYSIS_POOL/Raymundo et al. - 2016 - Effects of Coralliophila violacea on tissue loss in the scleractinian corals Porites spp. depend on.pdf,fd2c60d4d2c233d409b26838398377a00910bbf84f7d093fa287ebff04b4ac1b,9,parsed,1,10,figure,Fig. 3,6,"Fig. 3. Hematoxylin and eosin stained tissue sections of new (≤10 d) Coralliophila violacea snail-induced lesions in (A−D) Porites cylindrica and (E,F) P. rus. with paired low (A,C,E) and high (B,D,F) magnification photomicrographs; e: epidermis, m: mucus, a: algae, f: fungi, n: nematocyst. (A) Diffuse full thickness necrosis of surface and basal body wall; arrow points to bor- der of intact (upper left) and necrotic (lower right) tissues with deposition of basophilic membrane (arrowhead); scale bar = 500 µm. (B) Close up of Panel A at arrow. Note copious mucus within basal body wall and deposition of hyaline membranes (arrow) with occasional fungal hyphae within necrotic debris (arrowhead); scale bar = 20 µm. (C) Necrosis of surface and basal body wall with deposition of hyaline membranes (arrow); scale bar = 500 µm. (D) Close up of Panel C at border of necrotic area; note basal body wall becoming progressively attenuated with hypertrophied calicodermis (arrowhead) and deposition of hyaline membranes (arrows); scale bar = 20 µm. (E) Invasion of coral tissues by algae (arrows) associated with necrosis (arrow- head); scale bar = 200 µm. (F) Close up of Panel E at arrowhead; note...",area,candidate_review_needed,,,Select the exact printed figure/table label and panel before assigning clip/data paths.,digitization/figures/06ab1757__growth__fig-<printed-label>_panel-<panel>.png,digitization/data/06ab1757__growth__fig-<printed-label>_panel-<panel>.csv
DIG-06ab1757-growth,needs_figure_id,06ab1757-8fe9-4325-96ed-6f3106b325e4,Raymundo et al. - 2016 - Effects of Coralliophila violacea on tissue loss in the scleractinian corals Porites spp. depend on.pdf,growth,local_pdf_available,literature/META_ANALYSIS_POOL/Raymundo et al. - 2016 - Effects of Coralliophila violacea on tissue loss in the scleractinian corals Porites spp. depend on.pdf,fd2c60d4d2c233d409b26838398377a00910bbf84f7d093fa287ebff04b4ac1b,9,parsed,2,0,figure,Fig. 2,4,"Fig. 2. Time series photographs of progressive tissue loss resembling white syndrome in Porites rus, originating from 3 feeding scars (green stars in panel ruses that were not numerous enough A,B, with the snail indicated by the yellow arrow in A creating a third scar). to form inclusions. The lack of con- Tissue continued to slough after the snail was removed on November 5, 2010 cordance between the assumption (panels B–D). Areas of tissue loss coalesced, forming a large lesion, with addi- that tissue loss (white syndrome, WS) tional tissue loss initiating along the left border of the fragment around another feeding scar (panels C and D). Dates are given as mm.dd.yy is caused by bacteria and absence of histological evidence of the pres- ence of bacteria associated with cell",,candidate_review_needed,,,Select the exact printed figure/table label and panel before assigning clip/data paths.,digitization/figures/06ab1757__growth__fig-<printed-label>_panel-<panel>.png,digitization/data/06ab1757__growth__fig-<printed-label>_panel-<panel>.csv
DIG-06ab1757-growth,needs_figure_id,06ab1757-8fe9-4325-96ed-6f3106b325e4,Raymundo et al. - 2016 - Effects of Coralliophila violacea on tissue loss in the scleractinian corals Porites spp. depend on.pdf,growth,local_pdf_available,literature/META_ANALYSIS_POOL/Raymundo et al. - 2016 - Effects of Coralliophila violacea on tissue loss in the scleractinian corals Porites spp. depend on.pdf,fd2c60d4d2c233d409b26838398377a00910bbf84f7d093fa287ebff04b4ac1b,9,parsed,3,0,figure,Fig. 4B,4,"Fig. 4B) were the dominant organ- isms seen on microscopy and were present only in old lesions for P. cylin- drica, whereas algae were seen in both new and old lesions for P. rus (Table 2). Endolithic sponges, fungal hyphae, and helminth worms consti- tuted other organisms associated with lesions.",,candidate_review_needed,,,Select the exact printed figure/table label and panel before assigning clip/data paths.,digitization/figures/06ab1757__growth__fig-<printed-label>_panel-<panel>.png,digitization/data/06ab1757__growth__fig-<printed-label>_panel-<panel>.csv
DIG-06ab1757-growth,needs_figure_id,06ab1757-8fe9-4325-96ed-6f3106b325e4,Raymundo et al. - 2016 - Effects of Coralliophila violacea on tissue loss in the scleractinian corals Porites spp. depend on.pdf,growth,local_pdf_available,literature/META_ANALYSIS_POOL/Raymundo et al. - 2016 - Effects of Coralliophila violacea on tissue loss in the scleractinian corals Porites spp. depend on.pdf,fd2c60d4d2c233d409b26838398377a00910bbf84f7d093fa287ebff04b4ac1b,9,parsed,4,0,table,Table 1,4,"Table 1. Fate of feeding scars formed on healthy Porites rus plates (n = 10 per death in WS-affected coral has been treatment; several plates contained >1 scar) partitioned by feeding treatment. pointed out elsewhere (Ainsworth et Diseased-fed: Coralliophila violacea snails previously fed diseased coral tis- al. 2007, Work et al. 2012), although it sue; healthy-fed: C. violacea snails previously fed healthy coral tissue. Census has also been suggested that there taken 7 d after removal of snails may be more than 1 causal agent associated with this suite of disease Metric Diseased-fed Healthy-fed signs (Work et al. 2012, Bourne et Total feeding scars 13 14 al. 2015). We propose that second- Number of lesions progressing (%) 9 (69) 4(28) ary colonizers, primarily algae, may Number of feeding scars healing (%) 3 (23) 9 (65) be responsible for lesion progression No lesions formed (%) 1 (8) 1 (7) after snail removal, but the mecha- Lesion progression rate (cm d−1 ± SD) 0.24 ± 0.3 0.47 ± 0.62 Feeding scar healing rate (cm d−1 ± SD) 0.27 ± 0.3 0.21 ± 0.16 nism by which they might cause progressive tissue loss remains un- known. Recent discussions of the role old lesions (Fig. 4). For P...",,candidate_review_needed,,,Select the exact printed figure/table label and panel before assigning clip/data paths.,digitization/figures/06ab1757__growth__fig-<printed-label>_panel-<panel>.png,digitization/data/06ab1757__growth__fig-<printed-label>_panel-<panel>.csv
DIG-06ab1757-growth,needs_figure_id,06ab1757-8fe9-4325-96ed-6f3106b325e4,Raymundo et al. - 2016 - Effects of Coralliophila violacea on tissue loss in the scleractinian corals Porites spp. depend on.pdf,growth,local_pdf_available,literature/META_ANALYSIS_POOL/Raymundo et al. - 2016 - Effects of Coralliophila violacea on tissue loss in the scleractinian corals Porites spp. depend on.pdf,fd2c60d4d2c233d409b26838398377a00910bbf84f7d093fa287ebff04b4ac1b,9,parsed,5,0,table,Table 2,5,"Table 2. Percent of Porites cylindrica and P. rus manifesting particular histological changes partitioned by whether Corallio- phila violacea snail-induced lesions were new (≤1 wk) or old (>1 wk), and host response or organisms associated with the lesions",,candidate_review_needed,,,Select the exact printed figure/table label and panel before assigning clip/data paths.,digitization/figures/06ab1757__growth__fig-<printed-label>_panel-<panel>.png,digitization/data/06ab1757__growth__fig-<printed-label>_panel-<panel>.csv
DIG-06ab1757-survival,needs_figure_id,06ab1757-8fe9-4325-96ed-6f3106b325e4,Raymundo et al. - 2016 - Effects of Coralliophila violacea on tissue loss in the scleractinian corals Porites spp. depend on.pdf,survival,local_pdf_available,literature/META_ANALYSIS_POOL/Raymundo et al. - 2016 - Effects of Coralliophila violacea on tissue loss in the scleractinian corals Porites spp. depend on.pdf,fd2c60d4d2c233d409b26838398377a00910bbf84f7d093fa287ebff04b4ac1b,9,parsed,1,20,table,Table 1,4,"Table 1. Fate of feeding scars formed on healthy Porites rus plates (n = 10 per death in WS-affected coral has been treatment; several plates contained >1 scar) partitioned by feeding treatment. pointed out elsewhere (Ainsworth et Diseased-fed: Coralliophila violacea snails previously fed diseased coral tis- al. 2007, Work et al. 2012), although it sue; healthy-fed: C. violacea snails previously fed healthy coral tissue. Census has also been suggested that there taken 7 d after removal of snails may be more than 1 causal agent associated with this suite of disease Metric Diseased-fed Healthy-fed signs (Work et al. 2012, Bourne et Total feeding scars 13 14 al. 2015). We propose that second- Number of lesions progressing (%) 9 (69) 4(28) ary colonizers, primarily algae, may Number of feeding scars healing (%) 3 (23) 9 (65) be responsible for lesion progression No lesions formed (%) 1 (8) 1 (7) after snail removal, but the mecha- Lesion progression rate (cm d−1 ± SD) 0.24 ± 0.3 0.47 ± 0.62 Feeding scar healing rate (cm d−1 ± SD) 0.27 ± 0.3 0.21 ± 0.16 nism by which they might cause progressive tissue loss remains un- known. Recent discussions of the role old lesions (Fig. 4). For P...",death|tissue loss,candidate_review_needed,,,Select the exact printed figure/table label and panel before assigning clip/data paths.,digitization/figures/06ab1757__survival__fig-<printed-label>_panel-<panel>.png,digitization/data/06ab1757__survival__fig-<printed-label>_panel-<panel>.csv
DIG-06ab1757-survival,needs_figure_id,06ab1757-8fe9-4325-96ed-6f3106b325e4,Raymundo et al. - 2016 - Effects of Coralliophila violacea on tissue loss in the scleractinian corals Porites spp. depend on.pdf,survival,local_pdf_available,literature/META_ANALYSIS_POOL/Raymundo et al. - 2016 - Effects of Coralliophila violacea on tissue loss in the scleractinian corals Porites spp. depend on.pdf,fd2c60d4d2c233d409b26838398377a00910bbf84f7d093fa287ebff04b4ac1b,9,parsed,2,10,figure,Fig. 2,4,"Fig. 2. Time series photographs of progressive tissue loss resembling white syndrome in Porites rus, originating from 3 feeding scars (green stars in panel ruses that were not numerous enough A,B, with the snail indicated by the yellow arrow in A creating a third scar). to form inclusions. The lack of con- Tissue continued to slough after the snail was removed on November 5, 2010 cordance between the assumption (panels B–D). Areas of tissue loss coalesced, forming a large lesion, with addi- that tissue loss (white syndrome, WS) tional tissue loss initiating along the left border of the fragment around another feeding scar (panels C and D). Dates are given as mm.dd.yy is caused by bacteria and absence of histological evidence of the pres- ence of bacteria associated with cell",tissue loss,candidate_review_needed,,,Select the exact printed figure/table label and panel before assigning clip/data paths.,digitization/figures/06ab1757__survival__fig-<printed-label>_panel-<panel>.png,digitization/data/06ab1757__survival__fig-<printed-label>_panel-<panel>.csv
DIG-06ab1757-survival,needs_figure_id,06ab1757-8fe9-4325-96ed-6f3106b325e4,Raymundo et al. - 2016 - Effects of Coralliophila violacea on tissue loss in the scleractinian corals Porites spp. depend on.pdf,survival,local_pdf_available,literature/META_ANALYSIS_POOL/Raymundo et al. - 2016 - Effects of Coralliophila violacea on tissue loss in the scleractinian corals Porites spp. depend on.pdf,fd2c60d4d2c233d409b26838398377a00910bbf84f7d093fa287ebff04b4ac1b,9,parsed,3,0,figure,Fig. 4B,4,"Fig. 4B) were the dominant organ- isms seen on microscopy and were present only in old lesions for P. cylin- drica, whereas algae were seen in both new and old lesions for P. rus (Table 2). Endolithic sponges, fungal hyphae, and helminth worms consti- tuted other organisms associated with lesions.",,candidate_review_needed,,,Select the exact printed figure/table label and panel before assigning clip/data paths.,digitization/figures/06ab1757__survival__fig-<printed-label>_panel-<panel>.png,digitization/data/06ab1757__survival__fig-<printed-label>_panel-<panel>.csv
DIG-06ab1757-survival,needs_figure_id,06ab1757-8fe9-4325-96ed-6f3106b325e4,Raymundo et al. - 2016 - Effects of Coralliophila violacea on tissue loss in the scleractinian corals Porites spp. depend on.pdf,survival,local_pdf_available,literature/META_ANALYSIS_POOL/Raymundo et al. - 2016 - Effects of Coralliophila violacea on tissue loss in the scleractinian corals Porites spp. depend on.pdf,fd2c60d4d2c233d409b26838398377a00910bbf84f7d093fa287ebff04b4ac1b,9,parsed,4,0,table,Table 2,5,"Table 2. Percent of Porites cylindrica and P. rus manifesting particular histological changes partitioned by whether Corallio- phila violacea snail-induced lesions were new (≤1 wk) or old (>1 wk), and host response or organisms associated with the lesions",,candidate_review_needed,,,Select the exact printed figure/table label and panel before assigning clip/data paths.,digitization/figures/06ab1757__survival__fig-<printed-label>_panel-<panel>.png,digitization/data/06ab1757__survival__fig-<printed-label>_panel-<panel>.csv
DIG-06ab1757-survival,needs_figure_id,06ab1757-8fe9-4325-96ed-6f3106b325e4,Raymundo et al. - 2016 - Effects of Coralliophila violacea on tissue loss in the scleractinian corals Porites spp. depend on.pdf,survival,local_pdf_available,literature/META_ANALYSIS_POOL/Raymundo et al. - 2016 - Effects of Coralliophila violacea on tissue loss in the scleractinian corals Porites spp. depend on.pdf,fd2c60d4d2c233d409b26838398377a00910bbf84f7d093fa287ebff04b4ac1b,9,parsed,5,0,figure,Fig. 3,6,"Fig. 3. Hematoxylin and eosin stained tissue sections of new (≤10 d) Coralliophila violacea snail-induced lesions in (A−D) Porites cylindrica and (E,F) P. rus. with paired low (A,C,E) and high (B,D,F) magnification photomicrographs; e: epidermis, m: mucus, a: algae, f: fungi, n: nematocyst. (A) Diffuse full thickness necrosis of surface and basal body wall; arrow points to bor- der of intact (upper left) and necrotic (lower right) tissues with deposition of basophilic membrane (arrowhead); scale bar = 500 µm. (B) Close up of Panel A at arrow. Note copious mucus within basal body wall and deposition of hyaline membranes (arrow) with occasional fungal hyphae within necrotic debris (arrowhead); scale bar = 20 µm. (C) Necrosis of surface and basal body wall with deposition of hyaline membranes (arrow); scale bar = 500 µm. (D) Close up of Panel C at border of necrotic area; note basal body wall becoming progressively attenuated with hypertrophied calicodermis (arrowhead) and deposition of hyaline membranes (arrows); scale bar = 20 µm. (E) Invasion of coral tissues by algae (arrows) associated with necrosis (arrow- head); scale bar = 200 µm. (F) Close up of Panel E at arrowhead; note...",,candidate_review_needed,,,Select the exact printed figure/table label and panel before assigning clip/data paths.,digitization/figures/06ab1757__survival__fig-<printed-label>_panel-<panel>.png,digitization/data/06ab1757__survival__fig-<printed-label>_panel-<panel>.csv
DIG-0ccdd954-rate,needs_figure_id,0ccdd954-1740-44d7-a2c6-6280125057b5,Rice et al. - 2019 - Different nitrogen sources speed recovery from corallivory and uniquely alter the microbiome of a re.pdf,rate,local_pdf_available,literature/META_ANALYSIS_POOL/Rice et al. - 2019 - Different nitrogen sources speed recovery from corallivory and uniquely alter the microbiome of a re.pdf,f901edbbc240bb19a4fcd132d6e2cb310cc57790720ebcb4cc5db001010c1044,25,parsed,1,35,table,Table S3,7,"Table S3). For corals at 29  C, nitrogen enrichment removed the negative effect of seawater warming on healing rate regardless of nitrogen source. When comparing the wound healing rates at 29  C, we found that both ammonium and nitrogen enrichment increased healing rates by ~63% compared to ambient conditions (P < 0.05; Table S3). However, there were no differences in the wound healing rates for P. meandrina nubbins enriched with either ammonium or nitrate across temperature treatments (P > 0.9 for all comparisons; Table S3). Symbiodiniaceae densities ranged from 1.03 to 10.7 × 105 cells cm−2. Seawater warming increased Symbiodiniaceae density (LMM; F = 7.91, P < 0.01; Fig. 3; Table 2). There was",healing|wound|rate,candidate_review_needed,,,Select the exact printed figure/table label and panel before assigning clip/data paths.,digitization/figures/0ccdd954__rate__fig-<printed-label>_panel-<panel>.png,digitization/data/0ccdd954__rate__fig-<printed-label>_panel-<panel>.csv
DIG-0ccdd954-rate,needs_figure_id,0ccdd954-1740-44d7-a2c6-6280125057b5,Rice et al. - 2019 - Different nitrogen sources speed recovery from corallivory and uniquely alter the microbiome of a re.pdf,rate,local_pdf_available,literature/META_ANALYSIS_POOL/Rice et al. - 2019 - Different nitrogen sources speed recovery from corallivory and uniquely alter the microbiome of a re.pdf,f901edbbc240bb19a4fcd132d6e2cb310cc57790720ebcb4cc5db001010c1044,25,parsed,2,25,figure,Figure 2,8,Figure 2 Wound healing rates of Pocillopora meandrina. The wound healing rates (mm2 day−1; mean ± SE) of wounded Pocillopora meandrina nubbins under different temperature and nutrient treatments. The points show the distribution of the data. Letters represent signiﬁcant difference among treatments. Full-size  DOI: 10.7717/peerj.8056/ﬁg-2,healing|wound,candidate_review_needed,,,Select the exact printed figure/table label and panel before assigning clip/data paths.,digitization/figures/0ccdd954__rate__fig-<printed-label>_panel-<panel>.png,digitization/data/0ccdd954__rate__fig-<printed-label>_panel-<panel>.csv
DIG-0ccdd954-rate,needs_figure_id,0ccdd954-1740-44d7-a2c6-6280125057b5,Rice et al. - 2019 - Different nitrogen sources speed recovery from corallivory and uniquely alter the microbiome of a re.pdf,rate,local_pdf_available,literature/META_ANALYSIS_POOL/Rice et al. - 2019 - Different nitrogen sources speed recovery from corallivory and uniquely alter the microbiome of a re.pdf,f901edbbc240bb19a4fcd132d6e2cb310cc57790720ebcb4cc5db001010c1044,25,parsed,3,25,table,Table 1,9,Table 1 Linear mixed-effects model results for healing rate (mm2 day−1) of wounded corals with Kenward-Roger approximation for degrees of freedom. Fixed effects df F P Temperature 1 3.566 0.0653 Nutrient 2 2.091 0.135 Temperature × Nutrient 2 6.505 <0.01 Note: P-values deﬁned as signiﬁcant at a threshold of 0.05 are highlighted in bold.,healing|rate,candidate_review_needed,,,Select the exact printed figure/table label and panel before assigning clip/data paths.,digitization/figures/0ccdd954__rate__fig-<printed-label>_panel-<panel>.png,digitization/data/0ccdd954__rate__fig-<printed-label>_panel-<panel>.csv
DIG-0ccdd954-rate,needs_figure_id,0ccdd954-1740-44d7-a2c6-6280125057b5,Rice et al. - 2019 - Different nitrogen sources speed recovery from corallivory and uniquely alter the microbiome of a re.pdf,rate,local_pdf_available,literature/META_ANALYSIS_POOL/Rice et al. - 2019 - Different nitrogen sources speed recovery from corallivory and uniquely alter the microbiome of a re.pdf,f901edbbc240bb19a4fcd132d6e2cb310cc57790720ebcb4cc5db001010c1044,25,parsed,4,0,figure,Figure 1,8,"Figure 1 The growth rates of Pocillopora meandrina corals across treatments. Growth rates (mg cm−2 day−1; mean ± SE) of intact (gray bars) and wounded (white bars) Pocillopora meandrina nubbins under temperature (26  C, 29  C) and nutrient (control, ammonium, nitrate) treatments. The points show the distribution of the data. Full-size  DOI: 10.7717/peerj.8056/ﬁg-1",,candidate_review_needed,,,Select the exact printed figure/table label and panel before assigning clip/data paths.,digitization/figures/0ccdd954__rate__fig-<printed-label>_panel-<panel>.png,digitization/data/0ccdd954__rate__fig-<printed-label>_panel-<panel>.csv
DIG-0ccdd954-rate,needs_figure_id,0ccdd954-1740-44d7-a2c6-6280125057b5,Rice et al. - 2019 - Different nitrogen sources speed recovery from corallivory and uniquely alter the microbiome of a re.pdf,rate,local_pdf_available,literature/META_ANALYSIS_POOL/Rice et al. - 2019 - Different nitrogen sources speed recovery from corallivory and uniquely alter the microbiome of a re.pdf,f901edbbc240bb19a4fcd132d6e2cb310cc57790720ebcb4cc5db001010c1044,25,parsed,5,0,figure,Figure 3,9,"Figure 3 Symbiodiniaceae densities of Pocillopora meandrina corals across treatments. Symbiodi- niaceae densities (105 cells cm−2; mean ± SE) of intact (gray bars) and wounded (white bars) Pocillopora meandrina nubbins under temperature (26, 29  C) and nutrient (control, ammonium, nitrate) treat- ments. The points show the distribution of the data. Full-size  DOI: 10.7717/peerj.8056/ﬁg-3",,candidate_review_needed,,,Select the exact printed figure/table label and panel before assigning clip/data paths.,digitization/figures/0ccdd954__rate__fig-<printed-label>_panel-<panel>.png,digitization/data/0ccdd954__rate__fig-<printed-label>_panel-<panel>.csv
DIG-002a60bc-rate,needs_figure_id,002a60bc-55c8-4fdb-860a-1169fc99b2a8,Rice et al. - 2021 - Complex interactions with nutrients and sediment a.pdf,rate,local_pdf_available,literature/META_ANALYSIS_POOL/Rice et al. - 2021 - Complex interactions with nutrients and sediment a.pdf,b9bc4349682092468d266644397306579c799d059f57e67173eb45bddc75c9eb,14,parsed,1,0,table,Table 3,8,"Table 3; Figure 6a). There were no other main or interactive effects nutrient loading and sedimentation are often positively related as of the treatments on Symbiodiniaceae densities (Table 3). We ob- a product of land-­based pollution (Lapointe et al., 2004; Lirman & served a trend in which chlorophyll a concentration per symbiont Fong, 2007). In contrast to our findings, Becker and Silbiger (2020) cell varied across nutrient enrichment treatments (LMM; F = 3.95, showed that sedimentation rates and nutrient enrichment are posi- p = .052; Table 4; Figure 6b). We did not observe effects of snail pre- tively correlated across fringing reefs that overlap our study sites dation or sediment addition on chlorophyll a concentration (Table 4). during the Austral winter. The discrepancies between these findings may be explained by seasonal differences in sedimentation and nu- trient regimes across these sites or by methodological differences; 4 | D I S CU S S I O N we measured the prevalence of sediment accumulation on coral colonies, not sedimentation rates. Yet the effects of these stress- Our study investigated relationships among sedimentation, nutrient ors on live coral cover remain...",,candidate_review_needed,,,Select the exact printed figure/table label and panel before assigning clip/data paths.,digitization/figures/002a60bc__rate__fig-<printed-label>_panel-<panel>.png,digitization/data/002a60bc__rate__fig-<printed-label>_panel-<panel>.csv
DIG-002a60bc-survival,needs_figure_id,002a60bc-55c8-4fdb-860a-1169fc99b2a8,Rice et al. - 2021 - Complex interactions with nutrients and sediment a.pdf,survival,local_pdf_available,literature/META_ANALYSIS_POOL/Rice et al. - 2021 - Complex interactions with nutrients and sediment a.pdf,b9bc4349682092468d266644397306579c799d059f57e67173eb45bddc75c9eb,14,parsed,1,0,table,Table 3,8,"Table 3; Figure 6a). There were no other main or interactive effects nutrient loading and sedimentation are often positively related as of the treatments on Symbiodiniaceae densities (Table 3). We ob- a product of land-­based pollution (Lapointe et al., 2004; Lirman & served a trend in which chlorophyll a concentration per symbiont Fong, 2007). In contrast to our findings, Becker and Silbiger (2020) cell varied across nutrient enrichment treatments (LMM; F = 3.95, showed that sedimentation rates and nutrient enrichment are posi- p = .052; Table 4; Figure 6b). We did not observe effects of snail pre- tively correlated across fringing reefs that overlap our study sites dation or sediment addition on chlorophyll a concentration (Table 4). during the Austral winter. The discrepancies between these findings may be explained by seasonal differences in sedimentation and nu- trient regimes across these sites or by methodological differences; 4 | D I S CU S S I O N we measured the prevalence of sediment accumulation on coral colonies, not sedimentation rates. Yet the effects of these stress- Our study investigated relationships among sedimentation, nutrient ors on live coral cover remain...",,candidate_review_needed,,,Select the exact printed figure/table label and panel before assigning clip/data paths.,digitization/figures/002a60bc__survival__fig-<printed-label>_panel-<panel>.png,digitization/data/002a60bc__survival__fig-<printed-label>_panel-<panel>.csv
DIG-33d2bc0d-survival,needs_figure_id,33d2bc0d-ec51-4225-a216-bf74b34fa89d,Rotjan et al. - 2006 - Chronic parrotfish grazing impedes coral recovery after bleaching.pdf,survival,local_pdf_available,literature/META_ANALYSIS_POOL/Rotjan et al. - 2006 - Chronic parrotfish grazing impedes coral recovery after bleaching.pdf,932e0a6690f365518366b305e38bfe609e7428b124c0fd25adad85402fa4ade5,9,parsed,1,0,figure,Fig. 1,3,"Fig. 1 Time series of a single grazed Montastraea spp. coral colony This study was conducted at Carrie Bow Cay, Belize (16"" from a pre-bleaching in August 2004 to b October during bleaching to c recovery in January at Carrie Bow Cay, Belize. Relative 48’ N and 88"" 05’ W) on the outer ridge of the Belize bleaching levels can be visualized by contrasting the varying barrier reef (!18 m depth). Montastraea faveolata and appearance of the colony to the reef floor. Arrows in (a) indicate Montastraea franksi are the major reef building corals in representative grazing scars; the star in all three photos represents a this habitat, and 21 out of 63 (!33%) colonies examined sampling scar on the colony exhibited recent grazing scars. We sampled individually marked colonies of grazed and intact M. faveolata and M. sampling periods bracketed a period of considerable franksi corals at three time periods: in August 2004 environmental disturbance characterized by unseasonably (N = 64 colonies), October 2004 (N = 22) and in high temperatures concurrent with physical destruction mid-January 2005 (N = 24). August and October 2004 caused by storm surge from Hurricane Ivan, in addition to",,candidate_review_needed,,,Select the exact printed figure/table label and panel before assigning clip/data paths.,digitization/figures/33d2bc0d__survival__fig-<printed-label>_panel-<panel>.png,digitization/data/33d2bc0d__survival__fig-<printed-label>_panel-<panel>.csv
DIG-33d2bc0d-survival,needs_figure_id,33d2bc0d-ec51-4225-a216-bf74b34fa89d,Rotjan et al. - 2006 - Chronic parrotfish grazing impedes coral recovery after bleaching.pdf,survival,local_pdf_available,literature/META_ANALYSIS_POOL/Rotjan et al. - 2006 - Chronic parrotfish grazing impedes coral recovery after bleaching.pdf,932e0a6690f365518366b305e38bfe609e7428b124c0fd25adad85402fa4ade5,9,parsed,2,0,figure,Fig. 2,5,"Fig. 2 Changes in water temperature over time at 18 m depth on the Belize Barrier Reef, Carrie Bow Cay (CBC), Belize. Top panel shows the average daily water temperatures for 2004 compared to a event, power to detect an eﬀect size of 0.80 = 0.87) or 7 day running mean of the day-of-the-year average for the previous October (during the bleaching event; power to detect an 4 years (2000–2003). Dashed line represents the Pathfinder HotSpot threshold, 29.85""C, for 2 m depth at Carrie Bow Cay established by eﬀect size of 0.80 = 0.50), indicating that grazed and Aronson et al. (2002). Bottom panel shows a close-up of 10 min intact Montastraea spp. colonies were probably equally interval temperature data around the time of the bleaching event, susceptible to bleaching. However, during recovery from August–November 2004. Arrow at the top indicates when storm bleaching in January 2005, intact Montastraea spp. surge from Hurricane Ivan first aﬀected CBC (12–15 Sept 2004). Bold ticks along the bottom of the top panel indicate the period of colonies showed significantly higher zooxanthellae den- the close-up shown in the lower panel sities than grazed colonies (Table 1). It should be noted t...",,candidate_review_needed,,,Select the exact printed figure/table label and panel before assigning clip/data paths.,digitization/figures/33d2bc0d__survival__fig-<printed-label>_panel-<panel>.png,digitization/data/33d2bc0d__survival__fig-<printed-label>_panel-<panel>.csv
DIG-33d2bc0d-survival,needs_figure_id,33d2bc0d-ec51-4225-a216-bf74b34fa89d,Rotjan et al. - 2006 - Chronic parrotfish grazing impedes coral recovery after bleaching.pdf,survival,local_pdf_available,literature/META_ANALYSIS_POOL/Rotjan et al. - 2006 - Chronic parrotfish grazing impedes coral recovery after bleaching.pdf,932e0a6690f365518366b305e38bfe609e7428b124c0fd25adad85402fa4ade5,9,parsed,3,0,figure,Fig. 3,5,"Fig. 3 Zooxanthellae densities within parrotfish-grazed versus 28.5 intact Montastraea spp. colonies in 2004–2005 prior to the 2004 bleaching event (August), immediately following the bleaching event (October), and during recovery from bleaching (January). A S O N Sample sizes are represented within each bar; bars represent Month mean ± S.E. Linear contrasts were used to compare grazed and intact colonies for each month; *Indicates p < 0.05",,candidate_review_needed,,,Select the exact printed figure/table label and panel before assigning clip/data paths.,digitization/figures/33d2bc0d__survival__fig-<printed-label>_panel-<panel>.png,digitization/data/33d2bc0d__survival__fig-<printed-label>_panel-<panel>.csv
DIG-33d2bc0d-survival,needs_figure_id,33d2bc0d-ec51-4225-a216-bf74b34fa89d,Rotjan et al. - 2006 - Chronic parrotfish grazing impedes coral recovery after bleaching.pdf,survival,local_pdf_available,literature/META_ANALYSIS_POOL/Rotjan et al. - 2006 - Chronic parrotfish grazing impedes coral recovery after bleaching.pdf,932e0a6690f365518366b305e38bfe609e7428b124c0fd25adad85402fa4ade5,9,parsed,4,0,figure,Fig. 4,6,"Fig. 4 PCR-DGGE profile of Treatment: Intact Grazed the Symbiodinium ITS 2 region showing symbiont types Sample #: 300 303 305 309 337 310 313 detected in representative grazed versus intact Date: Aug Jan Aug Jan Aug Jan Aug Jan Aug Jan Aug Jan Aug Jan Montastraea spp. colonies (N = 64) sampled prior to bleaching (August 2004) and during bleaching recovery (January 2005). Profile is presented as a reverse image. Diagnostic bands are labeled for types B1, C7, and D1a",,candidate_review_needed,,,Select the exact printed figure/table label and panel before assigning clip/data paths.,digitization/figures/33d2bc0d__survival__fig-<printed-label>_panel-<panel>.png,digitization/data/33d2bc0d__survival__fig-<printed-label>_panel-<panel>.csv
DIG-33d2bc0d-survival,needs_figure_id,33d2bc0d-ec51-4225-a216-bf74b34fa89d,Rotjan et al. - 2006 - Chronic parrotfish grazing impedes coral recovery after bleaching.pdf,survival,local_pdf_available,literature/META_ANALYSIS_POOL/Rotjan et al. - 2006 - Chronic parrotfish grazing impedes coral recovery after bleaching.pdf,932e0a6690f365518366b305e38bfe609e7428b124c0fd25adad85402fa4ade5,9,parsed,5,0,table,Table 2,7,"Table 2 Number and percentage of Montastraea colonies exhibit- significantly greater proportion of grazed Montastraea ing increased diversity in Symbiodinium communities from August spp. corals that had previously been subject to parrotfish (pre-bleaching) to January (post- bleaching recovery) grazing experienced a change in detectable symbiont Increased No Percentage diversity. While all colonies maintained a population of clade change of type C7 symbionts, many of the corals experienced diversity change changes in detectable symbiont communities. The reportedly stress-tolerant Symbiodinium type D1a (Tol- Grazed 10 20 33 Intact 4 28 13 ler et al. 2001a, b), was detected in 5 out of 63 colonies. Baker (2001) and Thornhill et al. (2006) observed The same colonies were sampled at each time point. Grazed Symbiodinium D1a in Montastraea spp. colonies fol- Montastraea spp. colonies were significantly more likely to display lowing bleaching. Whether their newly detected symbi- an increase in detectable Symbiodinium spp. types than intact col- onies (test of homogeneity of proportions, v2 = 8.317, onts were previously present at sub-detection densities p = 0.0063) or were newly acquire...",,candidate_review_needed,,,Select the exact printed figure/table label and panel before assigning clip/data paths.,digitization/figures/33d2bc0d__survival__fig-<printed-label>_panel-<panel>.png,digitization/data/33d2bc0d__survival__fig-<printed-label>_panel-<panel>.csv
DIG-6da70b1c-rate,needs_figure_id,6da70b1c-7428-4a76-904c-b69d981f2824,Sabine et al. - 2015 - Environmental conditions influence tissue regeneration rates in scleractinian corals.pdf,rate,local_pdf_available,literature/META_ANALYSIS_POOL/Sabine et al. - 2015 - Environmental conditions influence tissue regeneration rates in scleractinian corals.pdf,a2115111341db035e5c98edbc6cf168b26ef96c1ad9109276b77e6f04d797ca8,12,parsed,1,45,table,Table 7,7,"Table 7 Results of ANCOVA with repeated measures assessing the effects of time, site, initial lesion area:colony area, and initial lesion perimeter on lesion recovery rates.",recovery|lesion|area|time,candidate_review_needed,,,Select the exact printed figure/table label and panel before assigning clip/data paths.,digitization/figures/6da70b1c__rate__fig-<printed-label>_panel-<panel>.png,digitization/data/6da70b1c__rate__fig-<printed-label>_panel-<panel>.csv
DIG-6da70b1c-rate,needs_figure_id,6da70b1c-7428-4a76-904c-b69d981f2824,Sabine et al. - 2015 - Environmental conditions influence tissue regeneration rates in scleractinian corals.pdf,rate,local_pdf_available,literature/META_ANALYSIS_POOL/Sabine et al. - 2015 - Environmental conditions influence tissue regeneration rates in scleractinian corals.pdf,a2115111341db035e5c98edbc6cf168b26ef96c1ad9109276b77e6f04d797ca8,12,parsed,2,35,figure,Fig. 3,4,"Fig. 3. Mean clod card dissolution as a percentage of original clod card weight ± SE Dissolved oxygen Temperature !0.6707 0.1448 for each month. Means labeled with the same letter are not significantly different Dissolved oxygen Chlorophyll !0.3199 0.5366 (Tukey HSD post hoc test). N = 5 clod cards for each trial at each site. Dissolved oxygen Turbidity !0.1079 0.8388 Dissolved oxygen Salinity 0.0241 0.9639 Organic flux Temperature !0.9519 0.0034* Organic flux Chlorophyll 0.1431 0.7868 which also contributed strongly to site differences along the sec- Organic flux Turbidity 0.387 0.4485 ond PC. Water flow, turbidity, and dissolved oxygen were signifi- Organic flux Salinity 0.4173 0.4104 Organic flux Dissolved oxygen 0.8455 0.0340* cantly associated with lesion recovery rates across sites, with Carbonate flux Temperature !0.991 0.0001* water flow accounting for most of the variance (R2 = 0.99, Carbonate flux Chlorophyll 0.2831 0.5866 p < 0.05, Table 2); however, there was no significant association Carbonate flux Turbidity 0.4594 0.3594 between lesion healing rates and sedimentation. Variance Carbonate flux Salinity 0.6238 0.1857 Inflation Factor (VIF) scores were also analyzed f...",healing|recovery|lesion,candidate_review_needed,,,Select the exact printed figure/table label and panel before assigning clip/data paths.,digitization/figures/6da70b1c__rate__fig-<printed-label>_panel-<panel>.png,digitization/data/6da70b1c__rate__fig-<printed-label>_panel-<panel>.csv
DIG-6da70b1c-rate,needs_figure_id,6da70b1c-7428-4a76-904c-b69d981f2824,Sabine et al. - 2015 - Environmental conditions influence tissue regeneration rates in scleractinian corals.pdf,rate,local_pdf_available,literature/META_ANALYSIS_POOL/Sabine et al. - 2015 - Environmental conditions influence tissue regeneration rates in scleractinian corals.pdf,a2115111341db035e5c98edbc6cf168b26ef96c1ad9109276b77e6f04d797ca8,12,parsed,3,35,table,Table 5,6,"Table 5 Results of statistical analyses comparing CTD parameters across sites. were significantly different between SI (6.43 ± 0.95 mm2 d!1) and RR (2.34 ± 0.18 mm2 d!1), while the other sites were not different Parameter N F(v2a) P from either of these sites or each other (Fig. 6). Additionally, regen- Temperature 24 0.26a 0.9983 eration was fastest during the first three days at all sites, after Salinity 18 1.53a 0.9086 which rates dropped and remained steady similarly across all sites Dissolved oxygen 24 0.10 0.9910 Chlorophyll 24 1.97 0.1320 (Table 7, Fig. 7). Turbidity 18 7.77 0.0018* Although the ratio of initial lesion area to colony area differed a significantly among sites (F5,53 = 4.88, p = 0.0009), this parameter Indicates where Kruskal-Wallis (v2) test was performed rather than one-way ANOVA (F). Degrees of freedom were 5 for all comparisons. did not significantly affect lesion recovery rates when considered * Indicates significant result (p < 0.05). in the analysis (p > 0.05). Initial lesion perimeter also varied signif- icantly with site (F5,53 = 10.24, p < 0.0001), being largest at RR, PR, and SI and smallest at FC. Lesion perimeter did significantly affect appear...",recovery|lesion|area,candidate_review_needed,,,Select the exact printed figure/table label and panel before assigning clip/data paths.,digitization/figures/6da70b1c__rate__fig-<printed-label>_panel-<panel>.png,digitization/data/6da70b1c__rate__fig-<printed-label>_panel-<panel>.csv
DIG-6da70b1c-rate,needs_figure_id,6da70b1c-7428-4a76-904c-b69d981f2824,Sabine et al. - 2015 - Environmental conditions influence tissue regeneration rates in scleractinian corals.pdf,rate,local_pdf_available,literature/META_ANALYSIS_POOL/Sabine et al. - 2015 - Environmental conditions influence tissue regeneration rates in scleractinian corals.pdf,a2115111341db035e5c98edbc6cf168b26ef96c1ad9109276b77e6f04d797ca8,12,parsed,4,35,figure,Fig. 5,7,Fig. 5. Recovery of a lesion beginning 3 days after initial creation showing deposition of new tissue and return of pigmentation. Arrows indicate formation of new corallites in locations where corallites did not originally exist.,recovery|lesion|tissue,candidate_review_needed,,,Select the exact printed figure/table label and panel before assigning clip/data paths.,digitization/figures/6da70b1c__rate__fig-<printed-label>_panel-<panel>.png,digitization/data/6da70b1c__rate__fig-<printed-label>_panel-<panel>.csv
DIG-6da70b1c-rate,needs_figure_id,6da70b1c-7428-4a76-904c-b69d981f2824,Sabine et al. - 2015 - Environmental conditions influence tissue regeneration rates in scleractinian corals.pdf,rate,local_pdf_available,literature/META_ANALYSIS_POOL/Sabine et al. - 2015 - Environmental conditions influence tissue regeneration rates in scleractinian corals.pdf,a2115111341db035e5c98edbc6cf168b26ef96c1ad9109276b77e6f04d797ca8,12,parsed,5,25,table,Table 2,4,"Table 2 Results of multiple regression examining effects of environmental variables on lesion recovery rates, including Variance Inflation Factor (VIF) scores. Effect F P VIF Whole model 3216.21 0.0132* . Water flow 7123.27 0.0075* 5.88 Dissolved oxygen 1910.40 0.0146* 4.66 Turbidity 429.58 0.0307* 3.99 Total sediment flux 24.05 0.1281 5.98 * Indicates significant result (p < 0.05).",recovery|lesion,candidate_review_needed,,,Select the exact printed figure/table label and panel before assigning clip/data paths.,digitization/figures/6da70b1c__rate__fig-<printed-label>_panel-<panel>.png,digitization/data/6da70b1c__rate__fig-<printed-label>_panel-<panel>.csv
DIG-2059b598-rate,needs_figure_id,2059b598-335f-4890-8512-6e1f86fed557,Sani et al. - 2024 - Ocean warming and acidification detrimentally affect coral tissue regeneration at a Mediterranean CO.pdf,rate,local_pdf_available,literature/META_ANALYSIS_POOL/Sani et al. - 2024 - Ocean warming and acidification detrimentally affect coral tissue regeneration at a Mediterranean CO.pdf,a41d5bdf41141e742ce3b4a32b963e6148e421a62a7597280ef9568edcfbca75,8,parsed,1,45,figure,Fig. 2,4,"Fig. 2. Lesion recovery of a representative B. europaea specimen from Site 1 (control) photographed (a) at the beginning of one of the transplant periods (March 2011), thus immediately after scraping the tissue (the injured area is enclosed within the red line) and (b) at the end of the transplant period (June 2011), showing full tissue recovery. The recovered area was less pigmented (i.e., reduced Symbiodiniaceae) than uninjured areas (Photographs by co-author Erik Caroselli).",recovery|lesion|tissue|area,candidate_review_needed,,,Select the exact printed figure/table label and panel before assigning clip/data paths.,digitization/figures/2059b598__rate__fig-<printed-label>_panel-<panel>.png,digitization/data/2059b598__rate__fig-<printed-label>_panel-<panel>.csv
DIG-2059b598-rate,needs_figure_id,2059b598-335f-4890-8512-6e1f86fed557,Sani et al. - 2024 - Ocean warming and acidification detrimentally affect coral tissue regeneration at a Mediterranean CO.pdf,rate,local_pdf_available,literature/META_ANALYSIS_POOL/Sani et al. - 2024 - Ocean warming and acidification detrimentally affect coral tissue regeneration at a Mediterranean CO.pdf,a41d5bdf41141e742ce3b4a32b963e6148e421a62a7597280ef9568edcfbca75,8,parsed,2,45,figure,Fig. 4,5,"Fig. 4. Tissue regeneration rates in Leptopsammia pruvoti. Variation in tissue photosynthetic performance of B. europaea exposed to different tem­ regeneration rates with average pH in the solitary non-zooxanthellate L. pruvoti perature regimes in aquaria showed that the optimal temperature for analyzed at the four Sites in three experimental periods. r Spearman's correla­ photosynthesis in this species ranges between 20.0 and 21.6 ◦ C. At tion coefficient, n number of individuals. (Photograph by Francesco Sesso). temperatures >21.6 ◦ C all parameters analyzed indicate a reduction in photosynthetic efficiency (Caroselli et al., 2015a). Thus, considering that the average temperature of the warmest period analyzed (23.5 ◦ C) exceeds this physiological threshold, this could potentially explain the stronger decline in tissue regeneration rate observed in B. europaea in the warmest period compared to the non-zooxanthellate species. Addi­ tionally, tissue recovery occurs in stages, with an initial thin tissue layer, devoid of symbionts, covering the skeleton. As recovery continues, the symbionts appear in the tissue and the polyp details begin to emerge (DeFilippo et al., 2016; Traylo...",regeneration|recovery|tissue|rate,candidate_review_needed,,,Select the exact printed figure/table label and panel before assigning clip/data paths.,digitization/figures/2059b598__rate__fig-<printed-label>_panel-<panel>.png,digitization/data/2059b598__rate__fig-<printed-label>_panel-<panel>.csv
DIG-2059b598-rate,needs_figure_id,2059b598-335f-4890-8512-6e1f86fed557,Sani et al. - 2024 - Ocean warming and acidification detrimentally affect coral tissue regeneration at a Mediterranean CO.pdf,rate,local_pdf_available,literature/META_ANALYSIS_POOL/Sani et al. - 2024 - Ocean warming and acidification detrimentally affect coral tissue regeneration at a Mediterranean CO.pdf,a41d5bdf41141e742ce3b4a32b963e6148e421a62a7597280ef9568edcfbca75,8,parsed,3,35,figure,Fig. 3,4,"Fig. 3. Tissue regeneration rates in Balanophyllia europaea. Variation in tissue regeneration rate in Balanophyllia europaea, was lower at the low pH regeneration rates with average pH in the solitary zooxanthellate B. europaea Sites in the coldest and warmest periods (Kruskal Wallis test, p < 0.001; analyzed at the four Sites in two experimental periods. Data for August–De­",regeneration|tissue|rate,candidate_review_needed,,,Select the exact printed figure/table label and panel before assigning clip/data paths.,digitization/figures/2059b598__rate__fig-<printed-label>_panel-<panel>.png,digitization/data/2059b598__rate__fig-<printed-label>_panel-<panel>.csv
DIG-2059b598-rate,needs_figure_id,2059b598-335f-4890-8512-6e1f86fed557,Sani et al. - 2024 - Ocean warming and acidification detrimentally affect coral tissue regeneration at a Mediterranean CO.pdf,rate,local_pdf_available,literature/META_ANALYSIS_POOL/Sani et al. - 2024 - Ocean warming and acidification detrimentally affect coral tissue regeneration at a Mediterranean CO.pdf,a41d5bdf41141e742ce3b4a32b963e6148e421a62a7597280ef9568edcfbca75,8,parsed,4,35,table,Table S1,4,"Table S1) and significantly correlated with pH in both periods, with pH cember 2011 (intermediate period) is missing because a storm swept away part explaining ca. 30 % of the variation in tissue regeneration in the coldest of the experiment. r Spearman's correlation coefficient, n number of individuals. period and ca. 50 % in the warmest one (Fig. 3). Data for the interme­ (Photograph by Francesco Sesso). diate period are missing for this species because samples were swept away by a storm. The slope for the warmest period was significantly (B. europaea vs L. pruvoti, ANCOVA, F1 = 30.436, n = 71, p < 0.001, F1 = steeper than for the coldest period (ANCOVA, F1 = 4.347, n = 69 p < 16.187, n = 66, p < 0.001 respectively; Figs. 3 and 4). Slopes within the 0.01). warmest period were significantly steeper for the colonial than for the Tissue regeneration rate in Leptopsammia pruvoti was lower at the low solitary species (L. pruvoti vs A. calycularis, ANCOVA, F1 = 9.847, n = 55, pH Sites in the three investigated periods (coldest period, Kruskal-Wallis p < 0.01; Figs. 4 and 5). test p < 0.001; intermediate period, Kruskal-Wallis test p < 0.05; warmest period, Kruskal-Wallis test p < 0....",regeneration|tissue|rate,candidate_review_needed,,,Select the exact printed figure/table label and panel before assigning clip/data paths.,digitization/figures/2059b598__rate__fig-<printed-label>_panel-<panel>.png,digitization/data/2059b598__rate__fig-<printed-label>_panel-<panel>.csv
DIG-2059b598-rate,needs_figure_id,2059b598-335f-4890-8512-6e1f86fed557,Sani et al. - 2024 - Ocean warming and acidification detrimentally affect coral tissue regeneration at a Mediterranean CO.pdf,rate,local_pdf_available,literature/META_ANALYSIS_POOL/Sani et al. - 2024 - Ocean warming and acidification detrimentally affect coral tissue regeneration at a Mediterranean CO.pdf,a41d5bdf41141e742ce3b4a32b963e6148e421a62a7597280ef9568edcfbca75,8,parsed,5,25,figure,Fig. 5,5,"Fig. 5. Tissue regeneration rates in Astroides calycularis. Variation in tissue regeneration rates with average pH in the colonial non-zooxanthellate The greater susceptibility displayed by the colonial non- A. calycularis analyzed at the four Sites in three experimental periods. r zooxanthellate A. calycularis compared to the solitary non- Spearman's correlation coefficient, n number of individuals. (Photograph by zooxanthellate L. pruvoti could depend on different internal self- Francesco Sesso). regulation mechanisms between the two species, as highlighted by previous studies (Movilla et al., 2016; Prada et al., 2017). Indeed, and lower seawater pHTS compared to the two non-zooxanthellate spe­ A. calycularis subjected to high temperatures (from 15.2 to 24.9 ◦ C) in cies. A possible explanation could be the allocation of available re­ aquaria during the summer period, exhibited a decrease in calcification sources to processes such as reproduction, calcification, and/or acid- rates of about 25 % compared to control seawater temperature (ST; base regulation, at the expense of tissue maintenance in B. europaea ranging from 12.4 ◦ C in winter to 22.5 ◦ C in summer) conditions, whi...",regeneration|tissue,candidate_review_needed,,,Select the exact printed figure/table label and panel before assigning clip/data paths.,digitization/figures/2059b598__rate__fig-<printed-label>_panel-<panel>.png,digitization/data/2059b598__rate__fig-<printed-label>_panel-<panel>.csv
DIG-9d6998fc-growth,needs_figure_id,9d6998fc-caf1-4dbd-883f-ad9b9184d062,Shaver et al. - 2017 - Effects of predation and nutrient enrichment on the success and microbiome of a foundational coral.pdf,growth,local_pdf_available,literature/META_ANALYSIS_POOL/Shaver et al. - 2017 - Effects of predation and nutrient enrichment on the success and microbiome of a foundational coral.pdf,696e4e4b0e8d6db840d22290ecf5896ac2f618a18ae2bf13daa9ed83ba3d10df,11,parsed,1,45,figure,FIG. 2,6,"FIG. 2. Effects of predation by Coralliophila abbreviata and nutrient enrichment on (A) full colony mortality (as the proportion of colonies per treatment), (B) tissue loss per coral colony, (C) growth as a measure total linear extension of all branches, and (D) turf algae colonization on colonies (as the percent of colony surface area). Error bars represent standard error of the mean. Significance values are denoted as such: “***” for P < 0.0001, “**” for P = 0.0001–0.001, and “*” for P = 0.001–0.05.",growth|extension|linear|area,candidate_review_needed,,,Select the exact printed figure/table label and panel before assigning clip/data paths.,digitization/figures/9d6998fc__growth__fig-<printed-label>_panel-<panel>.png,digitization/data/9d6998fc__growth__fig-<printed-label>_panel-<panel>.csv
DIG-9d6998fc-growth,needs_figure_id,9d6998fc-caf1-4dbd-883f-ad9b9184d062,Shaver et al. - 2017 - Effects of predation and nutrient enrichment on the success and microbiome of a foundational coral.pdf,growth,local_pdf_available,literature/META_ANALYSIS_POOL/Shaver et al. - 2017 - Effects of predation and nutrient enrichment on the success and microbiome of a foundational coral.pdf,696e4e4b0e8d6db840d22290ecf5896ac2f618a18ae2bf13daa9ed83ba3d10df,11,parsed,2,0,figure,FIG. 1,4,"FIG. 1. (A) Coralliophila abbreviata on Acropora cervicornis (“SN”) creating feeding scars identified as white skeleton at base of coral, (B) tissue sloughing (“TS”) off Acropora cervicornis after snail removal, and (C) tissue sloughing leading to rapid coral mortality.",,candidate_review_needed,,,Select the exact printed figure/table label and panel before assigning clip/data paths.,digitization/figures/9d6998fc__growth__fig-<printed-label>_panel-<panel>.png,digitization/data/9d6998fc__growth__fig-<printed-label>_panel-<panel>.csv
DIG-9d6998fc-growth,needs_figure_id,9d6998fc-caf1-4dbd-883f-ad9b9184d062,Shaver et al. - 2017 - Effects of predation and nutrient enrichment on the success and microbiome of a foundational coral.pdf,growth,local_pdf_available,literature/META_ANALYSIS_POOL/Shaver et al. - 2017 - Effects of predation and nutrient enrichment on the success and microbiome of a foundational coral.pdf,696e4e4b0e8d6db840d22290ecf5896ac2f618a18ae2bf13daa9ed83ba3d10df,11,parsed,3,0,figure,FIG. 3,7,"FIG. 3. Results of Principle Coordinates Analysis (PCoA) for each of the four treatments examined in the field experiment (C = control/no snails or nutrients; N = nutrient-only; S = snail-only; SN = snail + nutrient). The variance in PC1 was significantly greater in nutrient-enriched samples (A), which was strongly correlated with the abundance of a single OTU in the order Rickettsiales (B). The variance in PC2 was not significantly affected by either treatment (C), however predation by Coralliophila abbreviata was strongly correlated with the abundance of five OTUs in the family Corynebacteriaceae (D).",,candidate_review_needed,,,Select the exact printed figure/table label and panel before assigning clip/data paths.,digitization/figures/9d6998fc__growth__fig-<printed-label>_panel-<panel>.png,digitization/data/9d6998fc__growth__fig-<printed-label>_panel-<panel>.csv
DIG-9d6998fc-growth,needs_figure_id,9d6998fc-caf1-4dbd-883f-ad9b9184d062,Shaver et al. - 2017 - Effects of predation and nutrient enrichment on the success and microbiome of a foundational coral.pdf,growth,local_pdf_available,literature/META_ANALYSIS_POOL/Shaver et al. - 2017 - Effects of predation and nutrient enrichment on the success and microbiome of a foundational coral.pdf,696e4e4b0e8d6db840d22290ecf5896ac2f618a18ae2bf13daa9ed83ba3d10df,11,parsed,4,0,table,Table 1,7,"TABLE 1. Effects of predation by the short coral snail, Coralliophila abbreviata, and nutrient enrichment on the differential abundance of microbial operational taxonomic units (OTUs) using DESeq2.",,candidate_review_needed,,,Select the exact printed figure/table label and panel before assigning clip/data paths.,digitization/figures/9d6998fc__growth__fig-<printed-label>_panel-<panel>.png,digitization/data/9d6998fc__growth__fig-<printed-label>_panel-<panel>.csv
DIG-9d6998fc-growth,needs_figure_id,9d6998fc-caf1-4dbd-883f-ad9b9184d062,Shaver et al. - 2017 - Effects of predation and nutrient enrichment on the success and microbiome of a foundational coral.pdf,growth,local_pdf_available,literature/META_ANALYSIS_POOL/Shaver et al. - 2017 - Effects of predation and nutrient enrichment on the success and microbiome of a foundational coral.pdf,696e4e4b0e8d6db840d22290ecf5896ac2f618a18ae2bf13daa9ed83ba3d10df,11,parsed,5,0,table,Table 2,8,TABLE 2. Significant correlations among microbial OTUs in coral microbiomes and metrics of coral health. P-values are false discovery rate (FDR) corrected which depicts the number of type 1 errors detected by this analysis.,,candidate_review_needed,,,Select the exact printed figure/table label and panel before assigning clip/data paths.,digitization/figures/9d6998fc__growth__fig-<printed-label>_panel-<panel>.png,digitization/data/9d6998fc__growth__fig-<printed-label>_panel-<panel>.csv
DIG-9d6998fc-survival,needs_figure_id,9d6998fc-caf1-4dbd-883f-ad9b9184d062,Shaver et al. - 2017 - Effects of predation and nutrient enrichment on the success and microbiome of a foundational coral.pdf,survival,local_pdf_available,literature/META_ANALYSIS_POOL/Shaver et al. - 2017 - Effects of predation and nutrient enrichment on the success and microbiome of a foundational coral.pdf,696e4e4b0e8d6db840d22290ecf5896ac2f618a18ae2bf13daa9ed83ba3d10df,11,parsed,1,25,figure,FIG. 2,6,"FIG. 2. Effects of predation by Coralliophila abbreviata and nutrient enrichment on (A) full colony mortality (as the proportion of colonies per treatment), (B) tissue loss per coral colony, (C) growth as a measure total linear extension of all branches, and (D) turf algae colonization on colonies (as the percent of colony surface area). Error bars represent standard error of the mean. Significance values are denoted as such: “***” for P < 0.0001, “**” for P = 0.0001–0.001, and “*” for P = 0.001–0.05.",mortality|tissue loss,candidate_review_needed,,,Select the exact printed figure/table label and panel before assigning clip/data paths.,digitization/figures/9d6998fc__survival__fig-<printed-label>_panel-<panel>.png,digitization/data/9d6998fc__survival__fig-<printed-label>_panel-<panel>.csv
DIG-9d6998fc-survival,needs_figure_id,9d6998fc-caf1-4dbd-883f-ad9b9184d062,Shaver et al. - 2017 - Effects of predation and nutrient enrichment on the success and microbiome of a foundational coral.pdf,survival,local_pdf_available,literature/META_ANALYSIS_POOL/Shaver et al. - 2017 - Effects of predation and nutrient enrichment on the success and microbiome of a foundational coral.pdf,696e4e4b0e8d6db840d22290ecf5896ac2f618a18ae2bf13daa9ed83ba3d10df,11,parsed,2,15,figure,FIG. 1,4,"FIG. 1. (A) Coralliophila abbreviata on Acropora cervicornis (“SN”) creating feeding scars identified as white skeleton at base of coral, (B) tissue sloughing (“TS”) off Acropora cervicornis after snail removal, and (C) tissue sloughing leading to rapid coral mortality.",mortality,candidate_review_needed,,,Select the exact printed figure/table label and panel before assigning clip/data paths.,digitization/figures/9d6998fc__survival__fig-<printed-label>_panel-<panel>.png,digitization/data/9d6998fc__survival__fig-<printed-label>_panel-<panel>.csv
DIG-9d6998fc-survival,needs_figure_id,9d6998fc-caf1-4dbd-883f-ad9b9184d062,Shaver et al. - 2017 - Effects of predation and nutrient enrichment on the success and microbiome of a foundational coral.pdf,survival,local_pdf_available,literature/META_ANALYSIS_POOL/Shaver et al. - 2017 - Effects of predation and nutrient enrichment on the success and microbiome of a foundational coral.pdf,696e4e4b0e8d6db840d22290ecf5896ac2f618a18ae2bf13daa9ed83ba3d10df,11,parsed,3,0,figure,FIG. 3,7,"FIG. 3. Results of Principle Coordinates Analysis (PCoA) for each of the four treatments examined in the field experiment (C = control/no snails or nutrients; N = nutrient-only; S = snail-only; SN = snail + nutrient). The variance in PC1 was significantly greater in nutrient-enriched samples (A), which was strongly correlated with the abundance of a single OTU in the order Rickettsiales (B). The variance in PC2 was not significantly affected by either treatment (C), however predation by Coralliophila abbreviata was strongly correlated with the abundance of five OTUs in the family Corynebacteriaceae (D).",,candidate_review_needed,,,Select the exact printed figure/table label and panel before assigning clip/data paths.,digitization/figures/9d6998fc__survival__fig-<printed-label>_panel-<panel>.png,digitization/data/9d6998fc__survival__fig-<printed-label>_panel-<panel>.csv
DIG-9d6998fc-survival,needs_figure_id,9d6998fc-caf1-4dbd-883f-ad9b9184d062,Shaver et al. - 2017 - Effects of predation and nutrient enrichment on the success and microbiome of a foundational coral.pdf,survival,local_pdf_available,literature/META_ANALYSIS_POOL/Shaver et al. - 2017 - Effects of predation and nutrient enrichment on the success and microbiome of a foundational coral.pdf,696e4e4b0e8d6db840d22290ecf5896ac2f618a18ae2bf13daa9ed83ba3d10df,11,parsed,4,0,table,Table 1,7,"TABLE 1. Effects of predation by the short coral snail, Coralliophila abbreviata, and nutrient enrichment on the differential abundance of microbial operational taxonomic units (OTUs) using DESeq2.",,candidate_review_needed,,,Select the exact printed figure/table label and panel before assigning clip/data paths.,digitization/figures/9d6998fc__survival__fig-<printed-label>_panel-<panel>.png,digitization/data/9d6998fc__survival__fig-<printed-label>_panel-<panel>.csv
DIG-9d6998fc-survival,needs_figure_id,9d6998fc-caf1-4dbd-883f-ad9b9184d062,Shaver et al. - 2017 - Effects of predation and nutrient enrichment on the success and microbiome of a foundational coral.pdf,survival,local_pdf_available,literature/META_ANALYSIS_POOL/Shaver et al. - 2017 - Effects of predation and nutrient enrichment on the success and microbiome of a foundational coral.pdf,696e4e4b0e8d6db840d22290ecf5896ac2f618a18ae2bf13daa9ed83ba3d10df,11,parsed,5,0,table,Table 2,8,TABLE 2. Significant correlations among microbial OTUs in coral microbiomes and metrics of coral health. P-values are false discovery rate (FDR) corrected which depicts the number of type 1 errors detected by this analysis.,,candidate_review_needed,,,Select the exact printed figure/table label and panel before assigning clip/data paths.,digitization/figures/9d6998fc__survival__fig-<printed-label>_panel-<panel>.png,digitization/data/9d6998fc__survival__fig-<printed-label>_panel-<panel>.csv
DIG-635d9cb2-reproduction,needs_figure_id,635d9cb2-270b-4bcc-b676-c84b81b0620b,Soong and Lang - 1992 - Reproductive Integration in Reef Corals.pdf,reproduction,local_pdf_available,literature/META_ANALYSIS_POOL/Soong and Lang - 1992 - Reproductive Integration in Reef Corals.pdf,675d73643373ad95e31df5ffad012447b9394b18a543a2ead7cdcbaf142ed60e,14,parsed,1,25,figure,Figure 1,4,"Figure 1. Brood sizes of central versus marginal polyps in Favia Fecundity: mean number of eggs per polyp, based on five polyps per fiagum. Mean number of planulae per polyp based on five marginal location in each colony. Penultimate polyp: row of polyps immediately polyps per colony and (depending upon colony size) up to five central adjacent to margin polyps. Difference significant among the three groups polyps per colony; each point represents one colony. The diagonal Iine (Friedman test, T = 102.8, P < 0.01; pair-wise tests between any two indicates equal brood size in marginal and central polyps. groups also significant using Wilcoxon’s signed-ranks test).",fecundity|eggs,candidate_review_needed,,,Select the exact printed figure/table label and panel before assigning clip/data paths.,digitization/figures/635d9cb2__reproduction__fig-<printed-label>_panel-<panel>.png,digitization/data/635d9cb2__reproduction__fig-<printed-label>_panel-<panel>.csv
DIG-635d9cb2-reproduction,needs_figure_id,635d9cb2-270b-4bcc-b676-c84b81b0620b,Soong and Lang - 1992 - Reproductive Integration in Reef Corals.pdf,reproduction,local_pdf_available,literature/META_ANALYSIS_POOL/Soong and Lang - 1992 - Reproductive Integration in Reef Corals.pdf,675d73643373ad95e31df5ffad012447b9394b18a543a2ead7cdcbaf142ed60e,14,parsed,2,25,figure,Figure 3,5,"Figure 3. Fecundity gradient on horizontal surface of Siderustrea Distance from tip sidereu. Gonad index: mean gonad length X frequency of gonads (ovaries or spermaries), based on two randomly chosen mesenteries per polyp in Figure 4. Probability of gonad occurrence along the branches of fer- each of ten randomly chosen polyps) at any given location relative to tile, female Porites furcuta. At any position (at one cm intervals) along that in the center of the horizontal surface of the colony. Vertical bars the branch, probability of gonad occurrence, i.e., number of female represent the standard errors of the mean. 0: beginning of fertile zone, branches having ovaries at that position relative to the total number of C: center of the horizontal surface. n = 8 male and 8 female colonies. fertile, female branches checked; n = 178 branches.",fecundity|gonad,candidate_review_needed,,,Select the exact printed figure/table label and panel before assigning clip/data paths.,digitization/figures/635d9cb2__reproduction__fig-<printed-label>_panel-<panel>.png,digitization/data/635d9cb2__reproduction__fig-<printed-label>_panel-<panel>.csv
DIG-635d9cb2-reproduction,needs_figure_id,635d9cb2-270b-4bcc-b676-c84b81b0620b,Soong and Lang - 1992 - Reproductive Integration in Reef Corals.pdf,reproduction,local_pdf_available,literature/META_ANALYSIS_POOL/Soong and Lang - 1992 - Reproductive Integration in Reef Corals.pdf,675d73643373ad95e31df5ffad012447b9394b18a543a2ead7cdcbaf142ed60e,14,parsed,3,25,figure,Figure 5,6,"Figure 5. Comparison of fecundity between the upper and the lower 6 100% (10) 0% (1) 0% (4) surfacesof Acropora pulmuta. Mean area fertility (square): mean number 7 100% (IO) 40% (6) 1% (9) O%(ll) of fertile polyps per cm*, based on 2-32 cm2/colony. Mean fertile polyp 8 100% (IO) 0% (3) - fecundity (cross): mean number of eggs per fertile polyp, based on IO to 9 100% (10) 3% (3) 10 100% (10) - 166 polyps per colony. The diagonal line indicates equal numbers on 0% (3) both surfaces. Number in parenthesis indicates sample size.",fecundity|eggs,candidate_review_needed,,,Select the exact printed figure/table label and panel before assigning clip/data paths.,digitization/figures/635d9cb2__reproduction__fig-<printed-label>_panel-<panel>.png,digitization/data/635d9cb2__reproduction__fig-<printed-label>_panel-<panel>.csv
DIG-635d9cb2-reproduction,needs_figure_id,635d9cb2-270b-4bcc-b676-c84b81b0620b,Soong and Lang - 1992 - Reproductive Integration in Reef Corals.pdf,reproduction,local_pdf_available,literature/META_ANALYSIS_POOL/Soong and Lang - 1992 - Reproductive Integration in Reef Corals.pdf,675d73643373ad95e31df5ffad012447b9394b18a543a2ead7cdcbaf142ed60e,14,parsed,4,25,figure,Figure 6,6,"Figure 6. Comparison of fecundity between vertical and horizontal Within colony infertility-manipulations surfaces of Siderastrea siderea. For each surface on each colony, relative gonad lengths (cross): mean gonad length based on two randomly chosen mesenteries per polyp in 10 randomlychosen polyps per sample, relative One month after the initiation of each experiment, col- to the largest estimate of mean gonad length from any location in any onies were checked for possible adverse responses to ma- colony. Relative fecundity (square): fecundity (see gonad index in Fig. ninulations. Exced for one colonv. of S. sidereu which 3 legend) relative to largest estimate of fecundity in any colony.",fecundity|gonad,candidate_review_needed,,,Select the exact printed figure/table label and panel before assigning clip/data paths.,digitization/figures/635d9cb2__reproduction__fig-<printed-label>_panel-<panel>.png,digitization/data/635d9cb2__reproduction__fig-<printed-label>_panel-<panel>.csv
DIG-635d9cb2-reproduction,needs_figure_id,635d9cb2-270b-4bcc-b676-c84b81b0620b,Soong and Lang - 1992 - Reproductive Integration in Reef Corals.pdf,reproduction,local_pdf_available,literature/META_ANALYSIS_POOL/Soong and Lang - 1992 - Reproductive Integration in Reef Corals.pdf,675d73643373ad95e31df5ffad012447b9394b18a543a2ead7cdcbaf142ed60e,14,parsed,5,15,figure,Figure 2,4,Figure 2. Fecundity of polyps within colonies of Siderastrea radians.,fecundity,candidate_review_needed,,,Select the exact printed figure/table label and panel before assigning clip/data paths.,digitization/figures/635d9cb2__reproduction__fig-<printed-label>_panel-<panel>.png,digitization/data/635d9cb2__reproduction__fig-<printed-label>_panel-<panel>.csv
DIG-292bbd72-rate,needs_figure_id,292bbd72-e4b1-422c-8fbb-5b3201d2cd0c,Titlyanov and Titlyanova - 2009 - The dynamics of the restoration of mechanical damage to colonies of the scleractinian coral Porites.pdf,rate,local_pdf_available,literature/META_ANALYSIS_POOL/Titlyanov and Titlyanova - 2009 - The dynamics of the restoration of mechanical damage to colonies of the scleractinian coral Porites.pdf,7a83a1ba16b91fedcbab4b423745291cc89b51621e76ff83c757579e3358f8e1,6,parsed,1,15,mention,unlabeled figure,3,"Regeneration of damaged colonies of the coral Porites lutea. A, one of the coral colonies used in the experiment; B, mechanically damaged",regeneration,candidate_review_needed,,,Select the exact printed figure/table label and panel before assigning clip/data paths.,digitization/figures/292bbd72__rate__fig-<printed-label>_panel-<panel>.png,digitization/data/292bbd72__rate__fig-<printed-label>_panel-<panel>.csv
DIG-b269f689-rate,needs_figure_id,b269f689-c2c5-48a1-8ecb-f284c3ed7edc,Titlyanov et al. - 2005 - Regeneration of artificial injuries on scleractinian corals and coralalgal competition for newly fo.pdf,rate,local_pdf_available,literature/META_ANALYSIS_POOL/Titlyanov et al. - 2005 - Regeneration of artificial injuries on scleractinian corals and coralalgal competition for newly fo.pdf,8aef847ed9ed2d10f5cb9cba9affb6da70aa93540c796ac3b9752dcb202056d1,16,parsed,1,25,figure,Fig. 1,5,"Fig. 1. Regeneration and growth rates of inflicted injuries on fragments of the corals P. lutea (A, C) and P. cylindrica (B, D) under light intensity 30–70% PAR0 during winter, spring and summer periods. File—file injury; OS—osmotic shock injury; Cem—cement injury; WP—Water Pik injury. Error bars represent mean F S.D. The inserts show the summary of statistical results for comparison of regeneration rates for different injury types among the three recovery periods (I—(26.11.02—26.01.03), II—(26.01.03–26.04.03) and III—(26.04.03–26.07.03)). Significant differences were tested by ANOVA analysis followed by Tukey Honest Significant Difference Test. *P b 0.05, **P b 0.01, ***P b 0.001. NS = not significant.",regeneration|recovery,candidate_review_needed,,,Select the exact printed figure/table label and panel before assigning clip/data paths.,digitization/figures/b269f689__rate__fig-<printed-label>_panel-<panel>.png,digitization/data/b269f689__rate__fig-<printed-label>_panel-<panel>.csv
DIG-b269f689-rate,needs_figure_id,b269f689-c2c5-48a1-8ecb-f284c3ed7edc,Titlyanov et al. - 2005 - Regeneration of artificial injuries on scleractinian corals and coralalgal competition for newly fo.pdf,rate,local_pdf_available,literature/META_ANALYSIS_POOL/Titlyanov et al. - 2005 - Regeneration of artificial injuries on scleractinian corals and coralalgal competition for newly fo.pdf,8aef847ed9ed2d10f5cb9cba9affb6da70aa93540c796ac3b9752dcb202056d1,16,parsed,2,25,figure,Fig. 2,6,"Fig. 2. (A) Bleaching and overgrowth of P. lutea polyps by the cyanobacterium L. majuscula colonized OS injury by the 120th day of the maintenance under 30–50% PAR0 in the spring period. (B) Expansion of coral tissue around Acetabularia parvula stalk on file injury of P. lutea. (C) Overgrowth of turf algae (Coelothrix irregularis and C. clavulatum) by live tissue of the coral P. cylindrica on WP injury. (D) Overgrowth of entwined epilithic bfeltQ with sediments onto cement injury by live tissue of the coral P. lutea. (E) Impediment of the recovery of file injury on P. lutea by the colonizer L. majuscula. (F) Overgrowth of Dictyota sp. thallus on coral surface by the live tissue and entombing into calcium carbonate secret. For Fig. 1A, scale bar = 1 cm and for Fig. 1B–F, scale bars = 1 mm.",recovery|tissue,candidate_review_needed,,,Select the exact printed figure/table label and panel before assigning clip/data paths.,digitization/figures/b269f689__rate__fig-<printed-label>_panel-<panel>.png,digitization/data/b269f689__rate__fig-<printed-label>_panel-<panel>.csv
DIG-b269f689-rate,needs_figure_id,b269f689-c2c5-48a1-8ecb-f284c3ed7edc,Titlyanov et al. - 2005 - Regeneration of artificial injuries on scleractinian corals and coralalgal competition for newly fo.pdf,rate,local_pdf_available,literature/META_ANALYSIS_POOL/Titlyanov et al. - 2005 - Regeneration of artificial injuries on scleractinian corals and coralalgal competition for newly fo.pdf,8aef847ed9ed2d10f5cb9cba9affb6da70aa93540c796ac3b9752dcb202056d1,16,parsed,3,25,figure,Fig. 3,11,"Fig. 3. Regeneration and growth rates of damaged tissue in fragments of the corals P. lutea (A, C, F) and P. cylindrica (B, D, F) at different irradiance during winter and spring periods. Error bars represent mean F S.D.",regeneration|tissue,candidate_review_needed,,,Select the exact printed figure/table label and panel before assigning clip/data paths.,digitization/figures/b269f689__rate__fig-<printed-label>_panel-<panel>.png,digitization/data/b269f689__rate__fig-<printed-label>_panel-<panel>.csv
DIG-b269f689-rate,needs_figure_id,b269f689-c2c5-48a1-8ecb-f284c3ed7edc,Titlyanov et al. - 2005 - Regeneration of artificial injuries on scleractinian corals and coralalgal competition for newly fo.pdf,rate,local_pdf_available,literature/META_ANALYSIS_POOL/Titlyanov et al. - 2005 - Regeneration of artificial injuries on scleractinian corals and coralalgal competition for newly fo.pdf,8aef847ed9ed2d10f5cb9cba9affb6da70aa93540c796ac3b9752dcb202056d1,16,parsed,4,0,table,Table 1,7,"Table 1 Means and standard deviations of relative algal and animal cover (%) on injured areas of coral fragments maintained under moderate light intensity (30–70% PAR0) during 60, 150 and 240 days Coral species Injury type Settlers From 26.11.02 to From 26.11.02 to 26.04.03, From 26.11.02 to 26.01.03, 60 days 150 days 26.07.03, 240 days Porites lutea chisel algal 16.3 F 2.1 80.6 F 9.0 animal b1 1.7 F 1.5 OS algal 8.3 F 1.5 100 100 animal 0 0 0 cement algal 7.0 F 2.6 32.6 F 11.3 52.0 F 11.1 animal 0 0 b1 Porites cylindrica file algal 19.7 F 3.2 70.7 F 11.6 87.0 F 8.2 animal b1 2.0 F 1.0 1.3 F 0.6 WP algal 24.0 F 9.8 100 100 animal 0 0 0",,candidate_review_needed,,,Select the exact printed figure/table label and panel before assigning clip/data paths.,digitization/figures/b269f689__rate__fig-<printed-label>_panel-<panel>.png,digitization/data/b269f689__rate__fig-<printed-label>_panel-<panel>.csv
DIG-b269f689-rate,needs_figure_id,b269f689-c2c5-48a1-8ecb-f284c3ed7edc,Titlyanov et al. - 2005 - Regeneration of artificial injuries on scleractinian corals and coralalgal competition for newly fo.pdf,rate,local_pdf_available,literature/META_ANALYSIS_POOL/Titlyanov et al. - 2005 - Regeneration of artificial injuries on scleractinian corals and coralalgal competition for newly fo.pdf,8aef847ed9ed2d10f5cb9cba9affb6da70aa93540c796ac3b9752dcb202056d1,16,parsed,5,0,table,Table 2,8,Table 2 Species list and abundance of algae and animals settled onto the corals Porites lutea and Porites cylindrica after damages (file injuries) Species list I* II* III* 3070% 70–90% 10–20% 2–5% xPAR0 PAR0 PAR0 PAR0 P. lutea P. cylindrica 26.04.03 26.07.03 06.05.03 1 2 3 4 5 6 7 8 Bacillariophyta Fragilaria sp. + + + + + Asterionella japonica Cleve ++  ++/ +/ +/ ++ Thalassionema nitzschioides Grunow? +++ ++ +++ +++ Diatoma sp. +++  +/ +  +/ +++ Navicula sp. +  + +/  +/  Nitzschia closterium (Ehrenberg) W. Smith ++  ++/ + ++/ ++ Nitzschia longissima (Brebisson) Ralfs +++  +++/ ++/ +++/ +++/ Nitzschia seriata Cleve ++  ++/  ++/ ++/  Licmophora abbreviata Cleve +++  ++/ +/ ++ +++/,,candidate_review_needed,,,Select the exact printed figure/table label and panel before assigning clip/data paths.,digitization/figures/b269f689__rate__fig-<printed-label>_panel-<panel>.png,digitization/data/b269f689__rate__fig-<printed-label>_panel-<panel>.csv
DIG-9c887b4c-rate,needs_figure_id,9c887b4c-dae5-4725-96db-948c2491e53d,Titlyanov et al. - 2006 - Three stages of injuries regeneration on scleractinian corals.pdf,rate,local_pdf_available,literature/META_ANALYSIS_POOL/Titlyanov et al. - 2006 - Three stages of injuries regeneration on scleractinian corals.pdf,694167db754d5a3e12f5f5c3866996bb988a6faa1eb2e51931b09b640b2dc116,12,parsed,1,45,table,Table 2,7,"Table 2. (continued) Annotation: ++, for 1-10 individuals per cm2; +, for less than 1 individual occurred per cm2. S, a single individual per injury 80% and about 3%, respectively (Table 1). At the The influence of location of injuries on colonies same time, cement injuries were covered only by and light intensity on the recovery rates 20% (Fig. 1F), whereas OS injuries were covered Position of lesions within the fragments of to more than 80%. Enteromorpha spp. (Chlorophyta) Porites lutea colonies had a significant effect on and Spyridia filamentosa (Rhodophyta) were com- the regeneration rates of WP injuries (Fig. 3). mon algae observed on the injuries. Hincksia During the first month of maintenance (period 1), mitchelliae (Phaeophyta), Rhipidosiphon javensis the regeneration rate differed insignificantly (Chlorophyta), Spirulina sp. (Cyanobacteria) and between the lesions located at the upper, lateral Nitzschia longissima (Bacillariophyta) represented and basal parts of the fragments. During the appeared as new settlers. Moreover, WP inju- following two months of the experiment (period ries of both coral species significantly differed II), the regeneration rate of the injuries...",regeneration|recovery|rate|time,candidate_review_needed,,,Select the exact printed figure/table label and panel before assigning clip/data paths.,digitization/figures/9c887b4c__rate__fig-<printed-label>_panel-<panel>.png,digitization/data/9c887b4c__rate__fig-<printed-label>_panel-<panel>.csv
DIG-9c887b4c-rate,needs_figure_id,9c887b4c-dae5-4725-96db-948c2491e53d,Titlyanov et al. - 2006 - Three stages of injuries regeneration on scleractinian corals.pdf,rate,local_pdf_available,literature/META_ANALYSIS_POOL/Titlyanov et al. - 2006 - Three stages of injuries regeneration on scleractinian corals.pdf,694167db754d5a3e12f5f5c3866996bb988a6faa1eb2e51931b09b640b2dc116,12,parsed,2,35,figure,Fig. 1,3,"Fig. 1. Colonies and fragments of the corals Porites lutea and Porites cylindrica with different injury types, and regeneration of tissue on damaged areas. A, P. cylindrica fragment with Water-Pik (WP) injuries. B, P. lutea fragment with chisel injuries. C, P. lutea fragment with breakage injury made at once. D, P. lutea fragment after breakage injury with a formation of the border between the live tissue edge and dead skeleton, and ex- pansion of the live tissue on newly formed skeletal substrate. E, polyp development on the recovered tissue. F, cement injuries (Porites lutea) after two months of the recovery. Dots indicate the primary (initial) border between cement and live tissue.",regeneration|recovery|tissue,candidate_review_needed,,,Select the exact printed figure/table label and panel before assigning clip/data paths.,digitization/figures/9c887b4c__rate__fig-<printed-label>_panel-<panel>.png,digitization/data/9c887b4c__rate__fig-<printed-label>_panel-<panel>.csv
DIG-9c887b4c-rate,needs_figure_id,9c887b4c-dae5-4725-96db-948c2491e53d,Titlyanov et al. - 2006 - Three stages of injuries regeneration on scleractinian corals.pdf,rate,local_pdf_available,literature/META_ANALYSIS_POOL/Titlyanov et al. - 2006 - Three stages of injuries regeneration on scleractinian corals.pdf,694167db754d5a3e12f5f5c3866996bb988a6faa1eb2e51931b09b640b2dc116,12,parsed,3,25,figure,Fig. 2,5,"Fig. 2. Growth rate (A) and regeneration of lesions on fragments of the corals Porites lutea (B-F) and Porites cylindrica (B-D, F) inflicted with different injury types (breakage; chisel; WP - Water Pik; OS - osmotic shock; ce- ment) and maintained in the aquaria under moderate light intensity (30% PAR0) during two winter months. Means ± SD, n = 8.",regeneration|rate,candidate_review_needed,,,Select the exact printed figure/table label and panel before assigning clip/data paths.,digitization/figures/9c887b4c__rate__fig-<printed-label>_panel-<panel>.png,digitization/data/9c887b4c__rate__fig-<printed-label>_panel-<panel>.csv
DIG-9c887b4c-rate,needs_figure_id,9c887b4c-dae5-4725-96db-948c2491e53d,Titlyanov et al. - 2006 - Three stages of injuries regeneration on scleractinian corals.pdf,rate,local_pdf_available,literature/META_ANALYSIS_POOL/Titlyanov et al. - 2006 - Three stages of injuries regeneration on scleractinian corals.pdf,694167db754d5a3e12f5f5c3866996bb988a6faa1eb2e51931b09b640b2dc116,12,parsed,4,25,figure,Fig. 3,8,"Fig. 3. Regeneration rate of Water-Pik (WP) injury at the different positions on the fragments of Porites lutea maintained in aquaria at 30% PAR0 during the winter and spring periods. Means ± SD, n = 5.",regeneration|rate,candidate_review_needed,,,Select the exact printed figure/table label and panel before assigning clip/data paths.,digitization/figures/9c887b4c__rate__fig-<printed-label>_panel-<panel>.png,digitization/data/9c887b4c__rate__fig-<printed-label>_panel-<panel>.csv
DIG-9c887b4c-rate,needs_figure_id,9c887b4c-dae5-4725-96db-948c2491e53d,Titlyanov et al. - 2006 - Three stages of injuries regeneration on scleractinian corals.pdf,rate,local_pdf_available,literature/META_ANALYSIS_POOL/Titlyanov et al. - 2006 - Three stages of injuries regeneration on scleractinian corals.pdf,694167db754d5a3e12f5f5c3866996bb988a6faa1eb2e51931b09b640b2dc116,12,parsed,5,25,figure,Fig. 4,8,"Fig. 4. Regeneration rate of Water-Pik (WP) injury at the different position of lesions on the fragments of Porites lutea maintained in aquaria at different irradiance levels during the experiment from May 10, 2003 to July 10, 2003. Means ± SD, n = 5.",regeneration|rate,candidate_review_needed,,,Select the exact printed figure/table label and panel before assigning clip/data paths.,digitization/figures/9c887b4c__rate__fig-<printed-label>_panel-<panel>.png,digitization/data/9c887b4c__rate__fig-<printed-label>_panel-<panel>.csv
DIG-347f789a-rate,needs_figure_id,347f789a-ef73-4089-aa77-0e46f2b2d196,Townsend et al. - 2023 - Differing lesion recovery rates of two Caribbean stony coral species across a shallow water to mesop.pdf,rate,local_pdf_available,literature/META_ANALYSIS_POOL/Townsend et al. - 2023 - Differing lesion recovery rates of two Caribbean stony coral species across a shallow water to mesop.pdf,a6a9757e96b9cea6c5d5eb57f2cca16e2a4fdf4bf18204e109cdd88da27017ad,11,parsed,1,55,figure,Fig. 1,4,"Fig. 1 Sample images of lesion generation and recovery on an O. image depict the approximate lesion boundaries, used for determin- franksi individual (a–d), and an A. lamarcki individual e–h through ing TRR and LCR. White polygons indicate the original lesion area time. The first image in each series (a, e) contains an image of the across the time series, used to measure average grayscale value of the lesion generated by the researchers with a scale bar. The second lesioned area through time. Second white polygons of the same size image in each series (b, f) is the same image that has been scaled to and shape are added to measure average grayscale value of healthy black and white according to the parameters of healthy tissue and tissue of the same area, which is then compared to the lesion area for lesioned tissue. Subsequent images (c–d, g–h) depict the same coral relative difference in lesion pigment level compared to healthy tissue individuals as lesions recover through time. Red polygons in the",recovery|lesion|tissue|area|time,candidate_review_needed,,,Select the exact printed figure/table label and panel before assigning clip/data paths.,digitization/figures/347f789a__rate__fig-<printed-label>_panel-<panel>.png,digitization/data/347f789a__rate__fig-<printed-label>_panel-<panel>.csv
DIG-347f789a-rate,needs_figure_id,347f789a-ef73-4089-aa77-0e46f2b2d196,Townsend et al. - 2023 - Differing lesion recovery rates of two Caribbean stony coral species across a shallow water to mesop.pdf,rate,local_pdf_available,literature/META_ANALYSIS_POOL/Townsend et al. - 2023 - Differing lesion recovery rates of two Caribbean stony coral species across a shallow water to mesop.pdf,a6a9757e96b9cea6c5d5eb57f2cca16e2a4fdf4bf18204e109cdd88da27017ad,11,parsed,2,45,figure,Fig. 2,7,"Fig. 2 Tissue regeneration rates, lesion closure rates, and pigmenta- best-fit regression modeling outputs. For both points and lines, blue tion recovery rates for O. franksi individuals (top) and A. lamarcki represents individuals in shallow water, red represents individuals in individuals (bottom). Points indicate actual values, lines indicate MCEs. For clarity, only significant regression lines are included",regeneration|recovery|lesion|tissue,candidate_review_needed,,,Select the exact printed figure/table label and panel before assigning clip/data paths.,digitization/figures/347f789a__rate__fig-<printed-label>_panel-<panel>.png,digitization/data/347f789a__rate__fig-<printed-label>_panel-<panel>.csv
DIG-347f789a-rate,needs_figure_id,347f789a-ef73-4089-aa77-0e46f2b2d196,Townsend et al. - 2023 - Differing lesion recovery rates of two Caribbean stony coral species across a shallow water to mesop.pdf,rate,local_pdf_available,literature/META_ANALYSIS_POOL/Townsend et al. - 2023 - Differing lesion recovery rates of two Caribbean stony coral species across a shallow water to mesop.pdf,a6a9757e96b9cea6c5d5eb57f2cca16e2a4fdf4bf18204e109cdd88da27017ad,11,parsed,3,15,table,Table 1,6,"Table 1 Slope, significant terms and r2 value of all linear regressions tested for O. franksi Orbicella franksi recovery model summaries Recovery metric Model type r2 value Model p-value Significant terms Term p-value Slope of terms",recovery,candidate_review_needed,,,Select the exact printed figure/table label and panel before assigning clip/data paths.,digitization/figures/347f789a__rate__fig-<printed-label>_panel-<panel>.png,digitization/data/347f789a__rate__fig-<printed-label>_panel-<panel>.csv
DIG-347f789a-rate,needs_figure_id,347f789a-ef73-4089-aa77-0e46f2b2d196,Townsend et al. - 2023 - Differing lesion recovery rates of two Caribbean stony coral species across a shallow water to mesop.pdf,rate,local_pdf_available,literature/META_ANALYSIS_POOL/Townsend et al. - 2023 - Differing lesion recovery rates of two Caribbean stony coral species across a shallow water to mesop.pdf,a6a9757e96b9cea6c5d5eb57f2cca16e2a4fdf4bf18204e109cdd88da27017ad,11,parsed,4,15,table,Table 2,8,"Table 2 Slope, significant terms and r2 value of all linear regressions tested for A. lamarcki Agaricia lamarcki recovery model summaries Recovery metric Model type r2 value Model p-value Significant terms Term p-value Slope of terms",recovery,candidate_review_needed,,,Select the exact printed figure/table label and panel before assigning clip/data paths.,digitization/figures/347f789a__rate__fig-<printed-label>_panel-<panel>.png,digitization/data/347f789a__rate__fig-<printed-label>_panel-<panel>.csv
DIG-2e76dce4-reproduction,needs_figure_id,2e76dce4-6cb4-46c0-b8c4-a1cc91b1578c,Van Veghel and Bak - 1994 - Reproductive characteristics of the polymorphic Caribbean reef building coral Montastrea annularis..pdf,reproduction,local_pdf_available,literature/META_ANALYSIS_POOL/Van Veghel and Bak - 1994 - Reproductive characteristics of the polymorphic Caribbean reef building coral Montastrea annularis..pdf,d82fd98f1fbe1f38bb88c7c61e2e56414ef2e6688b39c850443acc90f379dce2,6,parsed,1,35,table,Table 2,5,"Table 2. Montastiea annularis. Fecundity (eggs per polyp) and aspects of reproductive effort for coral tissue adjacent to lesions and tissue ï>20 cm distant from lesion. One-way ANOVA F-values comparing differences between the regenerated and normal samples. *""*p < 0.001; ns: not significant; n: number of dissected polyps; df: degrees of freedom",reproductive|fecundity|eggs,candidate_review_needed,,,Select the exact printed figure/table label and panel before assigning clip/data paths.,digitization/figures/2e76dce4__reproduction__fig-<printed-label>_panel-<panel>.png,digitization/data/2e76dce4__reproduction__fig-<printed-label>_panel-<panel>.csv
DIG-2e76dce4-reproduction,needs_figure_id,2e76dce4-6cb4-46c0-b8c4-a1cc91b1578c,Van Veghel and Bak - 1994 - Reproductive characteristics of the polymorphic Caribbean reef building coral Montastrea annularis..pdf,reproduction,local_pdf_available,literature/META_ANALYSIS_POOL/Van Veghel and Bak - 1994 - Reproductive characteristics of the polymorphic Caribbean reef building coral Montastrea annularis..pdf,d82fd98f1fbe1f38bb88c7c61e2e56414ef2e6688b39c850443acc90f379dce2,6,parsed,2,0,figure,Fig. 1,4,"Fig. 1. Montastrea annularis. Photographs showing the re generation process. (A) Lesion just after infliction; (B) regener ating lesion of a Massive colony measured with a plexiglass ruler, 2x2 mm squares (7 wk after lesion infliction); (C) re generated lesion of a Bumpy colony (7 wk after lesion inflic tion): note that pigmentation has not yet recovered",,candidate_review_needed,,,Select the exact printed figure/table label and panel before assigning clip/data paths.,digitization/figures/2e76dce4__reproduction__fig-<printed-label>_panel-<panel>.png,digitization/data/2e76dce4__reproduction__fig-<printed-label>_panel-<panel>.csv
DIG-2e76dce4-reproduction,needs_figure_id,2e76dce4-6cb4-46c0-b8c4-a1cc91b1578c,Van Veghel and Bak - 1994 - Reproductive characteristics of the polymorphic Caribbean reef building coral Montastrea annularis..pdf,reproduction,local_pdf_available,literature/META_ANALYSIS_POOL/Van Veghel and Bak - 1994 - Reproductive characteristics of the polymorphic Caribbean reef building coral Montastrea annularis..pdf,d82fd98f1fbe1f38bb88c7c61e2e56414ef2e6688b39c850443acc90f379dce2,6,parsed,3,0,figure,Fig. 2,5,"Fig. 2. Montastrea annularis. Calculated regression lines of amount of energy available in coral energy budgets. regeneration rates in 3 morphotypes during the 1992 repro ductive season. See Table 1 for regression equations, r2 Allocations and to maintenance apparently limit repro statistical analysis duction, and vice versa. A similar phenomenon was",,candidate_review_needed,,,Select the exact printed figure/table label and panel before assigning clip/data paths.,digitization/figures/2e76dce4__reproduction__fig-<printed-label>_panel-<panel>.png,digitization/data/2e76dce4__reproduction__fig-<printed-label>_panel-<panel>.csv
DIG-26d408bb-rate,needs_figure_id,26d408bb-bf97-4b1a-8b59-a62f74d3d475,Van Woesik - 1998 - Lesion healing on massive Porites spp. corals.pdf,rate,local_pdf_available,literature/META_ANALYSIS_POOL/Van Woesik - 1998 - Lesion healing on massive Porites spp. corals.pdf,65f2de1b205a15af02c40ed8660a23e2e66e433f4ba4808fb6ea81077fdef143,8,parsed,1,35,table,Table l,3,"Table l . Porites lutea and P. lobata. Regression analyses and slope comparisons for lesion healing on massive corals. Data were fltted to the equation Inp = lnb - at, where Iny is natural logarithm transformation of the lesion size + 1, b is the intercept, a is the slope of the Line, and t the time in days, n is the number of data points, R'lddl is the percentage variance accounted for, p,,., is the probab~htyof regression, and p,,,, is the probability of no difference between slopes. ""'p < 0.001, ns: not significant",healing|lesion|time,candidate_review_needed,,,Select the exact printed figure/table label and panel before assigning clip/data paths.,digitization/figures/26d408bb__rate__fig-<printed-label>_panel-<panel>.png,digitization/data/26d408bb__rate__fig-<printed-label>_panel-<panel>.csv
DIG-26d408bb-rate,needs_figure_id,26d408bb-bf97-4b1a-8b59-a62f74d3d475,Van Woesik - 1998 - Lesion healing on massive Porites spp. corals.pdf,rate,local_pdf_available,literature/META_ANALYSIS_POOL/Van Woesik - 1998 - Lesion healing on massive Porites spp. corals.pdf,65f2de1b205a15af02c40ed8660a23e2e66e433f4ba4808fb6ea81077fdef143,8,parsed,2,35,figure,Fig. 1,4,"Fig. 1. Regeneration of lesions on massive Pontes spp using the exponential equation y = be ""'and its equivalent Iny = Inb - at, fitted regressions and 95% confidence llrn~ts(dashed lines) are drawn on each graph. (a) (Size A) Lesion size y = 3.36 - 0.029 X days (SE for b is 0.21, SE for a is 0.003, R',,, = 0.641, p < 0.001). Note overlap of 2 (*)and 6 (t)data points at 0 on the left y-axls (b) (Size B) Lesion size y = 4.89 - 0.017 X days (SE for b is 0.23, SE for a is 0.002, RZad,= 0.625, p < 0.001). Note instances of over- lap of 3 data points each (*,t, *)at 0 on the left y-axis. (c) (Size C) Lesion size y = 5.91 - 0.012 X days (SE for b is 0.22, SE for a is 0.001, ~ ' , d , = 0.690, p < 0.001). Note overlap of 4 (*) and 3 (t)data points at 0 on the left y-axis. Lesion A from Colony 4 and lesion C from Colony 9 were removed from the model because of their considerable expansion in winter; these lesions were at the most shallow depths, i.e. at -13 cm and -11 cm low water datum, respectively (Table 2). The time constants I/a for (a), (b),and (c) are 34, 59 and 83 d, respectively",regeneration|lesion|time,candidate_review_needed,,,Select the exact printed figure/table label and panel before assigning clip/data paths.,digitization/figures/26d408bb__rate__fig-<printed-label>_panel-<panel>.png,digitization/data/26d408bb__rate__fig-<printed-label>_panel-<panel>.csv
DIG-26d408bb-rate,needs_figure_id,26d408bb-bf97-4b1a-8b59-a62f74d3d475,Van Woesik - 1998 - Lesion healing on massive Porites spp. corals.pdf,rate,local_pdf_available,literature/META_ANALYSIS_POOL/Van Woesik - 1998 - Lesion healing on massive Porites spp. corals.pdf,65f2de1b205a15af02c40ed8660a23e2e66e433f4ba4808fb6ea81077fdef143,8,parsed,3,20,table,Table 2,5,"Table 2. Porites lobata, P. lutea and P. solida. Ratio of lesion perimeter to surface area on massive corals, where H indicates com- pletely healed, and R indicates the lesion was re-classified into a smaller size class at the first observation. Depth of lesion below low water datum (LWD,cm) is given. nc: data no longer collected",lesion|area,candidate_review_needed,,,Select the exact printed figure/table label and panel before assigning clip/data paths.,digitization/figures/26d408bb__rate__fig-<printed-label>_panel-<panel>.png,digitization/data/26d408bb__rate__fig-<printed-label>_panel-<panel>.csv
DIG-26d408bb-rate,needs_figure_id,26d408bb-bf97-4b1a-8b59-a62f74d3d475,Van Woesik - 1998 - Lesion healing on massive Porites spp. corals.pdf,rate,local_pdf_available,literature/META_ANALYSIS_POOL/Van Woesik - 1998 - Lesion healing on massive Porites spp. corals.pdf,65f2de1b205a15af02c40ed8660a23e2e66e433f4ba4808fb6ea81077fdef143,8,parsed,4,10,figure,Fig. 2,6,"Fig. 2. Poritrs lutea and t u ~ l r a aluuara. ~ross-beciionsof coral colonies showing lesion scars from C size lesions. The top left of each photo is near the outer edge of the colony. (a) Lesion scar from Colony 7, P. Jutea. Arrow points to the underside of the scar. (b) x~idgnificationof scar in (a). Arrow points to sediment particles retained on the lesion. (c) Lesion scar from Colony 10, P. lobata. Arrow points to the porous structure between trabeculae (vertical) and synapticulae (horizontal) directly above the healed lesion",lesion,candidate_review_needed,,,Select the exact printed figure/table label and panel before assigning clip/data paths.,digitization/figures/26d408bb__rate__fig-<printed-label>_panel-<panel>.png,digitization/data/26d408bb__rate__fig-<printed-label>_panel-<panel>.csv
DIG-6dffe94d-growth,needs_figure_id,6dffe94d-a664-4a6c-8daf-f25ecfa5b50d,"Ward - 1995 - The effect of damage on the growth, reproduction and storage of lipids in the scleractinian coral Po.pdf",growth,local_pdf_available,"literature/META_ANALYSIS_POOL/Ward - 1995 - The effect of damage on the growth, reproduction and storage of lipids in the scleractinian coral Po.pdf",11bd5bb55b227526bcbba7ab77d3016a564ca8c47e16df793f492941b9b24cc1,14,parsed,1,35,figure,Fig. 1,6,"Fig. 1. Growth, as linear extension, of colonies of P. dumicornis at Rottnest Island. Treatments are cant = controls, frag = fragmentation, disl = dislodged, f + d = fragmentation and dislodgement. Error bars are stan- dard errors.",growth|extension|linear,candidate_review_needed,,,Select the exact printed figure/table label and panel before assigning clip/data paths.,digitization/figures/6dffe94d__growth__fig-<printed-label>_panel-<panel>.png,digitization/data/6dffe94d__growth__fig-<printed-label>_panel-<panel>.csv
DIG-6dffe94d-growth,needs_figure_id,6dffe94d-a664-4a6c-8daf-f25ecfa5b50d,"Ward - 1995 - The effect of damage on the growth, reproduction and storage of lipids in the scleractinian coral Po.pdf",growth,local_pdf_available,"literature/META_ANALYSIS_POOL/Ward - 1995 - The effect of damage on the growth, reproduction and storage of lipids in the scleractinian coral Po.pdf",11bd5bb55b227526bcbba7ab77d3016a564ca8c47e16df793f492941b9b24cc1,14,parsed,2,35,table,Table 3,7,"Table 3 Three-factor orthogonal analysis of variance information for growth (as cumulative linear extension) of corals from Little Salmon Bay and Mary Cove between 17th December and 10th June, 1989",growth|extension|linear,candidate_review_needed,,,Select the exact printed figure/table label and panel before assigning clip/data paths.,digitization/figures/6dffe94d__growth__fig-<printed-label>_panel-<panel>.png,digitization/data/6dffe94d__growth__fig-<printed-label>_panel-<panel>.csv
DIG-6dffe94d-growth,needs_figure_id,6dffe94d-a664-4a6c-8daf-f25ecfa5b50d,"Ward - 1995 - The effect of damage on the growth, reproduction and storage of lipids in the scleractinian coral Po.pdf",growth,local_pdf_available,"literature/META_ANALYSIS_POOL/Ward - 1995 - The effect of damage on the growth, reproduction and storage of lipids in the scleractinian coral Po.pdf",11bd5bb55b227526bcbba7ab77d3016a564ca8c47e16df793f492941b9b24cc1,14,parsed,3,10,figure,Fig. 4,10,"Fig. 4. The percentage dry tissue weight made up by lipid of larvae captured at the new moon in March, 1989 from colonies of P. damicornis. Treatments are cant = controls, frag = fragmentation, disl = dislodged, f + d = fragmentation and dislodgement. Error bars are standard errors.",weight,candidate_review_needed,,,Select the exact printed figure/table label and panel before assigning clip/data paths.,digitization/figures/6dffe94d__growth__fig-<printed-label>_panel-<panel>.png,digitization/data/6dffe94d__growth__fig-<printed-label>_panel-<panel>.csv
DIG-6dffe94d-growth,needs_figure_id,6dffe94d-a664-4a6c-8daf-f25ecfa5b50d,"Ward - 1995 - The effect of damage on the growth, reproduction and storage of lipids in the scleractinian coral Po.pdf",growth,local_pdf_available,"literature/META_ANALYSIS_POOL/Ward - 1995 - The effect of damage on the growth, reproduction and storage of lipids in the scleractinian coral Po.pdf",11bd5bb55b227526bcbba7ab77d3016a564ca8c47e16df793f492941b9b24cc1,14,parsed,4,0,table,Table 1,3,Table 1 Number of corals sampled at Little Salmon Bay and Mary Cove during the 13-month study period. Treat- ments were dislodgement and fragmentation Little Salmon Bay Mary Cove,,candidate_review_needed,,,Select the exact printed figure/table label and panel before assigning clip/data paths.,digitization/figures/6dffe94d__growth__fig-<printed-label>_panel-<panel>.png,digitization/data/6dffe94d__growth__fig-<printed-label>_panel-<panel>.csv
DIG-6dffe94d-growth,needs_figure_id,6dffe94d-a664-4a6c-8daf-f25ecfa5b50d,"Ward - 1995 - The effect of damage on the growth, reproduction and storage of lipids in the scleractinian coral Po.pdf",growth,local_pdf_available,"literature/META_ANALYSIS_POOL/Ward - 1995 - The effect of damage on the growth, reproduction and storage of lipids in the scleractinian coral Po.pdf",11bd5bb55b227526bcbba7ab77d3016a564ca8c47e16df793f492941b9b24cc1,14,parsed,5,0,table,Table 2,6,Table 2 The number of corals* from Little Salmon Bay and Mary Cove which died during the study period Fragmented Not fragmented Dislodged totals Dead Alive Dead Alive Dead Alive,,candidate_review_needed,,,Select the exact printed figure/table label and panel before assigning clip/data paths.,digitization/figures/6dffe94d__growth__fig-<printed-label>_panel-<panel>.png,digitization/data/6dffe94d__growth__fig-<printed-label>_panel-<panel>.csv
DIG-6dffe94d-reproduction,needs_figure_id,6dffe94d-a664-4a6c-8daf-f25ecfa5b50d,"Ward - 1995 - The effect of damage on the growth, reproduction and storage of lipids in the scleractinian coral Po.pdf",reproduction,local_pdf_available,"literature/META_ANALYSIS_POOL/Ward - 1995 - The effect of damage on the growth, reproduction and storage of lipids in the scleractinian coral Po.pdf",11bd5bb55b227526bcbba7ab77d3016a564ca8c47e16df793f492941b9b24cc1,14,parsed,1,15,table,Table 4,10,"Table 4 Analysis of variance comparing index of reproductive potential, for fragmented, dislodged and control corals from Little Salmon Bay (LSB) and Mary Cove (MC)",reproductive,candidate_review_needed,,,Select the exact printed figure/table label and panel before assigning clip/data paths.,digitization/figures/6dffe94d__reproduction__fig-<printed-label>_panel-<panel>.png,digitization/data/6dffe94d__reproduction__fig-<printed-label>_panel-<panel>.csv
DIG-6dffe94d-reproduction,needs_figure_id,6dffe94d-a664-4a6c-8daf-f25ecfa5b50d,"Ward - 1995 - The effect of damage on the growth, reproduction and storage of lipids in the scleractinian coral Po.pdf",reproduction,local_pdf_available,"literature/META_ANALYSIS_POOL/Ward - 1995 - The effect of damage on the growth, reproduction and storage of lipids in the scleractinian coral Po.pdf",11bd5bb55b227526bcbba7ab77d3016a564ca8c47e16df793f492941b9b24cc1,14,parsed,2,0,table,Table 1,3,Table 1 Number of corals sampled at Little Salmon Bay and Mary Cove during the 13-month study period. Treat- ments were dislodgement and fragmentation Little Salmon Bay Mary Cove,,candidate_review_needed,,,Select the exact printed figure/table label and panel before assigning clip/data paths.,digitization/figures/6dffe94d__reproduction__fig-<printed-label>_panel-<panel>.png,digitization/data/6dffe94d__reproduction__fig-<printed-label>_panel-<panel>.csv
DIG-6dffe94d-reproduction,needs_figure_id,6dffe94d-a664-4a6c-8daf-f25ecfa5b50d,"Ward - 1995 - The effect of damage on the growth, reproduction and storage of lipids in the scleractinian coral Po.pdf",reproduction,local_pdf_available,"literature/META_ANALYSIS_POOL/Ward - 1995 - The effect of damage on the growth, reproduction and storage of lipids in the scleractinian coral Po.pdf",11bd5bb55b227526bcbba7ab77d3016a564ca8c47e16df793f492941b9b24cc1,14,parsed,3,0,figure,Fig. 1,6,"Fig. 1. Growth, as linear extension, of colonies of P. dumicornis at Rottnest Island. Treatments are cant = controls, frag = fragmentation, disl = dislodged, f + d = fragmentation and dislodgement. Error bars are stan- dard errors.",,candidate_review_needed,,,Select the exact printed figure/table label and panel before assigning clip/data paths.,digitization/figures/6dffe94d__reproduction__fig-<printed-label>_panel-<panel>.png,digitization/data/6dffe94d__reproduction__fig-<printed-label>_panel-<panel>.csv
DIG-6dffe94d-reproduction,needs_figure_id,6dffe94d-a664-4a6c-8daf-f25ecfa5b50d,"Ward - 1995 - The effect of damage on the growth, reproduction and storage of lipids in the scleractinian coral Po.pdf",reproduction,local_pdf_available,"literature/META_ANALYSIS_POOL/Ward - 1995 - The effect of damage on the growth, reproduction and storage of lipids in the scleractinian coral Po.pdf",11bd5bb55b227526bcbba7ab77d3016a564ca8c47e16df793f492941b9b24cc1,14,parsed,4,0,table,Table 2,6,Table 2 The number of corals* from Little Salmon Bay and Mary Cove which died during the study period Fragmented Not fragmented Dislodged totals Dead Alive Dead Alive Dead Alive,,candidate_review_needed,,,Select the exact printed figure/table label and panel before assigning clip/data paths.,digitization/figures/6dffe94d__reproduction__fig-<printed-label>_panel-<panel>.png,digitization/data/6dffe94d__reproduction__fig-<printed-label>_panel-<panel>.csv
DIG-6dffe94d-reproduction,needs_figure_id,6dffe94d-a664-4a6c-8daf-f25ecfa5b50d,"Ward - 1995 - The effect of damage on the growth, reproduction and storage of lipids in the scleractinian coral Po.pdf",reproduction,local_pdf_available,"literature/META_ANALYSIS_POOL/Ward - 1995 - The effect of damage on the growth, reproduction and storage of lipids in the scleractinian coral Po.pdf",11bd5bb55b227526bcbba7ab77d3016a564ca8c47e16df793f492941b9b24cc1,14,parsed,5,0,table,Table 3,7,"Table 3 Three-factor orthogonal analysis of variance information for growth (as cumulative linear extension) of corals from Little Salmon Bay and Mary Cove between 17th December and 10th June, 1989",,candidate_review_needed,,,Select the exact printed figure/table label and panel before assigning clip/data paths.,digitization/figures/6dffe94d__reproduction__fig-<printed-label>_panel-<panel>.png,digitization/data/6dffe94d__reproduction__fig-<printed-label>_panel-<panel>.csv
DIG-6dffe94d-survival,needs_figure_id,6dffe94d-a664-4a6c-8daf-f25ecfa5b50d,"Ward - 1995 - The effect of damage on the growth, reproduction and storage of lipids in the scleractinian coral Po.pdf",survival,local_pdf_available,"literature/META_ANALYSIS_POOL/Ward - 1995 - The effect of damage on the growth, reproduction and storage of lipids in the scleractinian coral Po.pdf",11bd5bb55b227526bcbba7ab77d3016a564ca8c47e16df793f492941b9b24cc1,14,parsed,1,10,table,Table 2,6,Table 2 The number of corals* from Little Salmon Bay and Mary Cove which died during the study period Fragmented Not fragmented Dislodged totals Dead Alive Dead Alive Dead Alive,dead,candidate_review_needed,,,Select the exact printed figure/table label and panel before assigning clip/data paths.,digitization/figures/6dffe94d__survival__fig-<printed-label>_panel-<panel>.png,digitization/data/6dffe94d__survival__fig-<printed-label>_panel-<panel>.csv
DIG-6dffe94d-survival,needs_figure_id,6dffe94d-a664-4a6c-8daf-f25ecfa5b50d,"Ward - 1995 - The effect of damage on the growth, reproduction and storage of lipids in the scleractinian coral Po.pdf",survival,local_pdf_available,"literature/META_ANALYSIS_POOL/Ward - 1995 - The effect of damage on the growth, reproduction and storage of lipids in the scleractinian coral Po.pdf",11bd5bb55b227526bcbba7ab77d3016a564ca8c47e16df793f492941b9b24cc1,14,parsed,2,0,table,Table 1,3,Table 1 Number of corals sampled at Little Salmon Bay and Mary Cove during the 13-month study period. Treat- ments were dislodgement and fragmentation Little Salmon Bay Mary Cove,,candidate_review_needed,,,Select the exact printed figure/table label and panel before assigning clip/data paths.,digitization/figures/6dffe94d__survival__fig-<printed-label>_panel-<panel>.png,digitization/data/6dffe94d__survival__fig-<printed-label>_panel-<panel>.csv
DIG-6dffe94d-survival,needs_figure_id,6dffe94d-a664-4a6c-8daf-f25ecfa5b50d,"Ward - 1995 - The effect of damage on the growth, reproduction and storage of lipids in the scleractinian coral Po.pdf",survival,local_pdf_available,"literature/META_ANALYSIS_POOL/Ward - 1995 - The effect of damage on the growth, reproduction and storage of lipids in the scleractinian coral Po.pdf",11bd5bb55b227526bcbba7ab77d3016a564ca8c47e16df793f492941b9b24cc1,14,parsed,3,0,figure,Fig. 1,6,"Fig. 1. Growth, as linear extension, of colonies of P. dumicornis at Rottnest Island. Treatments are cant = controls, frag = fragmentation, disl = dislodged, f + d = fragmentation and dislodgement. Error bars are stan- dard errors.",,candidate_review_needed,,,Select the exact printed figure/table label and panel before assigning clip/data paths.,digitization/figures/6dffe94d__survival__fig-<printed-label>_panel-<panel>.png,digitization/data/6dffe94d__survival__fig-<printed-label>_panel-<panel>.csv
DIG-6dffe94d-survival,needs_figure_id,6dffe94d-a664-4a6c-8daf-f25ecfa5b50d,"Ward - 1995 - The effect of damage on the growth, reproduction and storage of lipids in the scleractinian coral Po.pdf",survival,local_pdf_available,"literature/META_ANALYSIS_POOL/Ward - 1995 - The effect of damage on the growth, reproduction and storage of lipids in the scleractinian coral Po.pdf",11bd5bb55b227526bcbba7ab77d3016a564ca8c47e16df793f492941b9b24cc1,14,parsed,4,0,table,Table 3,7,"Table 3 Three-factor orthogonal analysis of variance information for growth (as cumulative linear extension) of corals from Little Salmon Bay and Mary Cove between 17th December and 10th June, 1989",,candidate_review_needed,,,Select the exact printed figure/table label and panel before assigning clip/data paths.,digitization/figures/6dffe94d__survival__fig-<printed-label>_panel-<panel>.png,digitization/data/6dffe94d__survival__fig-<printed-label>_panel-<panel>.csv
DIG-6dffe94d-survival,needs_figure_id,6dffe94d-a664-4a6c-8daf-f25ecfa5b50d,"Ward - 1995 - The effect of damage on the growth, reproduction and storage of lipids in the scleractinian coral Po.pdf",survival,local_pdf_available,"literature/META_ANALYSIS_POOL/Ward - 1995 - The effect of damage on the growth, reproduction and storage of lipids in the scleractinian coral Po.pdf",11bd5bb55b227526bcbba7ab77d3016a564ca8c47e16df793f492941b9b24cc1,14,parsed,5,0,figure,Fig. 2,9,"Fig. 2. The percentage of tissue of P. damicomis colonies made up by lipid on sampling dates from 15th October 1988 to 5th April, 1989. Treatments are cant = controls, frag = fragmentation, disl = dislodged, f + d = fragmentation and dislodgement. Error bars are standard errors.-",,candidate_review_needed,,,Select the exact printed figure/table label and panel before assigning clip/data paths.,digitization/figures/6dffe94d__survival__fig-<printed-label>_panel-<panel>.png,digitization/data/6dffe94d__survival__fig-<printed-label>_panel-<panel>.csv
DIG-32a1561c-survival,needs_figure_id,32a1561c-9cd6-4e97-9287-c9e5eafafc22,Welsh et al. - 2015 - Clustered parrotfish feeding scars trigger partial coral mortality of massive Porites colonies on th.pdf,survival,local_pdf_available,literature/META_ANALYSIS_POOL/Welsh et al. - 2015 - Clustered parrotfish feeding scars trigger partial coral mortality of massive Porites colonies on th.pdf,f0c1015ef80bf06ff03179e6e211d05400982834ad0690db3aed25b8da1d8c4c,6,parsed,1,15,figure,Fig. 1,3,"Fig. 1 a A single parrotfish (C. microrhinos) feeding scar, b a scar cluster on the surface of a Porites colony and c a single scar resulting in d partial coral mortality surrounding a scar",mortality,candidate_review_needed,,,Select the exact printed figure/table label and panel before assigning clip/data paths.,digitization/figures/32a1561c__survival__fig-<printed-label>_panel-<panel>.png,digitization/data/32a1561c__survival__fig-<printed-label>_panel-<panel>.csv
DIG-32a1561c-survival,needs_figure_id,32a1561c-9cd6-4e97-9287-c9e5eafafc22,Welsh et al. - 2015 - Clustered parrotfish feeding scars trigger partial coral mortality of massive Porites colonies on th.pdf,survival,local_pdf_available,literature/META_ANALYSIS_POOL/Welsh et al. - 2015 - Clustered parrotfish feeding scars trigger partial coral mortality of massive Porites colonies on th.pdf,f0c1015ef80bf06ff03179e6e211d05400982834ad0690db3aed25b8da1d8c4c,6,parsed,2,15,table,Table 1,4,"Table 1 Results of the binary General Linear Model assessing the change the distribution and shape of Porites colonies influence of initial scar count and colony size on the fate of feeding (Bonaldo and Bellwood 2011; Bonaldo et al. 2011). The scars (n = 30) present study reinforces these suggestions. By causing Estimated std. Error z value p large areas of damage to Porites colonies, feeding scars have the potential to expand resulting in partial colony Intercept 6.49 2.87 2.26 0.024 mortality or even fragmenting the colony into two distinct Number of scars -2.76 1.42 -1.94 0.043 genets. As such, C. microrhinos may have a significant Colony size 0.0005 0.0009 0.61 0.54 effect on these massive, reef-building corals. Dispersion parameter was 1 with AIC value of 18.68. Significant Vulnerability of corals to focused feeding coupled with values (p \ 0.05) presented in bold the behavioural inclination of C. microrhinos to feed on small areas within its territory (Welsh and Bellwood 2012) In the present study, when only the number of scars was may create a damaging positive feedback for coral colo- considered, the logistic regression was a significant pre- nies. Studies of a number of...",mortality,candidate_review_needed,,,Select the exact printed figure/table label and panel before assigning clip/data paths.,digitization/figures/32a1561c__survival__fig-<printed-label>_panel-<panel>.png,digitization/data/32a1561c__survival__fig-<printed-label>_panel-<panel>.csv
DIG-32a1561c-survival,needs_figure_id,32a1561c-9cd6-4e97-9287-c9e5eafafc22,Welsh et al. - 2015 - Clustered parrotfish feeding scars trigger partial coral mortality of massive Porites colonies on th.pdf,survival,local_pdf_available,literature/META_ANALYSIS_POOL/Welsh et al. - 2015 - Clustered parrotfish feeding scars trigger partial coral mortality of massive Porites colonies on th.pdf,f0c1015ef80bf06ff03179e6e211d05400982834ad0690db3aed25b8da1d8c4c,6,parsed,3,0,figure,Fig. 2,4,"Fig. 2 Logistic model of the relationship between the probability of of acroporid corals, tetraodontids and the parrotfish Bol- feeding scar recovery, the number of feeding scars initially recorded (y = e5.11 - 1.74(x)/(1 ? e5.11 - 1.74(x)) (top) and the initial area to bometopon muricatum significantly modify coral mor- perimeter ratio (y = e6.94 - 2.42(x)/(1 ? e6.94 - 2.42(x)) (bottom). Each phology and the reef structure (Sano et al. 1984; Bellwood dot marks the final status of a scar after 4 months of monitoring, being et al. 2003; Cole et al. 2008). More recently, studies on either fully recovered (open), reduced (grey) or expanded (black) Porites predation on Lizard Island, a mid-shelf GBR reef, (n = 30) have also suggested that excavating parrotfishes can",,candidate_review_needed,,,Select the exact printed figure/table label and panel before assigning clip/data paths.,digitization/figures/32a1561c__survival__fig-<printed-label>_panel-<panel>.png,digitization/data/32a1561c__survival__fig-<printed-label>_panel-<panel>.csv
DIG-1d237b2c-growth,needs_figure_id,1d237b2c-1d5d-479a-985a-bde3d28a4fce,Wolf and Nugues - 2013 - Synergistic effects of algal overgrowth and corallivory on Caribbean reef‐building corals.pdf,growth,local_pdf_available,literature/META_ANALYSIS_POOL/Wolf and Nugues - 2013 - Synergistic effects of algal overgrowth and corallivory on Caribbean reef‐building corals.pdf,20550c2c5656b5ee5dbf7ffdcc41e1ad9c1044a7799b9fd3438dbc9981dff29e,8,parsed,1,10,figure,FIG. 1,4,"FIG. 1. (a) Fireworm abundance in Halimeda opuntia (means þ SE, n ¼ 11–14 replicates) and scores of coral health for all six contact substrates (Montastraea faveolata, Montastraea cavernosa, Siderastrea siderea, Colpophyllia natans, and Diploria strigosa) at Carmabi Buoy One and for Montastraea faveolata and dead coral skeleton at three other sites on Curaçao. Data on fireworm abundance at Carmabi Buoy One were analyzed by PERMANOVA. Letters indicate homogeneous subgroups by post hoc pairwise comparisons. (b) Scores of coral health observed underneath H. opuntia as a function of fireworm density (logarithmic scale). The number of interactions for each density class is in parenthesis. All coral species and sites were pooled. DM stands for dry mass.",mass,candidate_review_needed,,,Select the exact printed figure/table label and panel before assigning clip/data paths.,digitization/figures/1d237b2c__growth__fig-<printed-label>_panel-<panel>.png,digitization/data/1d237b2c__growth__fig-<printed-label>_panel-<panel>.csv
DIG-1d237b2c-growth,needs_figure_id,1d237b2c-1d5d-479a-985a-bde3d28a4fce,Wolf and Nugues - 2013 - Synergistic effects of algal overgrowth and corallivory on Caribbean reef‐building corals.pdf,growth,local_pdf_available,literature/META_ANALYSIS_POOL/Wolf and Nugues - 2013 - Synergistic effects of algal overgrowth and corallivory on Caribbean reef‐building corals.pdf,20550c2c5656b5ee5dbf7ffdcc41e1ad9c1044a7799b9fd3438dbc9981dff29e,8,parsed,2,0,figure,FIG. 3,6,"FIG. 3. Independent and combined effects of Halimeda opuntia and corallivores on (a, b) coral mortality and (c, d) bleaching. Reports Data are for (a, c) Hermodice carunculata on Montastraea faveolata and (b, d) Coralliophila abbreviata on Montastraea annularis. Treatments are: C, corallivores treatment; A, algae (H. opuntia) treatment. Statistics are from a nested three-way ANOVA. Values are means þ SE (n ¼ 4 aquaria).",,candidate_review_needed,,,Select the exact printed figure/table label and panel before assigning clip/data paths.,digitization/figures/1d237b2c__growth__fig-<printed-label>_panel-<panel>.png,digitization/data/1d237b2c__growth__fig-<printed-label>_panel-<panel>.csv
DIG-1d237b2c-survival,needs_figure_id,1d237b2c-1d5d-479a-985a-bde3d28a4fce,Wolf and Nugues - 2013 - Synergistic effects of algal overgrowth and corallivory on Caribbean reef‐building corals.pdf,survival,local_pdf_available,literature/META_ANALYSIS_POOL/Wolf and Nugues - 2013 - Synergistic effects of algal overgrowth and corallivory on Caribbean reef‐building corals.pdf,20550c2c5656b5ee5dbf7ffdcc41e1ad9c1044a7799b9fd3438dbc9981dff29e,8,parsed,1,15,figure,FIG. 3,6,"FIG. 3. Independent and combined effects of Halimeda opuntia and corallivores on (a, b) coral mortality and (c, d) bleaching. Reports Data are for (a, c) Hermodice carunculata on Montastraea faveolata and (b, d) Coralliophila abbreviata on Montastraea annularis. Treatments are: C, corallivores treatment; A, algae (H. opuntia) treatment. Statistics are from a nested three-way ANOVA. Values are means þ SE (n ¼ 4 aquaria).",mortality,candidate_review_needed,,,Select the exact printed figure/table label and panel before assigning clip/data paths.,digitization/figures/1d237b2c__survival__fig-<printed-label>_panel-<panel>.png,digitization/data/1d237b2c__survival__fig-<printed-label>_panel-<panel>.csv
DIG-1d237b2c-survival,needs_figure_id,1d237b2c-1d5d-479a-985a-bde3d28a4fce,Wolf and Nugues - 2013 - Synergistic effects of algal overgrowth and corallivory on Caribbean reef‐building corals.pdf,survival,local_pdf_available,literature/META_ANALYSIS_POOL/Wolf and Nugues - 2013 - Synergistic effects of algal overgrowth and corallivory on Caribbean reef‐building corals.pdf,20550c2c5656b5ee5dbf7ffdcc41e1ad9c1044a7799b9fd3438dbc9981dff29e,8,parsed,2,10,figure,FIG. 1,4,"FIG. 1. (a) Fireworm abundance in Halimeda opuntia (means þ SE, n ¼ 11–14 replicates) and scores of coral health for all six contact substrates (Montastraea faveolata, Montastraea cavernosa, Siderastrea siderea, Colpophyllia natans, and Diploria strigosa) at Carmabi Buoy One and for Montastraea faveolata and dead coral skeleton at three other sites on Curaçao. Data on fireworm abundance at Carmabi Buoy One were analyzed by PERMANOVA. Letters indicate homogeneous subgroups by post hoc pairwise comparisons. (b) Scores of coral health observed underneath H. opuntia as a function of fireworm density (logarithmic scale). The number of interactions for each density class is in parenthesis. All coral species and sites were pooled. DM stands for dry mass.",dead,candidate_review_needed,,,Select the exact printed figure/table label and panel before assigning clip/data paths.,digitization/figures/1d237b2c__survival__fig-<printed-label>_panel-<panel>.png,digitization/data/1d237b2c__survival__fig-<printed-label>_panel-<panel>.csv
DIG-9cbae935-growth,needs_figure_id,9cbae935-6259-4ba6-a2ec-44d3f3bc0902,Yap and Gomez - 1984 - Growth of Acropora pulchra II. Responses of natural and transplanted colonies to temperature and da.pdf,growth,local_pdf_available,literature/META_ANALYSIS_POOL/Yap and Gomez - 1984 - Growth of Acropora pulchra II. Responses of natural and transplanted colonies to temperature and da.pdf,961f81b2edde90f5419a4b75932ec4fb7ccdb829d397a563a5f442b23265b01f,7,parsed,1,15,figure,Fig. 2,3,"Fig. 2. Aeropora pulehra. Mean monthly growth rates (cm/mo) of transplants from December 1980 to March o 1,5 1982. Solid lines represent significant differences (P= E d 0.05) between data points, and dashed lines insignificant 0.9 E differences. (a) Transplants at Site A; (b) Transplants at o 0.3 Site B; (c) Transplants at Module I, Site C; (d) Trans- "",, ., .... 9. . . . plants at Module IV, Site C o2o D-Jo Jo-F F-Ap Ap-My My-dn Jn' JI JI-Au ~u-s S-Mr '80 '81 '82",growth,candidate_review_needed,,,Select the exact printed figure/table label and panel before assigning clip/data paths.,digitization/figures/9cbae935__growth__fig-<printed-label>_panel-<panel>.png,digitization/data/9cbae935__growth__fig-<printed-label>_panel-<panel>.csv
DIG-9cbae935-growth,needs_figure_id,9cbae935-6259-4ba6-a2ec-44d3f3bc0902,Yap and Gomez - 1984 - Growth of Acropora pulchra II. Responses of natural and transplanted colonies to temperature and da.pdf,growth,local_pdf_available,literature/META_ANALYSIS_POOL/Yap and Gomez - 1984 - Growth of Acropora pulchra II. Responses of natural and transplanted colonies to temperature and da.pdf,961f81b2edde90f5419a4b75932ec4fb7ccdb829d397a563a5f442b23265b01f,7,parsed,2,15,table,Table 1,4,"Table 1. Aeropora pulchra. Regeneration and growth of broken coefficients (Pearson's Product-Moment Correlation branches Coefficient, Sokal and Rohlf, 1969) were used to infer relationships between growth, mortality and budding and Branch Length of new Growth period Projected growth no. growth (cm) (d) rate (cm yr -1) each of the two environmental variables (Table 3). Only the biological parameters that showed significant varia- 1 2.3 336 2.5 tions over time, viz. growth rates of controls and trans- 2 13.9 336 15.1 plants, percentage zero growth of transplants, percentage 3 8.2 336 8.9 mortalities of transplants, and budding of controls were 4 14.7 336 16.0 5 20.9 336 22.7 tested. 6 21.1 336 22.9 7 13.4 336 14.6 Growth 8 6.4 302 7.7 9 2.5 302 3.0 In the case of the controls, up to 90% of the variation in Average _+ SD: 12.6-+ 7.6 growth may be attributed to negative effects of tempera- ture or day length, or both. As can be seen from Table 3, both factors may be considered significant in terms of Correlation of trends in day length and temperature with effects on growth rate, except for controls at Site D in growth, mortality and budding which case temperature appears to be the...",growth,candidate_review_needed,,,Select the exact printed figure/table label and panel before assigning clip/data paths.,digitization/figures/9cbae935__growth__fig-<printed-label>_panel-<panel>.png,digitization/data/9cbae935__growth__fig-<printed-label>_panel-<panel>.csv
DIG-9cbae935-growth,needs_figure_id,9cbae935-6259-4ba6-a2ec-44d3f3bc0902,Yap and Gomez - 1984 - Growth of Acropora pulchra II. Responses of natural and transplanted colonies to temperature and da.pdf,growth,local_pdf_available,literature/META_ANALYSIS_POOL/Yap and Gomez - 1984 - Growth of Acropora pulchra II. Responses of natural and transplanted colonies to temperature and da.pdf,961f81b2edde90f5419a4b75932ec4fb7ccdb829d397a563a5f442b23265b01f,7,parsed,3,15,table,Table 3,5,"Table 3. A croporapulchra. Correlation coefficients (r) showing the relationship between certain biological parameters and the en- Based on the results o f this study, coral growth within one vironmental factors, day length and temperature (** significant at the 5% level; * significant at the 10% level) year is perceived to exhibit a certain pattern. High growth rates occur during the relatively cooler times of the year, Site Day length Temperature and low growth rates during the warmer periods. Cool months in the Philippines coincide roughly with the A. Growth rates of controls greatest intensity of the northeast monsoon, which is A -0.88157""* - 0.92749""* approximately from N o v e m b e r to January. During the B -0.88819** -0.92208** D - 0.57205 - 0.91009 ** transition to the other monsoon regime in the country, the southwest, temperatures observed during the period of the B. Growth rates of transplants A - 0.40057 - 0.70589 study were rather variable, but increased on the average. B -0.70350* -0.81044* Temperatures then decreased gradually during the rainy C, I -0.78186** - 0.80455"" months of July through October towards the shift once C, IV -0.51576 - 0.82585""* more to the...",growth,candidate_review_needed,,,Select the exact printed figure/table label and panel before assigning clip/data paths.,digitization/figures/9cbae935__growth__fig-<printed-label>_panel-<panel>.png,digitization/data/9cbae935__growth__fig-<printed-label>_panel-<panel>.csv
DIG-9cbae935-growth,needs_figure_id,9cbae935-6259-4ba6-a2ec-44d3f3bc0902,Yap and Gomez - 1984 - Growth of Acropora pulchra II. Responses of natural and transplanted colonies to temperature and da.pdf,growth,local_pdf_available,literature/META_ANALYSIS_POOL/Yap and Gomez - 1984 - Growth of Acropora pulchra II. Responses of natural and transplanted colonies to temperature and da.pdf,961f81b2edde90f5419a4b75932ec4fb7ccdb829d397a563a5f442b23265b01f,7,parsed,4,15,table,Table 4,6,Table 4. Acroporapulchra. Projected annual growth rates (values stand for mean _+ SD cm yr -1) Site A Site B Site D Mean controls controls controls I. Observation period: October 1980-March 1982 Based on net growth over 16.8 • 6.3 15.2 _+9.7 13.9 _+9.6 15.3 entire observation period Based on mean monthly 16.1 16.1 15.2 15.8 growth rates II. Observation period: October 1980-September 1981 Based on net growth over 15.8 • 5.0 13.8 +_8.6 14.8 +_8.5 14.8 entire observation period Based on mean monthly 16.0 15.7 15.3 15.7 growth rates III. Observation period: February 1981-March 1982 Based on net growth over 14.3 • 6.9 13.8__ 10.7 13.3 +_9.7 13.8 entire observation period Based on mean monthly 12.3 13.4 13.7 13.1 growth rates,growth,candidate_review_needed,,,Select the exact printed figure/table label and panel before assigning clip/data paths.,digitization/figures/9cbae935__growth__fig-<printed-label>_panel-<panel>.png,digitization/data/9cbae935__growth__fig-<printed-label>_panel-<panel>.csv
DIG-9cbae935-growth,needs_figure_id,9cbae935-6259-4ba6-a2ec-44d3f3bc0902,Yap and Gomez - 1984 - Growth of Acropora pulchra II. Responses of natural and transplanted colonies to temperature and da.pdf,growth,local_pdf_available,literature/META_ANALYSIS_POOL/Yap and Gomez - 1984 - Growth of Acropora pulchra II. Responses of natural and transplanted colonies to temperature and da.pdf,961f81b2edde90f5419a4b75932ec4fb7ccdb829d397a563a5f442b23265b01f,7,parsed,5,0,figure,Fig. 4,4,"Fig. 4. Acropora pulchra. Percentage mortalities of 30- branches of transplants for each monthly interval from 20- I ,' i '\.'A""-,.Y,'----* .... October 1980 to September 1981, and for the period September 1981-March 1982. (a) Site A transplants; (b) I0' Site B transplants; (c) Module I, Site C transplants; (d) Module IV, Site C transplants ,,:';ao",,candidate_review_needed,,,Select the exact printed figure/table label and panel before assigning clip/data paths.,digitization/figures/9cbae935__growth__fig-<printed-label>_panel-<panel>.png,digitization/data/9cbae935__growth__fig-<printed-label>_panel-<panel>.csv
DIG-9cbae935-survival,needs_figure_id,9cbae935-6259-4ba6-a2ec-44d3f3bc0902,Yap and Gomez - 1984 - Growth of Acropora pulchra II. Responses of natural and transplanted colonies to temperature and da.pdf,survival,local_pdf_available,literature/META_ANALYSIS_POOL/Yap and Gomez - 1984 - Growth of Acropora pulchra II. Responses of natural and transplanted colonies to temperature and da.pdf,961f81b2edde90f5419a4b75932ec4fb7ccdb829d397a563a5f442b23265b01f,7,parsed,1,15,table,Table 1,4,"Table 1. Aeropora pulchra. Regeneration and growth of broken coefficients (Pearson's Product-Moment Correlation branches Coefficient, Sokal and Rohlf, 1969) were used to infer relationships between growth, mortality and budding and Branch Length of new Growth period Projected growth no. growth (cm) (d) rate (cm yr -1) each of the two environmental variables (Table 3). Only the biological parameters that showed significant varia- 1 2.3 336 2.5 tions over time, viz. growth rates of controls and trans- 2 13.9 336 15.1 plants, percentage zero growth of transplants, percentage 3 8.2 336 8.9 mortalities of transplants, and budding of controls were 4 14.7 336 16.0 5 20.9 336 22.7 tested. 6 21.1 336 22.9 7 13.4 336 14.6 Growth 8 6.4 302 7.7 9 2.5 302 3.0 In the case of the controls, up to 90% of the variation in Average _+ SD: 12.6-+ 7.6 growth may be attributed to negative effects of tempera- ture or day length, or both. As can be seen from Table 3, both factors may be considered significant in terms of Correlation of trends in day length and temperature with effects on growth rate, except for controls at Site D in growth, mortality and budding which case temperature appears to be the...",mortality,candidate_review_needed,,,Select the exact printed figure/table label and panel before assigning clip/data paths.,digitization/figures/9cbae935__survival__fig-<printed-label>_panel-<panel>.png,digitization/data/9cbae935__survival__fig-<printed-label>_panel-<panel>.csv
DIG-9cbae935-survival,needs_figure_id,9cbae935-6259-4ba6-a2ec-44d3f3bc0902,Yap and Gomez - 1984 - Growth of Acropora pulchra II. Responses of natural and transplanted colonies to temperature and da.pdf,survival,local_pdf_available,literature/META_ANALYSIS_POOL/Yap and Gomez - 1984 - Growth of Acropora pulchra II. Responses of natural and transplanted colonies to temperature and da.pdf,961f81b2edde90f5419a4b75932ec4fb7ccdb829d397a563a5f442b23265b01f,7,parsed,2,0,figure,Fig. 2,3,"Fig. 2. Aeropora pulehra. Mean monthly growth rates (cm/mo) of transplants from December 1980 to March o 1,5 1982. Solid lines represent significant differences (P= E d 0.05) between data points, and dashed lines insignificant 0.9 E differences. (a) Transplants at Site A; (b) Transplants at o 0.3 Site B; (c) Transplants at Module I, Site C; (d) Trans- "",, ., .... 9. . . . plants at Module IV, Site C o2o D-Jo Jo-F F-Ap Ap-My My-dn Jn' JI JI-Au ~u-s S-Mr '80 '81 '82",,candidate_review_needed,,,Select the exact printed figure/table label and panel before assigning clip/data paths.,digitization/figures/9cbae935__survival__fig-<printed-label>_panel-<panel>.png,digitization/data/9cbae935__survival__fig-<printed-label>_panel-<panel>.csv
DIG-9cbae935-survival,needs_figure_id,9cbae935-6259-4ba6-a2ec-44d3f3bc0902,Yap and Gomez - 1984 - Growth of Acropora pulchra II. Responses of natural and transplanted colonies to temperature and da.pdf,survival,local_pdf_available,literature/META_ANALYSIS_POOL/Yap and Gomez - 1984 - Growth of Acropora pulchra II. Responses of natural and transplanted colonies to temperature and da.pdf,961f81b2edde90f5419a4b75932ec4fb7ccdb829d397a563a5f442b23265b01f,7,parsed,3,0,figure,Fig. 4,4,"Fig. 4. Acropora pulchra. Percentage mortalities of 30- branches of transplants for each monthly interval from 20- I ,' i '\.'A""-,.Y,'----* .... October 1980 to September 1981, and for the period September 1981-March 1982. (a) Site A transplants; (b) I0' Site B transplants; (c) Module I, Site C transplants; (d) Module IV, Site C transplants ,,:';ao",,candidate_review_needed,,,Select the exact printed figure/table label and panel before assigning clip/data paths.,digitization/figures/9cbae935__survival__fig-<printed-label>_panel-<panel>.png,digitization/data/9cbae935__survival__fig-<printed-label>_panel-<panel>.csv
DIG-9cbae935-survival,needs_figure_id,9cbae935-6259-4ba6-a2ec-44d3f3bc0902,Yap and Gomez - 1984 - Growth of Acropora pulchra II. Responses of natural and transplanted colonies to temperature and da.pdf,survival,local_pdf_available,literature/META_ANALYSIS_POOL/Yap and Gomez - 1984 - Growth of Acropora pulchra II. Responses of natural and transplanted colonies to temperature and da.pdf,961f81b2edde90f5419a4b75932ec4fb7ccdb829d397a563a5f442b23265b01f,7,parsed,4,0,table,Table 2,5,"Table 2. Acropora pulchra. Average number of new buds per site for each time interval (n = number of branches observed at the beginning of the study; losses at Sites A, B and D as the study progressed were 30.8, 16 and 6.7% respectively)",,candidate_review_needed,,,Select the exact printed figure/table label and panel before assigning clip/data paths.,digitization/figures/9cbae935__survival__fig-<printed-label>_panel-<panel>.png,digitization/data/9cbae935__survival__fig-<printed-label>_panel-<panel>.csv
DIG-9cbae935-survival,needs_figure_id,9cbae935-6259-4ba6-a2ec-44d3f3bc0902,Yap and Gomez - 1984 - Growth of Acropora pulchra II. Responses of natural and transplanted colonies to temperature and da.pdf,survival,local_pdf_available,literature/META_ANALYSIS_POOL/Yap and Gomez - 1984 - Growth of Acropora pulchra II. Responses of natural and transplanted colonies to temperature and da.pdf,961f81b2edde90f5419a4b75932ec4fb7ccdb829d397a563a5f442b23265b01f,7,parsed,5,0,table,Table 3,5,"Table 3. A croporapulchra. Correlation coefficients (r) showing the relationship between certain biological parameters and the en- Based on the results o f this study, coral growth within one vironmental factors, day length and temperature (** significant at the 5% level; * significant at the 10% level) year is perceived to exhibit a certain pattern. High growth rates occur during the relatively cooler times of the year, Site Day length Temperature and low growth rates during the warmer periods. Cool months in the Philippines coincide roughly with the A. Growth rates of controls greatest intensity of the northeast monsoon, which is A -0.88157""* - 0.92749""* approximately from N o v e m b e r to January. During the B -0.88819** -0.92208** D - 0.57205 - 0.91009 ** transition to the other monsoon regime in the country, the southwest, temperatures observed during the period of the B. Growth rates of transplants A - 0.40057 - 0.70589 study were rather variable, but increased on the average. B -0.70350* -0.81044* Temperatures then decreased gradually during the rainy C, I -0.78186** - 0.80455"" months of July through October towards the shift once C, IV -0.51576 - 0.82585""* more to the...",,candidate_review_needed,,,Select the exact printed figure/table label and panel before assigning clip/data paths.,digitization/figures/9cbae935__survival__fig-<printed-label>_panel-<panel>.png,digitization/data/9cbae935__survival__fig-<printed-label>_panel-<panel>.csv
