source_id,source_title,notebook_present,local_relpath,local_filename,current_folder,local_present,source_to_local_score,audit_count,audit_titles,audit_verdicts,candidate_bins,conflicting_audits,screening_bucket,screening_notes
5e605749-8df3-44d9-8113-3b61c21f4386,Ayling_1983_Growth_and_regeneration_rates_in_thinly_encrusting_Demospon..._doi-10.2307-1541200.pdf,1,literature/META_ANALYSIS_POOL/Ayling - 1983 - GROWTH AND REGENERATION RATES IN THINLY ENCRUSTING DEMOSPONGIAE FROM TEMPERATE WATERS.pdf,Ayling - 1983 - GROWTH AND REGENERATION RATES IN THINLY ENCRUSTING DEMOSPONGIAE FROM TEMPERATE WATERS.pdf,META_ANALYSIS_POOL,1,1.104,1,1. Ayling (1983),[Exclude],,0,exclude_scope,"[Exclude] The studied organisms are sponges (Demospongiae), falling entirely outside the scope of a Scleractinian regeneration data pool."
12e9e864-5ff1-42c4-a63d-19b5d62a7464,Bak_1980_Regeneration_of_superficial_damage_in_the_scleractinian_cora....pdf,1,literature/extraction_ready/Bak and Es - REGENERATION OF SUPERFICIAL DAMAGE IN THE SCLERACTINIAN CORALS AGARCA AGARCTES F. PURPUREA AND P.pdf,Bak and Es - REGENERATION OF SUPERFICIAL DAMAGE IN THE SCLERACTINIAN CORALS AGARCA AGARCTES F. PURPUREA AND P.pdf,extraction_ready,1,0.713,0,,,,0,review_needed,No audit record yet.
dde85c3e-6c0d-4057-9a5a-116138865992,Bak_1983_Neoplasia_regeneration_and_growth_in_the_reef-building_cora..._doi-10.1007-bf00395810.pdf,1,"literature/high_confidence/Bak - 1983 - Neoplasia, regeneration and growth in the reef-building coral Acropora palmata.pdf","Bak - 1983 - Neoplasia, regeneration and growth in the reef-building coral Acropora palmata.pdf",high_confidence,1,1.115,1,2. Bak (1983),"[Include in Bins 1, 2]",growth|rate,0,include_primary_needs_fulltext,"[Include in Bins 1, 2] Contains primary quantitative macroscopic data for temporal healing and growth costs, although variance will require figure digitization to extract."
,,0,literature/EXCLUDED_FINAL/Barrientos-Lujan et al. - 2019 - Ecological and functional diversity of gastropods .pdf,Barrientos-Lujan et al. - 2019 - Ecological and functional diversity of gastropods .pdf,EXCLUDED_FINAL,1,,0,,,,0,review_needed,No audit record yet.
e5029ad6-d2ad-4e7a-86eb-d54975b0d760,Barton_2017_Coral_propagation_a_review_of_techniques_for_ornamental_tra..._doi-10.1111-raq.12135.pdf,1,literature/META_ANALYSIS_POOL/Barton et al. - 2017 - Coral propagation a review of techniques for ornamental trade and reef restoration.pdf,Barton et al. - 2017 - Coral propagation a review of techniques for ornamental trade and reef restoration.pdf,META_ANALYSIS_POOL,1,1.099,1,3. Barton et al. (2017),[Exclude],,0,exclude_review,"[Exclude] This is a review paper focused on the aquaculture and restoration techniques of coral fragmentation, completely lacking raw macroscopic tissue outcomes for meta-analysis extraction."
,,0,literature/EXCLUDED_FINAL/Biscéré et al. - 2018 - Enhancement of coral calcification via the interpl.pdf,Biscéré et al. - 2018 - Enhancement of coral calcification via the interpl.pdf,EXCLUDED_FINAL,1,,0,,,,0,review_needed,No audit record yet.
12939915-cb9c-4190-9682-7477eb8d2698,Bonesso_2017_Exposure_to_elevated_sea-surface_temperatures_below_the_blea..._doi-10.7717-peerj.3719.pdf,1,literature/META_ANALYSIS_POOL/Bonesso et al. - 2017 - Exposure to elevated sea-surface temperatures below the bleaching threshold impairs coral recovery a.pdf,Bonesso et al. - 2017 - Exposure to elevated sea-surface temperatures below the bleaching threshold impairs coral recovery a.pdf,META_ANALYSIS_POOL,1,1.085,1,4. Bonesso et al. (2017),[Include in Bin 1],rate,0,include_primary,"[Include in Bin 1] The paper provides excellent primary temporal data for skeletal regeneration and tissue repair during heat stress, with cleanly reported SE and sample sizes."
7b6c3c16-42d6-411f-8069-1ae430f0761d,Brown et al. - 2021 - Extended phenotypes on coral reefs cryptic phenotypes modulate coral-vermetid interactions.pdf,1,,,,0,,0,,,,0,review_needed,No audit record yet.
c50bc867-17ea-4393-80b1-b34f18d5fde2,Bruckner_2000_Parrotfish_predation_on_live_coral_spot_biting_and_focus..._doi-10.1007-s003380050225.pdf,1,literature/EXCLUDED_FINAL/Bruckner et al. - 2000 - Parrotfish predation on live coral “spot biting” and “focused biting”.pdf,Bruckner et al. - 2000 - Parrotfish predation on live coral “spot biting” and “focused biting”.pdf,EXCLUDED_FINAL,1,1.128,0,,,,0,review_needed,No audit record yet.
,,0,literature/META_ANALYSIS_POOL/Brush - 2024 - Ecology of Fishes and Invertebrates Inhabiting the.pdf,Brush - 2024 - Ecology of Fishes and Invertebrates Inhabiting the.pdf,META_ANALYSIS_POOL,1,,1,2. Brush (2024) [Ecology of Fishes and Invertebrates Inhabiting the...],[Exclude],,0,review_fulltext_needed,"[Exclude] The source text is missing from the data pool, preventing any data extraction."
,,0,literature/EXCLUDED_FINAL/Brush - 2025 - Assemblage structure of fishes and invertebrates i.pdf,Brush - 2025 - Assemblage structure of fishes and invertebrates i.pdf,EXCLUDED_FINAL,1,,0,,,,0,review_needed,No audit record yet.
,,0,literature/EXCLUDED_FINAL/Buck-Wiese et al. - 2018 - Patterns in sexual reproduction of the dominant sc.pdf,Buck-Wiese et al. - 2018 - Patterns in sexual reproduction of the dominant sc.pdf,EXCLUDED_FINAL,1,,0,,,,0,review_needed,No audit record yet.
9616c9c9-f92f-4a43-8be4-4bd0b5875f3c,Burmester_2017_Temperature_and_symbiosis_affect_lesion_recovery_in_experime..._doi-10.3354-meps12114.pdf,1,"literature/high_confidence/Burmester et al. - 2017 - Temperature and symbiosis affect lesion recovery in experimentally wounded, facultatively symbiotic.pdf","Burmester et al. - 2017 - Temperature and symbiosis affect lesion recovery in experimentally wounded, facultatively symbiotic.pdf",high_confidence,1,1.082,1,5. Burmester et al. (2017),"[Include in Bins 1, 2]",rate|growth,0,include_primary,"[Include in Bins 1, 2] This study successfully isolates the impacts of temperature and symbioses on wound closure and organismal mass, providing clearly reported initial wound sizes, SE, and sample sizes."
daec544d-cfab-46db-be2a-1d3596bc0395,Burmester_2018_The_impact_of_autotrophic_versus_heterotrophic_nutritional_p..._doi-10.1002-ece3.4531.pdf,1,literature/META_ANALYSIS_POOL/Burmester et al. - 2018 - The impact of autotrophic versus heterotrophic nutritional pathways on colony health and wound recov.pdf,Burmester et al. - 2018 - The impact of autotrophic versus heterotrophic nutritional pathways on colony health and wound recov.pdf,META_ANALYSIS_POOL,1,1.080,1,1. Burmester et al. (2018),[Exclude],rate|growth,0,review_fulltext_needed,"[Exclude] The paper lacks a standardized daily regeneration rate, an un-wounded control group for growth comparisons, and fails to report variance metrics for its proportional healing data in the text."
26babed0-9e6c-4621-9dca-9253eb39b9fb,Cameron_2014_Effects_of_simulated_fish_predation_on_small_colonies_of_mas..._doi-10.3354-meps10862.pdf,1,literature/META_ANALYSIS_POOL/Cameron and Edmunds - 2014 - Effects of simulated fish predation on small colonies of massive Porites spp. and Pocillopora meandr.pdf,Cameron and Edmunds - 2014 - Effects of simulated fish predation on small colonies of massive Porites spp. and Pocillopora meandr.pdf,META_ANALYSIS_POOL,1,1.072,1,2. Cameron and Edmunds (2014),"[Include in Bins 1, 2]",rate|growth,0,include_primary,"[Include in Bins 1, 2] Exceptional primary data source that provides raw, extractable quantitative means, SE, and sample sizes for both wound healing trajectories and whole-colony calcification tradeoffs."
9f7a74ab-485d-44be-88c3-28c6b4a7c491,Chadwick_1990_Regeneration_after_experimental_breakage_in_the_solitary_ree..._doi-10.1016-0022-0981_90_90093-r.pdf,1,literature/META_ANALYSIS_POOL/Chadwick and Loya - 1990 - Regeneration after experimental breakage in the solitary reef coral Fungia granulosa Klunzing.pdf,Chadwick and Loya - 1990 - Regeneration after experimental breakage in the solitary reef coral Fungia granulosa Klunzing.pdf,META_ANALYSIS_POOL,1,0.983,2,3. Chadwick and Loya (1990) || 3. Chadwick and Loya (1990) [Regeneration after experimental breakage in the solitary reef coral *Fungia granulosa*...],[Exclude],,0,review_fulltext_needed,"[Exclude] Primary quantitative data (means, variance, sample sizes) for the regeneration variables cannot be extracted from the provided text excerpts. || [Exclude] Primary quantitative data cannot be extracted from the provided text fragments."
4e3fb9f0-e78a-40f5-abc2-01412b9ab7fb,Chong-Seng_2011_Selective_feeding_by_coral_reef_fishes_on_coral_lesions_asso..._doi-10.1007-s00338-010-0707-1.pdf,1,literature/META_ANALYSIS_POOL/Chong-Seng et al. - 2011 - Selective feeding by coral reef fishes on coral lesions associated with brown band and black band di.pdf,Chong-Seng et al. - 2011 - Selective feeding by coral reef fishes on coral lesions associated with brown band and black band di.pdf,META_ANALYSIS_POOL,1,1.087,2,4. Chong-Seng et al. (2011) || 4. Chong-Seng et al. (2011) [Selective feeding by coral reef fishes on coral lesions associated with brown band and black band di...],[Exclude],,0,exclude_scope,"[Exclude] Lacks any macroscopic tissue outcomes, methodology, or primary data in the provided text. || [Exclude] Primary text, methods, and quantitative data are missing from the provided excerpts."
d86a557e-5735-4326-9f08-979e13c7ee6d,Comeau_2014_Effects_of_irradiance_on_the_response_of_the_coral_Acropora..._doi-10.1016-j.jembe.2013.12.013.pdf,1,literature/META_ANALYSIS_POOL/Comeau et al. - 2014 - Effects of irradiance on the response of the coral Acropora pulchra and the calcifying alga Hydrolit.pdf,Comeau et al. - 2014 - Effects of irradiance on the response of the coral Acropora pulchra and the calcifying alga Hydrolit.pdf,META_ANALYSIS_POOL,1,1.125,2,5. Comeau et al. (2014) || 5. Comeau et al. (2014) [Effects of irradiance on the response of the coral *Acropora pulchra* and the calcifying alga...],[Exclude],,0,exclude_scope,[Exclude] The study does not evaluate wound healing or the physiological consequences of physical injury. || [Exclude] Lacks relevant experimental wounding treatments and the raw data cannot be extracted from the provided text fragment.
d4f87f68-6209-4973-bf99-fac310af5656,Coral-Damsel-Wounding-Manuscript.pdf,1,,,,0,,0,,,,0,review_needed,No audit record yet.
deff576c-ed14-48e7-884a-51d6447654a4,Coral_Regeneration_Review_Annual_Review_Marine_Science_10_31_2025.pdf,1,,,,0,,0,,,,0,review_needed,No audit record yet.
,,0,literature/EXCLUDED_FINAL/Counsell - 2018 - Assembly Dynamics for a Coral-Associated Reef Comm.pdf,Counsell - 2018 - Assembly Dynamics for a Coral-Associated Reef Comm.pdf,EXCLUDED_FINAL,1,,0,,,,0,review_needed,No audit record yet.
,,0,literature/META_ANALYSIS_POOL/Counsell et al. - 2019 - Colony size and depth affect wound repair in a bra.pdf,Counsell et al. - 2019 - Colony size and depth affect wound repair in a bra.pdf,META_ANALYSIS_POOL,1,,0,,,,0,review_needed,No audit record yet.
ec19aed9-6875-473a-accb-914b065e6e10,Counsell_2019_Colony_size_and_depth_affect_wound_repair_in_a_branching_cor..._doi-10.1007-s00227-019-3601-6.pdf,1,literature/META_ANALYSIS_POOL/Counsell et al. - 2019 - Colony size and depth affect wound repair in a branching coral.pdf,Counsell et al. - 2019 - Colony size and depth affect wound repair in a branching coral.pdf,META_ANALYSIS_POOL,1,1.147,2,1 & 2. Counsell et al. 2019 (Colony size and depth affect wound repair in a branching coral) || 1. Counsell et al. (2019) [Colony size and depth affect wound repair in a branching coral],"[Exclude] || [Include in Bins 1, 4]",rate|survival,1,include_primary_conflicted,"[Exclude] The study reports the total time to heal rather than a standardized continuous daily rate, and it fails to report a standard measure of variance (SD/SE/CI) for the healing metric in the text. || [Include in Bins 1, 4] Robust primary field data linking wound recovery time and partial mortality to colony depth and size."
740435e0-2577-4691-baa4-77cc09e904e9,Cox_2014_Corallivory_The_Coral_s_Point_of_View.pdf,1,literature/META_ANALYSIS_POOL/Cox - 2014 - Corallivory The Coral’s Point of View.pdf,Cox - 2014 - Corallivory The Coral’s Point of View.pdf,META_ANALYSIS_POOL,1,1.077,2,3. Cox 2014 (Corallivory: The Coral’s Point of View) || 2. Cox (2014) [Corallivory The Coral’s Point of View],[Exclude],,0,review_fulltext_needed,"[Exclude] The paper is missing from the corpus, preventing any data extraction. || [Exclude] The source text is missing from the data pool, preventing any data extraction."
034d4e10-aee2-4964-9c77-cb6f4174bd3e,Croquer_2002_Environmental_factors_affecting_tissue_regeneration_of_the_r....pdf,1,literature/extraction_ready/Cróquer et al. - 2002 - Environmental factors affecting tissue regeneration of the reef - building coral Montastraea annular.pdf,Cróquer et al. - 2002 - Environmental factors affecting tissue regeneration of the reef - building coral Montastraea annular.pdf,extraction_ready,1,1.081,0,,,,0,review_needed,No audit record yet.
bcc5b4a2-3f38-42ed-8309-63964483f263,Cunning_2018_Comparative_analysis_of_the_Pocillopora_damicornis_genome..._doi-10.1038-s41598-018-34459-8.pdf,1,literature/MECHANISMS_ONLY/Cunning et al. - 2018 - Comparative analysis of the Pocillopora damicornis genome highlights role of immune system in coral.pdf,Cunning et al. - 2018 - Comparative analysis of the Pocillopora damicornis genome highlights role of immune system in coral.pdf,MECHANISMS_ONLY,1,1.123,0,,,,0,review_needed,No audit record yet.
2f44d6fc-1aa4-4747-a000-1c5be042d723,D_Angelo_2012_Locally_accelerated_growth_is_part_of_the_innate_immune_resp..._doi-10.1007-s00338-012-0926-8.pdf,1,literature/META_ANALYSIS_POOL/D’Angelo et al. - 2012 - Locally accelerated growth is part of the innate immune response and repair mechanisms in reef-build.pdf,D’Angelo et al. - 2012 - Locally accelerated growth is part of the innate immune response and repair mechanisms in reef-build.pdf,META_ANALYSIS_POOL,1,1.089,2,4. D’Angelo et al. 2012 (Locally accelerated growth is part of the innate immune response and repair...) || 3. D’Angelo et al. (2012) [Locally accelerated growth is part of the innate immune response and repair mechanisms...],[Narrative/Mechanism Only],rate|growth|mechanism,0,include_mechanism_only,"[Narrative/Mechanism Only] The study lacks extractable quantitative macroscopic data for continuous temporal healing rates or whole-colony growth costs, focusing instead on cellular biomarkers. || [Narrative/Mechanism Only] Excellent mechanistic study documenting the innate immune response and localized accelerated cellular growth (Bin 5), but it lacks the extractable macroscopic tissue regeneration data needed for Bins 1–4."
83a15da3-d64e-494a-94ee-a253c2392c96,Da_Silveira_1977_Regeneration_in_the_Gorgonian_Plexura_Flexuosa_Cnida..._doi-10.1163-26660644-04701002.pdf,1,"literature/Da Silveira and Van’T Hof - 1977 - Regeneration in the Gorgonian Plexura Flexuosa (Cnidaria, Octocorallia).pdf","Da Silveira and Van’T Hof - 1977 - Regeneration in the Gorgonian Plexura Flexuosa (Cnidaria, Octocorallia).pdf",literature,1,1.101,0,,,,0,review_needed,No audit record yet.
28b1e816-45f3-42fc-a2b0-0cfea52a0adc,DeFilippo_2016_Patterns_of_surface_lesion_recovery_in_the_Northern_Star_..._doi-10.1016-j.jembe.2016.03.016.pdf,1,"literature/high_confidence/DeFilippo et al. - 2016 - Patterns of surface lesion recovery in the Northern Star Coral, Astrangia poculata.pdf","DeFilippo et al. - 2016 - Patterns of surface lesion recovery in the Northern Star Coral, Astrangia poculata.pdf",high_confidence,1,1.146,1,5. DeFilippo et al. 2016 (Patterns of surface lesion recovery in the Northern Star Coral),[Exclude],rate,0,review_fulltext_needed,[Exclude] The study does not provide a standardized daily continuous regeneration rate and lacks extractable raw means and variances for macroscopic healing or mortality within the text itself.
09f69156-3ca0-4bf2-98e2-fe2b25612587,Denis_2011_Lesion_regeneration_capacities_in_populations_of_the_massive..._doi-10.3354-meps09060.pdf,1,literature/META_ANALYSIS_POOL/Denis et al. - 2011 - Lesion regeneration capacities in populations of the massive coral Porites lutea at Réunion Island.pdf,Denis et al. - 2011 - Lesion regeneration capacities in populations of the massive coral Porites lutea at Réunion Island.pdf,META_ANALYSIS_POOL,1,1.129,2,1. Denis et al. (2011) [Lesion regeneration capacities in populations of the massive coral *Porites lutea*...] || 4. Denis et al. (2011) [Lesion regeneration capacities in populations of the massive coral Porites lutea...],[Include in Bin 1],rate,0,include_primary,"[Include in Bin 1] Provides highly standardized, extractable quantitative data on continuous tissue regeneration rates. || [Include in Bin 1] Highly precise primary data source modeling continuous tissue regeneration dynamics under seasonal variations, but effect sizes will need to be digitized from the figures."
4d1dfa9c-9c0b-438d-bf33-ec928b7d6696,Denis_2013_Fast_Growth_May_Impair_Regeneration_Capacity_in_th..._doi-10.1371-journal.pone.0072618.pdf,1,,,,0,,0,,,,0,review_needed,No audit record yet.
3d374a40-79d3-413b-99c2-670f9da97bef,Dias_2018_Mortality_growth_and_regeneration_following_fragmentation_o..._doi-10.1016-j.seares.2018.08.008.pdf,1,"literature/high_confidence/Dias et al. - 2018 - Mortality, growth and regeneration following fragmentation of reef-forming corals under thermal stre.pdf","Dias et al. - 2018 - Mortality, growth and regeneration following fragmentation of reef-forming corals under thermal stre.pdf",high_confidence,1,1.075,1,"2. Dias et al. (2018) [Mortality, growth and regeneration following fragmentation...]",[Exclude],,0,review_fulltext_needed,"[Exclude] While the study measures the exact variables required for Bins 1, 2, and 4, the provided text excerpts are deficient in raw extractable data (means, variances, and sample sizes), making extraction impossible without access to the paper's figures/raw tables."
a1481487-85d7-43d6-9260-5bdb0970ebdd,Diaz-Pulido_2009_Doom_and_Boom_on_a_Resilient_Reef_Climate_Change_..._doi-10.1371-journal.pone.0005239.pdf,1,"literature/Diaz-Pulido et al. - 2009 - Doom and Boom on a Resilient Reef Climate Change, Algal Overgrowth and Coral Recovery.pdf","Diaz-Pulido et al. - 2009 - Doom and Boom on a Resilient Reef Climate Change, Algal Overgrowth and Coral Recovery.pdf",literature,1,1.127,1,3. Diaz-Pulido et al. (2009) [Doom and Boom on a Resilient Reef...],[Exclude],,0,exclude_scope,[Exclude] Does not meet the criteria for a wound-regeneration or energetic cost study.
,,0,literature/META_ANALYSIS_POOL/Doo et al. - 2018 - Obligate ectosymbionts increase the physiological .pdf,Doo et al. - 2018 - Obligate ectosymbionts increase the physiological .pdf,META_ANALYSIS_POOL,1,,1,1. Doo et al. (2018) [Obligate ectosymbionts increase the physiological...],[Exclude],,0,review_fulltext_needed,"[Exclude] The source text is missing from the data pool, preventing any data extraction."
c849a042-644e-4b4f-a530-33cfb800d9a9,E_1996_Regeneration_versus_budding_in_fungiid_corals_a_trade-off_doi-10.3354-meps134179.pdf,1,literature/META_ANALYSIS_POOL/E and Y - 1996 - Regeneration versus budding in fungiid corals a trade-off.pdf,E and Y - 1996 - Regeneration versus budding in fungiid corals a trade-off.pdf,META_ANALYSIS_POOL,1,1.187,0,,,,0,review_needed,No audit record yet.
,,0,literature/extraction_ready/Edmunds and Burgess - 2016 - Size-dependent physiological responses of the bran.pdf,Edmunds and Burgess - 2016 - Size-dependent physiological responses of the bran.pdf,extraction_ready,1,,0,,,,0,review_needed,No audit record yet.
,,0,literature/META_ANALYSIS_POOL/Edmunds and Burgess - 2017 - Colony size and turbulent flow speed modulate the .pdf,Edmunds and Burgess - 2017 - Colony size and turbulent flow speed modulate the .pdf,META_ANALYSIS_POOL,1,,2,4. Edmunds and Burgess (2017) [Colony size and turbulent flow speed modulate...] || 3. Edmunds and Burgess (2017) [Colony size and turbulent flow speed modulate the...],[Exclude],,0,review_fulltext_needed,[Exclude] Paper is missing from the data pool. || [Exclude] The source text is missing from the data pool.
,,0,literature/EXCLUDED_FINAL/Edmunds et al. - 2018 - Density-dependence mediates coral assemblage struc.pdf,Edmunds et al. - 2018 - Density-dependence mediates coral assemblage struc.pdf,EXCLUDED_FINAL,1,,0,,,,0,review_needed,No audit record yet.
,,0,literature/META_ANALYSIS_POOL/Edmunds et al. - 2025 - A physiological crisis drives the coral recruitmen.pdf,Edmunds et al. - 2025 - A physiological crisis drives the coral recruitmen.pdf,META_ANALYSIS_POOL,1,,1,1. Edmunds et al. (2025) [A physiological crisis drives the coral recruitmen...],[Exclude],,0,review_fulltext_needed,"[Exclude] The source text is missing from the data pool, preventing any data extraction."
b0949a7c-520e-4a37-af04-25979598ec2d,Edmunds_2010_Effect_of_sub-lethal_damage_to_juvenile_colonies_of_massive..._doi-10.1007-s00227-009-1372-1.pdf,1,literature/META_ANALYSIS_POOL/Edmunds and Lenihan - 2010 - Effect of sub-lethal damage to juvenile colonies of massive Porites spp. under contrasting regimes o.pdf,Edmunds and Lenihan - 2010 - Effect of sub-lethal damage to juvenile colonies of massive Porites spp. under contrasting regimes o.pdf,META_ANALYSIS_POOL,1,1.120,2,5. Edmunds and Lenihan (2010) [Effect of sub-lethal damage to juvenile colonies of massive Porites spp....] || 4. Edmunds and Lenihan (2010) [Effect of sub-lethal damage to juvenile colonies of massive Porites spp...],"[Include in Bins 1, 2] || [Include in Bin 2]",rate|growth,0,include_primary,"[Include in Bins 1, 2] An excellent primary data source providing raw, precise quantitative data for both healing trajectories and whole-colony calcification tradeoffs. || [Include in Bin 2] A highly relevant primary study testing the interactive effects of flow and temperature on growth costs and physiology. However, growth effect sizes will need to be extracted by digitizing the figures, and the categorical healing metrics cannot be used for continuous temporal rate comparisons."
2e3b055f-28df-4def-97aa-660ac537a95f,Edmunds_2017_The_effects_of_ocean_acidification_on_wound_repair_in_the_co..._doi-10.1016-j.jembe.2016.10.001.pdf,1,literature/META_ANALYSIS_POOL/Edmunds and Yarid - 2017 - The effects of ocean acidification on wound repair in the coral Porites spp..pdf,Edmunds and Yarid - 2017 - The effects of ocean acidification on wound repair in the coral Porites spp..pdf,META_ANALYSIS_POOL,1,1.096,2,1. Edmunds and Yarid (2017) [The effects of ocean acidification on wound repair in the coral Porites spp.] || 5. Edmunds and Yarid (2017) [The effects of ocean acidification on wound repair in the coral Porites spp.],"[Include in Bins 1, 2]",rate|growth,0,include_primary,"[Include in Bins 1, 2] Robust primary data source providing extractable quantitative means, SE, and sample sizes for both continuous healing trajectories and organismal calcification costs under ocean acidification. || [Include in Bins 1, 2] An excellent, rigorous primary data source providing extractable quantitative outcomes for growth costs and tissue regeneration under varied $pCO_2$ ocean acidification stress."
f7335f31-f560-4d42-9f0d-52fdbec8ece6,Eh_1992_Effects_of_Sedimentation_and_Lesion_Position_on_Coral....pdf,1,literature/META_ANALYSIS_POOL/Meesters et al 1992 sedimentation and lesion position.pdf,Meesters et al 1992 sedimentation and lesion position.pdf,META_ANALYSIS_POOL,1,0.736,2,3. Meesters et al. (1992) [Effects of sedimentation and lesion position on coral tissue regeneration],[Include in Bin 1] || [Exclude],rate,1,include_primary_conflicted,"[Include in Bin 1] A highly relevant paper testing sedimentation and intra-colony photoadaptation, but effect sizes will need to be extracted by digitizing the figures since the provided text is deficient. || [Exclude] The provided text lacks the extractable raw numerical means and variances necessary to quantify continuous regeneration rates. Data would need to be back-calculated or digitized from the unprovided original figures."
348d7203-b68d-472c-89da-e3e6704b2f50,Eh_1995_Age-related_deterioration_of_a_physiological_function_in_the..._doi-10.3354-meps121203.pdf,1,literature/extraction_ready/Eh and Rpm - 1995 - Age-related deterioration of a physiological function in the branching coral Acropora palmata.pdf,Eh and Rpm - 1995 - Age-related deterioration of a physiological function in the branching coral Acropora palmata.pdf,extraction_ready,1,1.131,0,,,,0,review_needed,No audit record yet.
1d9e4e6d-fe25-4609-b0ac-78fdb306c80b,Eh_1997_Predicting_regeneration_of_physical_damage_on_a_reef-buildin..._doi-10.3354-meps146091.pdf,1,literature/extraction_ready/Eh et al. - 1997 - Predicting regeneration of physical damage on a reef-building coral by regeneration capacity and les.pdf,Eh et al. - 1997 - Predicting regeneration of physical damage on a reef-building coral by regeneration capacity and les.pdf,extraction_ready,1,1.074,0,,,,0,review_needed,No audit record yet.
c6b2ff5b-0225-4b9a-92e7-8dfa6a6debeb,Enochs_2017_Corallivory_in_the_Eastern_Pacific_doi-10.1007-978-94-017-7499-4_10.pdf,1,literature/META_ANALYSIS_POOL/Enochs and Glynn - 2017 - Corallivory in the Eastern Pacific.pdf,Enochs and Glynn - 2017 - Corallivory in the Eastern Pacific.pdf,META_ANALYSIS_POOL,1,1.088,2,2. Enochs and Glynn (2017) [Corallivory in the Eastern Pacific],[Exclude],,0,review_fulltext_needed,"[Exclude] Paper is missing from the data pool and lacks extractable primary outcomes. || [Exclude] The source text is missing from the data pool, preventing any data extraction."
ad751939-b061-4323-9097-c1e7d2e9576f,Fine_2002_Bleaching_effect_on_regeneration_and_resource_translocation..._doi-10.3354-meps234119.pdf,1,literature/META_ANALYSIS_POOL/Fine et al. - 2002 - Bleaching effect on regeneration and resource translocation in the coral Oculina patagonica.pdf,Fine et al. - 2002 - Bleaching effect on regeneration and resource translocation in the coral Oculina patagonica.pdf,META_ANALYSIS_POOL,1,1.135,2,3. Fine et al. (2002) [Bleaching effect on regeneration and resource translocation...] || 3. Fine et al. (2002) [Bleaching effect on regeneration and resource translocation in the coral Oculina patagonica],"[Include in Bins 1, 4] || [Exclude]",rate|survival,1,include_primary_conflicted,"[Include in Bins 1, 4] Contains primary macroscopic data for wound recovery under stress, but variance and sample size must be extracted from the figures/tables in the full manuscript, as the text excerpt is deficient. || [Exclude] Primary quantitative parameters essential for meta-analysis (variance and *n*) cannot be extracted from the provided text fragments."
a1e7fabd-36e1-4556-804c-e6f1a9c17581,Fisher_2007_Lesion_regeneration_rates_in_reef-building_corals_Montastra..._doi-10.3354-meps339061.pdf,1,literature/META_ANALYSIS_POOL/Fisher et al. - 2007 - Lesion regeneration rates in reef-building corals Montastraea spp. as indicators of colony condition.pdf,Fisher et al. - 2007 - Lesion regeneration rates in reef-building corals Montastraea spp. as indicators of colony condition.pdf,META_ANALYSIS_POOL,1,1.084,2,4. Fisher et al. (2007) [Lesion regeneration rates in reef-building corals Montastraea spp....] || 4. Fisher et al. (2007) [Lesion regeneration rates in reef-building corals Montastraea spp. as indicators of colony condition],[Include in Bin 1],rate,0,include_primary,"[Include in Bin 1] Highly precise methodology providing raw regression slopes, variance, and sample sizes for temporal healing speeds. || [Include in Bin 1] An excellent, rigorous primary data source providing extractable standardized quantitative outcomes for tissue regeneration with distinct variance and sample sizes directly in the text."
3a3fb59c-a303-49f1-aa80-21ffe7d182cf,Fong_1995_Hurricanes_Cause_Population_Expansion_of_the_Branchin..._doi-10.1111-j.1439-0485.1995.tb00415.x.pdf,1,literature/META_ANALYSIS_POOL/Fong and Lirman - 1995 - Hurricanes Cause Population Expansion of the Branching Coral Acropora palmata (Scleractinia).pdf,Fong and Lirman - 1995 - Hurricanes Cause Population Expansion of the Branching Coral Acropora palmata (Scleractinia).pdf,META_ANALYSIS_POOL,1,1.075,2,5. Fong and Lirman (1995) [Hurricanes Cause Population Expansion of the Branching Coral...] || 5. Fong and Lirman (1995) [Hurricanes Cause Population Expansion of the Branching Coral Acropora palmata (Scleractinia)],"[Include in Bins 1, 4] || [Include in Bins 1, 2]",rate|survival|growth,0,include_primary,"[Include in Bins 1, 4] Contains valuable primary data on the natural survivorship of fragments and natural wound healing, but extraction of continuous healing rates and variances will require digitizing figures from the full paper. || [Include in Bins 1, 2] An important field study tracking natural storm damage recovery; however, exact growth effect sizes and variances will need to be extracted by digitizing the figures, as the provided text is partially deficient in raw numbers."
,,0,literature/EXCLUDED_FINAL/Fox et al. - 2019 - Trophic plasticity in a common reef-building coral.pdf,Fox et al. - 2019 - Trophic plasticity in a common reef-building coral.pdf,EXCLUDED_FINAL,1,,0,,,,0,review_needed,No audit record yet.
d9c94f19-8bd1-4d12-b7e2-d2962add9961,Furby_2014_Incidence_of_lesions_on_Fungiidae_corals_in_the_eastern_R..._doi-10.1016-j.marenvres.2014.04.002.pdf,1,literature/META_ANALYSIS_POOL/Furby et al. - 2014 - Incidence of lesions on Fungiidae corals in the eastern Red Sea is related to water temperature and.pdf,Furby et al. - 2014 - Incidence of lesions on Fungiidae corals in the eastern Red Sea is related to water temperature and.pdf,META_ANALYSIS_POOL,1,1.072,2,1. Furby et al. (2014) [Incidence of lesions on Fungiidae corals in the eastern Red Sea...] || 1. Furby et al. (2014) [Incidence of lesions on Fungiidae corals in the eastern Red Sea is related to water temperature and...],[Exclude],rate,0,review_needed,[Exclude] The study assesses the epidemiology and natural incidence of coral lesions rather than providing macroscopic experimental tissue regeneration rates or whole-colony physiological costs. || [Exclude] The source text is missing the necessary data from the corpus to allow for extraction.
,,0,literature/EXCLUDED_FINAL/Gardner et al. - 2019 - Coral microbiome diversity reflects mass coral ble.pdf,Gardner et al. - 2019 - Coral microbiome diversity reflects mass coral ble.pdf,EXCLUDED_FINAL,1,,0,,,,0,review_needed,No audit record yet.
,,0,literature/EXCLUDED_FINAL/Glynn et al. - 2025 - The role of holobiont composition and environmenta.pdf,Glynn et al. - 2025 - The role of holobiont composition and environmenta.pdf,EXCLUDED_FINAL,1,,0,,,,0,review_needed,No audit record yet.
6a14a9e9-da4e-425f-bf9d-59fa573487e1,Guzman_1994_Injury_regeneration_and_growth_of_Caribbean_reef_corals_a..._doi-10.3354-meps105231.pdf,1,"literature/Guzmán et al. - 1994 - Injury, regeneration and growth of Caribbean reef corals after a major oil spill in Panama.pdf","Guzmán et al. - 1994 - Injury, regeneration and growth of Caribbean reef corals after a major oil spill in Panama.pdf",literature,1,1.135,0,,,,0,review_needed,No audit record yet.
e2191f69-a271-4c74-be4c-ebe977248362,Hall_1997_Interspecific_differences_in_the_regeneration_of_artificial..._doi-10.1016-s0022-0981_96_02760-8.pdf,1,literature/META_ANALYSIS_POOL/Hall - 1997 - Interspecific differences in the regeneration of artificial injuries on scleractinian corals.pdf,Hall - 1997 - Interspecific differences in the regeneration of artificial injuries on scleractinian corals.pdf,META_ANALYSIS_POOL,1,1.009,2,2. Hall (1997) [Interspecific differences in the regeneration of artificial injuries...] || 2. Hall (1997) [Interspecific differences in the regeneration of artificial injuries on scleractinian corals],[Exclude] || [Include in Bin 1],rate,1,include_primary_conflicted,"[Exclude] Reports total regeneration amounts at the end of the study period rather than a standardized daily areal or percentage rate. || [Include in Bin 1] A highly rigorous and foundational primary data source comparing recovery across different morphologies and injury types, providing precise means, variances, and sample sizes directly in the text and tables."
b9536b7f-eb24-428a-8a9f-9750a74faa1f,Hall_2001_The_response_of_Acropora_hyacinthus_and_Montipora_tuberc..._doi-10.1016-s0022-0981_01_00318-5.pdf,1,literature/META_ANALYSIS_POOL/Hall - 2001 - The response of Acropora hyacinthus and Montipora tuberculosa to three different types of colony dam.pdf,Hall - 2001 - The response of Acropora hyacinthus and Montipora tuberculosa to three different types of colony dam.pdf,META_ANALYSIS_POOL,1,0.971,2,3. Hall (2001) [The response of Acropora hyacinthus and Montipora tuberculosa...] || 3. Hall (2001) [The response of *Acropora hyacinthus* and *Montipora tuberculosa* to three different types of colony damage...],[Exclude] || [Include in Bin 1],rate,1,include_primary_needs_fulltext,"[Exclude] Reports the total amount of tissue regenerated at specific time intervals rather than a continuous temporal speed (e.g., mm²/day). || [Include in Bin 1] Excellent comparative study of injury types, but the primary quantitative healing effect sizes must be extracted via figure digitization."
33b7b9b2-9041-454b-bba3-abfadd68029f,Hall_2015_Lesion_recovery_of_two_scleractinian_corals_under_low_pH_c..._doi-10.1016-j.marpolbul.2015.08.030.pdf,1,literature/META_ANALYSIS_POOL/Hall et al. - 2015 - Lesion recovery of two scleractinian corals under low pH conditions Implications for restoration ef.pdf,Hall et al. - 2015 - Lesion recovery of two scleractinian corals under low pH conditions Implications for restoration ef.pdf,META_ANALYSIS_POOL,1,1.085,2,4. Hall et al. (2015) [Lesion recovery of two scleractinian corals under low pH conditions...] || 4. Hall et al. (2015) [Lesion recovery of two scleractinian corals under low pH conditions: Implications for restoration efforts],"[Exclude] || [Include in Bins 1, 5]",rate|mechanism,1,include_primary_conflicted,"[Exclude] Provides total percent recovery over the study period but lacks an extractable, standardized daily regeneration rate. || [Include in Bins 1, 5] A highly relevant paper testing the interaction of ocean acidification (pH) and fragment size on recovery, but the required raw means and variances for meta-analysis will need to be extracted by digitizing the figures."
2b8676ad-34ad-450c-8649-095d5be68458,Hall_Injury_and_regeneration_of_common_reef-crest_corals.pdf,1,,,,0,,0,,,,0,review_needed,No audit record yet.
58b15640-3061-4ea9-a606-877701eef38c,Hamman_2019_Spatial_distribution_of_damage_affects_the_healing_growth_..._doi-10.1007-s00442-019-04509-7.pdf,1,"literature/high_confidence/Hamman - 2019 - Spatial distribution of damage affects the healing, growth, and morphology of coral.pdf","Hamman - 2019 - Spatial distribution of damage affects the healing, growth, and morphology of coral.pdf",high_confidence,1,1.156,1,5. Hamman (2019) [Spatial distribution of damage affects the healing...],[Exclude],rate|growth,0,review_fulltext_needed,"[Exclude] Lacks a standardized daily regeneration rate, providing only total proportional recovery, and lacks explicit raw baseline means for uninjured control growth."
da92c7b5-90a6-48e9-a3d2-259a6f48a6ad,Han_2025_In-depth_single-cell_transcriptomic_exploration_of_the_regen..._doi-10.1038-s42003-025-08089-6.pdf,1,literature/MECHANISMS_ONLY/Han et al. - 2025 - In-depth single-cell transcriptomic exploration of the regenerative dynamics in stony coral.pdf,Han et al. - 2025 - In-depth single-cell transcriptomic exploration of the regenerative dynamics in stony coral.pdf,MECHANISMS_ONLY,1,1.087,0,,,,0,review_needed,No audit record yet.
cb1f9bbe-6aa5-4797-9d01-731edf7e49f6,Henry_2005_Regeneration_from_Injury_and_Resource_Allocation_in_S..._doi-10.1002-iroh.200410759.pdf,1,literature/META_ANALYSIS_POOL/Henry and Hart - 2005 - Regeneration from Injury and Resource Allocation in Sponges and Corals - a Review.pdf,Henry and Hart - 2005 - Regeneration from Injury and Resource Allocation in Sponges and Corals - a Review.pdf,META_ANALYSIS_POOL,1,1.076,2,1. Henry and Hart (2005) [Regeneration from Injury and Resource Allocation in Sponges and Corals - a Review] || 5. Henry and Hart (2005) [Regeneration from Injury and Resource Allocation in Sponges and Corals - a Review],[Exclude],,0,exclude_review,"[Exclude] *Reason:* This is a literature review summarizing existing data. It does not provide original primary experimental data, violating meta-analysis inclusion criteria (though its tables serve as an excellent bibliography for primary sources). || [Exclude] This is a comprehensive literature review synthesizing existing studies to test hypotheses regarding resource allocation trade-offs. It does not provide original, primary experimental data for quantitative extraction."
,,0,literature/META_ANALYSIS_POOL/Honeycutt et al. - 2023 - Farmerfish gardens help buffer stony corals agains.pdf,Honeycutt et al. - 2023 - Farmerfish gardens help buffer stony corals agains.pdf,META_ANALYSIS_POOL,1,,1,1. Honeycutt et al. (2023) [Farmerfish gardens help buffer stony corals against...],[Exclude],,0,review_fulltext_needed,"[Exclude] The source text is missing from the data pool, preventing any data extraction."
65ccf3b6-92c0-416b-93ba-1cfd827b1ba1,Horricks_2019_Differential_protein_abundance_during_the_first_month_of_reg..._doi-10.1007-s00338-018-01754-9.pdf,1,literature/META_ANALYSIS_POOL/Horricks et al. - 2019 - Differential protein abundance during the first month of regeneration of the Caribbean star coral Mo.pdf,Horricks et al. - 2019 - Differential protein abundance during the first month of regeneration of the Caribbean star coral Mo.pdf,META_ANALYSIS_POOL,1,1.079,2,2. Horricks et al. (2019) [Differential protein abundance during the first month of regeneration...] || 2. Horricks et al. (2019) [Differential protein abundance during the first month of regeneration of the Caribbean star coral...],[Include in Bin 1] || [Narrative/Mechanism Only],rate|mechanism,0,include_primary,"[Include in Bin 1] *Reason:* The study provides highly standardized, extractable quantitative data for continuous macroscopic tissue regeneration trajectories (including SE and sample sizes) alongside its mechanistic biomolecular data. || [Narrative/Mechanism Only] A pioneering proteomics study documenting the molecular cascades of wound healing (Bin 5), but it lacks the raw extractable macroscopic tissue regeneration data needed for Bins 1–4 without complex model back-calculation."
5f4a560f-1449-4b1d-96ad-236a0da5fcb7,Horwitz_2014_High_CO2_detrimentally_affects_tissue_regeneration_of_Red..._doi-10.1007-s00338-014-1150-5.pdf,1,literature/META_ANALYSIS_POOL/Horwitz and Fine - 2014 - High CO2 detrimentally affects tissue regeneration of Red Sea corals.pdf,Horwitz and Fine - 2014 - High CO2 detrimentally affects tissue regeneration of Red Sea corals.pdf,META_ANALYSIS_POOL,1,1.163,2,3. Horwitz and Fine (2014) [High CO2 detrimentally affects tissue regeneration of Red Sea corals],"[Include in Bin 1] || [Include in Bins 1, 5]",rate|mechanism,0,include_primary_needs_fulltext,"[Include in Bin 1] *Reason:* Excellent primary data source providing standardized macroscopic tissue regeneration rates with clearly reported variance and sample sizes under ocean acidification stress. || [Include in Bins 1, 5] A robust primary data source demonstrating the severe impairment of regeneration across diverse morphologies under ocean acidification (OA) stress. Data extraction will require figure digitization."
,,0,literature/INJURY AND REGENERATION OF COMMON REEF-CREST CORALS.pdf,INJURY AND REGENERATION OF COMMON REEF-CREST CORALS.pdf,literature,1,,0,,,,0,review_needed,No audit record yet.
586216bb-828d-498e-b006-03caade92e8c,Jayewardene_2006_Fish_predation_on_Hawaiian_corals_doi-10.1007-s00338-006-0111-z.pdf,1,literature/excluded/Jayewardene and Birkeland - 2006 - Fish predation on Hawaiian corals.pdf,Jayewardene and Birkeland - 2006 - Fish predation on Hawaiian corals.pdf,excluded,1,1.163,0,,,,0,review_needed,No audit record yet.
45fcfd8e-a2d2-4345-aec0-baeb03f883a4,Jayewardene_2009_Effects_of_frequent_fish_predation_on_corals_in_Hawaii_doi-10.1007-s00338-009-0475-y.pdf,1,literature/META_ANALYSIS_POOL/Jayewardene et al. - 2009 - Effects of frequent fish predation on corals in Hawaii.pdf,Jayewardene et al. - 2009 - Effects of frequent fish predation on corals in Hawaii.pdf,META_ANALYSIS_POOL,1,1.188,2,5. Jayewardene et al. (2009) [Effects of frequent fish predation on corals in Hawaii],[Exclude],,0,review_fulltext_needed,[Exclude] *Reason:* The provided text consists of only a single sentence fragment outlining the study sites [19]. No primary quantitative data or results are available for extraction. || [Exclude] Primary quantitative data cannot be extracted from the provided text fragments.
4cc9b30b-9ed8-4123-82aa-2f182db391b7,Jayewardene_2010_Experimental_determination_of_the_cost_of_lesion_healing_on..._doi-10.1007-s00338-009-0560-2.pdf,1,literature/META_ANALYSIS_POOL/Jayewardene - 2010 - Experimental determination of the cost of lesion healing on Porites compressa growth.pdf,Jayewardene - 2010 - Experimental determination of the cost of lesion healing on Porites compressa growth.pdf,META_ANALYSIS_POOL,1,1.158,2,4. Jayewardene (2010) [Experimental determination of the cost of lesion healing on Porites...] || 4. Jayewardene (2010) [Experimental determination of the cost of lesion healing on Porites compressa growth],[Exclude],growth,0,review_fulltext_needed,"[Exclude] *Reason:* The provided text excerpts are deficient. They only contain the introduction, methods, and bibliography [626–634], completely lacking the results section with the raw extractable means and variances for the growth variables. || [Exclude] Primary quantitative data cannot be extracted from the provided text fragments."
25b69d4e-602d-40e8-93a0-17ae973a2af5,Jones_2025_Evidence_of_rare_occurrences_of_the_Phoenix_effect_in_the..._doi-10.7717-peerj.19225.pdf,1,literature/META_ANALYSIS_POOL/Jones and Barott - 2025 - Evidence of rare occurrences of the Phoenix effect in the Hawaiian corals Porites compressa a.pdf,Jones and Barott - 2025 - Evidence of rare occurrences of the Phoenix effect in the Hawaiian corals Porites compressa a.pdf,META_ANALYSIS_POOL,1,1.123,2,1. Jones and Barott (2025) [Evidence of rare occurrences of the Phoenix effect...] || 1. Jones and Barott (2025) [Evidence of rare occurrences of the Phoenix effect in the Hawaiian corals *Porites compressa*...],[Exclude],rate,0,review_fulltext_needed,"[Exclude] The study reports categorical/proportional recovery endpoints over multi-year intervals rather than standardized daily regeneration rates, and lacks extractable variance (SD/SE) for these metrics. || [Exclude] While this study provides excellent observational documentation of the Phoenix effect, the text is deficient in the raw extractable macroscopic continuous regeneration rates (e.g., mm²/day) and variances required for standard effect size extraction."
acf00158-0890-4388-9a0e-da9194664ef6,Kaufman_2021_Thermal_history_influences_lesion_recovery_of_the_threatened..._doi-10.1007-s00338-020-02025-2.pdf,1,literature/META_ANALYSIS_POOL/Kaufman et al. - 2021 - Thermal history influences lesion recovery of the threatened Caribbean staghorn coral Acropora cervi.pdf,Kaufman et al. - 2021 - Thermal history influences lesion recovery of the threatened Caribbean staghorn coral Acropora cervi.pdf,META_ANALYSIS_POOL,1,1.128,2,2. Kaufman et al. (2021) [Thermal history influences lesion recovery...] || 2. Kaufman et al. (2021) [Thermal history influences lesion recovery of the threatened Caribbean staghorn coral *Acropora cervicornis*...],[Exclude],rate,0,review_fulltext_needed,"[Exclude] While highly relevant to thermal stress, the provided text reports proportional categorical healing endpoints rather than a continuous temporal speed, and it lacks the extractable variance (SD/SE) required for meta-analysis effect size calculations. || [Exclude] A highly relevant paper testing the interaction of thermal history and heat stress on wound repair; however, the provided text evaluates proportional healing success and hazards rather than providing extractable continuous macroscopic tissue regeneration rates with variance."
bc157775-6a45-4c5c-a760-6d3550b31229,Kersting_2019_Living_evidence_of_a_fossil_survival_strategy_raises_hope_fo..._doi-10.1126-sciadv.aax2950.pdf,1,literature/META_ANALYSIS_POOL/Kersting and Linares - 2019 - Living evidence of a fossil survival strategy raises hope for warming-affected corals.pdf,Kersting and Linares - 2019 - Living evidence of a fossil survival strategy raises hope for warming-affected corals.pdf,META_ANALYSIS_POOL,1,1.103,2,3. Kersting and Linares (2019) [Living evidence of a fossil survival strategy...] || 3. Kersting and Linares (2019) [Living evidence of a fossil survival strategy raises hope for warming-affected corals],[Exclude],rate,0,review_fulltext_needed,"[Exclude] The provided text lacks the extractable primary quantitative data (means, variances, exact sample sizes) for the calculated recovery rates, as this data resides in supplementary materials not included in the excerpts. || [Exclude] The provided text excerpt is deficient in raw extractable data. Annual continuous recovery rates and sample sizes are relegated to unprovided supplementary materials."
716978e8-7256-4c47-9ccf-35ff6c3ed3cc,Kokita_2001_Rapid_response_of_an_obligately_corallivorous_filefish_Oxym..._doi-10.1007-s003380100153.pdf,1,literature/META_ANALYSIS_POOL/Kokita and Nakazono - 2001 - Rapid response of an obligately corallivorous filefish Oxymonacanthus longirostris (Monacanthidae) t.pdf,Kokita and Nakazono - 2001 - Rapid response of an obligately corallivorous filefish Oxymonacanthus longirostris (Monacanthidae) t.pdf,META_ANALYSIS_POOL,1,1.087,2,4. Kokita and Nakazono (2001) [Rapid response of an obligately corallivorous filefish...] || 4. Kokita and Nakazono (2001) [Rapid response of an obligately corallivorous filefish *Oxymonacanthus longirostris*...],[Exclude],,0,review_fulltext_needed,"[Exclude] Paper is missing from the data pool, preventing any data extraction. || [Exclude] The source text is missing from the data pool, preventing any data extraction."
,,0,literature/Kordas et al. - 2011 - Community ecology in a warming world The influence of temperature on interspecific interactions in.pdf,Kordas et al. - 2011 - Community ecology in a warming world The influence of temperature on interspecific interactions in.pdf,literature,1,,0,,,,0,review_needed,No audit record yet.
04e10b24-592e-4cf3-8f94-226c7904262d,Kramarsky-Winter_2000_Tissue_regeneration_in_the_coral_Fungia_granulosa_the_ef..._doi-10.1007-s002270000416.pdf,1,literature/META_ANALYSIS_POOL/Kramarsky-Winter and Loya - 2000 - Tissue regeneration in the coral Fungia granulosa  the effect of extrinsic and intrinsic factors.pdf,Kramarsky-Winter and Loya - 2000 - Tissue regeneration in the coral Fungia granulosa  the effect of extrinsic and intrinsic factors.pdf,META_ANALYSIS_POOL,1,1.079,2,5. Kramarsky-Winter and Loya (2000) [Tissue regeneration in the coral Fungia granulosa...] || 5. Kramarsky-Winter and Loya (2000) [Tissue regeneration in the coral *Fungia granulosa*: the effect of extrinsic and intrinsic factors],[Exclude],,0,review_fulltext_needed,"[Exclude] Paper is missing from the data pool, preventing any data extraction. || [Exclude] The source text is missing from the data pool, making primary quantitative data extraction impossible."
40359446-8345-4a72-8169-af86ad3de9d6,Lenihan_2010_Response_of_Pocillopora_verrucosa_to_corallivory_varies_wi..._doi-10.3354-meps08595.pdf,1,literature/META_ANALYSIS_POOL/Lenihan and Edmunds - 2010 - Response of Pocillopora verrucosa to corallivory varies with environmental conditions.pdf,Lenihan and Edmunds - 2010 - Response of Pocillopora verrucosa to corallivory varies with environmental conditions.pdf,META_ANALYSIS_POOL,1,1.085,2,1. Lenihan and Edmunds (2010) [Response of *Pocillopora verrucosa* to corallivory...] || 1. Lenihan and Edmunds (2010) [Response of Pocillopora verrucosa to corallivory varies with environmental conditions],"[Include in Bins 1, 2]",rate|growth,0,include_primary_needs_fulltext,"[Include in Bins 1, 2] A highly relevant primary study, but effect sizes (means and SE) will need to be extracted by digitizing the figures since the text is deficient. || [Include in Bins 1, 2] A robust primary experimental study assessing the multi-stressor effects of flow and temperature on tissue regeneration and somatic growth, but accurate effect sizes must be extracted via figure digitization."
a67392b0-7a7e-43ad-917d-94febf750c1a,Lenihan_2015_Hydrodynamics_influence_coral_performance_through_simultaneo..._doi-10.1890-14-1115.1.pdf,1,literature/META_ANALYSIS_POOL/Lenihan et al. - 2015 - Hydrodynamics influence coral performance through simultaneous direct and indirect effects.pdf,Lenihan et al. - 2015 - Hydrodynamics influence coral performance through simultaneous direct and indirect effects.pdf,META_ANALYSIS_POOL,1,1.091,2,2. Lenihan et al. (2015) [Hydrodynamics influence coral performance...] || 2. Lenihan et al. (2015) [Hydrodynamics influence coral performance through simultaneous direct and indirect effects],[Exclude],,0,review_fulltext_needed,"[Exclude] The source text is missing from the data pool. || [Exclude] The source text is missing from the data pool, preventing any data extraction."
cf0dfa52-c9e6-4d7f-9ae1-5970162a807f,Lester_1985_Effects_of_environment_on_regeneration_rate_of_tissue_lesion..._doi-10.3354-meps024183.pdf,1,literature/META_ANALYSIS_POOL/Lester and Bak - 1985 - Effects of environment on regeneration rate of tissue lesions in the reef coral Montastrea annularis.pdf,Lester and Bak - 1985 - Effects of environment on regeneration rate of tissue lesions in the reef coral Montastrea annularis.pdf,META_ANALYSIS_POOL,1,1.065,1,3. Lester and Bak (1985) [Effects of environment on regeneration rate of tissue lesions...],[Include in Bin 1],rate,0,include_primary,[Include in Bin 1] ***
f4fefc50-aaa5-4724-8463-16f6f62dcb9f,Leuzinger_2012_Energy_allocation_in_a_reef_coral_under_varying_resource_ava..._doi-10.1007-s00227-011-1797-1.pdf,1,literature/META_ANALYSIS_POOL/Leuzinger et al. - 2012 - Energy allocation in a reef coral under varying resource availability.pdf,Leuzinger et al. - 2012 - Energy allocation in a reef coral under varying resource availability.pdf,META_ANALYSIS_POOL,1,1.130,2,4. Leuzinger et al. (2012) [Energy allocation in a reef coral under varying resource availability] || 3. Leuzinger et al. (2012) [Energy allocation in a reef coral under varying resource availability],[Exclude],,0,review_fulltext_needed,"[Exclude] *** || [Exclude] The source text is missing from the data pool, preventing any data extraction."
bbeda1b0-0f29-4d5b-aca5-7a930eb1be76,Levanoni - 2021 - Coral Tissue Growth and Regeneration Conjoin the Advent of Adult Stem Cell-Like Cells.pdf,1,literature/META_ANALYSIS_POOL/Levanoni - 2021 - Coral Tissue Growth and Regeneration Conjoin the Advent of Adult Stem Cell-Like Cells.pdf,Levanoni - 2021 - Coral Tissue Growth and Regeneration Conjoin the Advent of Adult Stem Cell-Like Cells.pdf,META_ANALYSIS_POOL,1,1.200,0,,,,0,review_needed,No audit record yet.
bf7c803e-e2d9-4ba0-9d47-d645896f4be4,Levanoni_2024_Coral_Tissue_Regeneration_and_Growth_Is_Associated_..._doi-10.3390-jmse12020343.pdf,1,literature/META_ANALYSIS_POOL/Levanoni et al. - 2024 - Coral Tissue Regeneration and Growth Is Associated with the Presence of Stem-like Cells.pdf,Levanoni et al. - 2024 - Coral Tissue Regeneration and Growth Is Associated with the Presence of Stem-like Cells.pdf,META_ANALYSIS_POOL,1,1.125,1,1. Levanoni et al. (2024) [Coral Tissue Regeneration and Growth Is Associated with the Presence of Stem-like Cells],[Narrative/Mechanism Only],rate|mechanism,0,include_mechanism_only,"[Narrative/Mechanism Only] While it lacks extractable macroscopic regeneration rates in the text (Bin 1), the paper provides exceptional mechanistic data (Bin 5) regarding the mobilization of adult stem cell-like cells, Piwi/pH3 expression, and the formation of a regenerating ""addendum"" [1, 4]."
e1fe67b6-7beb-43ff-bb09-b0b2262e6d05,Lirman_2000_Fragmentation_in_the_branching_coral_Acropora_palmata_La..._doi-10.1016-s0022-0981_00_00205-7.pdf,1,"literature/high_confidence/Lirman - 2000 - Fragmentation in the branching coral Acropora palmata (Lamarck) growth, survivorship, and reproduct.pdf","Lirman - 2000 - Fragmentation in the branching coral Acropora palmata (Lamarck) growth, survivorship, and reproduct.pdf",high_confidence,1,0.996,1,2. Lirman (2000) [Fragmentation in the branching coral *Acropora palmata* (Lamarck): growth...] (*J. Exp. Mar. Biol. Ecol.*),[Include in Bin 3],reproduction,0,include_primary,"[Include in Bin 3] The excerpted table provides clear, extractable sample sizes and percentage data demonstrating the reproductive costs associated with fragmentation damage."
3764e810-0eb0-4d34-baca-2c5136c95bc8,Lirman_2000_Lesion_regeneration_in_the_branching_coral_Acropora_palmat..._doi-10.3354-meps197209.pdf,1,"literature/high_confidence/Lirman - 2000 - Lesion regeneration in the branching coral Acropora palmata effects of colonization, colony size, l.pdf","Lirman - 2000 - Lesion regeneration in the branching coral Acropora palmata effects of colonization, colony size, l.pdf",high_confidence,1,1.085,1,3. Lirman (2000) [Lesion regeneration in the branching coral *Acropora palmata*: effects of colonization...] (*Mar. Ecol. Prog. Ser.*),[Include in Bin 1],rate,0,include_primary,"[Include in Bin 1] An excellent primary data source providing highly standardized linear closure rates, precise variance (SE), and distinct sample sizes categorized by initial lesion size."
d110a8f5-278e-4ba7-a502-32eb61aed5cb,Lirman_2010_Propagation_of_the_threatened_staghorn_coral_Acropora_cerv..._doi-10.1007-s00338-010-0621-6.pdf,1,literature/META_ANALYSIS_POOL/Lirman et al. - 2010 - Propagation of the threatened staghorn coral Acropora cervicornis methods to minimize the impacts o.pdf,Lirman et al. - 2010 - Propagation of the threatened staghorn coral Acropora cervicornis methods to minimize the impacts o.pdf,META_ANALYSIS_POOL,1,1.075,2,4. Lirman et al. (2010) [Propagation of the threatened staghorn coral *Acropora cervicornis*: methods to minimize the impacts...] || 1. Lirman et al. (2010) [Propagation of the threatened staghorn coral Acropora cervicornis: methods to minimize the impacts...],[Exclude],,0,review_fulltext_needed,"[Exclude] Primary quantitative data cannot be extracted from the provided text fragments. || [Exclude] The source text is missing from the data pool, preventing any data extraction."
,,0,literature/META_ANALYSIS_POOL/Lock et al. - 2022 - Calcium homeostasis disruption initiates rapid growth after micro-fragmentation in the scleractinian.pdf,Lock et al. - 2022 - Calcium homeostasis disruption initiates rapid growth after micro-fragmentation in the scleractinian.pdf,META_ANALYSIS_POOL,1,,3,5. Lock et al. (2022) [Calcium homeostasis disruption initiates rapid growth after micro-fragmentation...] || 1. Lock et al. (2022) [Calcium homeostasis disruption initiates rapid growth after micro-fragmentation...] || 2 & 3. Lock et al. (2022) [Calcium homeostasis disruption initiates rapid growth after micro-fragmentation in the scleractinian coral...] (Thesis and Journal Article),[Narrative/Mechanism Only],mechanism|rate|growth,0,include_mechanism_only,"[Narrative/Mechanism Only] The paper provides a highly valuable transcriptomic model for Bin 5 (showing that fragmentation triggers calcium homeostasis disruption, ER stress, and antioxidant expression to stimulate rapid healing) [19, 23, 24], but the text is deficient in the raw macroscopic data required for Bins 1–4 effect size extraction. || [Narrative/Mechanism Only] The paper provides a highly valuable transcriptomic and physiological model for Bin 5 (showing that fragmentation triggers calcium homeostasis disruption, ER stress, and antioxidant expression to stimulate rapid healing) [5, 6], but the text is deficient in the raw macroscopic data required for Bins 1–4 effect size extraction. || [Narrative/Mechanism Only] A pioneering transcriptomic study providing critical mechanistic evidence (Bin 5) that calcium homeostasis disruption acts as the cellular trigger for rapid wound healing and accelerated growth. However, it lacks the raw extractable macroscopic tissue regeneration data needed for Bins 1–4."
3077a17c-6c27-4f2e-9b9c-6efea0b17328,Lock_2022_Calcium_homeostasis_disruption_initiates_rapid_growth_after..._doi-10.1002-ece3.9345_2.pdf,1,literature/META_ANALYSIS_POOL/Lock et al. - 2022 - Calcium homeostasis disruption initiates rapid growth after micro‐fragmentation in the scleractinian.pdf,Lock et al. - 2022 - Calcium homeostasis disruption initiates rapid growth after micro‐fragmentation in the scleractinian.pdf,META_ANALYSIS_POOL,1,1.083,0,,,,0,review_needed,No audit record yet.
d3d8c44a-eb30-458a-9f59-d93894d9305b,Lock_Quantifying_physiological_responses_to_physical_injury_in_P....pdf,1,"literature/Lock - Quantifying physiological responses to physical injury in Porites lobata, using a transcriptomic app.pdf","Lock - Quantifying physiological responses to physical injury in Porites lobata, using a transcriptomic app.pdf",literature,1,1.500,0,,,,0,review_needed,No audit record yet.
070cf5f2-ae03-4d99-8e1b-7e07f8428803,Loya_1976_Skeletal_regeneration_in_a_Red_Sea_scleractinian_coral_p..._doi-10.1038-261490a0.pdf,1,literature/META_ANALYSIS_POOL/Loya - 1976 - Skeletal regeneration in a Red Sea scleractinian coral population.pdf,Loya - 1976 - Skeletal regeneration in a Red Sea scleractinian coral population.pdf,META_ANALYSIS_POOL,1,1.138,2,2. Loya (1976) [Skeletal regeneration in a Red Sea scleractinian coral population] || 4. Loya (1976) [Skeletal regeneration in a Red Sea scleractinian coral population],[Exclude],,0,review_fulltext_needed,"[Exclude] Paper is missing from the data pool, preventing any data extraction. || [Exclude] Primary quantitative data cannot be extracted from the provided text fragment."
9189fc2a-add9-4066-aebe-ad7bfaa7973b,Luz_2018_A_polyp_from_nothing_The_extreme_regeneration_capacity_of..._doi-10.1016-j.jembe.2018.02.002.pdf,1,literature/META_ANALYSIS_POOL/Luz et al. - 2018 - A polyp from nothing The extreme regeneration capacity of the Atlantic invasive sun corals Tubastra.pdf,Luz et al. - 2018 - A polyp from nothing The extreme regeneration capacity of the Atlantic invasive sun corals Tubastra.pdf,META_ANALYSIS_POOL,1,1.120,2,3. Luz et al. (2018) [A polyp from nothing: The extreme regeneration capacity...] || 5. Luz et al. (2018) [A polyp from nothing: The extreme regeneration capacity of the Atlantic invasive sun corals...],[Exclude],,0,review_fulltext_needed,"[Exclude] While providing interesting whole-body regeneration data for an invasive species, the text excerpt lacks the exact numerical means and variance (SD/SE) for the continuous healing metrics required for a meta-analysis database. || [Exclude] While the study models the exact variables required for evaluating total regeneration (morphallaxis) from tiny fragments, the provided text excerpts are deficient in the raw extractable continuous data (means and variances) required for meta-analysis effect size calculation."
6627c0f6-ee21-4eef-9651-e3312a7695dc,Luz_2021_High_regenerative_capacity_is_a_general_feature_within_colon..._doi-10.1002-jez.b.23021.pdf,1,"literature/high_confidence/Luz et al. - 2021 - High regenerative capacity is a general feature within colonial dendrophylliid corals (Anthozoa, Scl.pdf","Luz et al. - 2021 - High regenerative capacity is a general feature within colonial dendrophylliid corals (Anthozoa, Scl.pdf",high_confidence,1,1.090,1,4. Luz et al. (2021) [High regenerative capacity is a general feature within colonial dendrophylliid...],[Exclude],,0,review_fulltext_needed,"[Exclude] The provided text lacks the extractable primary quantitative means, variances, and sample sizes necessary for PRISMA-standard data extraction."
66c25dd3-3ef3-4d36-9930-e9b3e852913d,Madeira_2022_Does_Predation_Exacerbate_the_Risk_of_Endosymbiont_..._doi-10.3389-fphys.2022.801672.pdf,1,literature/META_ANALYSIS_POOL/Madeira et al. - 2022 - Does Predation Exacerbate the Risk of Endosymbiont Loss in Heat Stressed Hermatypic Corals Molecula.pdf,Madeira et al. - 2022 - Does Predation Exacerbate the Risk of Endosymbiont Loss in Heat Stressed Hermatypic Corals Molecula.pdf,META_ANALYSIS_POOL,1,1.109,2,5. Madeira et al. (2022) [Does Predation Exacerbate the Risk of Endosymbiont Loss...] || 1. Madeira et al. (2022) [Does Predation Exacerbate the Risk of Endosymbiont Loss in Heat Stressed Hermatypic Corals...],[Narrative/Mechanism Only],rate|growth|mechanism|survival,0,include_mechanism_only,"[Narrative/Mechanism Only] The study yields excellent multi-stressor data regarding cellular/molecular mechanisms (Bin 5), measuring Integrated Biomarker Responses via Hsp70, Ubiquitin (Ub), and Total Antioxidant Capacity (TAC) [20, 21]. However, it lacks the continuous macroscopic growth or healing metrics with extractable variance required for Bins 1 and 2. || [Narrative/Mechanism Only] The macroscopic health and survival data are categorical (percentages without variance). However, the study provides excellent mechanistic data (Bin 5) demonstrating how oxidative stress and protein turnover biomarkers respond to the synergistic impacts of heat stress and predation."
9a245adb-106c-490c-947c-09299931b851,Maher_2019_Multiple_stressors_interact_primarily_through_antagonism_to..._doi-10.1038-s41598-019-43274-8.pdf,1,literature/META_ANALYSIS_POOL/Maher et al. - 2019 - Multiple stressors interact primarily through antagonism to drive changes in the coral microbiome.pdf,Maher et al. - 2019 - Multiple stressors interact primarily through antagonism to drive changes in the coral microbiome.pdf,META_ANALYSIS_POOL,1,1.128,2,1. Maher et al. (2019) [Multiple stressors interact primarily through antagonism to drive changes in the coral microbiome] || 2. Maher et al. (2019) [Multiple stressors interact primarily through antagonism to drive changes in the coral microbiome],[Narrative/Mechanism Only],mechanism,0,include_mechanism_only,"[Narrative/Mechanism Only] The paper offers excellent multi-stressor microbiome data (Bin 5) demonstrating that ammonium enrichment counteracts the negative effects of temperature on healing, but the text is deficient in the raw extractable macroscopic data needed for Bins 1 and 2. || [Narrative/Mechanism Only] Excellent mechanistic study demonstrating microbial dysbiosis and shifts in opportunistic bacteria during tissue regeneration under multi-stressor scenarios (Bin 5), but lacks the raw extractable macroscopic tissue regeneration data needed for Bins 1–4."
,,0,literature/MECHANISMS_ONLY/Mass et al. - 2016 - Temporal and spatial expression patterns of biomin.pdf,Mass et al. - 2016 - Temporal and spatial expression patterns of biomin.pdf,MECHANISMS_ONLY,1,,0,,,,0,review_needed,No audit record yet.
6b96575e-9bf7-46f2-a12e-73b565f46629,Meesters_1993_Effects_of_coral_bleaching_on_tissue_regeneration_potential..._doi-10.3354-meps096189.pdf,1,literature/META_ANALYSIS_POOL/Meesters and Bak - 1993 - Effects of coral bleaching on tissue regeneration potential and colony survival.pdf,Meesters and Bak - 1993 - Effects of coral bleaching on tissue regeneration potential and colony survival.pdf,META_ANALYSIS_POOL,1,1.152,1,2. Meesters and Bak (1993) [Effects of coral bleaching on tissue regeneration potential and colony survival],"[Include in Bins 1, 4]",survival|rate,0,include_primary,"[Include in Bins 1, 4] Robust primary data source showing the physiological costs of bleaching on lesion recovery and survival, though the exact sample size must be retrieved from the full manuscript."
c84ce087-58f5-4e19-a373-34f57299f6d0,Meesters_1994_Damage_and_regeneration_links_to_growth_in_the_reef-buildin..._doi-10.3354-meps112119.pdf,1,literature/META_ANALYSIS_POOL/Meesters et al. - 1994 - Damage and regeneration links to growth in the reef-building coral Montastrea annularis.pdf,Meesters et al. - 1994 - Damage and regeneration links to growth in the reef-building coral Montastrea annularis.pdf,META_ANALYSIS_POOL,1,1.093,2,4. Meesters et al. (1994) [Damage and regeneration: links to growth in the reef-building coral *Montastrea annularis*] || 4. Meesters et al. (1994) [Damage and regeneration: links to growth in the reef-building coral Montastrea annularis],"[Include in Bins 1, 2] || [Exclude]",growth|rate,1,include_primary_needs_fulltext,"[Include in Bins 1, 2] A foundational study directly linking regeneration prioritization to somatic growth suppression, but data extraction will require figure digitization. || [Exclude] A foundational study linking regeneration to somatic growth costs, but the provided excerpts are entirely deficient in the raw extractable data (means and variances), providing only ANOVA significance outputs."
398d01aa-1e0e-4c46-9989-8490ca8748d5,Meesters_1996_Partial_Mortality_in_Three_Species_of_Reef_-_Building....pdf,1,literature/META_ANALYSIS_POOL/Meesters et al. - 1996 - Partial Mortality in Three Species of Reef-Building Corals and the Relation with Colony Morphology.pdf,Meesters et al. - 1996 - Partial Mortality in Three Species of Reef-Building Corals and the Relation with Colony Morphology.pdf,META_ANALYSIS_POOL,1,1.113,2,5. Meesters et al. (1996) [Partial Mortality in Three Species of Reef-Building Corals and the Relation with Colony Morphology],[Include in Bin 4] || [Exclude],survival,1,include_primary_needs_fulltext,"[Include in Bin 4] Provides extractable, standardized quantitative field data on the prevalence and size of natural background partial mortality across different coral morphologies. || [Exclude] While the study models partial mortality relative to colony morphology, the provided text excerpts are deficient in raw extractable data. Evaluating true effect sizes and variances would require digitizing the manuscript's figures."
e957b976-8e47-418c-be44-723926e87225,Meszaros_1999_Qualitative_and_Quantitative_Study_of_Wound_Healing_..._doi-10.1006-jipa.1999.4851.pdf,1,"literature/high_confidence/Meszaros and Bigger - 1999 - Qualitative and Quantitative Study of Wound Healing Processes in the Coelenterate,Plexaurella fusife.pdf","Meszaros and Bigger - 1999 - Qualitative and Quantitative Study of Wound Healing Processes in the Coelenterate,Plexaurella fusife.pdf",high_confidence,1,1.105,1,1. Meszaros and Bigger (1999) [Qualitative and Quantitative Study of Wound Healing Processes in the Coelenterate...],[Exclude],rate,0,exclude_scope,"[Exclude] *Reason:* The studied organism is a gorgonian (soft coral), falling entirely outside the taxonomic scope of a Scleractinian data pool. Furthermore, the provided text lacks extractable macroscopic regeneration rates."
f46ad039-b2d6-4a0a-860d-98cf61f2a7de,Miller_1998_Effects_of_fish_predation_and_seaweed_competition_on_the_sur..._doi-10.1007-s004420050373.pdf,1,literature/high_confidence/Miller and Hay - 1998 - Effects of fish predation and seaweed competition on the survival and growth of corals.pdf,Miller and Hay - 1998 - Effects of fish predation and seaweed competition on the survival and growth of corals.pdf,high_confidence,1,1.083,0,,,,0,review_needed,No audit record yet.
d09112aa-142c-46bf-bddf-1e2fd6d45003,Moses_2015_Coral_Regeneration_Assay_doi-10.1002-9781118828502.ch35.pdf,1,literature/META_ANALYSIS_POOL/Moses and Hallock - 2015 - Coral Regeneration Assay.pdf,Moses and Hallock - 2015 - Coral Regeneration Assay.pdf,META_ANALYSIS_POOL,1,1.156,2,2. Moses and Hallock (2015) [Coral Regeneration Assay] || 1. Moses and Hallock (2015) [Coral Regeneration Assay],[Exclude],,0,exclude_review,"[Exclude] *Reason:* This is a book chapter describing the generalized protocols and methodology for conducting a coral regeneration assay. It does not contain original primary quantitative data for extraction. || [Exclude] This is a methodological book chapter, not a primary research article providing original, extractable quantitative data."
c9a7e412-6f2f-4baf-9cde-29e23e6aeeb0,Munk_Host_and_Symbiont_Physiology_During_Wound_Regenerat....pdf,1,literature/META_ANALYSIS_POOL/Barbara - Host and Symbiont Physiology During Wound Regeneration in Acropora pulchra Under.pdf,Barbara - Host and Symbiont Physiology During Wound Regeneration in Acropora pulchra Under.pdf,META_ANALYSIS_POOL,1,1.500,1,1. Munk (Unpublished/Thesis) [Host and Symbiont Physiology During Wound Regeneration in the Coral *Acropora pulchra*...],"[Include in Bins 1, 2]",growth|rate,0,include_primary,"[Include in Bins 1, 2] A robust primary data source providing extractable quantitative outcomes and variance for both growth costs and tissue regeneration probabilities under thermal stress."
8c205a55-4093-46c5-a7c2-e356c8bf6a7c,Nagelkerken_1998_Differential_regeneration_of_artificial_lesions_among_sympat..._doi-10.3354-meps163279.pdf,1,literature/META_ANALYSIS_POOL/Nagelkerken and Bak - 1998 - Differential regeneration of artificial lesions among sympatric morphs of the Caribbean corals Porit.pdf,Nagelkerken and Bak - 1998 - Differential regeneration of artificial lesions among sympatric morphs of the Caribbean corals Porit.pdf,META_ANALYSIS_POOL,1,1.079,1,3. Nagelkerken and Bak (1998) [Differential regeneration of artificial lesions among sympatric morphs...],[Exclude],rate,0,review_fulltext_needed,"[Exclude] *Reason:* The provided text excerpt is deficient in raw extractable data. It describes the statistical significance of the findings but lacks the actual numerical means, variances, and sample sizes for the regeneration rates directly in the text."
b2eaa7a6-c475-4f8e-bec2-2a52585da7c3,Nagelkerken_1999_Depth-related_variation_in_regeneration_of_artificial_lesion..._doi-10.1016-s0022-0981_98_00147-6.pdf,1,literature/META_ANALYSIS_POOL/Nagelkerken et al. - 1999 - Depth-related variation in regeneration of artificial lesions in the Caribbean corals Porites ast.pdf,Nagelkerken et al. - 1999 - Depth-related variation in regeneration of artificial lesions in the Caribbean corals Porites ast.pdf,META_ANALYSIS_POOL,1,0.997,2,4. Nagelkerken et al. (1999) [Depth-related variation in regeneration of artificial lesions...] || 2. Nagelkerken et al. (1999) [Depth-related variation in regeneration of artificial lesions in the Caribbean corals...],[Exclude] || [Include in Bin 1],rate,1,include_primary_conflicted,"[Exclude] *Reason:* While highly relevant for depth-related regeneration tradeoffs, the provided text snippet is deficient. The raw means and variances for the healing rates are completely missing from the text and are only depicted visually in the paper's figures. || [Include in Bin 1] A highly relevant primary study testing depth-related environmental influences on continuous regeneration rates. However, data extraction will require digitizing the figures, as the provided text is deficient in raw regeneration numbers."
9f560a14-a39a-4d71-8d68-9c14a4001c75,Nicolet_2018_Predation_scars_may_influence_host_susceptibility_to_pathoge..._doi-10.1038-s41598-018-23361-y.pdf,1,literature/META_ANALYSIS_POOL/Nicolet et al. - 2018 - Predation scars may influence host susceptibility to pathogens evaluating the role of corallivores.pdf,Nicolet et al. - 2018 - Predation scars may influence host susceptibility to pathogens evaluating the role of corallivores.pdf,META_ANALYSIS_POOL,1,1.088,2,5. Nicolet et al. (2018) [Predation scars may influence host susceptibility to pathogens...] || 3. Nicolet et al. (2018) [Predation scars may influence host susceptibility to pathogens evaluating the role of corallivores],[Exclude],,0,review_fulltext_needed,"[Exclude] *Reason:* The source text is functionally missing from the data pool, containing only introductory methodology without any results, primary quantitative data, or extractable outcomes. || [Exclude] Primary quantitative data cannot be extracted from the provided text fragments."
d17e3c0b-32a1-4c10-94fa-7558d22f726e,Okubo_2008_Size-independent_investment_allocation_to_regeneration_and_g..._doi-10.3755-galaxea.10.83.pdf,1,literature/META_ANALYSIS_POOL/Okubo - 2008 - Size-independent investment allocation to regeneration and growth of the branching coral Acropora mu.pdf,Okubo - 2008 - Size-independent investment allocation to regeneration and growth of the branching coral Acropora mu.pdf,META_ANALYSIS_POOL,1,1.084,2,1. Okubo (2008) [Size-independent investment allocation to regeneration and growth...] || 4. Okubo (2008) [Size-independent investment allocation to regeneration and growth of the branching coral Acropora...],[Exclude],,0,review_fulltext_needed,"[Exclude] While the study measures relevant outcomes for multiple bins, the provided text excerpts are deficient in extractable raw quantitative data (means, variances, and sample sizes). || [Exclude] While the study measures relevant outcomes for multiple bins, the provided text excerpts are severely truncated (mostly abstract and references) and deficient in extractable raw quantitative data (means, variances, and precise sample sizes)."
84a7b2a4-6982-4dce-a39a-2d4f07d0176b,Oren_1997_Effect_of_lesion_size_and_shape_on_regeneration_of_the_Red_..._doi-10.3354-meps146101.pdf,1,literature/META_ANALYSIS_POOL/Oren et al. - 1997 - Effect of lesion size and shape on regeneration of the Red Sea coral Favia favus.pdf,Oren et al. - 1997 - Effect of lesion size and shape on regeneration of the Red Sea coral Favia favus.pdf,META_ANALYSIS_POOL,1,1.149,2,2. Oren et al. (1997) [Effect of lesion size and shape on regeneration of the Red Sea coral...] || 5. Oren et al. (1997) [Effect of lesion size and shape on regeneration of the Red Sea coral Favia favus],[Exclude],,0,review_fulltext_needed,[Exclude] The provided text snippet is deficient in raw extractable data. It describes the statistical significance of the findings but lacks the actual numerical means and variances. || [Exclude] Primary quantitative parameters essential for meta-analysis cannot be extracted from the provided text fragments.
86b70912-c65a-4dfd-8cdc-211d14ecd270,Oren_1997_Oriented_intra-colonial_transport_of_14C_labeled_materials..._doi-10.3354-meps161117.pdf,1,literature/META_ANALYSIS_POOL/Oren et al. - 1997 - Oriented intra-colonial transport of 14C labeled materials during coral regeneration.pdf,Oren et al. - 1997 - Oriented intra-colonial transport of 14C labeled materials during coral regeneration.pdf,META_ANALYSIS_POOL,1,1.143,2,3. Oren et al. (1997) [Oriented intra-colonial transport of 14C labeled materials...] || 1. Oren et al. (1997) [Oriented intra-colonial transport of 14C labeled materials during coral regeneration],[Narrative/Mechanism Only],mechanism|rate,0,include_mechanism_only,"[Narrative/Mechanism Only] A foundational mechanism paper providing proof of extended colony integration and energetic resource translocation (Bin 5) during wound healing, but lacking extractable macroscopic Bins 1–4 data. || [Narrative/Mechanism Only] An exceptional mechanistic study demonstrating oriented intra-colonial transport of resources to regenerating lesions (colony integration) [1], but it lacks the continuous macroscopic recovery rates required for Bins 1–4 [1, 2]."
dde2eb4e-630f-4dd2-a809-c749772d9523,Oren_1998_Prudent_sessile_feeding_by_the_corallivore_snail_Coralliop..._doi-10.1098-rspb.1998.0538.pdf,1,"literature/high_confidence/Oren et al. - 1998 - Prudent sessile feeding by the corallivore snail, Coralliophila violacea on coral energy sinks.pdf","Oren et al. - 1998 - Prudent sessile feeding by the corallivore snail, Coralliophila violacea on coral energy sinks.pdf",high_confidence,1,1.081,1,4. Oren et al. (1998) [Prudent sessile feeding by the corallivore snail...],[Exclude],,0,review_fulltext_needed,"[Exclude] Paper is missing from the data pool, preventing any data extraction."
a3b88246-eb7f-49ed-a997-67c6d36e9413,Oren_2001_Colony_Integration_during_Regeneration_in_the_Stony_C..._doi-10.2307-2680199.pdf,1,literature/META_ANALYSIS_POOL/Oren et al. - 2001 - Colony Integration during Regeneration in the Stony Coral Favia favus.pdf,Oren et al. - 2001 - Colony Integration during Regeneration in the Stony Coral Favia favus.pdf,META_ANALYSIS_POOL,1,1.095,2,5. Oren et al. (2001) [Colony Integration during Regeneration in the Stony Coral Favia favus] || 2. Oren et al. (2001) [Colony Integration during Regeneration in the Stony Coral Favia favus],"[Exclude] || [Include in Bins 1, 3]",rate|reproduction,1,include_primary_needs_fulltext,"[Exclude] While this study measures the exact variables required for Bins 1 and 3, the provided text excerpts are deficient in raw extractable data (means and variances), making extraction impossible without visual digitization of the original manuscript's figures. || [Include in Bins 1, 3] A foundational study explicitly testing the localized regeneration hypothesis versus colony integration by measuring healing rates and localized reproductive costs [4]. However, data extraction will require accessing the full manuscript's tables or digitizing its figures."
d7f996dc-c00b-423c-b424-965cd78f9d1b,Page_2008_Epidemiology_of_skeletal_eroding_band_on_the_Great_Barrie..._doi-10.1007-s00338-007-0317-8.pdf,1,literature/META_ANALYSIS_POOL/Page and Willis - 2008 - Epidemiology of skeletal eroding band on the Great Barrier Reef and the role of injury in the initia.pdf,Page and Willis - 2008 - Epidemiology of skeletal eroding band on the Great Barrier Reef and the role of injury in the initia.pdf,META_ANALYSIS_POOL,1,1.064,2,1. Page and Willis (2008) [Epidemiology of skeletal eroding band on the Great Barrier Reef...] || 3. Page and Willis (2008) [Epidemiology of skeletal eroding band on the Great Barrier Reef and the role of injury in the initia...],[Exclude],rate|growth,0,review_fulltext_needed,"[Exclude] The paper focuses on ciliate colonization and disease, lacking an extractable, standardized daily continuous tissue healing rate or comparison of macroscopic somatic growth costs. || [Exclude] The paper focuses on ciliate colonization and disease [8, 9], lacking an extractable, standardized daily continuous tissue healing rate or comparison of macroscopic somatic growth costs [7]."
,,0,literature/Palacio-Castro et al. - 2023 - Increased dominance of heat-tolerant symbionts cre.pdf,Palacio-Castro et al. - 2023 - Increased dominance of heat-tolerant symbionts cre.pdf,literature,1,,0,,,,0,review_needed,No audit record yet.
3f852e08-6b2f-488b-9351-0f78b2ba41a5,Palacios_2014_Fish_corallivory_on_a_pocilloporid_reef_and_experimental_cor..._doi-10.1007-s00338-014-1173-y.pdf,1,literature/META_ANALYSIS_POOL/Palacios et al. - 2014 - Fish corallivory on a pocilloporid reef and experimental coral responses to predation.pdf,Palacios et al. - 2014 - Fish corallivory on a pocilloporid reef and experimental coral responses to predation.pdf,META_ANALYSIS_POOL,1,1.098,2,2. Palacios et al. (2014) [Fish corallivory on a pocilloporid reef and experimental coral responses...] || 4. Palacios et al. (2014) [Fish corallivory on a pocilloporid reef and experimental coral responses to predation],[Exclude],,0,review_fulltext_needed,"[Exclude] The source text is missing from the data pool, preventing any data extraction. || [Exclude] The source text is missing from the data pool, preventing any data extraction [10, 11]."
2e735d26-55d4-4833-a8a9-56496e2d0d3c,Palmer_2011_Corals_Use_Similar_Immune_Cells_and_Wound_-_Healing..._doi-10.1371-journal.pone.0023992.pdf,1,literature/MECHANISMS_ONLY/Palmer et al. - 2011 - Corals Use Similar Immune Cells and Wound-Healing Processes as Those of Higher Organisms.pdf,Palmer et al. - 2011 - Corals Use Similar Immune Cells and Wound-Healing Processes as Those of Higher Organisms.pdf,MECHANISMS_ONLY,1,1.119,0,,,,0,review_needed,No audit record yet.
b2fc2ce3-e11e-4453-a3be-0df3d15d5454,Paradis_2019_Compound_effects_of_thermal_stress_and_tissue_abrasion_on_ph..._doi-10.1016-j.jembe.2019.151222.pdf,1,literature/META_ANALYSIS_POOL/Paradis et al. - 2019 - Compound effects of thermal stress and tissue abrasion on photosynthesis and respiration in the reef.pdf,Paradis et al. - 2019 - Compound effects of thermal stress and tissue abrasion on photosynthesis and respiration in the reef.pdf,META_ANALYSIS_POOL,1,1.078,2,3. Paradis et al. (2019) [Compound effects of thermal stress and tissue abrasion on photosynthesis...] || 5. Paradis et al. (2019) [Compound effects of thermal stress and tissue abrasion on photosynthesis and respiration in the reef...],[Narrative/Mechanism Only],mechanism,0,include_mechanism_only,"[Narrative/Mechanism Only] This is a highly relevant physiological study demonstrating that abrasion combined with thermal stress severely limits coral energy balance (Bin 5), but it lacks the extractable macroscopic tissue/calcification outcomes necessary for Bins 1–4. || [Narrative/Mechanism Only] This is a highly relevant physiological study demonstrating that abrasion combined with thermal stress severely limits coral energy balance [16], but it lacks the extractable macroscopic tissue/calcification outcomes necessary for Bins 1–4 [13]."
2eab453f-4b4d-4f55-9502-32cb410dbaad,Pavia_Jr_2019_Survival_and_Growth_of_Isolated_Polyps_of_Galaxea_fa..._doi-10.1111-jwas.12538.pdf,1,literature/META_ANALYSIS_POOL/Pavia Jr and Estacion - 2019 - Survival and Growth of Isolated Polyps of Galaxea fascicularis (Linnaeus 1767) on Six Kinds of Cultu.pdf,Pavia Jr and Estacion - 2019 - Survival and Growth of Isolated Polyps of Galaxea fascicularis (Linnaeus 1767) on Six Kinds of Cultu.pdf,META_ANALYSIS_POOL,1,1.074,2,4. Pavia Jr and Estacion (2019) [Survival and Growth of Isolated Polyps of Galaxea fascicularis...] || 1. Pavia Jr and Estacion (2019) [Survival and Growth of Isolated Polyps of Galaxea fascicularis...],[Exclude],rate|growth|survival,0,review_fulltext_needed,"[Exclude] Primary quantitative data cannot be extracted from the provided text fragments. || [Exclude] Evaluates the aquaculture propagation, survival, and growth of isolated polyps on artificial substrates, rather than evaluating continuous tissue regeneration from a wound or the somatic costs of repairing an injury [2, 3]."
6f750c49-3261-482c-ade2-373835f7cf40,Paz-Garcia_2006_Temporal_variation_in_the_regeneration_rate_of_artificial_le..._doi-10.7773-cm.v32i12.1027.pdf,1,literature/extraction_ready/Paz-García - 2006 - Temporal variation in the regeneration rate of artificial lesions in two morphotypes of Porites pana.pdf,Paz-García - 2006 - Temporal variation in the regeneration rate of artificial lesions in two morphotypes of Porites pana.pdf,extraction_ready,1,1.087,0,,,,0,review_needed,No audit record yet.
df211e9f-33ed-4631-b952-6d5cf48724c8,Pisapia_2016_Temporal_consistency_in_background_mortality_of_four_dominan..._doi-10.1007-s00338-016-1421-4.pdf,1,literature/META_ANALYSIS_POOL/Pisapia et al. - 2016 - Temporal consistency in background mortality of four dominant coral taxa along Australia’s Great Bar.pdf,Pisapia et al. - 2016 - Temporal consistency in background mortality of four dominant coral taxa along Australia’s Great Bar.pdf,META_ANALYSIS_POOL,1,1.079,2,5. Pisapia et al. (2016) [Temporal consistency in background mortality of four dominant coral taxa...] || 2. Pisapia et al. (2016) [Temporal consistency in background mortality of four dominant coral taxa...],[Exclude],growth,0,review_fulltext_needed,"[Exclude] While the study models the exact variables required for Bins 2 and 4, the provided text excerpts are deficient in raw extractable data (means and variances), providing only model significance outputs (p-values and AIC scores). || [Exclude] The study models the relationships between partial mortality and growth, but the provided text is deficient in the raw numerical means and variances required for PRISMA-standard effect size extraction [6, 7]."
,,0,literature/MECHANISMS_ONLY/Pogoreutz et al. - 2017 - Sugar enrichment provides evidence for a role of n.pdf,Pogoreutz et al. - 2017 - Sugar enrichment provides evidence for a role of n.pdf,MECHANISMS_ONLY,1,,0,,,,0,review_needed,No audit record yet.
,,0,literature/MECHANISMS_ONLY/Putnam and Gates - 2015 - Preconditioning in the reef-building coral Pocillo.pdf,Putnam and Gates - 2015 - Preconditioning in the reef-building coral Pocillo.pdf,MECHANISMS_ONLY,1,,0,,,,0,review_needed,No audit record yet.
f03ad219-9305-4be5-87b2-05d117103745,Rapuano_2023_Coming_of_age_Annual_onset_of_coral_reproduction_is_deter..._doi-10.1016-j.isci.2023.106533.pdf,1,literature/META_ANALYSIS_POOL/Rapuano et al. - 2023 - Coming of age Annual onset of coral reproduction is determined by age rather than size.pdf,Rapuano et al. - 2023 - Coming of age Annual onset of coral reproduction is determined by age rather than size.pdf,META_ANALYSIS_POOL,1,1.103,2,1. Rapuano et al. (2023) [Coming of age: Annual onset of coral reproduction is determined by age rather than size] || 3. Rapuano et al. (2023) [Coming of age: Annual onset of coral reproduction is determined by age rather than size],[Exclude],reproduction,0,review_fulltext_needed,"[Exclude] The study explicitly evaluates the reproductive costs of fragmentation, but the provided text excerpts are deficient in the raw extractable data (means and variances) for these metrics. || [Exclude] The study explicitly evaluates the reproductive costs of fragmentation, but the provided text is deficient in the raw extractable means and variances for these reproductive metrics [8, 10]."
06ab1757-8fe9-4325-96ed-6f3106b325e4,Raymundo_2016_Effects_of_Coralliophila_violacea_on_tissue_loss_in_the_sc..._doi-10.3354-dao02982.pdf,1,literature/META_ANALYSIS_POOL/Raymundo et al. - 2016 - Effects of Coralliophila violacea on tissue loss in the scleractinian corals Porites spp. depend on.pdf,Raymundo et al. - 2016 - Effects of Coralliophila violacea on tissue loss in the scleractinian corals Porites spp. depend on.pdf,META_ANALYSIS_POOL,1,1.067,2,2. Raymundo et al. (2016) [Effects of Coralliophila violacea on tissue loss in the scleractinian corals Porites spp. depend on host response] || 4. Raymundo et al. (2016) [Effects of Coralliophila violacea on tissue loss in the scleractinian corals Porites spp. depend on host response],[Exclude],rate,0,review_fulltext_needed,"[Exclude] Focuses primarily on categorical and histological assessments of host responses rather than providing continuous, extractable macroscopic temporal healing rates or precise mortality comparisons against an un-wounded control. || [Exclude] Focuses on categorical and histological assessments of host responses to predation rather than providing continuous, extractable macroscopic temporal healing rates [14, 15]."
3c3ec990-34c7-4bdb-bb49-e8d31bf6c201,Renegar_2008_Coral_Ultrastructural_Response_to_Elevated_pCO2_and....pdf,1,literature/extraction_ready/Renegar et al. - Coral Ultrastructural Response to Elevated pCO2 and Nutrients During Tissue Repair and Regeneration.pdf,Renegar et al. - Coral Ultrastructural Response to Elevated pCO2 and Nutrients During Tissue Repair and Regeneration.pdf,extraction_ready,1,0.753,0,,,,0,review_needed,No audit record yet.
6587b0e6-d462-492e-b2aa-177f3d11247d,Renegar_2015_Histology_and_ultrastructure_of_Montastraea_cavernosa_and....pdf,1,literature/META_ANALYSIS_POOL/Renegar - 2015 - Histology and ultrastructure of Montastraea cavernosa  and Porites astreoides during regeneration an.pdf,Renegar - 2015 - Histology and ultrastructure of Montastraea cavernosa  and Porites astreoides during regeneration an.pdf,META_ANALYSIS_POOL,1,1.131,0,,,,0,review_needed,No audit record yet.
0ccdd954-1740-44d7-a2c6-6280125057b5,Rice_2019_Different_nitrogen_sources_speed_recovery_from_corallivory_a..._doi-10.7717-peerj.8056.pdf,1,literature/META_ANALYSIS_POOL/Rice et al. - 2019 - Different nitrogen sources speed recovery from corallivory and uniquely alter the microbiome of a re.pdf,Rice et al. - 2019 - Different nitrogen sources speed recovery from corallivory and uniquely alter the microbiome of a re.pdf,META_ANALYSIS_POOL,1,1.126,2,4. Rice et al. (2019) [Different nitrogen sources speed recovery from corallivory and uniquely alter the microbiome...] || 1. Rice et al. (2019) [Different nitrogen sources speed recovery from corallivory and uniquely alter the microbiome of a reef-building coral],"[Exclude] || [Include in Bins 1, 2]",growth|rate,1,include_primary_needs_fulltext,"[Exclude] A highly relevant paper testing the interaction of thermal stress, corallivory, and nutrients, but the provided text snippets are deficient in raw extractable data (means, variances, and sample sizes). || [Include in Bins 1, 2] A robust primary experimental study assessing the interactive effects of seawater warming, nutrient enrichment, and corallivory on tissue regeneration and growth [3]. Effect sizes must be extracted via figure digitization."
002a60bc-55c8-4fdb-860a-1169fc99b2a8,Rice_2021_Complex_interactions_with_nutrients_and_sediment_alter_the_e..._doi-10.1111-maec.12670.pdf,1,literature/META_ANALYSIS_POOL/Rice et al. - 2021 - Complex interactions with nutrients and sediment a.pdf,Rice et al. - 2021 - Complex interactions with nutrients and sediment a.pdf,META_ANALYSIS_POOL,1,1.065,2,5. Rice et al. (2021) [Complex interactions with nutrients and sediment alter the effects of predation...] || 2. Rice et al. (2021) [Complex interactions with nutrients and sediment alter the effects of predation on a reef-building coral],"[Exclude] || [Include in Bins 1, 4]",rate|survival,1,include_primary_conflicted,"[Exclude] While the study's design and sample sizes are perfectly detailed, the raw extractable means and variances for the continuous macroscopic outcomes (healing rates and mortality) are missing from the provided text snippets. || [Include in Bins 1, 4] A highly relevant multi-stressor field experiment, but raw numerical effect sizes for healing and partial mortality must be digitized from the manuscript's figures."
c7986629-6d1d-454e-891d-dbd1b6664310,Rinkevich_1996_Do_reproduction_and_regeneration_in_damaged_corals_compete_f..._doi-10.3354-meps143297.pdf,1,literature/META_ANALYSIS_POOL/Rinkevich - 1996 - Do reproduction and regeneration in damaged corals compete for energy allocation.pdf,Rinkevich - 1996 - Do reproduction and regeneration in damaged corals compete for energy allocation.pdf,META_ANALYSIS_POOL,1,1.122,2,1. Rinkevich (1996) [Do reproduction and regeneration in damaged corals compete for energy allocation?] || 3. Rinkevich (1996) [Do reproduction and regeneration in damaged corals compete for energy allocation?],[Exclude],,0,review_needed,[Exclude] The study is a literature synthesis exploring the hypothesis of energetic trade-offs. It does not provide original primary experimental data for quantitative extraction. || [Exclude] The study is a literature synthesis exploring the hypothesis of energetic trade-offs. It does not provide original primary experimental data for quantitative extraction.
e2690aff-5a20-4205-9f93-4c0f46c8d749,Rodriguez-Villalobos_2016_Wound_repair_in_Pocillopora_doi-10.1016-j.jip.2016.07.002.pdf,1,literature/extraction_ready/Rodríguez-Villalobos et al. - 2016 - Wound repair in Pocillopora.pdf,Rodríguez-Villalobos et al. - 2016 - Wound repair in Pocillopora.pdf,extraction_ready,1,1.184,0,,,,0,review_needed,No audit record yet.
,,0,literature/extraction_ready/Rodríguez-Villalobos et al. - 2015 - Explained and unexplained tissue loss in corals fr.pdf,Rodríguez-Villalobos et al. - 2015 - Explained and unexplained tissue loss in corals fr.pdf,extraction_ready,1,,0,,,,0,review_needed,No audit record yet.
0fef76ae-f8a7-4598-a71e-60277ed13b79,Roff_2014_Porites_and_the_Phoenix_effect_unprecedented_recovery_aft..._doi-10.1007-s00227-014-2426-6.pdf,1,literature/META_ANALYSIS_POOL/Roff et al. - 2014 - Porites and the Phoenix effect unprecedented recovery after a mass coral bleaching event at Rangiro.pdf,Roff et al. - 2014 - Porites and the Phoenix effect unprecedented recovery after a mass coral bleaching event at Rangiro.pdf,META_ANALYSIS_POOL,1,1.061,2,2. Roff et al. (2014) [Porites and the Phoenix effect: unprecedented recovery after a mass coral bleaching event...] || 4. Roff et al. (2014) [Porites and the Phoenix effect: unprecedented recovery after a mass coral bleaching event...],[Exclude],rate,0,review_needed,"[Exclude] The study assesses long-term (15-year) decadal recovery and the ""Phoenix effect"" at the reef/colony level. It lacks the controlled experimental wound-healing paradigm and the continuous macroscopic daily regeneration rates required for the data pool. || [Exclude] The study assesses long-term (15-year) decadal recovery and the ""Phoenix effect"" at the reef/colony level. It lacks the controlled experimental wound-healing paradigm and the continuous macroscopic daily regeneration rates required for the data pool."
33d2bc0d-ec51-4225-a216-bf74b34fa89d,Rotjan_2006_Chronic_parrotfish_grazing_impedes_coral_recovery_after_blea..._doi-10.1007-s00338-006-0120-y.pdf,1,literature/META_ANALYSIS_POOL/Rotjan et al. - 2006 - Chronic parrotfish grazing impedes coral recovery after bleaching.pdf,Rotjan et al. - 2006 - Chronic parrotfish grazing impedes coral recovery after bleaching.pdf,META_ANALYSIS_POOL,1,1.136,2,4. Rotjan et al. (2006) [Chronic parrotfish grazing impedes coral recovery after bleaching] || 1. Rotjan et al. (2006) [Chronic parrotfish grazing impedes coral recovery after bleaching],[Narrative/Mechanism Only] || [Exclude],growth|mechanism|rate,0,include_mechanism_only,"[Narrative/Mechanism Only] This paper provides excellent mechanistic data (Bin 5) demonstrating how chronic predation alters coral-algal symbioses and prolongs bleaching recovery, but it lacks the necessary raw macroscopic tissue/growth data for Bins 1–4. || [Exclude] Primary quantitative data cannot be extracted from the provided text fragments, and the focus is on cellular symbiont density recovery rather than macroscopic tissue regeneration rates [1]."
fe532d7a-f878-4a85-962a-7de43d06a80c,Rotjan_2009_Predators_selectively_graze_reproductive_structures_in_a_clo..._doi-10.1007-s00227-008-1108-7.pdf,1,literature/META_ANALYSIS_POOL/Rotjan and Lewis - 2009 - Predators selectively graze reproductive structures in a clonal marine organism.pdf,Rotjan and Lewis - 2009 - Predators selectively graze reproductive structures in a clonal marine organism.pdf,META_ANALYSIS_POOL,1,1.100,2,3. Rotjan and Lewis (2009) [Predators selectively graze reproductive structures in a clonal marine organism] || 5. Rotjan and Lewis (2009) [Predators selectively graze reproductive structures in a clonal marine organism],[Include in Bin 3],reproduction,0,include_primary,"[Include in Bin 3] The study explicitly measures the localized reproductive costs of wounding. However, the raw effect sizes (means and variances) will need to be extracted by digitizing the figures, as the text excerpt is deficient. || [Include in Bin 3] The study explicitly measures the localized reproductive costs of wounding [14]. However, the raw effect sizes (means and variances) will need to be extracted by digitizing the figures, as the text excerpt is deficient in reporting them numerically [15]."
6da70b1c-7428-4a76-904c-b69d981f2824,Sabine_2015_Environmental_conditions_influence_tissue_regeneration_rates..._doi-10.1016-j.marpolbul.2015.04.006.pdf,1,literature/META_ANALYSIS_POOL/Sabine et al. - 2015 - Environmental conditions influence tissue regeneration rates in scleractinian corals.pdf,Sabine et al. - 2015 - Environmental conditions influence tissue regeneration rates in scleractinian corals.pdf,META_ANALYSIS_POOL,1,1.148,2,5. Sabine et al. (2015) [Environmental conditions influence tissue regeneration rates in scleractinian corals] || 2. Sabine et al. (2015) [Environmental conditions influence tissue regeneration rates in scleractinian corals],[Include in Bin 1],rate,0,include_primary_needs_fulltext,"[Include in Bin 1] A highly relevant primary study testing healing rates across different environmental/water quality gradients. However, data extraction will require accessing the full manuscript's tables or digitizing its figures, as the provided text is deficient in raw recovery rate numbers. || [Include in Bin 1] A highly relevant field study analyzing the effects of water quality (turbidity, flow, sedimentation) on continuous regeneration rates [4]. Data extraction will require figure digitization."
,,0,literature/Samsuri et al. - 2018 - The effectiveness of Trapezia cymodoce in defendin.pdf,Samsuri et al. - 2018 - The effectiveness of Trapezia cymodoce in defendin.pdf,literature,1,,0,,,,0,review_needed,No audit record yet.
2059b598-335f-4890-8512-6e1f86fed557,Sani_2024_Ocean_warming_and_acidification_detrimentally_affect_coral_t..._doi-10.1016-j.scitotenv.2023.167789.pdf,1,literature/META_ANALYSIS_POOL/Sani et al. - 2024 - Ocean warming and acidification detrimentally affect coral tissue regeneration at a Mediterranean CO.pdf,Sani et al. - 2024 - Ocean warming and acidification detrimentally affect coral tissue regeneration at a Mediterranean CO.pdf,META_ANALYSIS_POOL,1,1.083,0,,,,0,review_needed,No audit record yet.
8a06a65f-c6b4-427b-8157-52dd6f988da2,Sani_2024_Ocean_warming_and_acidification_detrimentally_affect_coral_t..._doi-10.1016-j.scitotenv.2023.167789_2.pdf,1,literature/META_ANALYSIS_POOL/Sani et al. - 2024 - Ocean warming and acidification detrimentally affect coral tissue regeneration at a Mediterranean CO.pdf,Sani et al. - 2024 - Ocean warming and acidification detrimentally affect coral tissue regeneration at a Mediterranean CO.pdf,META_ANALYSIS_POOL,1,1.052,2,1. Sani et al. (2024) [Ocean warming and acidification detrimentally affect coral tissue regeneration...] || 3. Sani et al. (2024) [Ocean warming and acidification detrimentally affect coral tissue regeneration...],[Exclude],,0,review_fulltext_needed,"[Exclude] A highly relevant field study utilizing a natural CO2 vent gradient; however, the provided text excerpts are deficient in the raw numerical means and variances required for meta-analysis extraction (which reside in figures and supplementary tables). || [Exclude] A highly relevant field study utilizing a natural CO2 vent gradient; however, the provided text excerpts are deficient in the raw numerical means and variances required for continuous meta-analysis effect size extraction (which reside in figures and supplementary tables) [8, 12]."
,,0,literature/Shantz et al. - 2023 - Positive interactions between corals and damselfis.pdf,Shantz et al. - 2023 - Positive interactions between corals and damselfis.pdf,literature,1,,0,,,,0,review_needed,No audit record yet.
9d6998fc-caf1-4dbd-883f-ad9b9184d062,Shaver_2017_Effects_of_predation_and_nutrient_enrichment_on_the_success..._doi-10.1002-ecy.1709.pdf,1,literature/META_ANALYSIS_POOL/Shaver et al. - 2017 - Effects of predation and nutrient enrichment on the success and microbiome of a foundational coral.pdf,Shaver et al. - 2017 - Effects of predation and nutrient enrichment on the success and microbiome of a foundational coral.pdf,META_ANALYSIS_POOL,1,1.128,2,2. Shaver et al. (2017) [Effects of predation and nutrient enrichment on the success and microbiome...] || 4. Shaver et al. (2017) [Effects of predation and nutrient enrichment on the success and microbiome...],[Exclude] || [Narrative/Mechanism Only],mechanism,0,include_mechanism_only,"[Exclude] While the study models the exact variables required for Bins 2, 4, and 6 (Stressor), the provided text snippets are deficient in raw extractable data (means, variances, and precise sample sizes) for the macroscopic variables. || [Narrative/Mechanism Only] While the study models the macroscopic variables required for Bins 2 and 4, the provided text snippets are deficient in the raw extractable data (means and variances) necessary for meta-analysis [13, 14]. However, it provides highly valuable mechanistic data (Bin 5) regarding shifts in the coral microbiome in response to predation and nutrient enrichment [15, 17]."
3b500dbd-57b5-46ab-83a1-bacffec122a8,Shirur_2016_Lesion_recovery_and_the_bacterial_microbiome_in_two_Caribbe..._doi-10.1007-s00227-016-3008-6.pdf,1,literature/META_ANALYSIS_POOL/Shirur et al. - 2016 - Lesion recovery and the bacterial microbiome in two Caribbean gorgonian corals.pdf,Shirur et al. - 2016 - Lesion recovery and the bacterial microbiome in two Caribbean gorgonian corals.pdf,META_ANALYSIS_POOL,1,1.105,2,3. Shirur et al. (2016) [Lesion recovery and the bacterial microbiome in two Caribbean gorgonian corals] || 5. Shirur et al. (2016) [Lesion recovery and the bacterial microbiome in two Caribbean gorgonian corals],[Exclude],,0,exclude_scope,"[Exclude] The studied organisms are gorgonian soft corals, falling entirely outside the taxonomic scope of the Scleractinian regeneration data pool. || [Exclude] The studied organisms are gorgonian soft corals, falling entirely outside the taxonomic scope of the Scleractinian regeneration data pool [21, 22]."
,,0,literature/MECHANISMS_ONLY/Sogin et al. - 2016 - Metabolomic signatures of increases in temperature.pdf,Sogin et al. - 2016 - Metabolomic signatures of increases in temperature.pdf,MECHANISMS_ONLY,1,,0,,,,0,review_needed,No audit record yet.
635d9cb2-270b-4bcc-b676-c84b81b0620b,Soong and Lang - 1992 - Reproductive Integration in Reef Corals.pdf,1,literature/META_ANALYSIS_POOL/Soong and Lang - 1992 - Reproductive Integration in Reef Corals.pdf,Soong and Lang - 1992 - Reproductive Integration in Reef Corals.pdf,META_ANALYSIS_POOL,1,1.200,2,4. Soong and Lang (1992) [Reproductive Integration in Reef Corals] || 1. Soong and Lang (1992) [Reproductive Integration in Reef Corals],[Exclude] || [Include in Bin 3],reproduction,1,include_primary_conflicted,"[Exclude] The source text is missing from the data pool, preventing any data extraction. || [Include in Bin 3] The study explicitly tests the localized reproductive costs of wounding and colony integration. However, the exact effect sizes (means and variances) will need to be extracted by digitizing the full manuscript's figures or tables."
b269f689-c2c5-48a1-8ecb-f284c3ed7edc,Titlyanov_2005_Regeneration_of_artificial_injuries_on_scleractinian_corals..._doi-10.1016-j.jembe.2005.02.015.pdf,1,literature/META_ANALYSIS_POOL/Titlyanov et al. - 2005 - Regeneration of artificial injuries on scleractinian corals and coralalgal competition for newly fo.pdf,Titlyanov et al. - 2005 - Regeneration of artificial injuries on scleractinian corals and coralalgal competition for newly fo.pdf,META_ANALYSIS_POOL,1,1.129,2,2. Titlyanov et al. (2005) [Regeneration of artificial injuries on scleractinian corals and coral/algal competition...] || 4. Titlyanov et al. (2005) [Regeneration of artificial injuries on scleractinian corals and coral/algal competition...],"[Include in Bins 1, 2]",rate|growth,0,include_primary_needs_fulltext,"[Include in Bins 1, 2] A highly relevant primary study that measures standardized growth and healing rates under varying abiotic conditions. However, data extraction will require digitizing the figures, as the provided text is deficient in raw numbers. || [Include in Bins 1, 2] A highly relevant primary study that measures standardized growth and healing rates under varying abiotic conditions (light intensity) and injury types. Data extraction will require figure digitization."
9c887b4c-dae5-4725-96db-948c2491e53d,Titlyanov_2006_Three_stages_of_injuries_regeneration_on_scleractinian_coral..._doi-10.3755-jcrs.8.39.pdf,1,literature/META_ANALYSIS_POOL/Titlyanov et al. - 2006 - Three stages of injuries regeneration on scleractinian corals.pdf,Titlyanov et al. - 2006 - Three stages of injuries regeneration on scleractinian corals.pdf,META_ANALYSIS_POOL,1,1.137,2,3. Titlyanov et al. (2006) [Three stages of injuries regeneration on scleractinian corals] || 5. Titlyanov et al. (2006) [Three stages of injuries regeneration on scleractinian corals],"[Include in Bins 1, 2]",rate|growth,0,include_primary_needs_fulltext,"[Include in Bins 1, 2] Provides the necessary data for both regeneration and growth costs across multiple injury phenotypes, but accurate effect sizes and variance (SD) must be extracted via figure digitization. || [Include in Bins 1, 2] Provides comprehensive categorical tracking of both regeneration speeds and whole-fragment growth costs across multiple injury phenotypes and morphological forms. Accurate effect sizes and variance must be extracted via figure digitization."
2cd850ba-5662-43f4-afba-0ed8cf21b77f,Titlyanov_2008_Coral-algal_competition_on_damaged_reefs_doi-10.1134-s1063074008040019.pdf,1,literature/META_ANALYSIS_POOL/Titlyanov and Titlyanova - 2008 - Coral-algal competition on damaged reefs.pdf,Titlyanov and Titlyanova - 2008 - Coral-algal competition on damaged reefs.pdf,META_ANALYSIS_POOL,1,1.164,2,5. Titlyanov and Titlyanova (2008) [Coral-algal competition on damaged reefs] || 2. Titlyanov and Titlyanova (2008) [Coral-algal competition on damaged reefs],[Exclude],,0,review_fulltext_needed,"[Exclude] Primary text, methods, and quantitative data are missing from the provided excerpts. || [Exclude] Primary quantitative data cannot be extracted from the provided text fragments."
292bbd72-e4b1-422c-8fbb-5b3201d2cd0c,Titlyanov_2009_The_dynamics_of_the_restoration_of_mechanical_damage_to_colo..._doi-10.1134-s1063074009030067.pdf,1,literature/META_ANALYSIS_POOL/Titlyanov and Titlyanova - 2009 - The dynamics of the restoration of mechanical damage to colonies of the scleractinian coral Porites.pdf,Titlyanov and Titlyanova - 2009 - The dynamics of the restoration of mechanical damage to colonies of the scleractinian coral Porites.pdf,META_ANALYSIS_POOL,1,1.061,2,1. Titlyanov and Titlyanova (2009) [The dynamics of the restoration of mechanical damage to colonies of the scleractinian coral Porites] || 3. Titlyanov and Titlyanova (2009) [The dynamics of the restoration of mechanical damage to colonies of the scleractinian coral Porites...],[Exclude] || [Include in Bin 1],rate,1,include_primary_conflicted,"[Exclude] The provided text lacks the extractable raw numerical means, variances, and exact sample sizes necessary to quantify regeneration rates. || [Include in Bin 1] *(Update from previous evaluation based on newly provided text)*: The text explicitly provides extractable continuous healing rates and variances under controlled illumination conditions, making it suitable for temporal regeneration comparisons."
347f789a-ef73-4089-aa77-0e46f2b2d196,Townsend_2023_Differing_lesion_recovery_rates_of_two_Caribbean_stony_cor..._doi-10.1007-s00338-023-02414-3.pdf,1,literature/META_ANALYSIS_POOL/Townsend et al. - 2023 - Differing lesion recovery rates of two Caribbean stony coral species across a shallow water to mesop.pdf,Townsend et al. - 2023 - Differing lesion recovery rates of two Caribbean stony coral species across a shallow water to mesop.pdf,META_ANALYSIS_POOL,1,1.087,2,4. Townsend et al. (2023) [Differing lesion recovery rates of two Caribbean stony coral species across a shallow water to mesophotic depth gradient...] || 1. Townsend et al. (2023) [Differing lesion recovery rates of two Caribbean stony coral species across a shallow water to mesophotic...],[Exclude] || [Include in Bin 1],rate,1,include_primary_needs_fulltext,"[Exclude] While the study models continuous regeneration across a depth gradient, the provided text excerpts are deficient in raw extractable data (means and variances), providing only statistical regression outputs. || [Include in Bin 1] A highly relevant field study analyzing how continuous tissue regeneration metrics change across a depth gradient (shallow to mesophotic). However, the raw effect sizes (means and variances) will need to be extracted or digitized from the manuscript's figures."
,,0,literature/META_ANALYSIS_POOL/Traylor-Knowles - 2016 - Distinctive wound-healing characteristics in the c.pdf,Traylor-Knowles - 2016 - Distinctive wound-healing characteristics in the c.pdf,META_ANALYSIS_POOL,1,,0,,,,0,review_needed,No audit record yet.
4bbb3e36-0aa5-4900-b239-5002ab60869e,Traylor-Knowles_2016_Distinctive_wound-healing_characteristics_in_the_corals_Poc..._doi-10.1007-s00227-016-3011-y.pdf,1,literature/META_ANALYSIS_POOL/Traylor-Knowles - 2016 - Distinctive wound-healing characteristics in the corals Pocillopora damicornis and Acropora hyacinth.pdf,Traylor-Knowles - 2016 - Distinctive wound-healing characteristics in the corals Pocillopora damicornis and Acropora hyacinth.pdf,META_ANALYSIS_POOL,1,1.089,2,5. Traylor-Knowles (2016) [Distinctive wound-healing characteristics in the corals Pocillopora damicornis and Acropora hyacinthus...] || 1. Traylor-Knowles (2016) [Distinctive wound-healing characteristics in the corals Pocillopora damicornis and Acropora hyacinthus...],[Exclude],rate,0,review_fulltext_needed,"[Exclude] The study reports the time to categorical appearance of qualitative healing features rather than a standardized, continuous daily regeneration rate. It also lacks extractable variance and precise sample sizes in the text. || [Exclude] The study reports the categorical time to the appearance of qualitative healing features rather than a standardized, continuous daily regeneration rate, and it lacks extractable variance (SD/SE) in the text."
52ab8446-3076-4c6b-84e1-6fcad1419ebf,Van_De_Water_2015_Elevated_seawater_temperatures_have_a_limited_impact_on_the..._doi-10.1007-s10750-015-2243-z.pdf,1,literature/META_ANALYSIS_POOL/Van De Water et al. - 2015 - Elevated seawater temperatures have a limited impact on the coral immune response following physical.pdf,Van De Water et al. - 2015 - Elevated seawater temperatures have a limited impact on the coral immune response following physical.pdf,META_ANALYSIS_POOL,1,1.130,0,,,,0,review_needed,No audit record yet.
f14968a0-2ca3-4c70-8902-48fef9e009ea,Van_De_Water_2015_The_coral_immune_response_facilitates_protection_against_mic..._doi-10.1111-mec.13257.pdf,1,literature/META_ANALYSIS_POOL/Van De Water et al. - 2015 - The coral immune response facilitates protection against microbes during tissue regeneration.pdf,Van De Water et al. - 2015 - The coral immune response facilitates protection against microbes during tissue regeneration.pdf,META_ANALYSIS_POOL,1,1.098,0,,,,0,review_needed,No audit record yet.
2e76dce4-6cb4-46c0-b8c4-a1cc91b1578c,Van_Veghel_1994_Reproductive_characteristics_of_the_polymorphic_Caribbean_....pdf,1,literature/META_ANALYSIS_POOL/Van Veghel and Bak - 1994 - Reproductive characteristics of the polymorphic Caribbean reef building coral Montastrea annularis..pdf,Van Veghel and Bak - 1994 - Reproductive characteristics of the polymorphic Caribbean reef building coral Montastrea annularis..pdf,META_ANALYSIS_POOL,1,1.125,1,4. Van Veghel and Bak (1994) [Reproductive characteristics of the polymorphic Caribbean reef building coral Montastrea annularis...],[Exclude],reproduction,0,review_fulltext_needed,"[Exclude] While the study explicitly targets the localized reproductive costs of wounding (Bin 3), the provided text excerpts only cover the methodology and are entirely deficient in the Results section needed to extract raw means and variances."
26d408bb-bf97-4b1a-8b59-a62f74d3d475,Van_Woesik_1998_Lesion_healing_on_massive_Porites_spp._corals_doi-10.3354-meps164213.pdf,1,literature/META_ANALYSIS_POOL/Van Woesik - 1998 - Lesion healing on massive Porites spp. corals.pdf,Van Woesik - 1998 - Lesion healing on massive Porites spp. corals.pdf,META_ANALYSIS_POOL,1,1.200,2,5. Van Woesik (1998) [Lesion healing on massive Porites spp. corals] || 1. Van Woesik (1998) [Lesion healing on massive Porites spp. corals],[Exclude] || [Include in Bin 1],rate,1,include_primary_conflicted,"[Exclude] The provided source text is completely deficient. The excerpt consists of only a single table caption (Table 1) without the accompanying data rows, making primary quantitative data extraction impossible. || [Include in Bin 1] Provides highly standardized, extractable quantitative data for continuous exponential tissue regeneration rates with clear variances and sample sizes directly in the text and tables [1, 4]."
4fc235cc-a40d-405f-b8f5-2e7a160ba81d,Wahle_1983_Regeneration_of_injuries_among_jamaican_gorgonians_the_role..._doi-10.2307-1541478.pdf,1,literature/META_ANALYSIS_POOL/Wahle - 1983 - Regeneration of injuries among jamaican gorgonians the roles of colony physiology and environment.pdf,Wahle - 1983 - Regeneration of injuries among jamaican gorgonians the roles of colony physiology and environment.pdf,META_ANALYSIS_POOL,1,1.086,2,1. Wahle (1983) [Regeneration of injuries among jamaican gorgonians: the roles of colony physiology and environment] || 2. Wahle (1983) [Regeneration of injuries among jamaican gorgonians: the roles of colony physiology and environment],[Exclude],,0,exclude_scope,"[Exclude] *Reason:* The studied organisms are gorgonian soft corals, falling entirely outside the taxonomic scope of a Scleractinian regeneration data pool [2]. || [Exclude] The studied organisms are gorgonian soft corals, falling entirely outside the taxonomic scope of a Scleractinian regeneration data pool [10]."
6dffe94d-a664-4a6c-8daf-f25ecfa5b50d,Ward_1995_The_effect_of_damage_on_the_growth_reproduction_and_storage..._doi-10.1016-0022-0981_94_00180-l.pdf,1,"literature/high_confidence/Ward - 1995 - The effect of damage on the growth, reproduction and storage of lipids in the scleractinian coral Po.pdf","Ward - 1995 - The effect of damage on the growth, reproduction and storage of lipids in the scleractinian coral Po.pdf",high_confidence,1,1.000,1,"2. Ward (1995) [The effect of damage on the growth, reproduction and storage of lipids...]",[Exclude],,0,review_fulltext_needed,"[Exclude] *Reason:* The source text is missing from the data pool, preventing any primary data extraction."
32a1561c-9cd6-4e97-9287-c9e5eafafc22,Welsh_2015_Clustered_parrotfish_feeding_scars_trigger_partial_coral_mor..._doi-10.1007-s00338-014-1224-4.pdf,1,literature/META_ANALYSIS_POOL/Welsh et al. - 2015 - Clustered parrotfish feeding scars trigger partial coral mortality of massive Porites colonies on th.pdf,Welsh et al. - 2015 - Clustered parrotfish feeding scars trigger partial coral mortality of massive Porites colonies on th.pdf,META_ANALYSIS_POOL,1,1.089,2,3. Welsh et al. (2015) [Clustered parrotfish feeding scars trigger partial coral mortality of massive Porites colonies...],[Exclude],,0,review_fulltext_needed,"[Exclude] *Reason:* Lacks the extractable raw continuous numerical means, variances, and precise sample sizes in the text for the requested primary variables [9, 10]. || [Exclude] Lacks the extractable raw continuous numerical means, variances, and precise sample sizes directly in the text for the requested primary variables [12]."
d48f4420-bee1-4bd3-95e6-7f646095131b,Wesseling_2001_Partial_Mortality_in_Porites_Corals_Variation_among..._doi-10.1002-1522-2632_200101_86_1_77_aid-iroh77_3.0.co_2-7.pdf,1,literature/META_ANALYSIS_POOL/Wesseling et al. - 2001 - Partial Mortality in Porites Corals Variation among Philippine Reefs.pdf,Wesseling et al. - 2001 - Partial Mortality in Porites Corals Variation among Philippine Reefs.pdf,META_ANALYSIS_POOL,1,0.922,2,4. Wesseling et al. (2001) [Partial Mortality in Porites Corals Variation among Philippine Reefs],[Include in Bin 4],survival,0,include_primary,"[Include in Bin 4] *Reason:* Provides highly standardized, extractable quantitative field data (including exact means, SE, and sample sizes in Table 3) on the prevalence and size of natural background partial mortality across different spatial zones [11, 12]. || [Include in Bin 4] Provides highly standardized, extractable quantitative field data (including exact means, SE, and sample sizes in Table 3) on the prevalence and size of natural background partial mortality across different spatial zones [14, 15]."
1d237b2c-1d5d-479a-985a-bde3d28a4fce,Wolf_2013_Synergistic_effects_of_algal_overgrowth_and_corallivory_on_..._doi-10.1890-12-0680.1.pdf,1,literature/META_ANALYSIS_POOL/Wolf and Nugues - 2013 - Synergistic effects of algal overgrowth and corallivory on Caribbean reef‐building corals.pdf,Wolf and Nugues - 2013 - Synergistic effects of algal overgrowth and corallivory on Caribbean reef‐building corals.pdf,META_ANALYSIS_POOL,1,1.131,2,5. Wolf and Nugues (2013) [Synergistic effects of algal overgrowth and corallivory on Caribbean reef‐building corals],[Exclude],,0,review_fulltext_needed,"[Exclude] *Reason:* The source text is missing from the data pool, preventing any data extraction. || [Exclude] The source text is missing from the data pool, preventing any primary data extraction [16, 17]."
e7ee472d-e9fc-4023-a4ff-b860c0de5b21,Work_2010_Wound_repair_in_Montipora_capitata_doi-10.1016-j.jip.2010.05.009.pdf,1,literature/META_ANALYSIS_POOL/Work and Aeby - 2010 - Wound repair in Montipora capitata.pdf,Work and Aeby - 2010 - Wound repair in Montipora capitata.pdf,META_ANALYSIS_POOL,1,1.172,2,Work and Aeby (2010) [Wound repair in Montipora capitata],[Narrative/Mechanism Only],rate|mechanism,0,include_mechanism_only,"[Narrative/Mechanism Only] While deficient in continuous macroscopic recovery rates with extractable variance for Bins 1–4, this is a foundational mechanistic pathology paper (Bin 5). It provides critical cellular-level evidence showing that perforate corals like *Montipora* can regenerate via pluripotential basal body wall cells (forming ""islands of regeneration"") rather than relying strictly on tissue migration from the wound edge or an amoebocyte inflammatory response [2, 3]. || [Narrative/Mechanism Only] While deficient in the continuous macroscopic recovery rates and extractable variances required for Bins 1–4, this is a foundational mechanistic pathology paper (Bin 5). It provides critical cellular-level evidence showing that perforate corals like *Montipora* can regenerate via pluripotential basal body wall cells—forming ""islands of regeneration"" from the calicodermis—rather than relying strictly on tissue migration from the wound edge or a pronounced amoebocyte inflammatory response [2, 3, 7]."
433e1015-ffac-46ef-ba6e-e4c132eac52b,Xu_2023_Wound_healing_and_regeneration_in_the_reef_building_coral_A..._doi-10.3389-fevo.2022.979278.pdf,1,literature/MECHANISMS_ONLY/Xu et al. - 2023 - Wound healing and regeneration in the reef building coral Acropora millepora.pdf,Xu et al. - 2023 - Wound healing and regeneration in the reef building coral Acropora millepora.pdf,MECHANISMS_ONLY,1,1.156,0,,,,0,review_needed,No audit record yet.
9cbae935-6259-4ba6-a2ec-44d3f3bc0902,Yap_1984_Growth_of_Acropora_pulchra_II_._Responses_of_natural_a..._doi-10.1007-bf00393119.pdf,1,literature/high_confidence/Yap and Gomez - 1984 - Growth of Acropora pulchra II. Responses of natural and transplanted colonies to temperature and da.pdf,Yap and Gomez - 1984 - Growth of Acropora pulchra II. Responses of natural and transplanted colonies to temperature and da.pdf,high_confidence,1,1.106,0,,,,0,review_needed,No audit record yet.
