paper_title,source_id,notebook_present,local_present,local_relpath,local_filename,current_folder,final_status,extraction_readiness,alias_of,response_rate,response_growth,response_reproduction,response_survival,response_mechanism,moderator_environment,moderator_traits,hypothesis_traits,hypothesis_environment,hypothesis_wound_type,hypothesis_geometry,hypothesis_integration,adjudication_basis,final_rationale,screening_bucket,candidate_bins,screening_notes
Ayling - 1983 - GROWTH AND REGENERATION RATES IN THINLY ENCRUSTING DEMOSPONGIAE FROM TEMPERATE WATERS.pdf,5e605749-8df3-44d9-8113-3b61c21f4386,1,1,literature/EXCLUDED_FINAL/Ayling - 1983 - GROWTH AND REGENERATION RATES IN THINLY ENCRUSTING DEMOSPONGIAE FROM TEMPERATE WATERS.pdf,Ayling - 1983 - GROWTH AND REGENERATION RATES IN THINLY ENCRUSTING DEMOSPONGIAE FROM TEMPERATE WATERS.pdf,EXCLUDED_FINAL,exclude_scope,not_for_extraction,,0,0,0,0,0,0,0,0,0,0,0,0,carry_forward_prior_audit,"[Exclude] The studied organisms are sponges (Demospongiae), falling entirely outside the scope of a Scleractinian regeneration data pool.",exclude_scope,,"[Exclude] The studied organisms are sponges (Demospongiae), falling entirely outside the scope of a Scleractinian regeneration data pool."
Bak and Es - REGENERATION OF SUPERFICIAL DAMAGE IN THE SCLERACTINIAN CORALS AGARCA AGARCTES F. PURPUREA AND P.pdf,12e9e864-5ff1-42c4-a63d-19b5d62a7464,1,1,literature/META_ANALYSIS_POOL/Bak and Es - REGENERATION OF SUPERFICIAL DAMAGE IN THE SCLERACTINIAN CORALS AGARCA AGARCTES F. PURPUREA AND P.pdf,Bak and Es - REGENERATION OF SUPERFICIAL DAMAGE IN THE SCLERACTINIAN CORALS AGARCA AGARCTES F. PURPUREA AND P.pdf,META_ANALYSIS_POOL,include_primary,needs_digitization,,1,0,0,1,0,0,0,0,0,1,0,0,manual_override,Foundational early study on superficial-damage regeneration in Agaricia and Porites.,review_needed,,No audit record yet.
"Bak - 1983 - Neoplasia, regeneration and growth in the reef-building coral Acropora palmata.pdf",dde85c3e-6c0d-4057-9a5a-116138865992,1,1,"literature/META_ANALYSIS_POOL/Bak - 1983 - Neoplasia, regeneration and growth in the reef-building coral Acropora palmata.pdf","Bak - 1983 - Neoplasia, regeneration and growth in the reef-building coral Acropora palmata.pdf",META_ANALYSIS_POOL,include_primary,needs_digitization,,1,1,0,0,0,0,0,0,0,0,0,0,manual_override,"Foundational Acropora palmata injury, regeneration, and growth study.",include_primary_needs_fulltext,growth|rate,"[Include in Bins 1, 2] Contains primary quantitative macroscopic data for temporal healing and growth costs, although variance will require figure digitization to extract."
Barrientos-Lujan et al. - 2019 - Ecological and functional diversity of gastropods .pdf,,0,1,literature/EXCLUDED_FINAL/Barrientos-Lujan et al. - 2019 - Ecological and functional diversity of gastropods .pdf,Barrientos-Lujan et al. - 2019 - Ecological and functional diversity of gastropods .pdf,EXCLUDED_FINAL,exclude_scope,not_for_extraction,,0,0,0,0,0,0,0,0,0,0,0,0,manual_override,"Gastropod diversity paper, not a coral wound-response study.",review_needed,,No audit record yet.
Barton et al. - 2017 - Coral propagation a review of techniques for ornamental trade and reef restoration.pdf,e5029ad6-d2ad-4e7a-86eb-d54975b0d760,1,1,literature/EXCLUDED_FINAL/Barton et al. - 2017 - Coral propagation a review of techniques for ornamental trade and reef restoration.pdf,Barton et al. - 2017 - Coral propagation a review of techniques for ornamental trade and reef restoration.pdf,EXCLUDED_FINAL,exclude_review,not_for_extraction,,0,0,0,0,0,0,0,0,0,1,0,0,carry_forward_prior_audit,"[Exclude] This is a review paper focused on the aquaculture and restoration techniques of coral fragmentation, completely lacking raw macroscopic tissue outcomes for meta-analysis extraction.",exclude_review,,"[Exclude] This is a review paper focused on the aquaculture and restoration techniques of coral fragmentation, completely lacking raw macroscopic tissue outcomes for meta-analysis extraction."
Biscéré et al. - 2018 - Enhancement of coral calcification via the interpl.pdf,,0,1,literature/EXCLUDED_FINAL/Biscéré et al. - 2018 - Enhancement of coral calcification via the interpl.pdf,Biscéré et al. - 2018 - Enhancement of coral calcification via the interpl.pdf,EXCLUDED_FINAL,exclude_scope,not_for_extraction,,0,0,0,0,0,0,0,0,0,0,0,0,manual_override,Calcification physiology without a wound or lesion treatment.,review_needed,,No audit record yet.
Bonesso et al. - 2017 - Exposure to elevated sea-surface temperatures below the bleaching threshold impairs coral recovery a.pdf,12939915-cb9c-4190-9682-7477eb8d2698,1,1,literature/META_ANALYSIS_POOL/Bonesso et al. - 2017 - Exposure to elevated sea-surface temperatures below the bleaching threshold impairs coral recovery a.pdf,Bonesso et al. - 2017 - Exposure to elevated sea-surface temperatures below the bleaching threshold impairs coral recovery a.pdf,META_ANALYSIS_POOL,include_primary,ready_extract,,1,0,0,1,0,1,0,0,1,0,0,0,carry_forward_prior_audit,"[Include in Bin 1] The paper provides excellent primary temporal data for skeletal regeneration and tissue repair during heat stress, with cleanly reported SE and sample sizes.",include_primary,rate,"[Include in Bin 1] The paper provides excellent primary temporal data for skeletal regeneration and tissue repair during heat stress, with cleanly reported SE and sample sizes."
Brown et al. - 2021 - Extended phenotypes on coral reefs cryptic phenotypes modulate coral-vermetid interactions.pdf,7b6c3c16-42d6-411f-8069-1ae430f0761d,1,0,,,,exclude_scope,not_for_extraction,,0,0,0,0,0,1,0,0,1,0,0,0,manual_override,Interaction ecology paper without physical injury or regeneration endpoints.,review_needed,,No audit record yet.
Bruckner et al. - 2000 - Parrotfish predation on live coral “spot biting” and “focused biting”.pdf,c50bc867-17ea-4393-80b1-b34f18d5fde2,1,1,literature/EXCLUDED_FINAL/Bruckner et al. - 2000 - Parrotfish predation on live coral “spot biting” and “focused biting”.pdf,Bruckner et al. - 2000 - Parrotfish predation on live coral “spot biting” and “focused biting”.pdf,EXCLUDED_FINAL,exclude_scope,not_for_extraction,,0,0,0,0,0,0,0,0,0,1,0,0,manual_override,Predation-description paper lacking coral healing or post-damage consequence measurements.,review_needed,,No audit record yet.
Brush - 2024 - Ecology of Fishes and Invertebrates Inhabiting the.pdf,,0,1,literature/EXCLUDED_FINAL/Brush - 2024 - Ecology of Fishes and Invertebrates Inhabiting the.pdf,Brush - 2024 - Ecology of Fishes and Invertebrates Inhabiting the.pdf,EXCLUDED_FINAL,exclude_scope,not_for_extraction,,0,0,0,0,0,0,0,0,0,0,0,0,manual_override,Community-ecology dissertation on reef associates rather than coral wounding responses.,review_fulltext_needed,,"[Exclude] The source text is missing from the data pool, preventing any data extraction."
Brush - 2025 - Assemblage structure of fishes and invertebrates i.pdf,,0,1,literature/EXCLUDED_FINAL/Brush - 2025 - Assemblage structure of fishes and invertebrates i.pdf,Brush - 2025 - Assemblage structure of fishes and invertebrates i.pdf,EXCLUDED_FINAL,exclude_scope,not_for_extraction,,0,0,0,0,0,0,0,0,0,0,0,0,manual_override,Community-structure study unrelated to coral wound responses.,review_needed,,No audit record yet.
Buck-Wiese et al. - 2018 - Patterns in sexual reproduction of the dominant sc.pdf,,0,1,literature/EXCLUDED_FINAL/Buck-Wiese et al. - 2018 - Patterns in sexual reproduction of the dominant sc.pdf,Buck-Wiese et al. - 2018 - Patterns in sexual reproduction of the dominant sc.pdf,EXCLUDED_FINAL,exclude_scope,not_for_extraction,,0,0,0,0,0,0,0,0,0,0,0,0,manual_override,Sexual-reproduction paper without a damage treatment.,review_needed,,No audit record yet.
"Burmester et al. - 2017 - Temperature and symbiosis affect lesion recovery in experimentally wounded, facultatively symbiotic.pdf",9616c9c9-f92f-4a43-8be4-4bd0b5875f3c,1,1,"literature/META_ANALYSIS_POOL/Burmester et al. - 2017 - Temperature and symbiosis affect lesion recovery in experimentally wounded, facultatively symbiotic.pdf","Burmester et al. - 2017 - Temperature and symbiosis affect lesion recovery in experimentally wounded, facultatively symbiotic.pdf",META_ANALYSIS_POOL,include_primary,ready_extract,,1,1,0,0,0,1,0,0,1,0,0,0,carry_forward_prior_audit,"[Include in Bins 1, 2] This study successfully isolates the impacts of temperature and symbioses on wound closure and organismal mass, providing clearly reported initial wound sizes, SE, and sample sizes.",include_primary,rate|growth,"[Include in Bins 1, 2] This study successfully isolates the impacts of temperature and symbioses on wound closure and organismal mass, providing clearly reported initial wound sizes, SE, and sample sizes."
Burmester et al. - 2018 - The impact of autotrophic versus heterotrophic nutritional pathways on colony health and wound recov.pdf,daec544d-cfab-46db-be2a-1d3596bc0395,1,1,literature/META_ANALYSIS_POOL/Burmester et al. - 2018 - The impact of autotrophic versus heterotrophic nutritional pathways on colony health and wound recov.pdf,Burmester et al. - 2018 - The impact of autotrophic versus heterotrophic nutritional pathways on colony health and wound recov.pdf,META_ANALYSIS_POOL,include_primary,needs_digitization,,1,1,0,0,0,1,0,0,1,0,0,0,manual_override,Primary wound-recovery and colony-health paper in Astrangia; retain even though many effect sizes will need extraction from figures.,review_fulltext_needed,rate|growth,"[Exclude] The paper lacks a standardized daily regeneration rate, an un-wounded control group for growth comparisons, and fails to report variance metrics for its proportional healing data in the text."
Cameron and Edmunds - 2014 - Effects of simulated fish predation on small colonies of massive Porites spp. and Pocillopora meandr.pdf,26babed0-9e6c-4621-9dca-9253eb39b9fb,1,1,literature/META_ANALYSIS_POOL/Cameron and Edmunds - 2014 - Effects of simulated fish predation on small colonies of massive Porites spp. and Pocillopora meandr.pdf,Cameron and Edmunds - 2014 - Effects of simulated fish predation on small colonies of massive Porites spp. and Pocillopora meandr.pdf,META_ANALYSIS_POOL,include_primary,ready_extract,,1,1,0,0,0,0,1,1,0,1,0,0,carry_forward_prior_audit,"[Include in Bins 1, 2] Exceptional primary data source that provides raw, extractable quantitative means, SE, and sample sizes for both wound healing trajectories and whole-colony calcification tradeoffs.",include_primary,rate|growth,"[Include in Bins 1, 2] Exceptional primary data source that provides raw, extractable quantitative means, SE, and sample sizes for both wound healing trajectories and whole-colony calcification tradeoffs."
Chadwick and Loya - 1990 - Regeneration after experimental breakage in the solitary reef coral Fungia granulosa Klunzing.pdf,9f7a74ab-485d-44be-88c3-28c6b4a7c491,1,1,literature/META_ANALYSIS_POOL/Chadwick and Loya - 1990 - Regeneration after experimental breakage in the solitary reef coral Fungia granulosa Klunzing.pdf,Chadwick and Loya - 1990 - Regeneration after experimental breakage in the solitary reef coral Fungia granulosa Klunzing.pdf,META_ANALYSIS_POOL,include_primary,needs_digitization,,1,0,0,1,0,0,0,0,0,1,0,0,manual_override,Primary breakage-regeneration experiment in Fungia granulosa.,review_fulltext_needed,,"[Exclude] Primary quantitative data (means, variance, sample sizes) for the regeneration variables cannot be extracted from the provided text excerpts. || [Exclude] Primary quantitative data cannot be extracted from the provided text fragments."
Chong-Seng et al. - 2011 - Selective feeding by coral reef fishes on coral lesions associated with brown band and black band di.pdf,4e3fb9f0-e78a-40f5-abc2-01412b9ab7fb,1,1,literature/EXCLUDED_FINAL/Chong-Seng et al. - 2011 - Selective feeding by coral reef fishes on coral lesions associated with brown band and black band di.pdf,Chong-Seng et al. - 2011 - Selective feeding by coral reef fishes on coral lesions associated with brown band and black band di.pdf,EXCLUDED_FINAL,exclude_scope,not_for_extraction,,0,0,0,0,0,0,0,0,0,0,0,0,carry_forward_prior_audit,"[Exclude] Lacks any macroscopic tissue outcomes, methodology, or primary data in the provided text. || [Exclude] Primary text, methods, and quantitative data are missing from the provided excerpts.",exclude_scope,,"[Exclude] Lacks any macroscopic tissue outcomes, methodology, or primary data in the provided text. || [Exclude] Primary text, methods, and quantitative data are missing from the provided excerpts."
Comeau et al. - 2014 - Effects of irradiance on the response of the coral Acropora pulchra and the calcifying alga Hydrolit.pdf,d86a557e-5735-4326-9f08-979e13c7ee6d,1,1,literature/EXCLUDED_FINAL/Comeau et al. - 2014 - Effects of irradiance on the response of the coral Acropora pulchra and the calcifying alga Hydrolit.pdf,Comeau et al. - 2014 - Effects of irradiance on the response of the coral Acropora pulchra and the calcifying alga Hydrolit.pdf,EXCLUDED_FINAL,exclude_scope,not_for_extraction,,0,0,0,0,0,1,0,0,1,1,0,0,carry_forward_prior_audit,[Exclude] The study does not evaluate wound healing or the physiological consequences of physical injury. || [Exclude] Lacks relevant experimental wounding treatments and the raw data cannot be extracted from the provided text fragment.,exclude_scope,,[Exclude] The study does not evaluate wound healing or the physiological consequences of physical injury. || [Exclude] Lacks relevant experimental wounding treatments and the raw data cannot be extracted from the provided text fragment.
Coral-Damsel-Wounding-Manuscript.pdf,d4f87f68-6209-4973-bf99-fac310af5656,1,1,literature/META_ANALYSIS_POOL/Coral-Damsel-Wounding-Manuscript.pdf,Coral-Damsel-Wounding-Manuscript.pdf,META_ANALYSIS_POOL,include_primary,needs_digitization,,1,1,0,0,0,0,0,0,0,0,0,0,manual_override,Unpublished/grey-literature manuscript with direct wound-healing and photosynthetic recovery outcomes in Pocillopora.,review_needed,,Vega et al. 2025 (Biology Letters target) PDF rendered 2026-05-21 from Desktop .docx; AS coauthor.
Coral_Regeneration_Review_Annual_Review_Marine_Science_10_31_2025.pdf,deff576c-ed14-48e7-884a-51d6447654a4,1,0,,,,exclude_review,not_for_extraction,,0,0,0,0,0,0,0,0,0,0,0,0,manual_override,Annual Review manuscript; narrative synthesis rather than extractable primary data.,review_needed,,No audit record yet.
Counsell - 2018 - Assembly Dynamics for a Coral-Associated Reef Comm.pdf,,0,1,literature/EXCLUDED_FINAL/Counsell - 2018 - Assembly Dynamics for a Coral-Associated Reef Comm.pdf,Counsell - 2018 - Assembly Dynamics for a Coral-Associated Reef Comm.pdf,EXCLUDED_FINAL,exclude_scope,not_for_extraction,,0,0,0,0,0,0,0,0,0,0,0,0,manual_override,Community-assembly dissertation unrelated to wound responses.,review_needed,,No audit record yet.
Counsell et al. - 2019 - Colony size and depth affect wound repair in a bra.pdf,,0,1,literature/DUPLICATES/Counsell et al. - 2019 - Colony size and depth affect wound repair in a bra.pdf,Counsell et al. - 2019 - Colony size and depth affect wound repair in a bra.pdf,DUPLICATES,duplicate_alias,not_for_extraction,Counsell et al. - 2019 - Colony size and depth affect wound repair in a branching coral.pdf,0,0,0,0,0,1,1,0,0,0,0,0,manual_override,Truncated local duplicate of the full Counsell et al. 2019 paper.,review_needed,,No audit record yet.
Counsell et al. - 2019 - Colony size and depth affect wound repair in a branching coral.pdf,ec19aed9-6875-473a-accb-914b065e6e10,1,1,literature/META_ANALYSIS_POOL/Counsell et al. - 2019 - Colony size and depth affect wound repair in a branching coral.pdf,Counsell et al. - 2019 - Colony size and depth affect wound repair in a branching coral.pdf,META_ANALYSIS_POOL,include_primary,needs_digitization,,1,0,0,1,0,1,1,1,1,0,0,0,manual_override,Primary field experiment on Pocillopora meandrina wound healing time and partial mortality; include for healing and survival even though extraction will rely on full-text values/time-to-heal endpoints.,include_primary_conflicted,rate|survival,"[Exclude] The study reports the total time to heal rather than a standardized continuous daily rate, and it fails to report a standard measure of variance (SD/SE/CI) for the healing metric in the text. || [Include in Bins 1, 4] Robust primary field data linking wound recovery time and partial mortality to colony depth and size."
Cox - 2014 - Corallivory The Coral’s Point of View.pdf,740435e0-2577-4691-baa4-77cc09e904e9,1,1,literature/EXCLUDED_FINAL/Cox - 2014 - Corallivory The Coral’s Point of View.pdf,Cox - 2014 - Corallivory The Coral’s Point of View.pdf,EXCLUDED_FINAL,exclude_review,not_for_extraction,,0,0,0,0,0,0,0,0,0,0,0,0,full_text_review,Book chapter/review synthesis without original extractable coral wound outcomes; excluded from primary meta-analysis.,exclude_review,,Full-text check found a review/book chapter synthesizing prior corallivory studies without original extractable wound-response data.
Cróquer et al. - 2002 - Environmental factors affecting tissue regeneration of the reef - building coral Montastraea annular.pdf,034d4e10-aee2-4964-9c77-cb6f4174bd3e,1,1,literature/META_ANALYSIS_POOL/Cróquer et al. - 2002 - Environmental factors affecting tissue regeneration of the reef - building coral Montastraea annular.pdf,Cróquer et al. - 2002 - Environmental factors affecting tissue regeneration of the reef - building coral Montastraea annular.pdf,META_ANALYSIS_POOL,include_primary,needs_digitization,,1,0,0,0,0,0,0,0,1,0,0,0,manual_override,Primary environmental-effects paper on tissue regeneration in Montastraea annularis.,review_needed,,No audit record yet.
Cunning et al. - 2018 - Comparative analysis of the Pocillopora damicornis genome highlights role of immune system in coral.pdf,bcc5b4a2-3f38-42ed-8309-63964483f263,1,1,literature/EXCLUDED_FINAL/Cunning et al. - 2018 - Comparative analysis of the Pocillopora damicornis genome highlights role of immune system in coral.pdf,Cunning et al. - 2018 - Comparative analysis of the Pocillopora damicornis genome highlights role of immune system in coral.pdf,EXCLUDED_FINAL,exclude_scope,not_for_extraction,,0,0,0,0,0,0,0,0,0,0,0,0,manual_override,Genome paper not tied to physical injury or regeneration measurements.,review_needed,,No audit record yet.
D’Angelo et al. - 2012 - Locally accelerated growth is part of the innate immune response and repair mechanisms in reef-build.pdf,2f44d6fc-1aa4-4747-a000-1c5be042d723,1,1,literature/MECHANISMS_ONLY/D’Angelo et al. - 2012 - Locally accelerated growth is part of the innate immune response and repair mechanisms in reef-build.pdf,D’Angelo et al. - 2012 - Locally accelerated growth is part of the innate immune response and repair mechanisms in reef-build.pdf,MECHANISMS_ONLY,include_mechanism_only,not_for_extraction,,0,0,0,0,1,0,0,0,0,0,0,0,carry_forward_prior_audit,"[Narrative/Mechanism Only] The study lacks extractable quantitative macroscopic data for continuous temporal healing rates or whole-colony growth costs, focusing instead on cellular biomarkers. || [Narrative/Mechanism Only] Excellent mechanistic study documenting the innate immune response and localized accelerated cellular growth (Bin 5), but it lacks the extractable macroscopic tissue regeneration data needed for Bins 1–4.",include_mechanism_only,rate|growth|mechanism,"[Narrative/Mechanism Only] The study lacks extractable quantitative macroscopic data for continuous temporal healing rates or whole-colony growth costs, focusing instead on cellular biomarkers. || [Narrative/Mechanism Only] Excellent mechanistic study documenting the innate immune response and localized accelerated cellular growth (Bin 5), but it lacks the extractable macroscopic tissue regeneration data needed for Bins 1–4."
"Da Silveira and Van’T Hof - 1977 - Regeneration in the Gorgonian Plexura Flexuosa (Cnidaria, Octocorallia).pdf",83a15da3-d64e-494a-94ee-a253c2392c96,1,1,"literature/EXCLUDED_FINAL/Da Silveira and Van’T Hof - 1977 - Regeneration in the Gorgonian Plexura Flexuosa (Cnidaria, Octocorallia).pdf","Da Silveira and Van’T Hof - 1977 - Regeneration in the Gorgonian Plexura Flexuosa (Cnidaria, Octocorallia).pdf",EXCLUDED_FINAL,exclude_scope,not_for_extraction,,0,0,0,0,0,0,0,0,0,0,0,0,title_keyword_fallback,Title indicates taxonomic or topical mismatch with the wound-response data pool.,review_needed,,No audit record yet.
"DeFilippo et al. - 2016 - Patterns of surface lesion recovery in the Northern Star Coral, Astrangia poculata.pdf",28b1e816-45f3-42fc-a2b0-0cfea52a0adc,1,1,"literature/META_ANALYSIS_POOL/DeFilippo et al. - 2016 - Patterns of surface lesion recovery in the Northern Star Coral, Astrangia poculata.pdf","DeFilippo et al. - 2016 - Patterns of surface lesion recovery in the Northern Star Coral, Astrangia poculata.pdf",META_ANALYSIS_POOL,include_primary,needs_digitization,,1,0,0,0,0,0,0,0,0,0,0,0,manual_override,Primary Astrangia lesion-recovery paper with direct wound-healing outcomes.,review_fulltext_needed,rate,[Exclude] The study does not provide a standardized daily continuous regeneration rate and lacks extractable raw means and variances for macroscopic healing or mortality within the text itself.
Denis et al. - 2011 - Lesion regeneration capacities in populations of the massive coral Porites lutea at Réunion Island.pdf,09f69156-3ca0-4bf2-98e2-fe2b25612587,1,1,literature/META_ANALYSIS_POOL/Denis et al. - 2011 - Lesion regeneration capacities in populations of the massive coral Porites lutea at Réunion Island.pdf,Denis et al. - 2011 - Lesion regeneration capacities in populations of the massive coral Porites lutea at Réunion Island.pdf,META_ANALYSIS_POOL,include_primary,ready_extract,,1,0,0,0,0,0,1,1,0,0,0,0,carry_forward_prior_audit,"[Include in Bin 1] Provides highly standardized, extractable quantitative data on continuous tissue regeneration rates. || [Include in Bin 1] Highly precise primary data source modeling continuous tissue regeneration dynamics under seasonal variations, but effect sizes will need to be digitized from the figures.",include_primary,rate,"[Include in Bin 1] Provides highly standardized, extractable quantitative data on continuous tissue regeneration rates. || [Include in Bin 1] Highly precise primary data source modeling continuous tissue regeneration dynamics under seasonal variations, but effect sizes will need to be digitized from the figures."
Denis_2013_Fast_Growth_May_Impair_Regeneration_Capacity_in_th..._doi-10.1371-journal.pone.0072618.pdf,4d1dfa9c-9c0b-438d-bf33-ec928b7d6696,1,1,literature/META_ANALYSIS_POOL/Denis et al. - 2013 - Fast Growth May Impair Regeneration Capacity in the Branching Coral Acropora muricata.pdf,Denis et al. - 2013 - Fast Growth May Impair Regeneration Capacity in the Branching Coral Acropora muricata.pdf,META_ANALYSIS_POOL,include_primary,ready_extract,,1,1,0,0,0,0,0,0,0,0,0,0,manual_override,Primary Porites lutea study directly linking growth to regeneration capacity.,review_needed,,No audit record yet.
"Dias et al. - 2018 - Mortality, growth and regeneration following fragmentation of reef-forming corals under thermal stre.pdf",3d374a40-79d3-413b-99c2-670f9da97bef,1,1,"literature/META_ANALYSIS_POOL/Dias et al. - 2018 - Mortality, growth and regeneration following fragmentation of reef-forming corals under thermal stre.pdf","Dias et al. - 2018 - Mortality, growth and regeneration following fragmentation of reef-forming corals under thermal stre.pdf",META_ANALYSIS_POOL,include_primary,needs_digitization,,1,1,0,1,0,1,0,0,1,1,0,0,manual_override,"Primary fragmentation paper covering mortality, growth, and regeneration under heat stress.",review_fulltext_needed,,"[Exclude] While the study measures the exact variables required for Bins 1, 2, and 4, the provided text excerpts are deficient in raw extractable data (means, variances, and sample sizes), making extraction impossible without access to the paper's figures/raw tables."
"Diaz-Pulido et al. - 2009 - Doom and Boom on a Resilient Reef Climate Change, Algal Overgrowth and Coral Recovery.pdf",a1481487-85d7-43d6-9260-5bdb0970ebdd,1,1,"literature/EXCLUDED_FINAL/Diaz-Pulido et al. - 2009 - Doom and Boom on a Resilient Reef Climate Change, Algal Overgrowth and Coral Recovery.pdf","Diaz-Pulido et al. - 2009 - Doom and Boom on a Resilient Reef Climate Change, Algal Overgrowth and Coral Recovery.pdf",EXCLUDED_FINAL,exclude_scope,not_for_extraction,,0,0,0,0,0,0,0,0,0,0,0,0,carry_forward_prior_audit,[Exclude] Does not meet the criteria for a wound-regeneration or energetic cost study.,exclude_scope,,[Exclude] Does not meet the criteria for a wound-regeneration or energetic cost study.
Doo et al. - 2018 - Obligate ectosymbionts increase the physiological .pdf,,0,1,literature/EXCLUDED_FINAL/Doo et al. - 2018 - Obligate ectosymbionts increase the physiological .pdf,Doo et al. - 2018 - Obligate ectosymbionts increase the physiological .pdf,EXCLUDED_FINAL,exclude_scope,not_for_extraction,,0,0,0,0,0,1,0,0,1,0,0,0,manual_override,"Physiology under ectosymbiont presence and stress, but not a wound-response paper.",review_fulltext_needed,,"[Exclude] The source text is missing from the data pool, preventing any data extraction."
E and Y - 1996 - Regeneration versus budding in fungiid corals a trade-off.pdf,c849a042-644e-4b4f-a530-33cfb800d9a9,1,1,literature/META_ANALYSIS_POOL/E and Y - 1996 - Regeneration versus budding in fungiid corals a trade-off.pdf,E and Y - 1996 - Regeneration versus budding in fungiid corals a trade-off.pdf,META_ANALYSIS_POOL,include_primary,needs_digitization,,1,1,0,0,0,0,0,0,0,0,0,0,manual_override,Primary fungiid paper on regeneration versus budding trade-offs following damage.,review_needed,,No audit record yet.
Edmunds and Burgess - 2016 - Size-dependent physiological responses of the bran.pdf,,0,1,literature/EXCLUDED_FINAL/Edmunds and Burgess - 2016 - Size-dependent physiological responses of the bran.pdf,Edmunds and Burgess - 2016 - Size-dependent physiological responses of the bran.pdf,EXCLUDED_FINAL,exclude_scope,not_for_extraction,,0,0,0,0,0,1,0,0,1,0,0,0,manual_override,Physiology paper without injury or lesion endpoints.,review_needed,,No audit record yet.
Edmunds and Burgess - 2017 - Colony size and turbulent flow speed modulate the .pdf,,0,1,literature/EXCLUDED_FINAL/Edmunds and Burgess - 2017 - Colony size and turbulent flow speed modulate the .pdf,Edmunds and Burgess - 2017 - Colony size and turbulent flow speed modulate the .pdf,EXCLUDED_FINAL,exclude_scope,not_for_extraction,,0,0,0,0,0,1,1,1,1,0,0,0,manual_override,Performance paper without physical injury or regeneration outcomes.,review_fulltext_needed,,[Exclude] Paper is missing from the data pool. || [Exclude] The source text is missing from the data pool.
Edmunds et al. - 2018 - Density-dependence mediates coral assemblage struc.pdf,,0,1,literature/EXCLUDED_FINAL/Edmunds et al. - 2018 - Density-dependence mediates coral assemblage struc.pdf,Edmunds et al. - 2018 - Density-dependence mediates coral assemblage struc.pdf,EXCLUDED_FINAL,exclude_scope,not_for_extraction,,0,0,0,0,0,0,0,0,0,0,0,0,manual_override,Assemblage-structure paper unrelated to wound healing.,review_needed,,No audit record yet.
Edmunds et al. - 2025 - A physiological crisis drives the coral recruitmen.pdf,,0,1,literature/EXCLUDED_FINAL/Edmunds et al. - 2025 - A physiological crisis drives the coral recruitmen.pdf,Edmunds et al. - 2025 - A physiological crisis drives the coral recruitmen.pdf,EXCLUDED_FINAL,exclude_scope,not_for_extraction,,0,0,0,0,0,1,0,0,1,0,0,0,manual_override,Recruitment/thermal-stress paper rather than post-injury healing or fitness costs of wounding.,review_fulltext_needed,,"[Exclude] The source text is missing from the data pool, preventing any data extraction."
Edmunds and Lenihan - 2010 - Effect of sub-lethal damage to juvenile colonies of massive Porites spp. under contrasting regimes o.pdf,b0949a7c-520e-4a37-af04-25979598ec2d,1,1,literature/META_ANALYSIS_POOL/Edmunds and Lenihan - 2010 - Effect of sub-lethal damage to juvenile colonies of massive Porites spp. under contrasting regimes o.pdf,Edmunds and Lenihan - 2010 - Effect of sub-lethal damage to juvenile colonies of massive Porites spp. under contrasting regimes o.pdf,META_ANALYSIS_POOL,include_primary,ready_extract,,1,1,0,0,1,0,1,1,1,1,0,0,carry_forward_prior_audit,"[Include in Bins 1, 2] An excellent primary data source providing raw, precise quantitative data for both healing trajectories and whole-colony calcification tradeoffs. || [Include in Bin 2] A highly relevant primary study testing the interactive effects of flow and temperature on growth costs and physiology. However, growth effect sizes will need to be extracted by digitizing the figures, and the categorical healing metrics cannot be used for continuous temporal rate comparisons.",include_primary,rate|growth,"[Include in Bins 1, 2] An excellent primary data source providing raw, precise quantitative data for both healing trajectories and whole-colony calcification tradeoffs. || [Include in Bin 2] A highly relevant primary study testing the interactive effects of flow and temperature on growth costs and physiology. However, growth effect sizes will need to be extracted by digitizing the figures, and the categorical healing metrics cannot be used for continuous temporal rate comparisons."
Edmunds and Yarid - 2017 - The effects of ocean acidification on wound repair in the coral Porites spp..pdf,2e3b055f-28df-4def-97aa-660ac537a95f,1,1,literature/META_ANALYSIS_POOL/Edmunds and Yarid - 2017 - The effects of ocean acidification on wound repair in the coral Porites spp..pdf,Edmunds and Yarid - 2017 - The effects of ocean acidification on wound repair in the coral Porites spp..pdf,META_ANALYSIS_POOL,include_primary,ready_extract,,1,1,0,0,0,0,0,0,1,0,0,0,carry_forward_prior_audit,"[Include in Bins 1, 2] Robust primary data source providing extractable quantitative means, SE, and sample sizes for both continuous healing trajectories and organismal calcification costs under ocean acidification. || [Include in Bins 1, 2] An excellent, rigorous primary data source providing extractable quantitative outcomes for growth costs and tissue regeneration under varied $pCO_2$ ocean acidification stress.",include_primary,rate|growth,"[Include in Bins 1, 2] Robust primary data source providing extractable quantitative means, SE, and sample sizes for both continuous healing trajectories and organismal calcification costs under ocean acidification. || [Include in Bins 1, 2] An excellent, rigorous primary data source providing extractable quantitative outcomes for growth costs and tissue regeneration under varied $pCO_2$ ocean acidification stress."
Meesters et al 1992 sedimentation and lesion position.pdf,f7335f31-f560-4d42-9f0d-52fdbec8ece6,1,1,literature/META_ANALYSIS_POOL/Meesters et al 1992 sedimentation and lesion position.pdf,Meesters et al 1992 sedimentation and lesion position.pdf,META_ANALYSIS_POOL,include_primary,needs_digitization,,1,0,0,0,0,1,0,0,1,0,0,0,manual_override,Primary regeneration study testing sedimentation and lesion position effects on healing.,include_primary_conflicted,rate,"[Include in Bin 1] A highly relevant paper testing sedimentation and intra-colony photoadaptation, but effect sizes will need to be extracted by digitizing the figures since the provided text is deficient. || [Exclude] The provided text lacks the extractable raw numerical means and variances necessary to quantify continuous regeneration rates. Data would need to be back-calculated or digitized from the unprovided original figures."
Eh and Rpm - 1995 - Age-related deterioration of a physiological function in the branching coral Acropora palmata.pdf,348d7203-b68d-472c-89da-e3e6704b2f50,1,1,literature/META_ANALYSIS_POOL/Eh and Rpm - 1995 - Age-related deterioration of a physiological function in the branching coral Acropora palmata.pdf,Eh and Rpm - 1995 - Age-related deterioration of a physiological function in the branching coral Acropora palmata.pdf,META_ANALYSIS_POOL,include_primary,ready_extract,,1,0,0,0,0,1,1,1,1,0,0,0,manual_override,Primary Acropora palmata paper quantifying age-related regeneration decline.,review_needed,,No audit record yet.
Eh et al. - 1997 - Predicting regeneration of physical damage on a reef-building coral by regeneration capacity and les.pdf,1d9e4e6d-fe25-4609-b0ac-78fdb306c80b,1,1,literature/META_ANALYSIS_POOL/Eh et al. - 1997 - Predicting regeneration of physical damage on a reef-building coral by regeneration capacity and les.pdf,Eh et al. - 1997 - Predicting regeneration of physical damage on a reef-building coral by regeneration capacity and les.pdf,META_ANALYSIS_POOL,include_primary,ready_extract,,1,0,0,0,0,1,0,0,1,1,0,0,manual_override,Primary predictive regeneration paper using lesion shape and regeneration capacity.,review_needed,,No audit record yet.
Enochs and Glynn - 2017 - Corallivory in the Eastern Pacific.pdf,c6b2ff5b-0225-4b9a-92e7-8dfa6a6debeb,1,1,literature/EXCLUDED_FINAL/Enochs and Glynn - 2017 - Corallivory in the Eastern Pacific.pdf,Enochs and Glynn - 2017 - Corallivory in the Eastern Pacific.pdf,EXCLUDED_FINAL,exclude_review,not_for_extraction,,0,0,0,0,0,0,0,0,0,1,0,0,manual_override,Review chapter on eastern Pacific corallivory.,review_fulltext_needed,,"[Exclude] Paper is missing from the data pool and lacks extractable primary outcomes. || [Exclude] The source text is missing from the data pool, preventing any data extraction."
Fine et al. - 2002 - Bleaching effect on regeneration and resource translocation in the coral Oculina patagonica.pdf,ad751939-b061-4323-9097-c1e7d2e9576f,1,1,literature/META_ANALYSIS_POOL/Fine et al. - 2002 - Bleaching effect on regeneration and resource translocation in the coral Oculina patagonica.pdf,Fine et al. - 2002 - Bleaching effect on regeneration and resource translocation in the coral Oculina patagonica.pdf,META_ANALYSIS_POOL,include_primary,needs_digitization,,1,0,0,1,1,0,0,0,0,0,0,1,manual_override,Primary lesion-recovery experiment contrasting bleached and unbleached Oculina patagonica; also central for colony-integration mechanism.,include_primary_conflicted,rate|survival,"[Include in Bins 1, 4] Contains primary macroscopic data for wound recovery under stress, but variance and sample size must be extracted from the figures/tables in the full manuscript, as the text excerpt is deficient. || [Exclude] Primary quantitative parameters essential for meta-analysis (variance and *n*) cannot be extracted from the provided text fragments."
Fisher et al. - 2007 - Lesion regeneration rates in reef-building corals Montastraea spp. as indicators of colony condition.pdf,a1e7fabd-36e1-4556-804c-e6f1a9c17581,1,1,literature/META_ANALYSIS_POOL/Fisher et al. - 2007 - Lesion regeneration rates in reef-building corals Montastraea spp. as indicators of colony condition.pdf,Fisher et al. - 2007 - Lesion regeneration rates in reef-building corals Montastraea spp. as indicators of colony condition.pdf,META_ANALYSIS_POOL,include_primary,ready_extract,,1,0,0,0,0,0,0,0,0,0,0,0,carry_forward_prior_audit,"[Include in Bin 1] Highly precise methodology providing raw regression slopes, variance, and sample sizes for temporal healing speeds. || [Include in Bin 1] An excellent, rigorous primary data source providing extractable standardized quantitative outcomes for tissue regeneration with distinct variance and sample sizes directly in the text.",include_primary,rate,"[Include in Bin 1] Highly precise methodology providing raw regression slopes, variance, and sample sizes for temporal healing speeds. || [Include in Bin 1] An excellent, rigorous primary data source providing extractable standardized quantitative outcomes for tissue regeneration with distinct variance and sample sizes directly in the text."
Fong and Lirman - 1995 - Hurricanes Cause Population Expansion of the Branching Coral Acropora palmata (Scleractinia).pdf,3a3fb59c-a303-49f1-aa80-21ffe7d182cf,1,1,literature/META_ANALYSIS_POOL/Fong and Lirman - 1995 - Hurricanes Cause Population Expansion of the Branching Coral Acropora palmata (Scleractinia).pdf,Fong and Lirman - 1995 - Hurricanes Cause Population Expansion of the Branching Coral Acropora palmata (Scleractinia).pdf,META_ANALYSIS_POOL,include_primary,ready_extract,,1,1,0,1,0,0,1,1,0,1,0,0,carry_forward_prior_audit,"[Include in Bins 1, 4] Contains valuable primary data on the natural survivorship of fragments and natural wound healing, but extraction of continuous healing rates and variances will require digitizing figures from the full paper. || [Include in Bins 1, 2] An important field study tracking natural storm damage recovery; however, exact growth effect sizes and variances will need to be extracted by digitizing the figures, as the provided text is partially deficient in raw numbers.",include_primary,rate|survival|growth,"[Include in Bins 1, 4] Contains valuable primary data on the natural survivorship of fragments and natural wound healing, but extraction of continuous healing rates and variances will require digitizing figures from the full paper. || [Include in Bins 1, 2] An important field study tracking natural storm damage recovery; however, exact growth effect sizes and variances will need to be extracted by digitizing the figures, as the provided text is partially deficient in raw numbers."
Fox et al. - 2019 - Trophic plasticity in a common reef-building coral.pdf,,0,1,literature/EXCLUDED_FINAL/Fox et al. - 2019 - Trophic plasticity in a common reef-building coral.pdf,Fox et al. - 2019 - Trophic plasticity in a common reef-building coral.pdf,EXCLUDED_FINAL,exclude_scope,not_for_extraction,,0,0,0,0,0,1,0,0,1,0,0,0,manual_override,Trophic ecology paper without injury treatment.,review_needed,,No audit record yet.
Furby et al. - 2014 - Incidence of lesions on Fungiidae corals in the eastern Red Sea is related to water temperature and.pdf,d9c94f19-8bd1-4d12-b7e2-d2962add9961,1,1,literature/EXCLUDED_FINAL/Furby et al. - 2014 - Incidence of lesions on Fungiidae corals in the eastern Red Sea is related to water temperature and.pdf,Furby et al. - 2014 - Incidence of lesions on Fungiidae corals in the eastern Red Sea is related to water temperature and.pdf,EXCLUDED_FINAL,exclude_scope,not_for_extraction,,0,0,0,0,0,1,0,0,1,0,0,0,manual_override,Lesion-incidence survey rather than a regeneration or consequence study.,review_needed,rate,[Exclude] The study assesses the epidemiology and natural incidence of coral lesions rather than providing macroscopic experimental tissue regeneration rates or whole-colony physiological costs. || [Exclude] The source text is missing the necessary data from the corpus to allow for extraction.
Gardner et al. - 2019 - Coral microbiome diversity reflects mass coral ble.pdf,,0,1,literature/EXCLUDED_FINAL/Gardner et al. - 2019 - Coral microbiome diversity reflects mass coral ble.pdf,Gardner et al. - 2019 - Coral microbiome diversity reflects mass coral ble.pdf,EXCLUDED_FINAL,exclude_scope,not_for_extraction,,0,0,0,0,0,0,0,0,0,0,0,0,manual_override,Bleaching susceptibility paper without wounding treatment.,review_needed,,No audit record yet.
Glynn et al. - 2025 - The role of holobiont composition and environmenta.pdf,,0,1,literature/EXCLUDED_FINAL/Glynn et al. - 2025 - The role of holobiont composition and environmenta.pdf,Glynn et al. - 2025 - The role of holobiont composition and environmenta.pdf,EXCLUDED_FINAL,exclude_scope,not_for_extraction,,0,0,0,0,0,0,0,0,0,0,0,0,manual_override,Thermotolerance/holobiont paper not centered on injury or repair.,review_needed,,No audit record yet.
"Guzmán et al. - 1994 - Injury, regeneration and growth of Caribbean reef corals after a major oil spill in Panama.pdf",6a14a9e9-da4e-425f-bf9d-59fa573487e1,1,1,"literature/META_ANALYSIS_POOL/Guzmán et al. - 1994 - Injury, regeneration and growth of Caribbean reef corals after a major oil spill in Panama.pdf","Guzmán et al. - 1994 - Injury, regeneration and growth of Caribbean reef corals after a major oil spill in Panama.pdf",META_ANALYSIS_POOL,include_primary,ready_extract,,1,1,0,1,0,0,0,0,0,1,0,0,manual_override,"Primary post-disturbance injury, regeneration, and growth study in Caribbean corals.",review_needed,,No audit record yet.
Hall - 1997 - Interspecific differences in the regeneration of artificial injuries on scleractinian corals.pdf,e2191f69-a271-4c74-be4c-ebe977248362,1,1,literature/META_ANALYSIS_POOL/Hall - 1997 - Interspecific differences in the regeneration of artificial injuries on scleractinian corals.pdf,Hall - 1997 - Interspecific differences in the regeneration of artificial injuries on scleractinian corals.pdf,META_ANALYSIS_POOL,include_primary,needs_digitization,,1,0,0,0,0,0,1,1,1,1,0,0,manual_override,Core comparative regeneration dataset across multiple scleractinian morphologies and injury types.,include_primary_conflicted,rate,"[Exclude] Reports total regeneration amounts at the end of the study period rather than a standardized daily areal or percentage rate. || [Include in Bin 1] A highly rigorous and foundational primary data source comparing recovery across different morphologies and injury types, providing precise means, variances, and sample sizes directly in the text and tables."
Hall - 2001 - The response of Acropora hyacinthus and Montipora tuberculosa to three different types of colony dam.pdf,b9536b7f-eb24-428a-8a9f-9750a74faa1f,1,1,literature/META_ANALYSIS_POOL/Hall - 2001 - The response of Acropora hyacinthus and Montipora tuberculosa to three different types of colony dam.pdf,Hall - 2001 - The response of Acropora hyacinthus and Montipora tuberculosa to three different types of colony dam.pdf,META_ANALYSIS_POOL,include_primary,needs_digitization,,1,0,0,0,0,0,0,0,0,1,0,0,carry_forward_prior_audit,"[Exclude] Reports the total amount of tissue regenerated at specific time intervals rather than a continuous temporal speed (e.g., mm²/day). || [Include in Bin 1] Excellent comparative study of injury types, but the primary quantitative healing effect sizes must be extracted via figure digitization.",include_primary_needs_fulltext,rate,"[Exclude] Reports the total amount of tissue regenerated at specific time intervals rather than a continuous temporal speed (e.g., mm²/day). || [Include in Bin 1] Excellent comparative study of injury types, but the primary quantitative healing effect sizes must be extracted via figure digitization."
Hall et al. - 2015 - Lesion recovery of two scleractinian corals under low pH conditions Implications for restoration ef.pdf,33b7b9b2-9041-454b-bba3-abfadd68029f,1,1,literature/META_ANALYSIS_POOL/Hall et al. - 2015 - Lesion recovery of two scleractinian corals under low pH conditions Implications for restoration ef.pdf,Hall et al. - 2015 - Lesion recovery of two scleractinian corals under low pH conditions Implications for restoration ef.pdf,META_ANALYSIS_POOL,include_primary,needs_digitization,,1,0,0,0,0,1,0,0,1,0,0,0,manual_override,Primary lesion-recovery study under ocean acidification; include for the environmental-stress hypothesis.,include_primary_conflicted,rate|mechanism,"[Exclude] Provides total percent recovery over the study period but lacks an extractable, standardized daily regeneration rate. || [Include in Bins 1, 5] A highly relevant paper testing the interaction of ocean acidification (pH) and fragment size on recovery, but the required raw means and variances for meta-analysis will need to be extracted by digitizing the figures."
Hall_Injury_and_regeneration_of_common_reef-crest_corals.pdf,2b8676ad-34ad-450c-8649-095d5be68458,1,1,literature/META_ANALYSIS_POOL/INJURY AND REGENERATION OF COMMON REEF-CREST CORALS.pdf,INJURY AND REGENERATION OF COMMON REEF-CREST CORALS.pdf,META_ANALYSIS_POOL,include_primary,needs_digitization,,1,1,1,0,0,0,0,0,0,1,0,0,manual_override,"Hall thesis with primary reef-crest coral damage, regeneration, and fecundity datasets that underpin several later papers.",review_needed,,No audit record yet.
"Hamman - 2019 - Spatial distribution of damage affects the healing, growth, and morphology of coral.pdf",58b15640-3061-4ea9-a606-877701eef38c,1,1,"literature/META_ANALYSIS_POOL/Hamman - 2019 - Spatial distribution of damage affects the healing, growth, and morphology of coral.pdf","Hamman - 2019 - Spatial distribution of damage affects the healing, growth, and morphology of coral.pdf",META_ANALYSIS_POOL,include_primary,needs_digitization,,1,1,0,0,0,1,1,1,1,1,0,0,manual_override,Primary experimental paper testing spatial distribution of damage on healing and growth.,review_fulltext_needed,rate|growth,"[Exclude] Lacks a standardized daily regeneration rate, providing only total proportional recovery, and lacks explicit raw baseline means for uninjured control growth."
Han et al. - 2025 - In-depth single-cell transcriptomic exploration of the regenerative dynamics in stony coral.pdf,da92c7b5-90a6-48e9-a3d2-259a6f48a6ad,1,1,literature/MECHANISMS_ONLY/Han et al. - 2025 - In-depth single-cell transcriptomic exploration of the regenerative dynamics in stony coral.pdf,Han et al. - 2025 - In-depth single-cell transcriptomic exploration of the regenerative dynamics in stony coral.pdf,MECHANISMS_ONLY,include_mechanism_only,not_for_extraction,,0,0,0,0,1,1,0,0,1,0,0,0,manual_override,"Single-cell regenerative dynamics paper for mechanistic synthesis, not macro-response extraction.",review_needed,,No audit record yet.
Henry and Hart - 2005 - Regeneration from Injury and Resource Allocation in Sponges and Corals - a Review.pdf,cb1f9bbe-6aa5-4797-9d01-731edf7e49f6,1,1,literature/EXCLUDED_FINAL/Henry and Hart - 2005 - Regeneration from Injury and Resource Allocation in Sponges and Corals - a Review.pdf,Henry and Hart - 2005 - Regeneration from Injury and Resource Allocation in Sponges and Corals - a Review.pdf,EXCLUDED_FINAL,exclude_review,not_for_extraction,,0,0,0,0,0,0,0,0,1,1,0,1,carry_forward_prior_audit,"[Exclude] *Reason:* This is a literature review summarizing existing data. It does not provide original primary experimental data, violating meta-analysis inclusion criteria (though its tables serve as an excellent bibliography for primary sources). || [Exclude] This is a comprehensive literature review synthesizing existing studies to test hypotheses regarding resource allocation trade-offs. It does not provide original, primary experimental data for quantitative extraction.",exclude_review,,"[Exclude] *Reason:* This is a literature review summarizing existing data. It does not provide original primary experimental data, violating meta-analysis inclusion criteria (though its tables serve as an excellent bibliography for primary sources). || [Exclude] This is a comprehensive literature review synthesizing existing studies to test hypotheses regarding resource allocation trade-offs. It does not provide original, primary experimental data for quantitative extraction."
Honeycutt et al. - 2023 - Farmerfish gardens help buffer stony corals agains.pdf,,0,1,literature/EXCLUDED_FINAL/Honeycutt et al. - 2023 - Farmerfish gardens help buffer stony corals agains.pdf,Honeycutt et al. - 2023 - Farmerfish gardens help buffer stony corals agains.pdf,EXCLUDED_FINAL,exclude_scope,not_for_extraction,,0,0,0,0,0,0,0,0,0,0,0,0,manual_override,Heatwave-buffering ecology paper without direct wounding treatments or lesion outcomes.,review_fulltext_needed,,"[Exclude] The source text is missing from the data pool, preventing any data extraction."
Horricks et al. - 2019 - Differential protein abundance during the first month of regeneration of the Caribbean star coral Mo.pdf,65ccf3b6-92c0-416b-93ba-1cfd827b1ba1,1,1,literature/META_ANALYSIS_POOL/Horricks et al. - 2019 - Differential protein abundance during the first month of regeneration of the Caribbean star coral Mo.pdf,Horricks et al. - 2019 - Differential protein abundance during the first month of regeneration of the Caribbean star coral Mo.pdf,META_ANALYSIS_POOL,include_primary,ready_extract,,1,0,0,0,1,0,0,0,0,0,0,0,carry_forward_prior_audit,"[Include in Bin 1] *Reason:* The study provides highly standardized, extractable quantitative data for continuous macroscopic tissue regeneration trajectories (including SE and sample sizes) alongside its mechanistic biomolecular data. || [Narrative/Mechanism Only] A pioneering proteomics study documenting the molecular cascades of wound healing (Bin 5), but it lacks the raw extractable macroscopic tissue regeneration data needed for Bins 1–4 without complex model back-calculation.",include_primary,rate|mechanism,"[Include in Bin 1] *Reason:* The study provides highly standardized, extractable quantitative data for continuous macroscopic tissue regeneration trajectories (including SE and sample sizes) alongside its mechanistic biomolecular data. || [Narrative/Mechanism Only] A pioneering proteomics study documenting the molecular cascades of wound healing (Bin 5), but it lacks the raw extractable macroscopic tissue regeneration data needed for Bins 1–4 without complex model back-calculation."
Horwitz and Fine - 2014 - High CO2 detrimentally affects tissue regeneration of Red Sea corals.pdf,5f4a560f-1449-4b1d-96ad-236a0da5fcb7,1,1,literature/META_ANALYSIS_POOL/Horwitz and Fine - 2014 - High CO2 detrimentally affects tissue regeneration of Red Sea corals.pdf,Horwitz and Fine - 2014 - High CO2 detrimentally affects tissue regeneration of Red Sea corals.pdf,META_ANALYSIS_POOL,include_primary,needs_digitization,,1,0,0,0,0,1,0,0,1,0,0,0,manual_override,Primary ocean-acidification paper on tissue regeneration under elevated CO2.,include_primary_needs_fulltext,rate|mechanism,"[Include in Bin 1] *Reason:* Excellent primary data source providing standardized macroscopic tissue regeneration rates with clearly reported variance and sample sizes under ocean acidification stress. || [Include in Bins 1, 5] A robust primary data source demonstrating the severe impairment of regeneration across diverse morphologies under ocean acidification (OA) stress. Data extraction will require figure digitization."
INJURY AND REGENERATION OF COMMON REEF-CREST CORALS.pdf,,0,0,,,DUPLICATES,duplicate_alias,not_for_extraction,Hall_Injury_and_regeneration_of_common_reef-crest_corals.pdf,0,0,0,0,0,0,0,0,0,0,0,0,manual_override,Duplicate metadata alias for Hall's reef-crest coral injury thesis; the single local PDF is assigned to the retained primary record.,review_needed,,No audit record yet.
Jayewardene and Birkeland - 2006 - Fish predation on Hawaiian corals.pdf,586216bb-828d-498e-b006-03caade92e8c,1,1,literature/EXCLUDED_FINAL/Jayewardene and Birkeland - 2006 - Fish predation on Hawaiian corals.pdf,Jayewardene and Birkeland - 2006 - Fish predation on Hawaiian corals.pdf,EXCLUDED_FINAL,exclude_scope,not_for_extraction,,0,0,0,0,0,0,0,0,0,1,0,0,manual_override,Predation-description paper lacking direct coral healing or fitness outcome data.,review_needed,,No audit record yet.
Jayewardene et al. - 2009 - Effects of frequent fish predation on corals in Hawaii.pdf,45fcfd8e-a2d2-4345-aec0-baeb03f883a4,1,1,literature/META_ANALYSIS_POOL/Jayewardene et al. - 2009 - Effects of frequent fish predation on corals in Hawaii.pdf,Jayewardene et al. - 2009 - Effects of frequent fish predation on corals in Hawaii.pdf,META_ANALYSIS_POOL,include_primary,needs_digitization,,0,1,0,1,0,0,0,0,0,1,0,0,manual_override,Primary corallivory paper on repeated fish damage and colony consequences.,review_fulltext_needed,,[Exclude] *Reason:* The provided text consists of only a single sentence fragment outlining the study sites [19]. No primary quantitative data or results are available for extraction. || [Exclude] Primary quantitative data cannot be extracted from the provided text fragments.
Jayewardene - 2010 - Experimental determination of the cost of lesion healing on Porites compressa growth.pdf,4cc9b30b-9ed8-4123-82aa-2f182db391b7,1,1,literature/META_ANALYSIS_POOL/Jayewardene - 2010 - Experimental determination of the cost of lesion healing on Porites compressa growth.pdf,Jayewardene - 2010 - Experimental determination of the cost of lesion healing on Porites compressa growth.pdf,META_ANALYSIS_POOL,include_primary,needs_digitization,,1,1,0,0,0,0,0,0,1,0,0,0,manual_override,Primary experimental test of growth costs during lesion healing in Porites compressa.,review_fulltext_needed,growth,"[Exclude] *Reason:* The provided text excerpts are deficient. They only contain the introduction, methods, and bibliography [626–634], completely lacking the results section with the raw extractable means and variances for the growth variables. || [Exclude] Primary quantitative data cannot be extracted from the provided text fragments."
Jones and Barott - 2025 - Evidence of rare occurrences of the Phoenix effect in the Hawaiian corals Porites compressa a.pdf,25b69d4e-602d-40e8-93a0-17ae973a2af5,1,1,literature/EXCLUDED_FINAL/Jones and Barott - 2025 - Evidence of rare occurrences of the Phoenix effect in the Hawaiian corals Porites compressa a.pdf,Jones and Barott - 2025 - Evidence of rare occurrences of the Phoenix effect in the Hawaiian corals Porites compressa a.pdf,EXCLUDED_FINAL,exclude_scope,not_for_extraction,,0,0,0,0,0,1,0,0,1,0,0,0,manual_override,Recovery-after-bleaching paper without a physical injury treatment.,review_fulltext_needed,rate,"[Exclude] The study reports categorical/proportional recovery endpoints over multi-year intervals rather than standardized daily regeneration rates, and lacks extractable variance (SD/SE) for these metrics. || [Exclude] While this study provides excellent observational documentation of the Phoenix effect, the text is deficient in the raw extractable macroscopic continuous regeneration rates (e.g., mm²/day) and variances required for standard effect size extraction."
Kaufman et al. - 2021 - Thermal history influences lesion recovery of the threatened Caribbean staghorn coral Acropora cervi.pdf,acf00158-0890-4388-9a0e-da9194664ef6,1,1,literature/META_ANALYSIS_POOL/Kaufman et al. - 2021 - Thermal history influences lesion recovery of the threatened Caribbean staghorn coral Acropora cervi.pdf,Kaufman et al. - 2021 - Thermal history influences lesion recovery of the threatened Caribbean staghorn coral Acropora cervi.pdf,META_ANALYSIS_POOL,include_primary,needs_digitization,,1,0,0,0,0,1,0,0,1,0,0,0,manual_override,Primary Acropora cervicornis lesion-recovery note under heat stress.,review_fulltext_needed,rate,"[Exclude] While highly relevant to thermal stress, the provided text reports proportional categorical healing endpoints rather than a continuous temporal speed, and it lacks the extractable variance (SD/SE) required for meta-analysis effect size calculations. || [Exclude] A highly relevant paper testing the interaction of thermal history and heat stress on wound repair; however, the provided text evaluates proportional healing success and hazards rather than providing extractable continuous macroscopic tissue regeneration rates with variance."
Kersting and Linares - 2019 - Living evidence of a fossil survival strategy raises hope for warming-affected corals.pdf,bc157775-6a45-4c5c-a760-6d3550b31229,1,1,literature/EXCLUDED_FINAL/Kersting and Linares - 2019 - Living evidence of a fossil survival strategy raises hope for warming-affected corals.pdf,Kersting and Linares - 2019 - Living evidence of a fossil survival strategy raises hope for warming-affected corals.pdf,EXCLUDED_FINAL,exclude_scope,not_for_extraction,,0,0,0,0,0,1,0,0,1,0,0,0,manual_override,Climate-survival narrative centered on whole-colony persistence rather than lesion-response data.,review_fulltext_needed,rate,"[Exclude] The provided text lacks the extractable primary quantitative data (means, variances, exact sample sizes) for the calculated recovery rates, as this data resides in supplementary materials not included in the excerpts. || [Exclude] The provided text excerpt is deficient in raw extractable data. Annual continuous recovery rates and sample sizes are relegated to unprovided supplementary materials."
Kokita and Nakazono - 2001 - Rapid response of an obligately corallivorous filefish Oxymonacanthus longirostris (Monacanthidae) t.pdf,716978e8-7256-4c47-9ccf-35ff6c3ed3cc,1,1,literature/EXCLUDED_FINAL/Kokita and Nakazono - 2001 - Rapid response of an obligately corallivorous filefish Oxymonacanthus longirostris (Monacanthidae) t.pdf,Kokita and Nakazono - 2001 - Rapid response of an obligately corallivorous filefish Oxymonacanthus longirostris (Monacanthidae) t.pdf,EXCLUDED_FINAL,exclude_scope,not_for_extraction,,0,0,0,0,0,0,0,0,0,0,0,0,manual_override,"Predator-behavior paper without coral healing, growth, or survival outcomes.",review_fulltext_needed,,"[Exclude] Paper is missing from the data pool, preventing any data extraction. || [Exclude] The source text is missing from the data pool, preventing any data extraction."
Kordas et al. - 2011 - Community ecology in a warming world The influence of temperature on interspecific interactions in.pdf,,0,1,literature/EXCLUDED_FINAL/Kordas et al. - 2011 - Community ecology in a warming world The influence of temperature on interspecific interactions in.pdf,Kordas et al. - 2011 - Community ecology in a warming world The influence of temperature on interspecific interactions in.pdf,EXCLUDED_FINAL,exclude_review,not_for_extraction,,0,0,0,0,0,1,1,1,1,0,0,0,manual_override,General review on warming and species interactions.,review_needed,,No audit record yet.
Kramarsky-Winter and Loya - 2000 - Tissue regeneration in the coral Fungia granulosa  the effect of extrinsic and intrinsic factors.pdf,04e10b24-592e-4cf3-8f94-226c7904262d,1,1,literature/META_ANALYSIS_POOL/Kramarsky-Winter and Loya - 2000 - Tissue regeneration in the coral Fungia granulosa  the effect of extrinsic and intrinsic factors.pdf,Kramarsky-Winter and Loya - 2000 - Tissue regeneration in the coral Fungia granulosa  the effect of extrinsic and intrinsic factors.pdf,META_ANALYSIS_POOL,include_primary,needs_digitization,,1,0,0,0,0,0,0,0,0,0,0,0,manual_override,Primary regeneration paper on extrinsic and intrinsic controls in Fungia granulosa.,review_fulltext_needed,,"[Exclude] Paper is missing from the data pool, preventing any data extraction. || [Exclude] The source text is missing from the data pool, making primary quantitative data extraction impossible."
Lenihan and Edmunds - 2010 - Response of Pocillopora verrucosa to corallivory varies with environmental conditions.pdf,40359446-8345-4a72-8169-af86ad3de9d6,1,1,literature/META_ANALYSIS_POOL/Lenihan and Edmunds - 2010 - Response of Pocillopora verrucosa to corallivory varies with environmental conditions.pdf,Lenihan and Edmunds - 2010 - Response of Pocillopora verrucosa to corallivory varies with environmental conditions.pdf,META_ANALYSIS_POOL,include_primary,needs_digitization,,1,1,0,0,0,0,0,0,1,1,0,0,manual_override,Primary corallivory-response paper combining wound outcomes with environmental context.,include_primary_needs_fulltext,rate|growth,"[Include in Bins 1, 2] A highly relevant primary study, but effect sizes (means and SE) will need to be extracted by digitizing the figures since the text is deficient. || [Include in Bins 1, 2] A robust primary experimental study assessing the multi-stressor effects of flow and temperature on tissue regeneration and somatic growth, but accurate effect sizes must be extracted via figure digitization."
Lenihan et al. - 2015 - Hydrodynamics influence coral performance through simultaneous direct and indirect effects.pdf,a67392b0-7a7e-43ad-917d-94febf750c1a,1,1,literature/META_ANALYSIS_POOL/Lenihan et al. - 2015 - Hydrodynamics influence coral performance through simultaneous direct and indirect effects.pdf,Lenihan et al. - 2015 - Hydrodynamics influence coral performance through simultaneous direct and indirect effects.pdf,META_ANALYSIS_POOL,include_primary,needs_digitization,,0,1,0,1,0,0,0,0,1,0,0,0,manual_override,Primary field assay showing indirect corallivory effects on coral growth under different flow regimes.,review_fulltext_needed,,"[Exclude] The source text is missing from the data pool. || [Exclude] The source text is missing from the data pool, preventing any data extraction."
Lester and Bak - 1985 - Effects of environment on regeneration rate of tissue lesions in the reef coral Montastrea annularis.pdf,cf0dfa52-c9e6-4d7f-9ae1-5970162a807f,1,1,literature/META_ANALYSIS_POOL/Lester and Bak - 1985 - Effects of environment on regeneration rate of tissue lesions in the reef coral Montastrea annularis.pdf,Lester and Bak - 1985 - Effects of environment on regeneration rate of tissue lesions in the reef coral Montastrea annularis.pdf,META_ANALYSIS_POOL,include_primary,ready_extract,,1,0,0,0,0,0,0,0,0,0,0,0,carry_forward_prior_audit,[Include in Bin 1] ***,include_primary,rate,[Include in Bin 1] ***
Leuzinger et al. - 2012 - Energy allocation in a reef coral under varying resource availability.pdf,f4fefc50-aaa5-4724-8463-16f6f62dcb9f,1,1,literature/EXCLUDED_FINAL/Leuzinger et al. - 2012 - Energy allocation in a reef coral under varying resource availability.pdf,Leuzinger et al. - 2012 - Energy allocation in a reef coral under varying resource availability.pdf,EXCLUDED_FINAL,exclude_scope,not_for_extraction,,0,0,0,0,0,0,0,0,0,0,0,1,manual_override,Energy-allocation paper not tied to physical injury or lesion regeneration.,review_fulltext_needed,,"[Exclude] *** || [Exclude] The source text is missing from the data pool, preventing any data extraction."
Levanoni - 2021 - Coral Tissue Growth and Regeneration Conjoin the Advent of Adult Stem Cell-Like Cells.pdf,bbeda1b0-0f29-4d5b-aca5-7a930eb1be76,1,1,literature/MECHANISMS_ONLY/Levanoni - 2021 - Coral Tissue Growth and Regeneration Conjoin the Advent of Adult Stem Cell-Like Cells.pdf,Levanoni - 2021 - Coral Tissue Growth and Regeneration Conjoin the Advent of Adult Stem Cell-Like Cells.pdf,MECHANISMS_ONLY,include_mechanism_only,not_for_extraction,,0,0,0,0,1,0,0,0,0,0,0,1,manual_override,Stem-cell regeneration thesis relevant to mechanisms rather than pooled macro endpoints.,review_needed,,No audit record yet.
Levanoni et al. - 2024 - Coral Tissue Regeneration and Growth Is Associated with the Presence of Stem-like Cells.pdf,bf7c803e-e2d9-4ba0-9d47-d645896f4be4,1,1,literature/MECHANISMS_ONLY/Levanoni et al. - 2024 - Coral Tissue Regeneration and Growth Is Associated with the Presence of Stem-like Cells.pdf,Levanoni et al. - 2024 - Coral Tissue Regeneration and Growth Is Associated with the Presence of Stem-like Cells.pdf,MECHANISMS_ONLY,include_mechanism_only,not_for_extraction,,0,0,0,0,1,0,0,0,1,0,0,1,carry_forward_prior_audit,"[Narrative/Mechanism Only] While it lacks extractable macroscopic regeneration rates in the text (Bin 1), the paper provides exceptional mechanistic data (Bin 5) regarding the mobilization of adult stem cell-like cells, Piwi/pH3 expression, and the formation of a regenerating ""addendum"" [1, 4].",include_mechanism_only,rate|mechanism,"[Narrative/Mechanism Only] While it lacks extractable macroscopic regeneration rates in the text (Bin 1), the paper provides exceptional mechanistic data (Bin 5) regarding the mobilization of adult stem cell-like cells, Piwi/pH3 expression, and the formation of a regenerating ""addendum"" [1, 4]."
"Lirman - 2000 - Fragmentation in the branching coral Acropora palmata (Lamarck) growth, survivorship, and reproduct.pdf",e1fe67b6-7beb-43ff-bb09-b0b2262e6d05,1,1,"literature/META_ANALYSIS_POOL/Lirman - 2000 - Fragmentation in the branching coral Acropora palmata (Lamarck) growth, survivorship, and reproduct.pdf","Lirman - 2000 - Fragmentation in the branching coral Acropora palmata (Lamarck) growth, survivorship, and reproduct.pdf",META_ANALYSIS_POOL,include_primary,ready_extract,,0,1,1,1,0,0,1,1,0,1,0,0,carry_forward_prior_audit,"[Include in Bin 3] The excerpted table provides clear, extractable sample sizes and percentage data demonstrating the reproductive costs associated with fragmentation damage.",include_primary,growth|reproduction|survival,"[Include in Bins 2, 3, 4] Primary fragmentation paper with extractable growth, reproductive, and survivorship consequences of damage."
"Lirman - 2000 - Lesion regeneration in the branching coral Acropora palmata effects of colonization, colony size, l.pdf",3764e810-0eb0-4d34-baca-2c5136c95bc8,1,1,"literature/META_ANALYSIS_POOL/Lirman - 2000 - Lesion regeneration in the branching coral Acropora palmata effects of colonization, colony size, l.pdf","Lirman - 2000 - Lesion regeneration in the branching coral Acropora palmata effects of colonization, colony size, l.pdf",META_ANALYSIS_POOL,include_primary,ready_extract,,1,0,0,0,0,0,1,1,0,0,1,0,carry_forward_prior_audit,"[Include in Bin 1] An excellent primary data source providing highly standardized linear closure rates, precise variance (SE), and distinct sample sizes categorized by initial lesion size.",include_primary,rate,"[Include in Bin 1] An excellent primary data source providing highly standardized linear closure rates, precise variance (SE), and distinct sample sizes categorized by initial lesion size."
Lirman et al. - 2010 - Propagation of the threatened staghorn coral Acropora cervicornis methods to minimize the impacts o.pdf,d110a8f5-278e-4ba7-a502-32eb61aed5cb,1,1,literature/META_ANALYSIS_POOL/Lirman et al. - 2010 - Propagation of the threatened staghorn coral Acropora cervicornis methods to minimize the impacts o.pdf,Lirman et al. - 2010 - Propagation of the threatened staghorn coral Acropora cervicornis methods to minimize the impacts o.pdf,META_ANALYSIS_POOL,include_primary,needs_digitization,,0,1,0,1,0,0,0,0,0,0,0,0,manual_override,Primary propagation/fragmentation methods paper with direct growth and survivorship consequences of collection damage.,review_fulltext_needed,,"[Exclude] Primary quantitative data cannot be extracted from the provided text fragments. || [Exclude] The source text is missing from the data pool, preventing any data extraction."
Lock et al. - 2022 - Calcium homeostasis disruption initiates rapid growth after micro-fragmentation in the scleractinian.pdf,,0,1,literature/DUPLICATES/Lock et al. - 2022 - Calcium homeostasis disruption initiates rapid growth after micro-fragmentation in the scleractinian.pdf,Lock et al. - 2022 - Calcium homeostasis disruption initiates rapid growth after micro-fragmentation in the scleractinian.pdf,DUPLICATES,duplicate_alias,not_for_extraction,Lock et al. - 2022 - Calcium homeostasis disruption initiates rapid growth after micro‐fragmentation in the scleractinian.pdf,0,0,0,0,0,0,0,0,0,0,0,0,duplicate_collapse,Duplicate or alternate copy of Lock et al. - 2022 - Calcium homeostasis disruption initiates rapid growth after micro‐fragmentation in the scleractinian.pdf.,include_mechanism_only,mechanism|rate|growth,"[Narrative/Mechanism Only] The paper provides a highly valuable transcriptomic model for Bin 5 (showing that fragmentation triggers calcium homeostasis disruption, ER stress, and antioxidant expression to stimulate rapid healing) [19, 23, 24], but the text is deficient in the raw macroscopic data required for Bins 1–4 effect size extraction. || [Narrative/Mechanism Only] The paper provides a highly valuable transcriptomic and physiological model for Bin 5 (showing that fragmentation triggers calcium homeostasis disruption, ER stress, and antioxidant expression to stimulate rapid healing) [5, 6], but the text is deficient in the raw macroscopic data required for Bins 1–4 effect size extraction. || [Narrative/Mechanism Only] A pioneering transcriptomic study providing critical mechanistic evidence (Bin 5) that calcium homeostasis disruption acts as the cellular trigger for rapid wound healing and accelerated growth. However, it lacks the raw extractable macroscopic tissue regeneration data needed for Bins 1–4."
Lock et al. - 2022 - Calcium homeostasis disruption initiates rapid growth after micro‐fragmentation in the scleractinian.pdf,3077a17c-6c27-4f2e-9b9c-6efea0b17328,1,1,literature/MECHANISMS_ONLY/Lock et al. - 2022 - Calcium homeostasis disruption initiates rapid growth after micro‐fragmentation in the scleractinian.pdf,Lock et al. - 2022 - Calcium homeostasis disruption initiates rapid growth after micro‐fragmentation in the scleractinian.pdf,MECHANISMS_ONLY,include_mechanism_only,not_for_extraction,,0,0,0,0,1,0,0,0,0,1,0,0,manual_override,Mechanistic micro-fragmentation paper emphasizing physiology and gene regulation.,review_needed,,No audit record yet.
"Lock - Quantifying physiological responses to physical injury in Porites lobata, using a transcriptomic app.pdf",d3d8c44a-eb30-458a-9f59-d93894d9305b,1,1,"literature/DUPLICATES/Lock - Quantifying physiological responses to physical injury in Porites lobata, using a transcriptomic app.pdf","Lock - Quantifying physiological responses to physical injury in Porites lobata, using a transcriptomic app.pdf",DUPLICATES,duplicate_alias,not_for_extraction,Lock et al. - 2022 - Calcium homeostasis disruption initiates rapid growth after micro‐fragmentation in the scleractinian.pdf,0,0,0,0,0,1,0,0,0,0,0,0,manual_override,Project/proposal-style duplicate linked to the later published Lock et al. paper.,review_needed,,No audit record yet.
Loya - 1976 - Skeletal regeneration in a Red Sea scleractinian coral population.pdf,070cf5f2-ae03-4d99-8e1b-7e07f8428803,1,1,literature/META_ANALYSIS_POOL/Loya - 1976 - Skeletal regeneration in a Red Sea scleractinian coral population.pdf,Loya - 1976 - Skeletal regeneration in a Red Sea scleractinian coral population.pdf,META_ANALYSIS_POOL,include_primary,needs_digitization,,1,0,0,0,0,0,0,0,0,0,0,0,manual_override,Early primary regeneration study on skeletal/tissue repair in Red Sea scleractinians.,review_fulltext_needed,,"[Exclude] Paper is missing from the data pool, preventing any data extraction. || [Exclude] Primary quantitative data cannot be extracted from the provided text fragment."
Luz et al. - 2018 - A polyp from nothing The extreme regeneration capacity of the Atlantic invasive sun corals Tubastra.pdf,9189fc2a-add9-4066-aebe-ad7bfaa7973b,1,1,literature/EXCLUDED_FINAL/Luz et al. - 2018 - A polyp from nothing The extreme regeneration capacity of the Atlantic invasive sun corals Tubastra.pdf,Luz et al. - 2018 - A polyp from nothing The extreme regeneration capacity of the Atlantic invasive sun corals Tubastra.pdf,EXCLUDED_FINAL,exclude_scope,not_for_extraction,,0,0,0,0,0,0,0,1,1,0,0,0,manual_override,Extreme whole-polyp regeneration in sun corals is outside the lesion-healing comparability needed here.,review_fulltext_needed,,"[Exclude] While providing interesting whole-body regeneration data for an invasive species, the text excerpt lacks the exact numerical means and variance (SD/SE) for the continuous healing metrics required for a meta-analysis database. || [Exclude] While the study models the exact variables required for evaluating total regeneration (morphallaxis) from tiny fragments, the provided text excerpts are deficient in the raw extractable continuous data (means and variances) required for meta-analysis effect size calculation."
"Luz et al. - 2021 - High regenerative capacity is a general feature within colonial dendrophylliid corals (Anthozoa, Scl.pdf",6627c0f6-ee21-4eef-9651-e3312a7695dc,1,1,"literature/EXCLUDED_FINAL/Luz et al. - 2021 - High regenerative capacity is a general feature within colonial dendrophylliid corals (Anthozoa, Scl.pdf","Luz et al. - 2021 - High regenerative capacity is a general feature within colonial dendrophylliid corals (Anthozoa, Scl.pdf",EXCLUDED_FINAL,exclude_scope,not_for_extraction,,0,0,0,0,0,1,0,0,1,0,0,0,manual_override,Broad regenerative-capacity paper on dendrophylliids rather than lesion-healing outcomes in the focal wound framework.,review_fulltext_needed,,"[Exclude] The provided text lacks the extractable primary quantitative means, variances, and sample sizes necessary for PRISMA-standard data extraction."
Madeira et al. - 2022 - Does Predation Exacerbate the Risk of Endosymbiont Loss in Heat Stressed Hermatypic Corals Molecula.pdf,66c25dd3-3ef3-4d36-9930-e9b3e852913d,1,1,literature/MECHANISMS_ONLY/Madeira et al. - 2022 - Does Predation Exacerbate the Risk of Endosymbiont Loss in Heat Stressed Hermatypic Corals Molecula.pdf,Madeira et al. - 2022 - Does Predation Exacerbate the Risk of Endosymbiont Loss in Heat Stressed Hermatypic Corals Molecula.pdf,MECHANISMS_ONLY,include_mechanism_only,not_for_extraction,,0,0,0,0,1,0,0,0,1,1,0,0,manual_override,Predation-plus-heat physiology paper focused on endosymbiont loss rather than pooled healing/growth endpoints.,include_mechanism_only,rate|growth|mechanism|survival,"[Narrative/Mechanism Only] The study yields excellent multi-stressor data regarding cellular/molecular mechanisms (Bin 5), measuring Integrated Biomarker Responses via Hsp70, Ubiquitin (Ub), and Total Antioxidant Capacity (TAC) [20, 21]. However, it lacks the continuous macroscopic growth or healing metrics with extractable variance required for Bins 1 and 2. || [Narrative/Mechanism Only] The macroscopic health and survival data are categorical (percentages without variance). However, the study provides excellent mechanistic data (Bin 5) demonstrating how oxidative stress and protein turnover biomarkers respond to the synergistic impacts of heat stress and predation."
Maher et al. - 2019 - Multiple stressors interact primarily through antagonism to drive changes in the coral microbiome.pdf,9a245adb-106c-490c-947c-09299931b851,1,1,literature/MECHANISMS_ONLY/Maher et al. - 2019 - Multiple stressors interact primarily through antagonism to drive changes in the coral microbiome.pdf,Maher et al. - 2019 - Multiple stressors interact primarily through antagonism to drive changes in the coral microbiome.pdf,MECHANISMS_ONLY,include_mechanism_only,not_for_extraction,,0,0,0,0,1,0,0,0,1,0,0,0,manual_override,Microbiome experiment with simulated predation and heat stress; useful mechanistically but not a core macro-endpoint dataset.,include_mechanism_only,mechanism,"[Narrative/Mechanism Only] The paper offers excellent multi-stressor microbiome data (Bin 5) demonstrating that ammonium enrichment counteracts the negative effects of temperature on healing, but the text is deficient in the raw extractable macroscopic data needed for Bins 1 and 2. || [Narrative/Mechanism Only] Excellent mechanistic study demonstrating microbial dysbiosis and shifts in opportunistic bacteria during tissue regeneration under multi-stressor scenarios (Bin 5), but lacks the raw extractable macroscopic tissue regeneration data needed for Bins 1–4."
Mass et al. - 2016 - Temporal and spatial expression patterns of biomin.pdf,,0,1,literature/EXCLUDED_FINAL/Mass et al. - 2016 - Temporal and spatial expression patterns of biomin.pdf,Mass et al. - 2016 - Temporal and spatial expression patterns of biomin.pdf,EXCLUDED_FINAL,exclude_scope,not_for_extraction,,0,0,0,0,0,0,0,0,0,0,0,0,manual_override,Developmental biomineralization paper rather than post-injury repair.,review_needed,,No audit record yet.
Meesters and Bak - 1993 - Effects of coral bleaching on tissue regeneration potential and colony survival.pdf,6b96575e-9bf7-46f2-a12e-73b565f46629,1,1,literature/META_ANALYSIS_POOL/Meesters and Bak - 1993 - Effects of coral bleaching on tissue regeneration potential and colony survival.pdf,Meesters and Bak - 1993 - Effects of coral bleaching on tissue regeneration potential and colony survival.pdf,META_ANALYSIS_POOL,include_primary,ready_extract,,1,0,0,1,0,0,0,0,1,0,0,0,carry_forward_prior_audit,"[Include in Bins 1, 4] Robust primary data source showing the physiological costs of bleaching on lesion recovery and survival, though the exact sample size must be retrieved from the full manuscript.",include_primary,survival|rate,"[Include in Bins 1, 4] Robust primary data source showing the physiological costs of bleaching on lesion recovery and survival, though the exact sample size must be retrieved from the full manuscript."
Meesters et al. - 1994 - Damage and regeneration links to growth in the reef-building coral Montastrea annularis.pdf,c84ce087-58f5-4e19-a373-34f57299f6d0,1,1,literature/META_ANALYSIS_POOL/Meesters et al. - 1994 - Damage and regeneration links to growth in the reef-building coral Montastrea annularis.pdf,Meesters et al. - 1994 - Damage and regeneration links to growth in the reef-building coral Montastrea annularis.pdf,META_ANALYSIS_POOL,include_primary,needs_digitization,,1,1,0,0,0,0,0,0,0,1,0,0,manual_override,Core trade-off paper linking lesion healing to colony growth in Montastrea annularis.,include_primary_needs_fulltext,growth|rate,"[Include in Bins 1, 2] A foundational study directly linking regeneration prioritization to somatic growth suppression, but data extraction will require figure digitization. || [Exclude] A foundational study linking regeneration to somatic growth costs, but the provided excerpts are entirely deficient in the raw extractable data (means and variances), providing only ANOVA significance outputs."
Meesters et al. - 1996 - Partial Mortality in Three Species of Reef-Building Corals and the Relation with Colony Morphology.pdf,398d01aa-1e0e-4c46-9989-8490ca8748d5,1,1,literature/META_ANALYSIS_POOL/Meesters et al. - 1996 - Partial Mortality in Three Species of Reef-Building Corals and the Relation with Colony Morphology.pdf,Meesters et al. - 1996 - Partial Mortality in Three Species of Reef-Building Corals and the Relation with Colony Morphology.pdf,META_ANALYSIS_POOL,include_primary,needs_digitization,,0,0,0,1,0,1,1,1,1,0,0,0,manual_override,Primary partial-mortality paper relevant to the survival consequences of damage and morphology.,include_primary_needs_fulltext,survival,"[Include in Bin 4] Provides extractable, standardized quantitative field data on the prevalence and size of natural background partial mortality across different coral morphologies. || [Exclude] While the study models partial mortality relative to colony morphology, the provided text excerpts are deficient in raw extractable data. Evaluating true effect sizes and variances would require digitizing the manuscript's figures."
"Meszaros and Bigger - 1999 - Qualitative and Quantitative Study of Wound Healing Processes in the Coelenterate,Plexaurella fusife.pdf",e957b976-8e47-418c-be44-723926e87225,1,1,"literature/EXCLUDED_FINAL/Meszaros and Bigger - 1999 - Qualitative and Quantitative Study of Wound Healing Processes in the Coelenterate,Plexaurella fusife.pdf","Meszaros and Bigger - 1999 - Qualitative and Quantitative Study of Wound Healing Processes in the Coelenterate,Plexaurella fusife.pdf",EXCLUDED_FINAL,exclude_scope,not_for_extraction,,0,0,0,0,0,0,0,0,0,0,0,0,carry_forward_prior_audit,"[Exclude] *Reason:* The studied organism is a gorgonian (soft coral), falling entirely outside the taxonomic scope of a Scleractinian data pool. Furthermore, the provided text lacks extractable macroscopic regeneration rates.",exclude_scope,rate,"[Exclude] *Reason:* The studied organism is a gorgonian (soft coral), falling entirely outside the taxonomic scope of a Scleractinian data pool. Furthermore, the provided text lacks extractable macroscopic regeneration rates."
Miller and Hay - 1998 - Effects of fish predation and seaweed competition on the survival and growth of corals.pdf,f46ad039-b2d6-4a0a-860d-98cf61f2a7de,1,1,literature/META_ANALYSIS_POOL/Miller and Hay - 1998 - Effects of fish predation and seaweed competition on the survival and growth of corals.pdf,Miller and Hay - 1998 - Effects of fish predation and seaweed competition on the survival and growth of corals.pdf,META_ANALYSIS_POOL,include_primary,needs_digitization,,0,1,0,1,0,0,0,0,0,1,0,0,manual_override,Primary experiment on predation and seaweed competition affecting coral growth and survival.,review_needed,,No audit record yet.
Moses and Hallock - 2015 - Coral Regeneration Assay.pdf,d09112aa-142c-46bf-bddf-1e2fd6d45003,1,1,literature/EXCLUDED_FINAL/Moses and Hallock - 2015 - Coral Regeneration Assay.pdf,Moses and Hallock - 2015 - Coral Regeneration Assay.pdf,EXCLUDED_FINAL,exclude_review,not_for_extraction,,0,0,0,0,0,0,0,0,0,0,0,0,carry_forward_prior_audit,"[Exclude] *Reason:* This is a book chapter describing the generalized protocols and methodology for conducting a coral regeneration assay. It does not contain original primary quantitative data for extraction. || [Exclude] This is a methodological book chapter, not a primary research article providing original, extractable quantitative data.",exclude_review,,"[Exclude] *Reason:* This is a book chapter describing the generalized protocols and methodology for conducting a coral regeneration assay. It does not contain original primary quantitative data for extraction. || [Exclude] This is a methodological book chapter, not a primary research article providing original, extractable quantitative data."
Barbara - Host and Symbiont Physiology During Wound Regeneration in Acropora pulchra Under.pdf,c9a7e412-6f2f-4baf-9cde-29e23e6aeeb0,1,1,literature/META_ANALYSIS_POOL/Barbara - Host and Symbiont Physiology During Wound Regeneration in Acropora pulchra Under.pdf,Barbara - Host and Symbiont Physiology During Wound Regeneration in Acropora pulchra Under.pdf,META_ANALYSIS_POOL,include_primary,ready_extract,,1,1,0,0,1,1,0,0,1,0,0,0,carry_forward_prior_audit,"[Include in Bins 1, 2] A robust primary data source providing extractable quantitative outcomes and variance for both growth costs and tissue regeneration probabilities under thermal stress.",include_primary,growth|rate,"[Include in Bins 1, 2] A robust primary data source providing extractable quantitative outcomes and variance for both growth costs and tissue regeneration probabilities under thermal stress."
Nagelkerken and Bak - 1998 - Differential regeneration of artificial lesions among sympatric morphs of the Caribbean corals Porit.pdf,8c205a55-4093-46c5-a7c2-e356c8bf6a7c,1,1,literature/META_ANALYSIS_POOL/Nagelkerken and Bak - 1998 - Differential regeneration of artificial lesions among sympatric morphs of the Caribbean corals Porit.pdf,Nagelkerken and Bak - 1998 - Differential regeneration of artificial lesions among sympatric morphs of the Caribbean corals Porit.pdf,META_ANALYSIS_POOL,include_primary,needs_digitization,,1,0,0,0,0,1,0,0,1,0,0,0,manual_override,Primary lesion-regeneration comparison among sympatric Porites morphs.,review_fulltext_needed,rate,"[Exclude] *Reason:* The provided text excerpt is deficient in raw extractable data. It describes the statistical significance of the findings but lacks the actual numerical means, variances, and sample sizes for the regeneration rates directly in the text."
Nagelkerken et al. - 1999 - Depth-related variation in regeneration of artificial lesions in the Caribbean corals Porites ast.pdf,b2eaa7a6-c475-4f8e-bec2-2a52585da7c3,1,1,literature/META_ANALYSIS_POOL/Nagelkerken et al. - 1999 - Depth-related variation in regeneration of artificial lesions in the Caribbean corals Porites ast.pdf,Nagelkerken et al. - 1999 - Depth-related variation in regeneration of artificial lesions in the Caribbean corals Porites ast.pdf,META_ANALYSIS_POOL,include_primary,needs_digitization,,1,0,0,0,0,1,1,1,1,0,0,0,manual_override,Primary depth-gradient lesion-regeneration study in Porites astreoides and Stephanocoenia michelinii.,include_primary_conflicted,rate,"[Exclude] *Reason:* While highly relevant for depth-related regeneration tradeoffs, the provided text snippet is deficient. The raw means and variances for the healing rates are completely missing from the text and are only depicted visually in the paper's figures. || [Include in Bin 1] A highly relevant primary study testing depth-related environmental influences on continuous regeneration rates. However, data extraction will require digitizing the figures, as the provided text is deficient in raw regeneration numbers."
Nicolet et al. - 2018 - Predation scars may influence host susceptibility to pathogens evaluating the role of corallivores.pdf,9f560a14-a39a-4d71-8d68-9c14a4001c75,1,1,literature/META_ANALYSIS_POOL/Nicolet et al. - 2018 - Predation scars may influence host susceptibility to pathogens evaluating the role of corallivores.pdf,Nicolet et al. - 2018 - Predation scars may influence host susceptibility to pathogens evaluating the role of corallivores.pdf,META_ANALYSIS_POOL,include_primary,needs_digitization,,0,0,0,1,1,0,0,0,0,1,0,0,manual_override,Primary test of whether corallivore scars alter pathogen susceptibility; relevant to wound consequences via disease risk.,review_fulltext_needed,,"[Exclude] *Reason:* The source text is functionally missing from the data pool, containing only introductory methodology without any results, primary quantitative data, or extractable outcomes. || [Exclude] Primary quantitative data cannot be extracted from the provided text fragments."
Okubo - 2008 - Size-independent investment allocation to regeneration and growth of the branching coral Acropora mu.pdf,d17e3c0b-32a1-4c10-94fa-7558d22f726e,1,1,literature/META_ANALYSIS_POOL/Okubo - 2008 - Size-independent investment allocation to regeneration and growth of the branching coral Acropora mu.pdf,Okubo - 2008 - Size-independent investment allocation to regeneration and growth of the branching coral Acropora mu.pdf,META_ANALYSIS_POOL,include_primary,needs_digitization,,1,1,0,0,0,0,1,1,0,0,0,0,manual_override,Primary branching-coral experiment on regeneration versus growth allocation.,review_fulltext_needed,,"[Exclude] While the study measures relevant outcomes for multiple bins, the provided text excerpts are deficient in extractable raw quantitative data (means, variances, and sample sizes). || [Exclude] While the study measures relevant outcomes for multiple bins, the provided text excerpts are severely truncated (mostly abstract and references) and deficient in extractable raw quantitative data (means, variances, and precise sample sizes)."
Oren et al. - 1997 - Effect of lesion size and shape on regeneration of the Red Sea coral Favia favus.pdf,84a7b2a4-6982-4dce-a39a-2d4f07d0176b,1,1,literature/META_ANALYSIS_POOL/Oren et al. - 1997 - Effect of lesion size and shape on regeneration of the Red Sea coral Favia favus.pdf,Oren et al. - 1997 - Effect of lesion size and shape on regeneration of the Red Sea coral Favia favus.pdf,META_ANALYSIS_POOL,include_primary,needs_digitization,,1,0,0,0,0,0,0,0,0,0,1,0,manual_override,Core lesion geometry paper for Favia favus.,review_fulltext_needed,,[Exclude] The provided text snippet is deficient in raw extractable data. It describes the statistical significance of the findings but lacks the actual numerical means and variances. || [Exclude] Primary quantitative parameters essential for meta-analysis cannot be extracted from the provided text fragments.
Oren et al. - 1997 - Oriented intra-colonial transport of 14C labeled materials during coral regeneration.pdf,86b70912-c65a-4dfd-8cdc-211d14ecd270,1,1,literature/MECHANISMS_ONLY/Oren et al. - 1997 - Oriented intra-colonial transport of 14C labeled materials during coral regeneration.pdf,Oren et al. - 1997 - Oriented intra-colonial transport of 14C labeled materials during coral regeneration.pdf,MECHANISMS_ONLY,include_mechanism_only,not_for_extraction,,0,0,0,0,1,0,0,0,0,0,0,1,carry_forward_prior_audit,"[Narrative/Mechanism Only] A foundational mechanism paper providing proof of extended colony integration and energetic resource translocation (Bin 5) during wound healing, but lacking extractable macroscopic Bins 1–4 data. || [Narrative/Mechanism Only] An exceptional mechanistic study demonstrating oriented intra-colonial transport of resources to regenerating lesions (colony integration) [1], but it lacks the continuous macroscopic recovery rates required for Bins 1–4 [1, 2].",include_mechanism_only,mechanism|rate,"[Narrative/Mechanism Only] A foundational mechanism paper providing proof of extended colony integration and energetic resource translocation (Bin 5) during wound healing, but lacking extractable macroscopic Bins 1–4 data. || [Narrative/Mechanism Only] An exceptional mechanistic study demonstrating oriented intra-colonial transport of resources to regenerating lesions (colony integration) [1], but it lacks the continuous macroscopic recovery rates required for Bins 1–4 [1, 2]."
"Oren et al. - 1998 - Prudent sessile feeding by the corallivore snail, Coralliophila violacea on coral energy sinks.pdf",dde2eb4e-630f-4dd2-a809-c749772d9523,1,1,"literature/MECHANISMS_ONLY/Oren et al. - 1998 - Prudent sessile feeding by the corallivore snail, Coralliophila violacea on coral energy sinks.pdf","Oren et al. - 1998 - Prudent sessile feeding by the corallivore snail, Coralliophila violacea on coral energy sinks.pdf",MECHANISMS_ONLY,include_mechanism_only,not_for_extraction,,0,0,0,0,1,1,0,0,1,1,0,0,manual_override,"Predator-behavior/energy-sink paper useful for narrative context, but not an extractable wound-response dataset.",review_fulltext_needed,,"[Exclude] Paper is missing from the data pool, preventing any data extraction."
Oren et al. - 2001 - Colony Integration during Regeneration in the Stony Coral Favia favus.pdf,a3b88246-eb7f-49ed-a997-67c6d36e9413,1,1,literature/META_ANALYSIS_POOL/Oren et al. - 2001 - Colony Integration during Regeneration in the Stony Coral Favia favus.pdf,Oren et al. - 2001 - Colony Integration during Regeneration in the Stony Coral Favia favus.pdf,META_ANALYSIS_POOL,include_primary,needs_digitization,,1,0,1,0,1,0,0,0,0,0,0,1,manual_override,Primary regeneration and colony-integration experiment central to the translocation hypothesis.,include_primary_needs_fulltext,rate|reproduction,"[Exclude] While this study measures the exact variables required for Bins 1 and 3, the provided text excerpts are deficient in raw extractable data (means and variances), making extraction impossible without visual digitization of the original manuscript's figures. || [Include in Bins 1, 3] A foundational study explicitly testing the localized regeneration hypothesis versus colony integration by measuring healing rates and localized reproductive costs [4]. However, data extraction will require accessing the full manuscript's tables or digitizing its figures."
Page and Willis - 2008 - Epidemiology of skeletal eroding band on the Great Barrier Reef and the role of injury in the initia.pdf,d7f996dc-c00b-423c-b424-965cd78f9d1b,1,1,literature/META_ANALYSIS_POOL/Page and Willis - 2008 - Epidemiology of skeletal eroding band on the Great Barrier Reef and the role of injury in the initia.pdf,Page and Willis - 2008 - Epidemiology of skeletal eroding band on the Great Barrier Reef and the role of injury in the initia.pdf,META_ANALYSIS_POOL,include_primary,needs_digitization,,0,0,0,1,1,0,0,0,0,1,0,0,manual_override,"Injury-initiation experiment relevant to disease-mediated consequences of damage, with lesion progression rates.",review_fulltext_needed,rate|growth,"[Exclude] The paper focuses on ciliate colonization and disease, lacking an extractable, standardized daily continuous tissue healing rate or comparison of macroscopic somatic growth costs. || [Exclude] The paper focuses on ciliate colonization and disease [8, 9], lacking an extractable, standardized daily continuous tissue healing rate or comparison of macroscopic somatic growth costs [7]."
Palacio-Castro et al. - 2023 - Increased dominance of heat-tolerant symbionts cre.pdf,,0,1,literature/EXCLUDED_FINAL/Palacio-Castro et al. - 2023 - Increased dominance of heat-tolerant symbionts cre.pdf,Palacio-Castro et al. - 2023 - Increased dominance of heat-tolerant symbionts cre.pdf,EXCLUDED_FINAL,exclude_scope,not_for_extraction,,0,0,0,0,0,0,0,0,1,0,0,0,manual_override,Symbiont/heat paper without injury treatment.,review_needed,,No audit record yet.
Palacios et al. - 2014 - Fish corallivory on a pocilloporid reef and experimental coral responses to predation.pdf,3f852e08-6b2f-488b-9351-0f78b2ba41a5,1,1,literature/META_ANALYSIS_POOL/Palacios et al. - 2014 - Fish corallivory on a pocilloporid reef and experimental coral responses to predation.pdf,Palacios et al. - 2014 - Fish corallivory on a pocilloporid reef and experimental coral responses to predation.pdf,META_ANALYSIS_POOL,include_primary,needs_digitization,,0,1,0,1,0,0,0,0,0,1,0,0,manual_override,Primary corallivory-response paper linking predation to coral performance.,review_fulltext_needed,,"[Exclude] The source text is missing from the data pool, preventing any data extraction. || [Exclude] The source text is missing from the data pool, preventing any data extraction [10, 11]."
Palmer et al. - 2011 - Corals Use Similar Immune Cells and Wound-Healing Processes as Those of Higher Organisms.pdf,2e735d26-55d4-4833-a8a9-56496e2d0d3c,1,1,literature/MECHANISMS_ONLY/Palmer et al. - 2011 - Corals Use Similar Immune Cells and Wound-Healing Processes as Those of Higher Organisms.pdf,Palmer et al. - 2011 - Corals Use Similar Immune Cells and Wound-Healing Processes as Those of Higher Organisms.pdf,MECHANISMS_ONLY,include_mechanism_only,not_for_extraction,,0,0,0,0,1,0,0,0,0,0,0,0,manual_override,Important mechanistic wound-healing paper with immune-cell focus.,review_needed,,No audit record yet.
Paradis et al. - 2019 - Compound effects of thermal stress and tissue abrasion on photosynthesis and respiration in the reef.pdf,b2fc2ce3-e11e-4453-a3be-0df3d15d5454,1,1,literature/MECHANISMS_ONLY/Paradis et al. - 2019 - Compound effects of thermal stress and tissue abrasion on photosynthesis and respiration in the reef.pdf,Paradis et al. - 2019 - Compound effects of thermal stress and tissue abrasion on photosynthesis and respiration in the reef.pdf,MECHANISMS_ONLY,include_mechanism_only,not_for_extraction,,0,0,0,0,1,1,0,0,1,0,0,0,carry_forward_prior_audit,"[Narrative/Mechanism Only] This is a highly relevant physiological study demonstrating that abrasion combined with thermal stress severely limits coral energy balance (Bin 5), but it lacks the extractable macroscopic tissue/calcification outcomes necessary for Bins 1–4. || [Narrative/Mechanism Only] This is a highly relevant physiological study demonstrating that abrasion combined with thermal stress severely limits coral energy balance [16], but it lacks the extractable macroscopic tissue/calcification outcomes necessary for Bins 1–4 [13].",include_mechanism_only,mechanism,"[Narrative/Mechanism Only] This is a highly relevant physiological study demonstrating that abrasion combined with thermal stress severely limits coral energy balance (Bin 5), but it lacks the extractable macroscopic tissue/calcification outcomes necessary for Bins 1–4. || [Narrative/Mechanism Only] This is a highly relevant physiological study demonstrating that abrasion combined with thermal stress severely limits coral energy balance [16], but it lacks the extractable macroscopic tissue/calcification outcomes necessary for Bins 1–4 [13]."
Pavia Jr and Estacion - 2019 - Survival and Growth of Isolated Polyps of Galaxea fascicularis (Linnaeus 1767) on Six Kinds of Cultu.pdf,2eab453f-4b4d-4f55-9502-32cb410dbaad,1,1,literature/EXCLUDED_FINAL/Pavia Jr and Estacion - 2019 - Survival and Growth of Isolated Polyps of Galaxea fascicularis (Linnaeus 1767) on Six Kinds of Cultu.pdf,Pavia Jr and Estacion - 2019 - Survival and Growth of Isolated Polyps of Galaxea fascicularis (Linnaeus 1767) on Six Kinds of Cultu.pdf,EXCLUDED_FINAL,exclude_scope,not_for_extraction,,0,0,0,0,0,0,0,0,0,1,0,0,manual_override,Isolated-polyp culture paper outside the lesion-healing framework.,review_fulltext_needed,rate|growth|survival,"[Exclude] Primary quantitative data cannot be extracted from the provided text fragments. || [Exclude] Evaluates the aquaculture propagation, survival, and growth of isolated polyps on artificial substrates, rather than evaluating continuous tissue regeneration from a wound or the somatic costs of repairing an injury [2, 3]."
Paz-García - 2006 - Temporal variation in the regeneration rate of artificial lesions in two morphotypes of Porites pana.pdf,6f750c49-3261-482c-ade2-373835f7cf40,1,1,literature/META_ANALYSIS_POOL/Paz-García - 2006 - Temporal variation in the regeneration rate of artificial lesions in two morphotypes of Porites pana.pdf,Paz-García - 2006 - Temporal variation in the regeneration rate of artificial lesions in two morphotypes of Porites pana.pdf,META_ANALYSIS_POOL,include_primary,needs_digitization,,1,0,0,0,0,1,1,1,1,0,0,0,manual_override,Primary regeneration-rate paper in Porites panamensis morphotypes.,review_needed,,No audit record yet.
Pisapia et al. - 2016 - Temporal consistency in background mortality of four dominant coral taxa along Australia’s Great Bar.pdf,df211e9f-33ed-4631-b952-6d5cf48724c8,1,1,literature/EXCLUDED_FINAL/Pisapia et al. - 2016 - Temporal consistency in background mortality of four dominant coral taxa along Australia’s Great Bar.pdf,Pisapia et al. - 2016 - Temporal consistency in background mortality of four dominant coral taxa along Australia’s Great Bar.pdf,EXCLUDED_FINAL,exclude_scope,not_for_extraction,,0,0,0,0,0,0,0,0,0,0,0,0,manual_override,Background mortality monitoring without an injury treatment or wound-response endpoint.,review_fulltext_needed,growth,"[Exclude] While the study models the exact variables required for Bins 2 and 4, the provided text excerpts are deficient in raw extractable data (means and variances), providing only model significance outputs (p-values and AIC scores). || [Exclude] The study models the relationships between partial mortality and growth, but the provided text is deficient in the raw numerical means and variances required for PRISMA-standard effect size extraction [6, 7]."
Pogoreutz et al. - 2017 - Sugar enrichment provides evidence for a role of n.pdf,,0,1,literature/EXCLUDED_FINAL/Pogoreutz et al. - 2017 - Sugar enrichment provides evidence for a role of n.pdf,Pogoreutz et al. - 2017 - Sugar enrichment provides evidence for a role of n.pdf,EXCLUDED_FINAL,exclude_scope,not_for_extraction,,0,0,0,0,0,0,0,0,0,0,0,0,manual_override,Nitrogen-fixation/sugar-enrichment physiology study without injury treatment.,review_needed,,No audit record yet.
Putnam and Gates - 2015 - Preconditioning in the reef-building coral Pocillo.pdf,,0,1,literature/EXCLUDED_FINAL/Putnam and Gates - 2015 - Preconditioning in the reef-building coral Pocillo.pdf,Putnam and Gates - 2015 - Preconditioning in the reef-building coral Pocillo.pdf,EXCLUDED_FINAL,exclude_scope,not_for_extraction,,0,0,0,0,0,0,0,0,0,0,0,0,manual_override,Preconditioning/thermal-acclimation study not centered on wounding.,review_needed,,No audit record yet.
Rapuano et al. - 2023 - Coming of age Annual onset of coral reproduction is determined by age rather than size.pdf,f03ad219-9305-4be5-87b2-05d117103745,1,1,literature/EXCLUDED_FINAL/Rapuano et al. - 2023 - Coming of age Annual onset of coral reproduction is determined by age rather than size.pdf,Rapuano et al. - 2023 - Coming of age Annual onset of coral reproduction is determined by age rather than size.pdf,EXCLUDED_FINAL,exclude_scope,not_for_extraction,,0,0,0,0,0,0,0,0,0,1,0,0,manual_override,Reproductive timing paper not tied to physical damage or regeneration.,review_fulltext_needed,reproduction,"[Exclude] The study explicitly evaluates the reproductive costs of fragmentation, but the provided text excerpts are deficient in the raw extractable data (means and variances) for these metrics. || [Exclude] The study explicitly evaluates the reproductive costs of fragmentation, but the provided text is deficient in the raw extractable means and variances for these reproductive metrics [8, 10]."
Raymundo et al. - 2016 - Effects of Coralliophila violacea on tissue loss in the scleractinian corals Porites spp. depend on.pdf,06ab1757-8fe9-4325-96ed-6f3106b325e4,1,1,literature/META_ANALYSIS_POOL/Raymundo et al. - 2016 - Effects of Coralliophila violacea on tissue loss in the scleractinian corals Porites spp. depend on.pdf,Raymundo et al. - 2016 - Effects of Coralliophila violacea on tissue loss in the scleractinian corals Porites spp. depend on.pdf,META_ANALYSIS_POOL,include_primary,needs_digitization,,0,1,0,1,0,1,0,0,1,1,0,0,manual_override,Primary corallivore tissue-loss study relevant to wound consequences and colony performance.,review_fulltext_needed,rate,"[Exclude] Focuses primarily on categorical and histological assessments of host responses rather than providing continuous, extractable macroscopic temporal healing rates or precise mortality comparisons against an un-wounded control. || [Exclude] Focuses on categorical and histological assessments of host responses to predation rather than providing continuous, extractable macroscopic temporal healing rates [14, 15]."
Renegar et al. - Coral Ultrastructural Response to Elevated pCO2 and Nutrients During Tissue Repair and Regeneration.pdf,3c3ec990-34c7-4bdb-bb49-e8d31bf6c201,1,1,literature/MECHANISMS_ONLY/Renegar et al. - Coral Ultrastructural Response to Elevated pCO2 and Nutrients During Tissue Repair and Regeneration.pdf,Renegar et al. - Coral Ultrastructural Response to Elevated pCO2 and Nutrients During Tissue Repair and Regeneration.pdf,MECHANISMS_ONLY,include_mechanism_only,not_for_extraction,,0,0,0,0,1,1,0,0,1,0,0,0,manual_override,Ultrastructural/tissue-repair paper better suited for mechanistic narrative than pooled macro endpoints.,review_needed,,No audit record yet.
Renegar - 2015 - Histology and ultrastructure of Montastraea cavernosa  and Porites astreoides during regeneration an.pdf,6587b0e6-d462-492e-b2aa-177f3d11247d,1,1,literature/MECHANISMS_ONLY/Renegar - 2015 - Histology and ultrastructure of Montastraea cavernosa  and Porites astreoides during regeneration an.pdf,Renegar - 2015 - Histology and ultrastructure of Montastraea cavernosa  and Porites astreoides during regeneration an.pdf,MECHANISMS_ONLY,include_mechanism_only,not_for_extraction,,0,0,0,0,1,0,0,0,0,0,0,0,manual_override,Dissertation focused on histology and ultrastructure during regeneration and recruitment.,review_needed,,No audit record yet.
Rice et al. - 2019 - Different nitrogen sources speed recovery from corallivory and uniquely alter the microbiome of a re.pdf,0ccdd954-1740-44d7-a2c6-6280125057b5,1,1,literature/META_ANALYSIS_POOL/Rice et al. - 2019 - Different nitrogen sources speed recovery from corallivory and uniquely alter the microbiome of a re.pdf,Rice et al. - 2019 - Different nitrogen sources speed recovery from corallivory and uniquely alter the microbiome of a re.pdf,META_ANALYSIS_POOL,include_primary,needs_digitization,,1,0,0,0,1,0,0,0,1,1,0,0,manual_override,Primary corallivory-recovery paper with nutrient-source effects on wound outcomes and microbiome.,include_primary_needs_fulltext,growth|rate,"[Exclude] A highly relevant paper testing the interaction of thermal stress, corallivory, and nutrients, but the provided text snippets are deficient in raw extractable data (means, variances, and sample sizes). || [Include in Bins 1, 2] A robust primary experimental study assessing the interactive effects of seawater warming, nutrient enrichment, and corallivory on tissue regeneration and growth [3]. Effect sizes must be extracted via figure digitization."
Rice et al. - 2021 - Complex interactions with nutrients and sediment a.pdf,002a60bc-55c8-4fdb-860a-1169fc99b2a8,1,1,literature/META_ANALYSIS_POOL/Rice et al. - 2021 - Complex interactions with nutrients and sediment a.pdf,Rice et al. - 2021 - Complex interactions with nutrients and sediment a.pdf,META_ANALYSIS_POOL,include_primary,needs_digitization,,1,0,0,1,0,1,0,0,1,0,0,0,manual_override,Primary multi-stressor corallivory paper linking nutrients and sediment to tissue-loss and recovery outcomes.,include_primary_conflicted,rate|survival,"[Exclude] While the study's design and sample sizes are perfectly detailed, the raw extractable means and variances for the continuous macroscopic outcomes (healing rates and mortality) are missing from the provided text snippets. || [Include in Bins 1, 4] A highly relevant multi-stressor field experiment, but raw numerical effect sizes for healing and partial mortality must be digitized from the manuscript's figures."
Rinkevich - 1996 - Do reproduction and regeneration in damaged corals compete for energy allocation.pdf,c7986629-6d1d-454e-891d-dbd1b6664310,1,1,literature/MECHANISMS_ONLY/Rinkevich - 1996 - Do reproduction and regeneration in damaged corals compete for energy allocation.pdf,Rinkevich - 1996 - Do reproduction and regeneration in damaged corals compete for energy allocation.pdf,MECHANISMS_ONLY,include_mechanism_only,not_for_extraction,,0,0,0,0,1,0,0,0,0,1,0,1,manual_override,"Conceptual note framing the regeneration-reproduction trade-off; useful for hypothesis context, not effect-size extraction.",review_needed,,[Exclude] The study is a literature synthesis exploring the hypothesis of energetic trade-offs. It does not provide original primary experimental data for quantitative extraction. || [Exclude] The study is a literature synthesis exploring the hypothesis of energetic trade-offs. It does not provide original primary experimental data for quantitative extraction.
Rodríguez-Villalobos et al. - 2016 - Wound repair in Pocillopora.pdf,e2690aff-5a20-4205-9f93-4c0f46c8d749,1,1,literature/MECHANISMS_ONLY/Rodríguez-Villalobos et al. - 2016 - Wound repair in Pocillopora.pdf,Rodríguez-Villalobos et al. - 2016 - Wound repair in Pocillopora.pdf,MECHANISMS_ONLY,include_mechanism_only,not_for_extraction,,0,0,0,0,1,0,0,0,0,0,0,0,manual_override,Wound-repair paper focused on mechanistic/histological characterization in Pocillopora.,review_needed,,No audit record yet.
Rodríguez-Villalobos et al. - 2015 - Explained and unexplained tissue loss in corals fr.pdf,,0,1,literature/EXCLUDED_FINAL/Rodríguez-Villalobos et al. - 2015 - Explained and unexplained tissue loss in corals fr.pdf,Rodríguez-Villalobos et al. - 2015 - Explained and unexplained tissue loss in corals fr.pdf,EXCLUDED_FINAL,exclude_scope,not_for_extraction,,0,0,0,0,0,0,0,0,0,0,0,0,manual_override,Tissue-loss epidemiology paper rather than an experimental wound-response study.,review_needed,,No audit record yet.
Roff et al. - 2014 - Porites and the Phoenix effect unprecedented recovery after a mass coral bleaching event at Rangiro.pdf,0fef76ae-f8a7-4598-a71e-60277ed13b79,1,1,literature/EXCLUDED_FINAL/Roff et al. - 2014 - Porites and the Phoenix effect unprecedented recovery after a mass coral bleaching event at Rangiro.pdf,Roff et al. - 2014 - Porites and the Phoenix effect unprecedented recovery after a mass coral bleaching event at Rangiro.pdf,EXCLUDED_FINAL,exclude_scope,not_for_extraction,,0,0,0,0,0,1,0,0,1,0,0,0,manual_override,Bleaching-recovery paper without a physical injury treatment.,review_needed,rate,"[Exclude] The study assesses long-term (15-year) decadal recovery and the ""Phoenix effect"" at the reef/colony level. It lacks the controlled experimental wound-healing paradigm and the continuous macroscopic daily regeneration rates required for the data pool. || [Exclude] The study assesses long-term (15-year) decadal recovery and the ""Phoenix effect"" at the reef/colony level. It lacks the controlled experimental wound-healing paradigm and the continuous macroscopic daily regeneration rates required for the data pool."
Rotjan et al. - 2006 - Chronic parrotfish grazing impedes coral recovery after bleaching.pdf,33d2bc0d-ec51-4225-a216-bf74b34fa89d,1,1,literature/META_ANALYSIS_POOL/Rotjan et al. - 2006 - Chronic parrotfish grazing impedes coral recovery after bleaching.pdf,Rotjan et al. - 2006 - Chronic parrotfish grazing impedes coral recovery after bleaching.pdf,META_ANALYSIS_POOL,include_primary,needs_digitization,,0,0,0,1,1,0,0,0,0,1,0,0,manual_override,Primary coral-bleaching recovery study where chronic predation worsened post-bleaching performance.,include_mechanism_only,growth|mechanism|rate,"[Narrative/Mechanism Only] This paper provides excellent mechanistic data (Bin 5) demonstrating how chronic predation alters coral-algal symbioses and prolongs bleaching recovery, but it lacks the necessary raw macroscopic tissue/growth data for Bins 1–4. || [Exclude] Primary quantitative data cannot be extracted from the provided text fragments, and the focus is on cellular symbiont density recovery rather than macroscopic tissue regeneration rates [1]."
Rotjan and Lewis - 2009 - Predators selectively graze reproductive structures in a clonal marine organism.pdf,fe532d7a-f878-4a85-962a-7de43d06a80c,1,1,literature/META_ANALYSIS_POOL/Rotjan and Lewis - 2009 - Predators selectively graze reproductive structures in a clonal marine organism.pdf,Rotjan and Lewis - 2009 - Predators selectively graze reproductive structures in a clonal marine organism.pdf,META_ANALYSIS_POOL,include_primary,ready_extract,,1,0,1,0,0,0,0,0,0,0,0,0,carry_forward_prior_audit,"[Include in Bin 3] The study explicitly measures the localized reproductive costs of wounding. However, the raw effect sizes (means and variances) will need to be extracted by digitizing the figures, as the text excerpt is deficient. || [Include in Bin 3] The study explicitly measures the localized reproductive costs of wounding [14]. However, the raw effect sizes (means and variances) will need to be extracted by digitizing the figures, as the text excerpt is deficient in reporting them numerically [15].",include_primary,reproduction,"[Include in Bin 3] The study explicitly measures the localized reproductive costs of wounding. However, the raw effect sizes (means and variances) will need to be extracted by digitizing the figures, as the text excerpt is deficient. || [Include in Bin 3] The study explicitly measures the localized reproductive costs of wounding [14]. However, the raw effect sizes (means and variances) will need to be extracted by digitizing the figures, as the text excerpt is deficient in reporting them numerically [15]."
Sabine et al. - 2015 - Environmental conditions influence tissue regeneration rates in scleractinian corals.pdf,6da70b1c-7428-4a76-904c-b69d981f2824,1,1,literature/META_ANALYSIS_POOL/Sabine et al. - 2015 - Environmental conditions influence tissue regeneration rates in scleractinian corals.pdf,Sabine et al. - 2015 - Environmental conditions influence tissue regeneration rates in scleractinian corals.pdf,META_ANALYSIS_POOL,include_primary,needs_digitization,,1,0,0,0,0,0,0,0,1,0,0,0,manual_override,Primary tissue-regeneration study designed around environmental drivers of healing.,include_primary_needs_fulltext,rate,"[Include in Bin 1] A highly relevant primary study testing healing rates across different environmental/water quality gradients. However, data extraction will require accessing the full manuscript's tables or digitizing its figures, as the provided text is deficient in raw recovery rate numbers. || [Include in Bin 1] A highly relevant field study analyzing the effects of water quality (turbidity, flow, sedimentation) on continuous regeneration rates [4]. Data extraction will require figure digitization."
Samsuri et al. - 2018 - The effectiveness of Trapezia cymodoce in defendin.pdf,,0,1,literature/EXCLUDED_FINAL/Samsuri et al. - 2018 - The effectiveness of Trapezia cymodoce in defendin.pdf,Samsuri et al. - 2018 - The effectiveness of Trapezia cymodoce in defendin.pdf,EXCLUDED_FINAL,exclude_scope,not_for_extraction,,0,0,0,0,0,0,0,0,0,0,0,0,manual_override,Defensive-symbiont/predation ecology paper without direct healing measurements.,review_needed,,No audit record yet.
Sani et al. - 2024 - Ocean warming and acidification detrimentally affect coral tissue regeneration at a Mediterranean CO.pdf,2059b598-335f-4890-8512-6e1f86fed557,1,1,literature/META_ANALYSIS_POOL/Sani et al. - 2024 - Ocean warming and acidification detrimentally affect coral tissue regeneration at a Mediterranean CO.pdf,Sani et al. - 2024 - Ocean warming and acidification detrimentally affect coral tissue regeneration at a Mediterranean CO.pdf,META_ANALYSIS_POOL,include_primary,needs_digitization,,1,0,0,0,0,1,0,0,1,0,0,0,manual_override,Primary Mediterranean regeneration experiment under warming and acidification.,review_needed,,No audit record yet.
Sani et al. - 2024 - Ocean warming and acidification detrimentally affect coral tissue regeneration at a Mediterranean CO.pdf,8a06a65f-c6b4-427b-8157-52dd6f988da2,1,0,,,DUPLICATES,duplicate_alias,not_for_extraction,Sani et al. - 2024 - Ocean warming and acidification detrimentally affect coral tissue regeneration at a Mediterranean CO.pdf,0,0,0,0,0,1,0,0,0,0,0,0,duplicate_collapse,Duplicate NotebookLM alias of Sani et al. - 2024; the single local PDF is assigned to the retained primary row.,review_fulltext_needed,,"[Exclude] A highly relevant field study utilizing a natural CO2 vent gradient; however, the provided text excerpts are deficient in the raw numerical means and variances required for meta-analysis extraction (which reside in figures and supplementary tables). || [Exclude] A highly relevant field study utilizing a natural CO2 vent gradient; however, the provided text excerpts are deficient in the raw numerical means and variances required for continuous meta-analysis effect size extraction (which reside in figures and supplementary tables) [8, 12]."
Shantz et al. - 2023 - Positive interactions between corals and damselfis.pdf,,0,1,literature/EXCLUDED_FINAL/Shantz et al. - 2023 - Positive interactions between corals and damselfis.pdf,Shantz et al. - 2023 - Positive interactions between corals and damselfis.pdf,EXCLUDED_FINAL,exclude_scope,not_for_extraction,,0,0,0,0,0,0,0,0,0,0,0,0,manual_override,Damselfish interaction paper not centered on injury response.,review_needed,,No audit record yet.
Shaver et al. - 2017 - Effects of predation and nutrient enrichment on the success and microbiome of a foundational coral.pdf,9d6998fc-caf1-4dbd-883f-ad9b9184d062,1,1,literature/META_ANALYSIS_POOL/Shaver et al. - 2017 - Effects of predation and nutrient enrichment on the success and microbiome of a foundational coral.pdf,Shaver et al. - 2017 - Effects of predation and nutrient enrichment on the success and microbiome of a foundational coral.pdf,META_ANALYSIS_POOL,include_primary,needs_digitization,,0,1,0,1,1,1,0,0,1,1,0,0,manual_override,"Primary field experiment showing predation effects on growth, mortality, tissue loss, and microbiome in Acropora cervicornis.",include_mechanism_only,mechanism,"[Exclude] While the study models the exact variables required for Bins 2, 4, and 6 (Stressor), the provided text snippets are deficient in raw extractable data (means, variances, and precise sample sizes) for the macroscopic variables. || [Narrative/Mechanism Only] While the study models the macroscopic variables required for Bins 2 and 4, the provided text snippets are deficient in the raw extractable data (means and variances) necessary for meta-analysis [13, 14]. However, it provides highly valuable mechanistic data (Bin 5) regarding shifts in the coral microbiome in response to predation and nutrient enrichment [15, 17]."
Shirur et al. - 2016 - Lesion recovery and the bacterial microbiome in two Caribbean gorgonian corals.pdf,3b500dbd-57b5-46ab-83a1-bacffec122a8,1,1,literature/EXCLUDED_FINAL/Shirur et al. - 2016 - Lesion recovery and the bacterial microbiome in two Caribbean gorgonian corals.pdf,Shirur et al. - 2016 - Lesion recovery and the bacterial microbiome in two Caribbean gorgonian corals.pdf,EXCLUDED_FINAL,exclude_scope,not_for_extraction,,0,0,0,0,0,0,0,0,0,0,0,0,carry_forward_prior_audit,"[Exclude] The studied organisms are gorgonian soft corals, falling entirely outside the taxonomic scope of the Scleractinian regeneration data pool. || [Exclude] The studied organisms are gorgonian soft corals, falling entirely outside the taxonomic scope of the Scleractinian regeneration data pool [21, 22].",exclude_scope,,"[Exclude] The studied organisms are gorgonian soft corals, falling entirely outside the taxonomic scope of the Scleractinian regeneration data pool. || [Exclude] The studied organisms are gorgonian soft corals, falling entirely outside the taxonomic scope of the Scleractinian regeneration data pool [21, 22]."
Sogin et al. - 2016 - Metabolomic signatures of increases in temperature.pdf,,0,1,literature/EXCLUDED_FINAL/Sogin et al. - 2016 - Metabolomic signatures of increases in temperature.pdf,Sogin et al. - 2016 - Metabolomic signatures of increases in temperature.pdf,EXCLUDED_FINAL,exclude_scope,not_for_extraction,,0,0,0,0,0,1,0,0,1,0,0,0,manual_override,Metabolomic temperature study without physical damage.,review_needed,,No audit record yet.
Soong and Lang - 1992 - Reproductive Integration in Reef Corals.pdf,635d9cb2-270b-4bcc-b676-c84b81b0620b,1,1,literature/META_ANALYSIS_POOL/Soong and Lang - 1992 - Reproductive Integration in Reef Corals.pdf,Soong and Lang - 1992 - Reproductive Integration in Reef Corals.pdf,META_ANALYSIS_POOL,include_primary,needs_digitization,,0,0,1,0,1,0,0,0,0,0,0,1,manual_override,Primary reproductive-cost paper central to colony integration and trade-off hypotheses.,include_primary_conflicted,reproduction,"[Exclude] The source text is missing from the data pool, preventing any data extraction. || [Include in Bin 3] The study explicitly tests the localized reproductive costs of wounding and colony integration. However, the exact effect sizes (means and variances) will need to be extracted by digitizing the full manuscript's figures or tables."
Titlyanov et al. - 2005 - Regeneration of artificial injuries on scleractinian corals and coralalgal competition for newly fo.pdf,b269f689-c2c5-48a1-8ecb-f284c3ed7edc,1,1,literature/META_ANALYSIS_POOL/Titlyanov et al. - 2005 - Regeneration of artificial injuries on scleractinian corals and coralalgal competition for newly fo.pdf,Titlyanov et al. - 2005 - Regeneration of artificial injuries on scleractinian corals and coralalgal competition for newly fo.pdf,META_ANALYSIS_POOL,include_primary,needs_digitization,,1,0,0,0,0,0,0,0,0,1,0,0,manual_override,Primary artificial-injury regeneration dataset with coral-algal competition context.,include_primary_needs_fulltext,rate|growth,"[Include in Bins 1, 2] A highly relevant primary study that measures standardized growth and healing rates under varying abiotic conditions. However, data extraction will require digitizing the figures, as the provided text is deficient in raw numbers. || [Include in Bins 1, 2] A highly relevant primary study that measures standardized growth and healing rates under varying abiotic conditions (light intensity) and injury types. Data extraction will require figure digitization."
Titlyanov et al. - 2006 - Three stages of injuries regeneration on scleractinian corals.pdf,9c887b4c-dae5-4725-96db-948c2491e53d,1,1,literature/META_ANALYSIS_POOL/Titlyanov et al. - 2006 - Three stages of injuries regeneration on scleractinian corals.pdf,Titlyanov et al. - 2006 - Three stages of injuries regeneration on scleractinian corals.pdf,META_ANALYSIS_POOL,include_primary,needs_digitization,,1,0,0,0,1,0,0,0,1,1,0,0,manual_override,Primary staged-regeneration paper relevant to both wound dynamics and mechanism narrative.,include_primary_needs_fulltext,rate|growth,"[Include in Bins 1, 2] Provides the necessary data for both regeneration and growth costs across multiple injury phenotypes, but accurate effect sizes and variance (SD) must be extracted via figure digitization. || [Include in Bins 1, 2] Provides comprehensive categorical tracking of both regeneration speeds and whole-fragment growth costs across multiple injury phenotypes and morphological forms. Accurate effect sizes and variance must be extracted via figure digitization."
Titlyanov and Titlyanova - 2008 - Coral-algal competition on damaged reefs.pdf,2cd850ba-5662-43f4-afba-0ed8cf21b77f,1,1,literature/EXCLUDED_FINAL/Titlyanov and Titlyanova - 2008 - Coral-algal competition on damaged reefs.pdf,Titlyanov and Titlyanova - 2008 - Coral-algal competition on damaged reefs.pdf,EXCLUDED_FINAL,exclude_review,not_for_extraction,,0,0,0,0,0,0,0,0,0,1,0,0,manual_override,Review article on damaged reefs and coral-algal competition.,review_fulltext_needed,,"[Exclude] Primary text, methods, and quantitative data are missing from the provided excerpts. || [Exclude] Primary quantitative data cannot be extracted from the provided text fragments."
Titlyanov and Titlyanova - 2009 - The dynamics of the restoration of mechanical damage to colonies of the scleractinian coral Porites.pdf,292bbd72-e4b1-422c-8fbb-5b3201d2cd0c,1,1,literature/META_ANALYSIS_POOL/Titlyanov and Titlyanova - 2009 - The dynamics of the restoration of mechanical damage to colonies of the scleractinian coral Porites.pdf,Titlyanov and Titlyanova - 2009 - The dynamics of the restoration of mechanical damage to colonies of the scleractinian coral Porites.pdf,META_ANALYSIS_POOL,include_primary,needs_digitization,,1,0,0,0,0,0,0,0,0,1,0,0,manual_override,Primary regeneration study focused on Porites mechanical damage and restoration dynamics.,include_primary_conflicted,rate,"[Exclude] The provided text lacks the extractable raw numerical means, variances, and exact sample sizes necessary to quantify regeneration rates. || [Include in Bin 1] *(Update from previous evaluation based on newly provided text)*: The text explicitly provides extractable continuous healing rates and variances under controlled illumination conditions, making it suitable for temporal regeneration comparisons."
Townsend et al. - 2023 - Differing lesion recovery rates of two Caribbean stony coral species across a shallow water to mesop.pdf,347f789a-ef73-4089-aa77-0e46f2b2d196,1,1,literature/META_ANALYSIS_POOL/Townsend et al. - 2023 - Differing lesion recovery rates of two Caribbean stony coral species across a shallow water to mesop.pdf,Townsend et al. - 2023 - Differing lesion recovery rates of two Caribbean stony coral species across a shallow water to mesop.pdf,META_ANALYSIS_POOL,include_primary,needs_digitization,,1,0,0,0,0,0,1,1,1,0,0,0,manual_override,Primary comparative lesion-recovery study across depth/habitat.,include_primary_needs_fulltext,rate,"[Exclude] While the study models continuous regeneration across a depth gradient, the provided text excerpts are deficient in raw extractable data (means and variances), providing only statistical regression outputs. || [Include in Bin 1] A highly relevant field study analyzing how continuous tissue regeneration metrics change across a depth gradient (shallow to mesophotic). However, the raw effect sizes (means and variances) will need to be extracted or digitized from the manuscript's figures."
Traylor-Knowles - 2016 - Distinctive wound-healing characteristics in the c.pdf,,0,1,literature/DUPLICATES/Traylor-Knowles - 2016 - Distinctive wound-healing characteristics in the c.pdf,Traylor-Knowles - 2016 - Distinctive wound-healing characteristics in the c.pdf,DUPLICATES,duplicate_alias,not_for_extraction,Traylor-Knowles - 2016 - Distinctive wound-healing characteristics in the corals Pocillopora damicornis and Acropora hyacinth.pdf,0,0,0,0,0,0,0,0,0,0,0,0,manual_override,Truncated duplicate of the full Traylor-Knowles wound-healing paper.,review_needed,,No audit record yet.
Traylor-Knowles - 2016 - Distinctive wound-healing characteristics in the corals Pocillopora damicornis and Acropora hyacinth.pdf,4bbb3e36-0aa5-4900-b239-5002ab60869e,1,1,literature/MECHANISMS_ONLY/Traylor-Knowles - 2016 - Distinctive wound-healing characteristics in the corals Pocillopora damicornis and Acropora hyacinth.pdf,Traylor-Knowles - 2016 - Distinctive wound-healing characteristics in the corals Pocillopora damicornis and Acropora hyacinth.pdf,MECHANISMS_ONLY,include_mechanism_only,not_for_extraction,,0,0,0,0,1,0,0,0,0,0,0,0,manual_override,Mechanistic wound-healing comparison emphasizing cellular and immune characteristics rather than extractable macro-rate data.,review_fulltext_needed,rate,"[Exclude] The study reports the time to categorical appearance of qualitative healing features rather than a standardized, continuous daily regeneration rate. It also lacks extractable variance and precise sample sizes in the text. || [Exclude] The study reports the categorical time to the appearance of qualitative healing features rather than a standardized, continuous daily regeneration rate, and it lacks extractable variance (SD/SE) in the text."
Van De Water et al. - 2015 - Elevated seawater temperatures have a limited impact on the coral immune response following physical.pdf,52ab8446-3076-4c6b-84e1-6fcad1419ebf,1,1,literature/MECHANISMS_ONLY/Van De Water et al. - 2015 - Elevated seawater temperatures have a limited impact on the coral immune response following physical.pdf,Van De Water et al. - 2015 - Elevated seawater temperatures have a limited impact on the coral immune response following physical.pdf,MECHANISMS_ONLY,include_mechanism_only,not_for_extraction,,0,0,0,0,1,1,0,0,1,0,0,0,manual_override,Mechanistic immune-response study following physical damage under elevated temperature.,review_needed,,No audit record yet.
Van De Water et al. - 2015 - The coral immune response facilitates protection against microbes during tissue regeneration.pdf,f14968a0-2ca3-4c70-8902-48fef9e009ea,1,1,literature/MECHANISMS_ONLY/Van De Water et al. - 2015 - The coral immune response facilitates protection against microbes during tissue regeneration.pdf,Van De Water et al. - 2015 - The coral immune response facilitates protection against microbes during tissue regeneration.pdf,MECHANISMS_ONLY,include_mechanism_only,not_for_extraction,,0,0,0,0,1,0,0,0,0,0,0,0,manual_override,Mechanistic immune/microbe paper documenting rapid tissue regeneration without pooled macro effect sizes.,review_needed,,No audit record yet.
Van Veghel and Bak - 1994 - Reproductive characteristics of the polymorphic Caribbean reef building coral Montastrea annularis..pdf,2e76dce4-6cb4-46c0-b8c4-a1cc91b1578c,1,1,literature/META_ANALYSIS_POOL/Van Veghel and Bak - 1994 - Reproductive characteristics of the polymorphic Caribbean reef building coral Montastrea annularis..pdf,Van Veghel and Bak - 1994 - Reproductive characteristics of the polymorphic Caribbean reef building coral Montastrea annularis..pdf,META_ANALYSIS_POOL,include_primary,needs_digitization,,0,0,1,0,0,1,0,1,1,0,0,0,manual_override,Primary reproductive-cost paper used to quantify fecundity differences near lesions.,review_fulltext_needed,reproduction,"[Exclude] While the study explicitly targets the localized reproductive costs of wounding (Bin 3), the provided text excerpts only cover the methodology and are entirely deficient in the Results section needed to extract raw means and variances."
Van Woesik - 1998 - Lesion healing on massive Porites spp. corals.pdf,26d408bb-bf97-4b1a-8b59-a62f74d3d475,1,1,literature/META_ANALYSIS_POOL/Van Woesik - 1998 - Lesion healing on massive Porites spp. corals.pdf,Van Woesik - 1998 - Lesion healing on massive Porites spp. corals.pdf,META_ANALYSIS_POOL,include_primary,needs_digitization,,1,0,0,0,0,0,1,1,0,0,0,0,manual_override,Classic Porites lesion-healing paper with exponential models and lesion-size dependence.,include_primary_conflicted,rate,"[Exclude] The provided source text is completely deficient. The excerpt consists of only a single table caption (Table 1) without the accompanying data rows, making primary quantitative data extraction impossible. || [Include in Bin 1] Provides highly standardized, extractable quantitative data for continuous exponential tissue regeneration rates with clear variances and sample sizes directly in the text and tables [1, 4]."
Wahle - 1983 - Regeneration of injuries among jamaican gorgonians the roles of colony physiology and environment.pdf,4fc235cc-a40d-405f-b8f5-2e7a160ba81d,1,1,literature/EXCLUDED_FINAL/Wahle - 1983 - Regeneration of injuries among jamaican gorgonians the roles of colony physiology and environment.pdf,Wahle - 1983 - Regeneration of injuries among jamaican gorgonians the roles of colony physiology and environment.pdf,EXCLUDED_FINAL,exclude_scope,not_for_extraction,,0,0,0,0,0,1,0,0,1,0,0,0,carry_forward_prior_audit,"[Exclude] *Reason:* The studied organisms are gorgonian soft corals, falling entirely outside the taxonomic scope of a Scleractinian regeneration data pool [2]. || [Exclude] The studied organisms are gorgonian soft corals, falling entirely outside the taxonomic scope of a Scleractinian regeneration data pool [10].",exclude_scope,,"[Exclude] *Reason:* The studied organisms are gorgonian soft corals, falling entirely outside the taxonomic scope of a Scleractinian regeneration data pool [2]. || [Exclude] The studied organisms are gorgonian soft corals, falling entirely outside the taxonomic scope of a Scleractinian regeneration data pool [10]."
"Ward - 1995 - The effect of damage on the growth, reproduction and storage of lipids in the scleractinian coral Po.pdf",6dffe94d-a664-4a6c-8daf-f25ecfa5b50d,1,1,"literature/META_ANALYSIS_POOL/Ward - 1995 - The effect of damage on the growth, reproduction and storage of lipids in the scleractinian coral Po.pdf","Ward - 1995 - The effect of damage on the growth, reproduction and storage of lipids in the scleractinian coral Po.pdf",META_ANALYSIS_POOL,include_primary,needs_digitization,,0,1,1,1,0,0,0,0,0,1,0,0,manual_override,"Primary damage-cost experiment covering growth, lipids, reproduction, and mortality.",review_fulltext_needed,,"[Exclude] *Reason:* The source text is missing from the data pool, preventing any primary data extraction."
Welsh et al. - 2015 - Clustered parrotfish feeding scars trigger partial coral mortality of massive Porites colonies on th.pdf,32a1561c-9cd6-4e97-9287-c9e5eafafc22,1,1,literature/META_ANALYSIS_POOL/Welsh et al. - 2015 - Clustered parrotfish feeding scars trigger partial coral mortality of massive Porites colonies on th.pdf,Welsh et al. - 2015 - Clustered parrotfish feeding scars trigger partial coral mortality of massive Porites colonies on th.pdf,META_ANALYSIS_POOL,include_primary,needs_digitization,,0,0,0,1,0,0,1,1,0,0,0,0,manual_override,Primary field note on scar clustering and partial mortality in Porites.,review_fulltext_needed,,"[Exclude] *Reason:* Lacks the extractable raw continuous numerical means, variances, and precise sample sizes in the text for the requested primary variables [9, 10]. || [Exclude] Lacks the extractable raw continuous numerical means, variances, and precise sample sizes directly in the text for the requested primary variables [12]."
Wesseling et al. - 2001 - Partial Mortality in Porites Corals Variation among Philippine Reefs.pdf,d48f4420-bee1-4bd3-95e6-7f646095131b,1,1,literature/META_ANALYSIS_POOL/Wesseling et al. - 2001 - Partial Mortality in Porites Corals Variation among Philippine Reefs.pdf,Wesseling et al. - 2001 - Partial Mortality in Porites Corals Variation among Philippine Reefs.pdf,META_ANALYSIS_POOL,include_primary,ready_extract,,0,0,0,1,0,1,0,0,1,0,0,0,carry_forward_prior_audit,"[Include in Bin 4] *Reason:* Provides highly standardized, extractable quantitative field data (including exact means, SE, and sample sizes in Table 3) on the prevalence and size of natural background partial mortality across different spatial zones [11, 12]. || [Include in Bin 4] Provides highly standardized, extractable quantitative field data (including exact means, SE, and sample sizes in Table 3) on the prevalence and size of natural background partial mortality across different spatial zones [14, 15].",include_primary,survival,"[Include in Bin 4] *Reason:* Provides highly standardized, extractable quantitative field data (including exact means, SE, and sample sizes in Table 3) on the prevalence and size of natural background partial mortality across different spatial zones [11, 12]. || [Include in Bin 4] Provides highly standardized, extractable quantitative field data (including exact means, SE, and sample sizes in Table 3) on the prevalence and size of natural background partial mortality across different spatial zones [14, 15]."
Wolf and Nugues - 2013 - Synergistic effects of algal overgrowth and corallivory on Caribbean reef‐building corals.pdf,1d237b2c-1d5d-479a-985a-bde3d28a4fce,1,1,literature/META_ANALYSIS_POOL/Wolf and Nugues - 2013 - Synergistic effects of algal overgrowth and corallivory on Caribbean reef‐building corals.pdf,Wolf and Nugues - 2013 - Synergistic effects of algal overgrowth and corallivory on Caribbean reef‐building corals.pdf,META_ANALYSIS_POOL,include_primary,needs_digitization,,0,1,0,1,0,0,0,0,0,1,0,0,manual_override,Primary multi-stressor paper on corallivory and algal overgrowth effects on reef-building corals.,review_fulltext_needed,,"[Exclude] *Reason:* The source text is missing from the data pool, preventing any data extraction. || [Exclude] The source text is missing from the data pool, preventing any primary data extraction [16, 17]."
Work and Aeby - 2010 - Wound repair in Montipora capitata.pdf,e7ee472d-e9fc-4023-a4ff-b860c0de5b21,1,1,literature/MECHANISMS_ONLY/Work and Aeby - 2010 - Wound repair in Montipora capitata.pdf,Work and Aeby - 2010 - Wound repair in Montipora capitata.pdf,MECHANISMS_ONLY,include_mechanism_only,not_for_extraction,,0,0,0,0,1,0,0,0,0,0,0,0,carry_forward_prior_audit,"[Narrative/Mechanism Only] While deficient in continuous macroscopic recovery rates with extractable variance for Bins 1–4, this is a foundational mechanistic pathology paper (Bin 5). It provides critical cellular-level evidence showing that perforate corals like *Montipora* can regenerate via pluripotential basal body wall cells (forming ""islands of regeneration"") rather than relying strictly on tissue migration from the wound edge or an amoebocyte inflammatory response [2, 3]. || [Narrative/Mechanism Only] While deficient in the continuous macroscopic recovery rates and extractable variances required for Bins 1–4, this is a foundational mechanistic pathology paper (Bin 5). It provides critical cellular-level evidence showing that perforate corals like *Montipora* can regenerate via pluripotential basal body wall cells—forming ""islands of regeneration"" from the calicodermis—rather than relying strictly on tissue migration from the wound edge or a pronounced amoebocyte inflammatory response [2, 3, 7].",include_mechanism_only,rate|mechanism,"[Narrative/Mechanism Only] While deficient in continuous macroscopic recovery rates with extractable variance for Bins 1–4, this is a foundational mechanistic pathology paper (Bin 5). It provides critical cellular-level evidence showing that perforate corals like *Montipora* can regenerate via pluripotential basal body wall cells (forming ""islands of regeneration"") rather than relying strictly on tissue migration from the wound edge or an amoebocyte inflammatory response [2, 3]. || [Narrative/Mechanism Only] While deficient in the continuous macroscopic recovery rates and extractable variances required for Bins 1–4, this is a foundational mechanistic pathology paper (Bin 5). It provides critical cellular-level evidence showing that perforate corals like *Montipora* can regenerate via pluripotential basal body wall cells—forming ""islands of regeneration"" from the calicodermis—rather than relying strictly on tissue migration from the wound edge or a pronounced amoebocyte inflammatory response [2, 3, 7]."
Xu et al. - 2023 - Wound healing and regeneration in the reef building coral Acropora millepora.pdf,433e1015-ffac-46ef-ba6e-e4c132eac52b,1,1,literature/MECHANISMS_ONLY/Xu et al. - 2023 - Wound healing and regeneration in the reef building coral Acropora millepora.pdf,Xu et al. - 2023 - Wound healing and regeneration in the reef building coral Acropora millepora.pdf,MECHANISMS_ONLY,include_mechanism_only,not_for_extraction,,0,0,0,0,1,0,0,0,0,0,0,0,manual_override,Recent regeneration paper better positioned as mechanism synthesis unless full macro effect sizes are recovered later.,review_needed,,No audit record yet.
Yap and Gomez - 1984 - Growth of Acropora pulchra II. Responses of natural and transplanted colonies to temperature and da.pdf,9cbae935-6259-4ba6-a2ec-44d3f3bc0902,1,1,literature/META_ANALYSIS_POOL/Yap and Gomez - 1984 - Growth of Acropora pulchra II. Responses of natural and transplanted colonies to temperature and da.pdf,Yap and Gomez - 1984 - Growth of Acropora pulchra II. Responses of natural and transplanted colonies to temperature and da.pdf,META_ANALYSIS_POOL,include_primary,needs_digitization,,0,1,0,1,0,1,0,0,1,0,0,0,manual_override,Primary damage/transplant study with growth responses under temperature and disturbance.,review_needed,,No audit record yet.
