source_id,paper_title,taxon_raw,taxon_count,taxon_parse_status,genus_candidates,genus,genus_model_status,family_candidates,family,family_model_status,taxonomy_lookup_status,growth_form_raw,growth_form_standard_candidates,growth_form_standard,growth_form_model_status,tissue_type_raw,skeletal_porosity_raw_evidence,skeletal_porosity_candidates,skeletal_porosity,skeletal_porosity_model_status,study_type_raw,field_lab_mesocosm,field_lab_mesocosm_status,depth_min_m,depth_max_m,depth_mid_m,depth_span_m,initial_wound_area_raw,initial_wound_area_min_mm2,initial_wound_area_max_mm2,initial_wound_area_mid_mm2,initial_wound_area_status,wound_perimeter_raw,wound_perimeter_min_mm,wound_perimeter_max_mm,wound_perimeter_mid_mm,wound_perimeter_status,lesion_depth_raw,lesion_depth_min_mm,lesion_depth_max_mm,lesion_depth_mid_mm,lesion_depth_status,num_lesions_raw,num_lesions_min,num_lesions_max,num_lesions_mid,num_lesions_status,temperature_raw,temperature_min_c,temperature_max_c,temperature_mid_c,temperature_status,pH_or_pCO2_raw,pH_min,pH_max,pH_mid,pCO2_uatm_min,pCO2_uatm_max,pCO2_uatm_mid,carbonate_chemistry_status,nutrient_enrichment_raw,nutrient_enrichment_standard,sedimentation_raw,sedimentation_standard,flow_regime_raw,flow_regime_standard,light_raw,light_standard,symbiont_status_raw,symbiont_status_standard,lesion_method_raw,injury_mechanism_standard,lesion_type_raw,tissue_skeleton_involvement_standard,location_raw,site,country_territory,water_body,latitude,longitude,coordinate_basis,coordinate_confidence,covariate_readiness_status,covariate_blockers,covariate_warnings,notes
12e9e864-5ff1-42c4-a63d-19b5d62a7464,Bak and Es - REGENERATION OF SUPERFICIAL DAMAGE IN THE SCLERACTINIAN CORALS AGARCA AGARCTES F. PURPUREA AND P.pdf,"Agaricia agaricites f. purpurea, Porites astreoides",2,multi_taxon,Agaricia; Porites,,multi_taxon,Agariciidae; Poritidae,,multiple_families_not_collapsed,worms_scleractinia_match,"massive, encrusting, plating",massive_submassive; encrusting; plating_foliose,,multiple_growth_forms_not_collapsed,living surfaces,,,,porosity_missing,field,field,single_setting_ready,18,25,21.5,7,"100, 500",100,500,300,range_or_multiple_values,,,,,missing,,,,,missing,147,147,147,147,single_value,,,,,missing,,,,,,,,missing,,,,,,,,,,,method: Bak et al. 1977,,"tissue, tissue and skeleton",tissue_and_skeleton,"fringing reef 700-800 m northwest of the entrance of Piscadera Bay, southwest coast of Curacao",,Netherlands Antilles,,12.132222,-68.968611,reef_centroid,medium,covariates_partial,,multi_taxon_row_trait_moderators_need_observation_taxon; multiple_families_not_collapsed; growth_form_not_single_standard_category; skeletal_porosity_not_single_standard_category,"Regeneration of 1 cm2 and 5 cm2 lesions studied over 140 days in situ. [repair: Coordinates and temperature were not reported; growth forms were inferred from the standard morphologies of Porites astreoides (massive/encrusting) and Agaricia agaricites (encrusting/plating).] [agent repair: Multiple depth bands were explicitly reported. Lesion areas were reported as 1 cm2 and 5 cm2, converted here to 100 mm2 and 500 mm2. Coordinates and temperature were not recoverable.]"
dde85c3e-6c0d-4057-9a5a-116138865992,"Bak - 1983 - Neoplasia, regeneration and growth in the reef-building coral Acropora palmata.pdf",Acropora palmata,1,single_taxon,Acropora,Acropora,single_genus_ready,Acroporidae,Acroporidae,single_family_ready,worms_scleractinia_match,branched,branching,branching,single_growth_form_ready,branch,,,,porosity_missing,field,field,single_setting_ready,1,2,1.5,1,100,100,100,100,single_value,,,,,missing,,,,,missing,32,32,32,32,single_value,,,,,missing,,,,,,,,missing,,,,,,,,,,,compressed air; scraping protruding skeletal elements,air_or_water_jet; scraping_or_abrasion,"tissue, tissue and skeleton",tissue_and_skeleton,"southwest, leeward coast of Curacao",,Netherlands Antilles,Caribbean Sea,12.13,-69.13,coast_or_region_centroid,low,core_covariates_ready,,skeletal_porosity_not_single_standard_category,"Studied regeneration of 1 cm2 lesions alongside effects of natural neoplasia on growth. All A. palmata recovered from all lesions within 80 d. [repair: Coordinates and experimental or ambient temperatures were not explicitly reported in the study.] [agent repair: Depth was explicitly reported as 1-2 m. Lesion area was 1 cm2, converted here to 100 mm2. Growth form was branching. Coordinates and temperature were not explicitly reported.]"
12939915-cb9c-4190-9682-7477eb8d2698,Bonesso et al. - 2017 - Exposure to elevated sea-surface temperatures below the bleaching threshold impairs coral recovery a.pdf,Acropora aspera,1,single_taxon,Acropora,Acropora,single_genus_ready,Acroporidae,Acroporidae,single_family_ready,worms_scleractinia_match,branching,branching,branching,single_growth_form_ready,apical tips,,,,porosity_missing,mesocosm,mesocosm,single_setting_ready,0.3,0.3,0.3,0,,,,,missing,,,,,missing,30,30,30,30,single_value,,,,,missing,"26, 32",26,32,29,range_or_multiple_values,,,,,,,,missing,,,,,flow-through seawater with high turnover rate and internal pumps,present_or_manipulated,700-1500; full sunlight with no direct shading,absent_or_control,,,removal of apical tips (~3 cm of the apical region),,tissue and skeleton,tissue_and_skeleton,Heron Island reef flat,,Australia,Great Barrier Reef,-23.443389,151.911972,reported_exact,high,core_covariates_ready,,skeletal_porosity_not_single_standard_category; initial_wound_area_mid_mm2_missing,"Monitored GFP fluorescence, linear extension, and gene expression for catalase, HSP70, HSP90. [repair: Lesion area was not reported; the study only notes the removal of approximately 3 cm of the apical region.] [agent repair: Damage is described as apical-region removal rather than an explicit lesion area.]"
9616c9c9-f92f-4a43-8be4-4bd0b5875f3c,"Burmester et al. - 2017 - Temperature and symbiosis affect lesion recovery in experimentally wounded, facultatively symbiotic.pdf",Astrangia poculata,1,single_taxon,Astrangia,Astrangia,single_genus_ready,Astrangiidae,Astrangiidae,single_family_ready,worms_scleractinia_match,,,,growth_form_missing,single polyp,,,,porosity_missing,laboratory,lab,single_setting_ready,6,10,8,4,38.4,38.4,38.4,38.4,single_value,,,,,missing,,,,,missing,1,1,1,1,single_value,"9, 18, 24",9,24,16.5,range_or_multiple_values,,,,,,,,missing,,,,,flow-through aquarium system,present_or_manipulated,37.5; 10 h d−1 using T5 HO fluorescent lighting,present_or_manipulated,symbiotic and aposymbiotic,aposymbiotic,"single polyp removed using a scalpel, cleared of tissue using a Waterpik, surrounding skeleton filed to a uniform basal skeletal height",air_or_water_jet; scraping_or_abrasion; cutting_or_punch,tissue and skeleton,tissue_and_skeleton,"Fort Wetherill State Park in Jamestown, RI",Fort Wetherill State Park,USA,,41.477778,-71.359444,reported_exact,high,covariates_partial,,growth_form_not_single_standard_category; skeletal_porosity_not_single_standard_category,"Assessed how symbiotic state (symbiotic vs. aposymbiotic) and temperature deviations (winter 9 °C, elevated 24 °C) affected wound healing and tissue loss. [repair: Growth form was not explicitly reported in the text and cannot be unambiguously inferred for Astrangia poculata.] [agent repair: No additional explicit value recovered in this conservative pass; remaining fields appear unreported or too ambiguous to infer.]"
daec544d-cfab-46db-be2a-1d3596bc0395,Burmester et al. - 2018 - The impact of autotrophic versus heterotrophic nutritional pathways on colony health and wound recov.pdf,Astrangia poculata,1,single_taxon,Astrangia,Astrangia,single_genus_ready,Astrangiidae,Astrangiidae,single_family_ready,worms_scleractinia_match,solitary,solitary,solitary,single_growth_form_ready,single polyp and coenenchyme,,,,porosity_missing,laboratory,lab,single_setting_ready,6,10,8,4,34.28,34.28,34.28,34.28,single_value,,,,,missing,,,,,missing,1,1,1,1,single_value,18,18,18,18,single_value,,,,,,,,missing,fed (frozen copepod slurry 50 g/L) vs starved,present_or_manipulated,,,,,10-hr light cycles (14 hr dark) via T5 HO fluorescent lighting,present_or_manipulated,symbiotic or aposymbiotic,aposymbiotic,"single polyp and surrounding connective tissue removed using a scalpel, wound site cleaned via Waterpik",air_or_water_jet; cutting_or_punch,tissue,tissue_only,Fort Wetherill State Park in Jamestown RI,Fort Wetherill State Park,USA,,41.477778,-71.359444,reported_exact,high,core_covariates_ready,,skeletal_porosity_not_single_standard_category,"Assessed how symbiotic state (symbiotic vs. aposymbiotic) and nutritional state (fed vs. starved) affected wound healing, colony tissue cover, and polyp activity. [repair: Growth form was not explicitly reported in the text and cannot be unambiguously inferred for Astrangia poculata.] [agent repair: Growth form inferred from Astrangia poculata, which is a solitary coral. Growth-form label was not explicit in the text, but the inference is unambiguous.]"
26babed0-9e6c-4621-9dca-9253eb39b9fb,Cameron and Edmunds - 2014 - Effects of simulated fish predation on small colonies of massive Porites spp. and Pocillopora meandr.pdf,"Porites spp., Pocillopora meandrina",2,multi_taxon,Porites; Pocillopora,,multi_taxon,Poritidae; Pocilloporidae,,multiple_families_not_collapsed,worms_scleractinia_match,"massive, branching",branching; massive_submassive,,multiple_growth_forms_not_collapsed,"perforate, imperforate","tissue_type=perforate, imperforate",imperforate; perforate,,multiple_porosity_values_not_collapsed,field,field,single_setting_ready,2,3,2.5,1,"35, 105, 108",35,108,71.5,range_or_multiple_values,,,,,missing,1-5,1,5,3,range_or_multiple_values,1,1,1,1,single_value,29.00,29,29,29,single_value,,,,,,,,missing,,,,,,,1200,present_or_manipulated,,,pressurized seawater from a 60 ml syringe; snub-nose pliers to abrade,air_or_water_jet,"tissue, tissue and skeleton",tissue_and_skeleton,back reef along the north shore of Moorea,,French Polynesia,,-17.500000,-149.833333,reported_exact,high,covariates_partial,,multi_taxon_row_trait_moderators_need_observation_taxon; multiple_families_not_collapsed; growth_form_not_single_standard_category; skeletal_porosity_not_single_standard_category,"Simulated damage caused by fishes belonging to 3 functional feeding guilds: excavators, scrapers, and browsers. [repair: The study explicitly contrasts two taxa with different skeletal porosities, identifying Porites as perforate and Pocillopora as imperforate.]"
9f7a74ab-485d-44be-88c3-28c6b4a7c491,Chadwick and Loya - 1990 - Regeneration after experimental breakage in the solitary reef coral Fungia granulosa Klunzing.pdf,Fungia granulosa,1,single_taxon,Fungia,Fungia,single_genus_ready,Fungiidae,Fungiidae,single_family_ready,worms_scleractinia_match,solitary,solitary,solitary,single_growth_form_ready,,,,,porosity_missing,field,field,single_setting_ready,10,10,10,0,,,,,missing,,,,,missing,,,,,missing,,,,,missing,,,,,missing,,,,,,,,missing,,,,,,,,,,,broken into fragments with the aid of a hammer and chisel,fragmentation_or_breakage,fragmentation,fragmentation,"fringing coral reef adjacent to the H. Steinitz Marine Biology Laboratory, Eilat, Gulf of Eilat, Red Sea",H. Steinitz Marine Biology Laboratory,Israel,Red Sea,29.500000,34.916667,site_facility_centroid,high,core_covariates_ready,,skeletal_porosity_not_single_standard_category; initial_wound_area_mid_mm2_missing,"Studied regeneration after experimental breakage. Recovery depended on fracture orientation (parallel vs perpendicular to septa), fragment size, and percent breakage. [repair: Coordinates, tissue type (perforate/imperforate), precise initial lesion area, and experimental temperatures were not explicitly reported in the study.] [agent repair: Depth was explicitly reported as 10 m. Growth form was solitary. No explicit coordinates, tissue type, lesion area, or temperature were recoverable.]"
d4f87f68-6209-4973-bf99-fac310af5656,Coral-Damsel-Wounding-Manuscript.pdf,Pocillopora spp.,1,single_genus_species_ambiguous,Pocillopora,Pocillopora,single_genus_ready,Pocilloporidae,Pocilloporidae,single_family_ready,worms_scleractinia_match,branching,branching,branching,single_growth_form_ready,surface tissue,,,,porosity_missing,laboratory,lab,single_setting_ready,,,,,"148, 382",148,382,265,range_or_multiple_values,,,,,missing,,,,,missing,1,1,1,1,single_value,,,,,missing,,,,,,,,missing,2 g of TetraMarine Saltwater Flakes three times per day,present_or_manipulated,,,flow-through aquaria supplied with unfiltered seawater at ~6 L h-1,present_or_manipulated,ambient light,absent_or_control,,,airbrush fitted with a circular stencil to remove surface tissue,air_or_water_jet; scraping_or_abrasion,tissue,tissue_only,"northshore lagoon reef, Mo'orea",Richard B. Gump South Pacific Research Station,French Polynesia,,-17.500000,-149.833333,reported_exact,high,core_covariates_ready,,skeletal_porosity_not_single_standard_category; depth_mid_m_missing,"Tested whether coral-associated yellowtail damselfish (Dascyllus flavicaudus) facilitate wound healing, calcification, and photosynthetic recovery in Pocillopora spp. [repair: Numeric depth bounds and specific experimental or ambient temperatures were not explicitly reported in the study.] [agent repair: No additional explicit value recovered in this conservative pass; remaining fields appear unreported or too ambiguous to infer.]"
ec19aed9-6875-473a-accb-914b065e6e10,Counsell et al. - 2019 - Colony size and depth affect wound repair in a branching coral.pdf,Pocillopora meandrina,1,single_taxon,Pocillopora,Pocillopora,single_genus_ready,Pocilloporidae,Pocilloporidae,single_family_ready,worms_scleractinia_match,branching,branching,branching,single_growth_form_ready,branch,,,,porosity_missing,field,field,single_setting_ready,1,8,4.5,7,,,,,missing,,,,,missing,,,,,missing,108,108,108,108,single_value,26.77-27.25,26.77,27.25,27.01,range_or_multiple_values,,,,,,,,missing,,,,,,,,,,,breaking branches using bone cutters,cutting_or_punch; fragmentation_or_breakage,tissue and skeleton,tissue_and_skeleton,"four sites on O‘ahu, Hawai‘i","Lanikai, Kāne‘ohe Bay, Kewalo Shallow, Kewalo Deep",USA,Pacific Ocean,21.289800,-157.862800,reported_exact,high,core_covariates_ready,,skeletal_porosity_not_single_standard_category; initial_wound_area_mid_mm2_missing,"Investigated the effects of colony size, depth, and disturbance history (bleaching) on the wound repair of broken branches. Larger colonies and shallower colonies healed faster. [repair: Lesion area was not explicitly reported; the study only provided the mean wound diameter of 13.4 mm.]"
034d4e10-aee2-4964-9c77-cb6f4174bd3e,Cróquer et al. - 2002 - Environmental factors affecting tissue regeneration of the reef - building coral Montastraea annular.pdf,Montastraea annularis,1,single_taxon,Montastraea,Montastraea,single_genus_ready,Montastraeidae,Montastraeidae,single_family_ready,worms_scleractinia_match,massive,massive_submassive,massive_submassive,single_growth_form_ready,imperforate,tissue_type=imperforate,imperforate,imperforate,single_porosity_ready,field,field,single_setting_ready,1,1.5,1.25,0.5,,,,,missing,,,,,missing,,,,,missing,32,32,32,32,single_value,26-31,26,31,28.5,range_or_multiple_values,,,,,,,,missing,,,"0.16 g/cm2/day, 0.266 g/cm2/day",present_or_manipulated,,,,,,,scratching the coral surface with a hard-nylon brush; jetting out the tissue from the polyps using a syringe,scraping_or_abrasion,"tissue, tissue and skeleton",tissue_and_skeleton,"Dos Mosquises, Archipiélago Los Roques National Park",S1 (horseshoe reef) and S2 (fringing reef lagoon),Venezuela,,11.976667,-66.882500,reported_exact,high,core_covariates_ready,,initial_wound_area_mid_mm2_missing,"Lesion diameter ranged from 4.5-5 cm (small) to 7.5-8 cm (large). Evaluated tissue regeneration under different sedimentation regimes, lesion types (simulated parrotfish vs butterflyfish), sizes, and positions. [repair: Growth form and tissue type were inferred from the standard characteristics of Montastraea annularis, while initial lesion area was provided as a range of diameters rather than a explicitly stated area.] [agent repair: No additional explicit value recovered in this conservative pass; remaining fields appear unreported or too ambiguous to infer.]"
28b1e816-45f3-42fc-a2b0-0cfea52a0adc,"DeFilippo et al. - 2016 - Patterns of surface lesion recovery in the Northern Star Coral, Astrangia poculata.pdf",Astrangia poculata,1,single_taxon,Astrangia,Astrangia,single_genus_ready,Astrangiidae,Astrangiidae,single_family_ready,worms_scleractinia_match,,,,growth_form_missing,visible polyp and coenenchyme tissue,,,,porosity_missing,laboratory,lab,single_setting_ready,6,10,8,4,,,,,missing,,,,,missing,,,,,missing,1 or 2,1,2,1.5,range_or_multiple_values,18,18,18,18,single_value,,,,,,,,missing,targeted ad libitum feedings of copepods daily,present_or_manipulated,,,"integrated, flow-through aquarium system with ultraviolet-sterilized, particulate-filtered seawater",present_or_manipulated,high output (HO) T5 fluorescent fixtures (daylight and actinic bulb),present_or_manipulated,symbiotic and aposymbiotic,aposymbiotic,"removed visible polyp and coenenchyme tissue with a Waterpik, eroded raised corallite structure relatively flat with a diamond coated file",air_or_water_jet; scraping_or_abrasion,tissue and skeleton,tissue_and_skeleton,"Fort Wetherill National Park in Jamestown, Rhode Island",Fort Wetherill National Park,USA,,41.477778,-71.359444,site_facility_centroid,high,covariates_partial,,growth_form_not_single_standard_category; skeletal_porosity_not_single_standard_category; initial_wound_area_mid_mm2_missing,"Evaluated the response of symbiotic and aposymbiotic A. poculata to wounds of varying size and shape. Recovery originated primarily from tissue remnants within the lesion site, demonstrating a 'Phoenix effect' healing pattern. [repair: Coordinates were extracted as reported despite typographical errors in the source, while growth form and specific absolute initial lesion areas were not explicitly reported and could not be unambiguously inferred.] [agent repair: No additional explicit value recovered in this conservative pass; remaining fields appear unreported or too ambiguous to infer.]"
09f69156-3ca0-4bf2-98e2-fe2b25612587,Denis et al. - 2011 - Lesion regeneration capacities in populations of the massive coral Porites lutea at Réunion Island.pdf,Porites lutea,1,single_taxon,Porites,Porites,single_genus_ready,Poritidae,Poritidae,single_family_ready,worms_scleractinia_match,massive,massive_submassive,massive_submassive,single_growth_form_ready,perforate,tissue_type=perforate,perforate,perforate,single_porosity_ready,field,field,single_setting_ready,1,2,1.5,1,330,330,330,330,single_value,,,,,missing,3,3,3,3,single_value,,,,,missing,23.2-32.7,23.2,32.7,27.95,range_or_multiple_values,,,,,,,,missing,,,,,,,,,,,grinding stone (Dremel) powered by a pneumatic drill,drill_or_grinding,tissue and skeleton,tissue_and_skeleton,Réunion Island,"Planch’Alizé, Trou d’Eau, Varangue, Kiosque",Réunion,south-western Indian Ocean,-21.116667,55.533333,reported_exact,high,core_covariates_ready,,,"Evaluated the regeneration capacity of standard artificial lesions in Porites lutea across four sites and four seasons to assess the role of extrinsic environmental factors. [repair: Tissue type was inferred as perforate based on the standard biological classification of the focal genus Porites, as it was not explicitly stated in the text.]"
4d1dfa9c-9c0b-438d-bf33-ec928b7d6696,Denis_2013_Fast_Growth_May_Impair_Regeneration_Capacity_in_th..._doi-10.1371-journal.pone.0072618.pdf,Acropora muricata,1,single_taxon,Acropora,Acropora,single_genus_ready,Acroporidae,Acroporidae,single_family_ready,worms_scleractinia_match,branching,branching,branching,single_growth_form_ready,branch,,,,porosity_missing,field,field,single_setting_ready,1,2,1.5,1,104,104,104,104,single_value,,,,,missing,3,3,3,3,single_value,1,1,1,1,single_value,,,,,missing,,,,,,,,missing,,,,,,,,,C3 Symbiodinium,c3_symbiodinium,grinding stone,drill_or_grinding,tissue and skeleton,tissue_and_skeleton,west coast of Réunion Island at two shallow reef-flat sites,Planch’Alizé and Kiosque,Réunion,Indian Ocean,-21.116667,55.533333,reported_exact,high,core_covariates_ready,,skeletal_porosity_not_single_standard_category,Investigated relationships between skeletal growth and lesion regeneration in contrasting natural environments. Demonstrated a trade-off where fast growth associated with high zooxanthellae densities impaired regeneration capacity. [repair: Specific ambient or experimental temperature values were plotted in figures but not explicitly reported in the text.] [agent repair: Temperature was not reported as a single explicit study-level value.]
3d374a40-79d3-413b-99c2-670f9da97bef,"Dias et al. - 2018 - Mortality, growth and regeneration following fragmentation of reef-forming corals under thermal stre.pdf","Acropora tenuis, Pocillopora damicornis, Stylophora pistillata, Psammocora contigua, Montipora capricornis, Turbinaria reniformis, Echinopora lamellosa, Galaxea fascicularis",8,multi_taxon,Acropora; Pocillopora; Stylophora; Psammocora; Montipora; Turbinaria; Echinopora; Galaxea,,multi_taxon,Acroporidae; Pocilloporidae; Psammocoridae; Dendrophylliidae; Merulinidae; Euphylliidae,,multiple_families_not_collapsed,worms_scleractinia_match,"branching, plating, encrusting, massive",branching; massive_submassive; encrusting; plating_foliose,,multiple_growth_forms_not_collapsed,fragment,,,,porosity_missing,laboratory,lab,single_setting_ready,,,,,7.07,7.07,7.07,7.07,single_value,,,,,missing,,,,,missing,1,1,1,1,single_value,"26, 30, 32",26,32,29,range_or_multiple_values,pH 8.2-8.3,8.2,8.3,8.25,,,,ph_reported,,,,,"turnover rate of 5 times per hour, increased surface water motion using a powerhead",present_or_manipulated,320-345; 12 h light/ 12 h dark cycle,present_or_manipulated,,,circular injuries inflicted using a Dremel rotatory tool with a cutting disk,drill_or_grinding; cutting_or_punch,tissue and skeleton,tissue_and_skeleton,Oceanário de Lisboa (Portugal),Oceanário de Lisboa,Portugal,,38.763503,-9.093783,site_facility_centroid,high,covariates_partial,,multi_taxon_row_trait_moderators_need_observation_taxon; multiple_families_not_collapsed; growth_form_not_single_standard_category; skeletal_porosity_not_single_standard_category; depth_mid_m_missing,"Investigated mortality, growth, and regeneration of 9 Indo-Pacific coral species subjected to experimental injury and thermal stress. [repair: Coordinates and natural collection depths were not reported, as the study was conducted in a laboratory using captive coral colonies.] [agent repair: Explicit latitude/longitude were not reported in the accessible text. Numeric depth bounds were not explicitly reported in the accessible text.]"
c849a042-644e-4b4f-a530-33cfb800d9a9,E and Y - 1996 - Regeneration versus budding in fungiid corals a trade-off.pdf,"Fungia scutaria, Fungia granulosa, Fungia horrida",1,single_taxon,Fungia,Fungia,single_genus_ready,Fungiidae,Fungiidae,single_family_ready,worms_scleractinia_match,solitary,solitary,solitary,single_growth_form_ready,tissue and skeleton fragments,,,,porosity_missing,laboratory and field,field_and_lab,mixed_setting_not_collapsed,,,,,,,,,missing,,,,,missing,,,,,missing,,,,,missing,25,25,25,25,single_value,,,,,,,,missing,,,,,daily water changes in petri dishes; aerated sea water in aquaria,present_or_manipulated,12 h light: 12 h dark,present_or_manipulated,,,broken into wedge-shaped fragments; placement of putty on adult corallum; removal of surface tissues,fragmentation_or_breakage,fragmentation and tissue loss,fragmentation,coral reef in Ellat (Red Sea),,Israel,Red Sea,29.500000,34.916667,town_or_lab_centroid,medium,core_covariates_ready,,skeletal_porosity_not_single_standard_category; depth_mid_m_missing; initial_wound_area_mid_mm2_missing,"Investigated the mechanism of bud formation and a physiological trade-off between tissue regeneration and asexual budding in solitary fungiid corals after experimental damage. [repair: Coordinates, explicit numeric depth bounds, and exact initial lesion areas in mm^2 were not reported in the provided text.] [agent repair: Explicit latitude/longitude were not reported in the accessible text. Numeric depth bounds were not explicitly reported in the accessible text. A single directly comparable wound area was not explicitly reported.]"
b0949a7c-520e-4a37-af04-25979598ec2d,Edmunds and Lenihan - 2010 - Effect of sub-lethal damage to juvenile colonies of massive Porites spp. under contrasting regimes o.pdf,"Porites spp., Porites lutea, Porites lobata",1,single_genus_species_ambiguous,Porites,Porites,single_genus_ready,Poritidae,Poritidae,single_family_ready,worms_scleractinia_match,massive,massive_submassive,massive_submassive,single_growth_form_ready,tissue and skeleton,,,,porosity_missing,laboratory,lab,single_setting_ready,3,4,3.5,1,68,68,68,68,single_value,,,,,missing,1-2,1,2,1.5,range_or_multiple_values,2,2,2,2,single_value,"26.7, 29.6",26.7,29.6,28.15,range_or_multiple_values,,,,,,,,missing,,,,,6 and 21 cm s-1,present_or_manipulated,700; 12-h light/12-h dark cycle,present_or_manipulated,,,gouging with snub nose pliers,,tissue and skeleton,tissue_and_skeleton,lagoon of Moorea,,French Polynesia,,-17.500000,-149.833333,reported_exact,high,core_covariates_ready,,skeletal_porosity_not_single_standard_category,"Evaluated how sub-lethal damage interacts with temperature and water flow to affect growth, maximum dark-adapted quantum yield of PSII (Fv/Fm), and healing."
2e3b055f-28df-4def-97aa-660ac537a95f,Edmunds and Yarid - 2017 - The effects of ocean acidification on wound repair in the coral Porites spp..pdf,"Porites spp., Porites lutea, Porites lobata",1,single_genus_species_ambiguous,Porites,Porites,single_genus_ready,Poritidae,Poritidae,single_family_ready,worms_scleractinia_match,massive,massive_submassive,massive_submassive,single_growth_form_ready,perforate,tissue_type=perforate,perforate,perforate,single_porosity_ready,mesocosm,mesocosm,single_setting_ready,2,3,2.5,1,"99, 250",99,250,174.5,range_or_multiple_values,,,,,missing,"1-2, 5-6",1,6,3.5,range_or_multiple_values,1,1,1,1,single_value,"28.0, 28.8",28,28.8,28.4,range_or_multiple_values,"400, 1000 μatm",,,,400,1000,700,pco2_reported,,,,,supplied with fresh seawater at 100-200 mL min-1,present_or_manipulated,"373, 627",present_or_manipulated,,,snub-nose pliers to scrape a rectangular lesion,scraping_or_abrasion,tissue and skeleton,tissue_and_skeleton,back reef in Moorea,Richard B. Gump South Pacific Research Station,French Polynesia,,-17.487250,-149.886930,site_facility_centroid,medium,core_covariates_ready,,,"Tested the effects of ocean acidification (~400 vs ~1000 μatm PCO2) on calcification and tissue regeneration in massive Porites spp. following superficial (scraping) and deep (excavation) damage simulating corallivory. [repair: Coordinates were not explicitly reported; tissue type was inferred as perforate based on the standard biological classification of the focal genus Porites.] [agent repair: Temperature was explicitly reported as 28.1-29.0 C. Sample sizes were 2, 6, and 20. Coordinates and lesion area were not recoverable.]"
f7335f31-f560-4d42-9f0d-52fdbec8ece6,Meesters et al 1992 sedimentation and lesion position.pdf,"Acropora palmata, Diploria strigosa, Porites astreoides, Siderastrea siderea, Montastrea annularis",5,multi_taxon,Acropora; Diploria; Porites; Siderastrea; Montastraea,,multi_taxon,Acroporidae; Faviidae; Poritidae; Rhizangiidae; Montastraeidae,,multiple_families_not_collapsed,worms_scleractinia_match,"branching, massive",branching; massive_submassive,,multiple_growth_forms_not_collapsed,perforate,tissue_type=perforate,perforate,,single_porosity_candidate_multi_taxon_not_model_ready,field,field,single_setting_ready,3,6,4.5,3,78,78,78,78,single_value,,,,,missing,2,2,2,2,single_value,1,1,1,1,single_value,,,,,missing,,,,,,,,missing,,,24-107 g dry weight m-2 d-1,present_or_manipulated,,,"244, 829",present_or_manipulated,,,submersible drill with a small grinding point,drill_or_grinding,tissue and skeleton,tissue_and_skeleton,leeward fringing reefs of Curaçao,"Low, High, SedDown, SedUp",Netherlands Antilles,,12.13,-69.12,coast_or_region_centroid,low,covariates_partial,,multi_taxon_row_trait_moderators_need_observation_taxon; multiple_families_not_collapsed; growth_form_not_single_standard_category; skeletal_porosity_not_single_standard_category,"Studied the effects of long-term and short-term sedimentation stress, as well as intra-colony lesion position (top vs side) and photoadaptation, on tissue regeneration rates. [repair: Coordinates and experimental water temperatures were not reported, initial lesion area was provided as an approximate diameter rather than an exact area, and tissue type was explicitly noted as perforate for Porites astreoides.] [agent repair: Two depth bands were explicitly reported. Lesion area was approximately 0.78 cm2, converted here to 78 mm2. Growth form was branching. Temperature and coordinates were not recoverable.]"
348d7203-b68d-472c-89da-e3e6704b2f50,Eh and Rpm - 1995 - Age-related deterioration of a physiological function in the branching coral Acropora palmata.pdf,Acropora palmata,1,single_taxon,Acropora,Acropora,single_genus_ready,Acroporidae,Acroporidae,single_family_ready,worms_scleractinia_match,branching,branching,branching,single_growth_form_ready,perforate,tissue_type=perforate,perforate,perforate,single_porosity_ready,field,field,single_setting_ready,2,4,3,2,159.4,159.4,159.4,159.4,single_value,,,,,missing,1.90,1.9,1.9,1.9,single_value,1,1,1,1,single_value,,,,,missing,,,,,,,,missing,,,,,,,,,,,submersible pneumatic drill powered by a SCUBA tank and equipped with a small grinding point,drill_or_grinding,tissue and skeleton,tissue_and_skeleton,fringing reef in front of the Curaçao Seaquarium,Curaçao Seaquarium,Netherlands Antilles,Caribbean,12.083611,-68.895833,site_facility_centroid,high,core_covariates_ready,,,"Assessed regeneration potential of Acropora palmata at different distances from the branch tip (3, 12, and 66 cm). Regeneration capability decreased exponentially from tip to base, indicating age-related senescence. [repair: Coordinates and temperature were not explicitly reported, and tissue type was inferred as perforate based on the standard biological classification of the focal genus Acropora.] [agent repair: Depth was reported as 2-4 m. Lesion area was 1.59 cm2, converted here to 159 mm2. Growth form was branching. Coordinates and temperature were not recoverable.]"
1d9e4e6d-fe25-4609-b0ac-78fdb306c80b,Eh et al. - 1997 - Predicting regeneration of physical damage on a reef-building coral by regeneration capacity and les.pdf,Montastrea annularis,1,single_taxon,Montastraea,Montastraea,single_genus_ready,Montastraeidae,Montastraeidae,single_family_ready,worms_scleractinia_match,columnar,columnar,columnar,single_growth_form_ready,imperforate,tissue_type=imperforate,imperforate,imperforate,single_porosity_ready,field,field,single_setting_ready,4,6,5,2,"83, 183, 243, 406",83,406,244.5,range_or_multiple_values,,,,,missing,2.5,2.5,2.5,2.5,single_value,4,4,4,4,single_value,,,,,missing,,,,,,,,missing,,,,,,,,,,,small grinding stones attached to a pneumatic drill powered by a SCUBA tank,drill_or_grinding,tissue and skeleton,tissue_and_skeleton,southwestern coast of the island of Curaçao,Carmabi buoy 2,Netherlands Antilles,Caribbean,12.126389,-68.976111,site_facility_centroid,high,core_covariates_ready,,,"Presented a relationship predicting regeneration of physical damage based on regeneration capacity and lesion shape. Found that regeneration slows exponentially and is primarily determined by the initial length of the lesion perimeter. [repair: Coordinates and specific temperatures were not explicitly reported in the text, and tissue type was inferred as imperforate based on the standard biological classification of the focal species Montastraea annularis.] [agent repair: No additional explicit value recovered in this conservative pass; remaining fields appear unreported or too ambiguous to infer.]"
ad751939-b061-4323-9097-c1e7d2e9576f,Fine et al. - 2002 - Bleaching effect on regeneration and resource translocation in the coral Oculina patagonica.pdf,Oculina patagonica,1,single_taxon,Oculina,Oculina,single_genus_ready,Oculinidae,Oculinidae,single_family_ready,worms_scleractinia_match,encrusting,encrusting,encrusting,single_growth_form_ready,tissue,,,,porosity_missing,field,field,single_setting_ready,3,6,4.5,3,200,200,200,200,single_value,,,,,missing,,,,,missing,1,1,1,1,single_value,,,,,missing,,,,,,,,missing,,,,,,,,,"unbleached, partly bleached, and totally bleached",bleached_or_reduced_symbionts,air-pick jet,air_or_water_jet,tissue,tissue_only,"Sdot-Yam, Mediterranean coast of Israel",Sdot-Yam,Israel,Mediterranean Sea,32.496167,34.887167,site_facility_centroid,high,core_covariates_ready,,skeletal_porosity_not_single_standard_category,"Compared regeneration capabilities and intra-colonial translocation of 14C photosynthetic products in unbleached, partly bleached, and totally bleached colonies. Demonstrated a bleaching threshold of ~30-40% above which resource translocation to lesions is terminated. [repair: Specific experimental or ambient temperature values were not explicitly reported in the study.] [agent repair: No additional explicit value recovered in this conservative pass; remaining fields appear unreported or too ambiguous to infer.]"
a1e7fabd-36e1-4556-804c-e6f1a9c17581,Fisher et al. - 2007 - Lesion regeneration rates in reef-building corals Montastraea spp. as indicators of colony condition.pdf,"Montastraea spp., Montastraea faveolata, Montastraea annularis, Montastraea franksi",1,single_genus_species_ambiguous,Montastraea,Montastraea,single_genus_ready,Montastraeidae,Montastraeidae,single_family_ready,worms_scleractinia_match,boulder,massive_submassive,massive_submassive,single_growth_form_ready,imperforate,tissue_type=imperforate,imperforate,imperforate,single_porosity_ready,field,field,single_setting_ready,3,18,10.5,15,100-200,100,200,150,range_or_multiple_values,,,,,missing,3,3,3,3,single_value,,,,,missing,,,,,missing,,,,,,,,missing,,,,,,,,,,,leather punch,cutting_or_punch,tissue and skeleton,tissue_and_skeleton,Biscayne National Park (BNP) and the upper Florida Keys National Marine Sanctuary (FKNMS),"Alina’s Reef, Key Largo (KL) 6 m, White Banks (WB), Algae Reef (AR), KL 3 m, KL 9 m, KL 18 m",USA,,25.003500,-80.383667,reported_exact,high,core_covariates_ready,,,"Assessed regeneration rates of biopsy-induced lesions across sites and depths to evaluate their utility as indicators of coral health. Regeneration was dynamic and geographic location was the strongest factor affecting rates. [repair: Tissue type was inferred as imperforate based on the standard biological classification of the focal genus Montastraea, while specific experimental or ambient temperature values were not explicitly reported in the study.] [agent repair: Temperature was not reported as a single explicit study-level value.]"
3a3fb59c-a303-49f1-aa80-21ffe7d182cf,Fong and Lirman - 1995 - Hurricanes Cause Population Expansion of the Branching Coral Acropora palmata (Scleractinia).pdf,Acropora palmata,1,single_taxon,Acropora,Acropora,single_genus_ready,Acroporidae,Acroporidae,single_family_ready,worms_scleractinia_match,branching,branching,branching,single_growth_form_ready,branch,,,,porosity_missing,field,field,single_setting_ready,,,,,,,,,missing,,,,,missing,,,,,missing,5-8 per colony,5,8,6.5,range_or_multiple_values,,,,,missing,,,,,,,,missing,,,,,,,,,,,hurricane-generated broken branches,,tissue and skeleton,tissue_and_skeleton,"Elkhorn reef, in the northern region of the Florida Reef Tract",Elkhorn reef,USA,,25.362767,-80.166017,reported_exact,high,core_covariates_ready,,skeletal_porosity_not_single_standard_category; depth_mid_m_missing; initial_wound_area_mid_mm2_missing,"Measured the pattern and rate of wound-healing on colonies that were still standing after Hurricane Andrew, and the temporal changes in size-frequency distribution and upward growth of hurricane-generated fragments. [repair: Explicit numeric depth bounds and specific temperature values were not reported, and initial natural lesion areas varied widely across colonies rather than being a single standardized size.] [agent repair: No additional explicit value recovered in this conservative pass; remaining fields appear unreported or too ambiguous to infer.]"
6a14a9e9-da4e-425f-bf9d-59fa573487e1,"Guzmán et al. - 1994 - Injury, regeneration and growth of Caribbean reef corals after a major oil spill in Panama.pdf","Siderastrea siderea, Porites astreoides, Diploria clivosa, Diploria strigosa",3,multi_taxon,Siderastrea; Porites; Diploria,,multi_taxon,Rhizangiidae; Poritidae; Faviidae,,multiple_families_not_collapsed,worms_scleractinia_match,massive,massive_submassive,massive_submassive,single_growth_form_ready,"perforate, imperforate","tissue_type=perforate, imperforate",imperforate; perforate,,multiple_porosity_values_not_collapsed,field,field,single_setting_ready,0.5,6,3.25,5.5,570,570,570,570,single_value,,,,,missing,,,,,missing,1,1,1,1,single_value,,,,,missing,,,,,,,,missing,,,,,,,,,,,blasting,,artificial injury,artificial_injury,Caribbean coast of Panama,"LRE1, LRE2, PAYW, PAYN, JUG, PALW, DONR, DMA, MAR3, NARS, GALC, PM",Panama,Caribbean Sea,9.402032,-79.814606,bay_centroid,medium,covariates_partial,,multi_taxon_row_trait_moderators_need_observation_taxon; multiple_families_not_collapsed; skeletal_porosity_not_single_standard_category,"Studied the effects of a major oil spill on injury, regeneration, and growth of massive corals over 5 years. Regeneration was faster on oiled reefs, likely due to a reallocation of resources from growth and reproduction to regeneration. [repair: Coordinates and ambient water temperatures were not explicitly reported, tissue types were inferred as perforate (Porites) and imperforate (Diploria) based on the focal taxa, and sample sizes varied by experimental design.] [agent repair: Explicit latitude/longitude were not reported in the accessible text. Temperature was not reported as a single explicit study-level value.]"
e2191f69-a271-4c74-be4c-ebe977248362,Hall - 1997 - Interspecific differences in the regeneration of artificial injuries on scleractinian corals.pdf,"Goniastrea retiformis, Acropora hyacinthus, Acropora robusta, Acropora palifera, Acropora gemmifera, Acropora millepora, Acropora cytherea, Porites lichen, Porites mayeri, Porites australiensis, Pocillopora damicornis",4,multi_taxon,Goniastrea; Acropora; Porites; Pocillopora,,multi_taxon,Merulinidae; Acroporidae; Poritidae; Pocilloporidae,,multiple_families_not_collapsed,worms_scleractinia_match,"arborescent, tabular, submassive, bushy, massive, corymbose, digitate",branching; massive_submassive; plating_foliose,,multiple_growth_forms_not_collapsed,"perforate, imperforate","tissue_type=perforate, imperforate",imperforate; perforate,,multiple_porosity_values_not_collapsed,field,field,single_setting_ready,,,,,400,400,400,400,single_value,,,,,missing,2,2,2,2,single_value,2,2,2,2,single_value,,,,,missing,,,,,,,,missing,,,,,,,,,,,"compressed air from an air gun, hammer and chisel",air_or_water_jet; fragmentation_or_breakage,"tissue loss, scraping (tissue and skeleton), branch removal",tissue_and_skeleton,Lizard Island,"North Reef, Osprey Island",Australia,Great Barrier Reef,128409.000000,1458289.000000,reported_exact,high,covariates_partial,,multi_taxon_row_trait_moderators_need_observation_taxon; multiple_families_not_collapsed; growth_form_not_single_standard_category; skeletal_porosity_not_single_standard_category; depth_mid_m_missing,"Determined if regenerative ability differed among species with different morphologies, and if regeneration was influenced by the position of the injury within the colony or the type of injury (tissue loss, scraping, branch removal). [repair: Numeric depth bounds and temperatures were not explicitly reported; tissue types were inferred as perforate (Acropora, Porites) and imperforate (Pocillopora, Goniastrea) based on the standard biological classifications of the focal taxa.] [agent repair: Coordinates were reported in a nonstandard grid-like form and were preserved raw rather than converted. Lesion area was 4 cm2, converted here to 400 mm2. Depth and temperature were not recoverable.]"
b9536b7f-eb24-428a-8a9f-9750a74faa1f,Hall - 2001 - The response of Acropora hyacinthus and Montipora tuberculosa to three different types of colony dam.pdf,"Acropora hyacinthus, Montipora tuberculosa",2,multi_taxon,Acropora; Montipora,,multi_taxon,Acroporidae,Acroporidae,single_family_ready,worms_scleractinia_match,"tabular, foliaceous",plating_foliose,plating_foliose,single_growth_form_ready,perforate,tissue_type=perforate,perforate,,single_porosity_candidate_multi_taxon_not_model_ready,field,field,single_setting_ready,,,,,330,330,330,330,single_value,,,,,missing,1-2,1,2,1.5,range_or_multiple_values,,,,,missing,,,,,missing,,,,,,,,missing,,,,,,,,,,,"blowing tissue away with compressed air, dragging a fine chisel, chiselling away a small section",air_or_water_jet; fragmentation_or_breakage,"tissue mortality, scraping, breakage",fragmentation,"reef-crest at Mermaid Cove, Lizard Island, Australia",Mermaid Cove,Australia,,14840.000000,145828.000000,reported_exact,high,covariates_partial,,multi_taxon_row_trait_moderators_need_observation_taxon; skeletal_porosity_not_single_standard_category; depth_mid_m_missing,"Investigated the amount of regeneration and algal settlement in response to tissue mortality, scraping, and breakage injuries. Regeneration was up to four times greater for scraping injuries compared to tissue mortality and breakage. [repair: Numeric depth bounds and temperatures were not explicitly reported, while tissue type was inferred as perforate based on the standard biological classification of the focal genera Acropora and Montipora.] [agent repair: No additional explicit value recovered in this conservative pass; remaining fields appear unreported or too ambiguous to infer.]"
33b7b9b2-9041-454b-bba3-abfadd68029f,Hall et al. - 2015 - Lesion recovery of two scleractinian corals under low pH conditions Implications for restoration ef.pdf,"Porites porites, Porites astreoides",1,single_taxon,Porites,Porites,single_genus_ready,Poritidae,Poritidae,single_family_ready,worms_scleractinia_match,branching,branching,branching,single_growth_form_ready,fragment,,,,porosity_missing,laboratory,lab,single_setting_ready,8,8,8,0,"10, 250",10,250,130,range_or_multiple_values,,,,,missing,,,,,missing,1,1,1,1,single_value,26,26,26,26,single_value,"7.6, 8.1",7.6,8.1,7.85,,,,ph_reported,,,,,flow through aquarium tanks with water turnover adjusted to 50% aquarium volume per hour,present_or_manipulated,,,symbiotic,symbiotic,air brush,scraping_or_abrasion,tissue,tissue_only,"Wonderland Reef, Lower Keys portion of the Florida Keys National Marine Sanctuary",Wonderland Reef,USA,western Atlantic,24.561500,-81.503000,reported_exact,high,core_covariates_ready,,skeletal_porosity_not_single_standard_category,Investigated the effects of reduced pH and fragment size on lesion recovery rates and physiological responses of P. porites and P. astreoides microfragments. [repair: Initial lesion areas were directly converted to 10 and 250 mm^2 based on the study's explicit statement that lesions comprised 10% of the 1 cm^2 and 25 cm^2 fragments.]
2b8676ad-34ad-450c-8649-095d5be68458,Hall_Injury_and_regeneration_of_common_reef-crest_corals.pdf,"Acropora robusta, Acropora hyacinthus, Acropora palifera, Pocillopora damicornis, Porites mayeri, Porites lichen, Goniastrea retiformis, Acropora cytherea, Porites australiensis, Acropora millepora, Acropora gemmifera, Montipora tuberculosa",5,multi_taxon,Acropora; Pocillopora; Porites; Goniastrea; Montipora,,multi_taxon,Acroporidae; Pocilloporidae; Poritidae; Merulinidae,,multiple_families_not_collapsed,worms_scleractinia_match,"arborescent, tabular, submassive, bushy, massive, digitate, corymbose, foliaceous",branching; massive_submassive; plating_foliose,,multiple_growth_forms_not_collapsed,"perforate, imperforate","tissue_type=perforate, imperforate",imperforate; perforate,,multiple_porosity_values_not_collapsed,field,field,single_setting_ready,,,,,"330, 400",330,400,365,range_or_multiple_values,,,,,missing,1-2,1,2,1.5,range_or_multiple_values,"1, 2, 3",1,3,2,range_or_multiple_values,,,,,missing,,,,,,,,missing,,,,,,,,,,,"compressed air from an air gun, hammer and chisel",air_or_water_jet; fragmentation_or_breakage,"tissue loss, scraping (tissue and skeleton), branch removal",tissue_and_skeleton,"Lizard Island, Great Barrier Reef","South Reef, Lizard Head, Washing Machine, North Reef, Mermaid Cove",Australia,Great Barrier Reef,-14.666667,145.466667,reported_exact,high,covariates_partial,,multi_taxon_row_trait_moderators_need_observation_taxon; multiple_families_not_collapsed; growth_form_not_single_standard_category; skeletal_porosity_not_single_standard_category; depth_mid_m_missing,"Examined spatial and temporal patterns of natural injury, interspecific differences in regeneration from different artificial injury types (tissue, scraping, breakage) across morphological groups, and trade-offs between regeneration and reproduction. [repair: Numeric depth bounds and temperatures were not explicitly reported; tissue types were inferred as perforate (e.g., Acropora, Porites) and imperforate (e.g., Goniastrea, Pocillopora) based on the standard biological classifications of the focal taxa, and sample sizes varied depending on the specific experiment or survey.] [agent repair: Numeric depth bounds were not explicitly reported in the accessible text. Temperature was not reported as a single explicit study-level value.]"
58b15640-3061-4ea9-a606-877701eef38c,"Hamman - 2019 - Spatial distribution of damage affects the healing, growth, and morphology of coral.pdf",Porites spp.,1,single_genus_species_ambiguous,Porites,Porites,single_genus_ready,Poritidae,Poritidae,single_family_ready,worms_scleractinia_match,massive,massive_submassive,massive_submassive,single_growth_form_ready,perforate,tissue_type=perforate,perforate,perforate,single_porosity_ready,field,field,single_setting_ready,2,3,2.5,1,78.5,78.5,78.5,78.5,single_value,,,,,missing,,,,,missing,2,2,2,2,single_value,,,,,missing,,,,,,,,missing,,,,,,,,,,,Waterpik and 1 cm diameter circular stencil,air_or_water_jet,tissue,tissue_only,north shore of Moorea,"Cook’s Bay, Richard B. Gump South Pacific Research Station",French Polynesia,,-17.487250,-149.886930,site_facility_centroid,medium,core_covariates_ready,,,"Investigated the spatial configuration of lesions on coral recovery. Found that closely clustered lesions regenerated tissue more slowly and caused local reductions in linear skeletal extension compared to lesions spaced further apart. [repair: Coordinates and experimental temperatures were not explicitly reported, initial lesion size was provided as a diameter rather than an explicit area, and tissue type was inferred as perforate based on the focal genus Porites.] [agent repair: Area derived from the explicit 1 cm diameter circular stencil used to create lesions. No explicit geographic coordinates or single study-level temperature value were stated in the accessible text.]"
65ccf3b6-92c0-416b-93ba-1cfd827b1ba1,Horricks et al. - 2019 - Differential protein abundance during the first month of regeneration of the Caribbean star coral Mo.pdf,Montastraea cavernosa,1,single_taxon,Montastraea,Montastraea,single_genus_ready,Montastraeidae,Montastraeidae,single_family_ready,worms_scleractinia_match,massive/submassive,massive_submassive,massive_submassive,single_growth_form_ready,polyp core samples,,,,porosity_missing,field,field,single_setting_ready,10,12,11,2,"158.7, 159.8",158.7,159.8,159.25,range_or_multiple_values,,,,,missing,3,3,3,3,single_value,"1, 4",1,4,2.5,range_or_multiple_values,,,,,missing,,,,,,,,missing,,,,,,,,,normally pigmented brown,normally_pigmented_brown,diamond coring drill bit attached to a pneumatic drill,drill_or_grinding,tissue and skeleton,tissue_and_skeleton,coastal waters of Grenada and Carriacou,"Dragon Bay, Flamingo Bay, Quarter Wreck, Northern Exposure, Sandy Island, Whirlpool, Jackadam, Seaview",Grenada,Caribbean Sea,12.841767,-61.783567,reported_exact,high,core_covariates_ready,,skeletal_porosity_not_single_standard_category,"Determined regeneration rates and proteomic mechanisms of tissue regeneration. Monitored lesion size over time and identified 111 differentially abundant proteins associated with regeneration, inflammation, and antioxidant activity. [repair: Specific ambient or experimental water temperature values were not reported in the study.] [agent repair: Multiple site coordinates were preserved in raw form. Depth was 10-12 m. Sample sizes were 10, 14, 16, 30, and 124. Lesion areas were 1.587 and 1.598 cm2, converted here to 158.7 and 159.8 mm2. Growth form was massive/submassive. Temperature was not recoverable.]"
5f4a560f-1449-4b1d-96ad-236a0da5fcb7,Horwitz and Fine - 2014 - High CO2 detrimentally affects tissue regeneration of Red Sea corals.pdf,"Porites sp., Favia favus, Acropora eurystoma, Stylophora pistillata",4,multi_taxon,Porites; Favia; Acropora; Stylophora,,multi_taxon,Poritidae; Faviidae; Acroporidae; Pocilloporidae,,multiple_families_not_collapsed,worms_scleractinia_match,"massive, branching",branching; massive_submassive,,multiple_growth_forms_not_collapsed,colony and fragment,,,,porosity_missing,laboratory,lab,single_setting_ready,10,10,10,0,"314, 350",314,350,332,range_or_multiple_values,,,,,missing,,,,,missing,1,1,1,1,single_value,21.6-24.3,21.6,24.3,22.95,range_or_multiple_values,"400, 1800, 4000 µatm; pH 8.1, 7.6, 7.3",,,,7.3,4000,2003.65,pco2_reported,fed once a week with Artemia salina nauplii,present_or_manipulated,,,running seawater at 0.5 l min-1,present_or_manipulated,350-500,present_or_manipulated,,,regulator air-pick,air_or_water_jet,tissue,tissue_only,"Gulf of Aqaba, Red Sea",Interuniversity Institute (IUI) for Marine Sciences in Eilat,Israel,Red Sea,29.500000,34.916667,reported_exact,high,covariates_partial,,multi_taxon_row_trait_moderators_need_observation_taxon; multiple_families_not_collapsed; growth_form_not_single_standard_category; skeletal_porosity_not_single_standard_category,"Investigated the effects of increased pCO2 (ocean acidification) on the tissue regeneration capacity, total protein, and Symbiodinium density of four coral species with contrasting life histories. [repair: Sample sizes were explicitly reported depending on the specific analyses conducted (n=6 for regeneration, n=4 for protein/Symbiodinium/chlorophyll).]"
45fcfd8e-a2d2-4345-aec0-baeb03f883a4,Jayewardene et al. - 2009 - Effects of frequent fish predation on corals in Hawaii.pdf,"Pocillopora meandrina, Porites compressa, Porites lobata",2,multi_taxon,Pocillopora; Porites,,multi_taxon,Pocilloporidae; Poritidae,,multiple_families_not_collapsed,worms_scleractinia_match,"branching, massive",branching; massive_submassive,,multiple_growth_forms_not_collapsed,nubbins (branches),,,,porosity_missing,field,field,single_setting_ready,2,12,7,10,90,90,90,90,single_value,,,,,missing,,,,,missing,up to 4 bites per tile,4,4,4,single_value,,,,,missing,,,,,,,,missing,,,,,,,,,,,fish bites by Arothron meleagris and Cantherhines dumerilii,natural_or_biotic_predation,tissue and skeleton,tissue_and_skeleton,nine shallow coral reefs located in the Main Hawaiian Islands,"Portlock, Wawaloli Beach, Puako, Anaehoomalu Bay, Wawaloli FMA, Wawaloli FMAshallow, Papawai, Keei, Keeishallow, Hanauma Bay, Hanauma Bayshallow, Kealakakua Bay",USA,,20.525000,-157.300000,study_extent_midpoint,low,covariates_partial,,multi_taxon_row_trait_moderators_need_observation_taxon; multiple_families_not_collapsed; growth_form_not_single_standard_category; skeletal_porosity_not_single_standard_category,"Quantified abundance of fish bite lesions on corals and measured predation intensity using out-planted coral nubbins exposed to natural predation. Modeled risk of over-predation, which decreased exponentially with increasing coral cover. [repair: Coordinates and ambient or experimental temperatures were not explicitly reported, and sample sizes varied depending on the specific survey or experimental component.] [agent repair: Depth was explicitly reported as 6-12 m. Sample size was 150. Coordinates and temperature were not recoverable.]"
4cc9b30b-9ed8-4123-82aa-2f182db391b7,Jayewardene - 2010 - Experimental determination of the cost of lesion healing on Porites compressa growth.pdf,Porites compressa,1,single_taxon,Porites,Porites,single_genus_ready,Poritidae,Poritidae,single_family_ready,worms_scleractinia_match,finger-like,,,growth_form_missing,nubbin,,,,porosity_missing,laboratory,lab,single_setting_ready,2,2,2,0,90,90,90,90,single_value,,,,,missing,10,10,10,10,single_value,1,1,1,1,single_value,23.8-25.1,23.8,25.1,24.45,range_or_multiple_values,,,,,,,,missing,,,,,continuous flow (7-8 l min-1) of sea water,present_or_manipulated,shaded from direct irradiance,present_or_manipulated,,,7-inch wire cutter,cutting_or_punch,tissue and skeleton,tissue_and_skeleton,Hawaii Institute of Marine Biology (HIMB),Hawaii Institute of Marine Biology,USA,,21.432700,-157.787700,site_facility_centroid,high,covariates_partial,,growth_form_not_single_standard_category; skeletal_porosity_not_single_standard_category,"Determined the cost of tissue regeneration across simulated Arothron meleagris bite scars on the growth of P. compressa nubbins of three size classes (1, 2, and 4 cm). Lesions healed completely within ~36 days with little long-term effect on growth rates. [repair: Coordinates were not explicitly reported in the study.] [agent repair: No additional explicit value recovered in this conservative pass; remaining fields appear unreported or too ambiguous to infer.]"
acf00158-0890-4388-9a0e-da9194664ef6,Kaufman et al. - 2021 - Thermal history influences lesion recovery of the threatened Caribbean staghorn coral Acropora cervi.pdf,Acropora cervicornis,1,single_taxon,Acropora,Acropora,single_genus_ready,Acroporidae,Acroporidae,single_family_ready,worms_scleractinia_match,branching,branching,branching,single_growth_form_ready,fragment,,,,porosity_missing,laboratory,lab,single_setting_ready,9,9,9,0,"32, 35",32,35,33.5,range_or_multiple_values,,,,,missing,,,,,missing,1,1,1,1,single_value,28,28,28,28,single_value,,,,,,,,missing,fed every other day with Reef Chili,present_or_manipulated,,,"pumps and air bubblers, daily water changes",present_or_manipulated,,,Symbiodinium fitti,symbiodinium_fitti,band saw,,tissue and skeleton,tissue_and_skeleton,"Florida Reef Tract; coral nursery off Key Biscayne, Miami, Florida",Key Biscayne Nursery,USA,,25.676000,-80.098000,reported_exact,high,core_covariates_ready,,skeletal_porosity_not_single_standard_category,"Evaluated lesion recovery of A. cervicornis genets from different thermal regimes under heat stress. Heat stress slowed recovery significantly, but genets from warmer donor reefs healed more rapidly under heat stress than those from cooler reefs."
04e10b24-592e-4cf3-8f94-226c7904262d,Kramarsky-Winter and Loya - 2000 - Tissue regeneration in the coral Fungia granulosa  the effect of extrinsic and intrinsic factors.pdf,Fungia granulosa,1,single_taxon,Fungia,Fungia,single_genus_ready,Fungiidae,Fungiidae,single_family_ready,worms_scleractinia_match,solitary,solitary,solitary,single_growth_form_ready,,,,,porosity_missing,field and laboratory,field_and_lab,mixed_setting_not_collapsed,8,8,8,0,,,,,missing,,,,,missing,surface tissue,,,,missing,1,1,1,1,single_value,"21, 24",21,24,22.5,range_or_multiple_values,,,,,,,,missing,fed weekly on Marine Cuisine Carnivore Diet,present_or_manipulated,,,water changed every 4 d in lab,present_or_manipulated,50; 12 h light:12 h dark,present_or_manipulated,,,air pick attached to an underwater regulator,air_or_water_jet,tissue,tissue_only,"near the H. Steinitz Marine Biological Laboratory, Eilat",H. Steinitz Marine Biological Laboratory,Israel,Red Sea,29.500000,34.916667,site_facility_centroid,high,core_covariates_ready,,skeletal_porosity_not_single_standard_category; initial_wound_area_mid_mm2_missing,"Investigated the effects of lesion size, coral size, reproductive state, season, and temperature on tissue regeneration in the free-living solitary coral Fungia granulosa. [repair: Coordinates were not explicitly reported, initial lesion sizes were given as percentages of total surface area rather than absolute areas, and tissue type was left null due to potential ambiguity for the focal genus Fungia.] [agent repair: No explicit coordinates, depth, sample size, temperature, lesion area, or unambiguous tissue-form recovery was found in the NotebookLM pass.]"
40359446-8345-4a72-8169-af86ad3de9d6,Lenihan and Edmunds - 2010 - Response of Pocillopora verrucosa to corallivory varies with environmental conditions.pdf,Pocillopora verrucosa,1,single_taxon,Pocillopora,Pocillopora,single_genus_ready,Pocilloporidae,Pocilloporidae,single_family_ready,worms_scleractinia_match,branching,branching,branching,single_growth_form_ready,branch,,,,porosity_missing,laboratory and field,field_and_lab,mixed_setting_not_collapsed,2,4,3,2,"96, 16-81",16,96,56,range_or_multiple_values,,,,,missing,1-2,1,2,1.5,range_or_multiple_values,"1, 2, 3",1,3,2,range_or_multiple_values,26.6-29.6,26.6,29.6,28.1,range_or_multiple_values,,,,,,,,missing,,,,,5-6 cm s-1 (low flow) and ~20 cm s-1 (high flow) in lab; 3.4 cm s-1 (seafloor) and 14.3 cm s-1 (bommies) in field,present_or_manipulated,621-808; 12:12 h light:dark cycle,present_or_manipulated,,,"snub-nose pliers, fish bites",natural_or_biotic_predation,tissue and skeleton,tissue_and_skeleton,"Richard B. Gump South Pacific Research Station, Moorea; mid-lagoon area near Cook's Bay",Cook's Bay,French Polynesia,,-17.500000,-149.833333,reported_exact,high,core_covariates_ready,,skeletal_porosity_not_single_standard_category,"Evaluated the interactive effects of partial predation (simulated and natural corallivory), flow speed, and temperature on coral growth and photosynthetic efficiency."
a67392b0-7a7e-43ad-917d-94febf750c1a,Lenihan et al. - 2015 - Hydrodynamics influence coral performance through simultaneous direct and indirect effects.pdf,Acropora elseyi,1,single_taxon,Acropora,Acropora,single_genus_ready,Acroporidae,Acroporidae,single_family_ready,worms_scleractinia_match,branching,branching,branching,single_growth_form_ready,nubbin,,,,porosity_missing,field,field,single_setting_ready,,,,,,,,,missing,,,,,missing,,,,,missing,,,,,missing,28.72-28.94,28.72,28.94,28.83,range_or_multiple_values,,,,,,,,missing,,,,,12-31 cm/s mean velocity,present_or_manipulated,,,,,fish bites,natural_or_biotic_predation,partial predation,partial_predation,Vaipahu Lagoon on the north shore of Mo‘orea,"L1, L2, L3, L4, L5",French Polynesia,Vaipahu Lagoon,-17.500000,-149.833333,reported_exact,high,core_covariates_ready,,skeletal_porosity_not_single_standard_category; depth_mid_m_missing; initial_wound_area_mid_mm2_missing,"Quantified the simultaneous direct and indirect effects of hydrodynamics on coral growth. Mean current velocity directly enhanced growth in the absence of predators, while velocity fluctuations (waves/turbulence) indirectly enhanced growth by reducing the abundance and bite rates of corallivorous fishes. [repair: Numeric depth bounds were not explicitly reported in the text, and the study measured natural corallivory on coral nubbins rather than creating standardized initial lesions.] [agent repair: No additional explicit value recovered in this conservative pass; remaining fields appear unreported or too ambiguous to infer.]"
cf0dfa52-c9e6-4d7f-9ae1-5970162a807f,Lester and Bak - 1985 - Effects of environment on regeneration rate of tissue lesions in the reef coral Montastrea annularis.pdf,Montastrea annularis,1,single_taxon,Montastraea,Montastraea,single_genus_ready,Montastraeidae,Montastraeidae,single_family_ready,worms_scleractinia_match,massive,massive_submassive,massive_submassive,single_growth_form_ready,colony,,,,porosity_missing,field,field,single_setting_ready,5,9,7,4,80,80,80,80,single_value,,,,,missing,,,,,missing,1,1,1,1,single_value,26.5-32,26.5,32,29.25,range_or_multiple_values,,,,,,,,missing,,,,,,,,,symbiotic,symbiotic,method Bak et al. 1977,,tissue,tissue_only,leeward coast of Curacao,"desalination-power plant, Awa Blancu",Netherlands Antilles,,12.067497,-68.793922,site_facility_centroid,medium,core_covariates_ready,,skeletal_porosity_not_single_standard_category,"Investigated the influence of environment on regeneration rates of artificially induced tissue lesions. Lesions regenerated significantly faster at the desalination-power plant site compared to the pristine reef, possibly due to occasional influxes of colder oceanic water at the pristine reef. [repair: Coordinates were not explicitly reported in the text, and growth form was inferred as massive based on the standard biological morphology of the focal species Montastrea annularis.] [agent repair: Explicit latitude/longitude were not reported in the accessible text.]"
e1fe67b6-7beb-43ff-bb09-b0b2262e6d05,"Lirman - 2000 - Fragmentation in the branching coral Acropora palmata (Lamarck) growth, survivorship, and reproduct.pdf",Acropora palmata,1,single_taxon,Acropora,Acropora,single_genus_ready,Acroporidae,Acroporidae,single_family_ready,worms_scleractinia_match,branching,branching,branching,single_growth_form_ready,colony and fragment,,,,porosity_missing,field,field,single_setting_ready,0.5,8,4.25,7.5,,,,,missing,,,,,missing,,,,,missing,1-3,1,3,2,range_or_multiple_values,,,,,missing,,,,,,,,missing,,,,,,,,,,,"storms, ship grounding, manual branch removal",,"fragmentation, branch removal",fragmentation,northern Florida Reef Tract and US Virgin Islands,"Elkhorn Reef, Ball Buoy Reef, Key Largo Dry Rocks, Little Grecian Reef, French Reef, Pickles Reef, Dry Tortugas, Saba Island, Hawksnest Bay, Buck Island","USA, US Virgin Islands","Caribbean Sea, Florida Reef Tract",25.308733,-80.199933,reported_exact,high,core_covariates_ready,,skeletal_porosity_not_single_standard_category; initial_wound_area_mid_mm2_missing,"Examined the incidence of fragmentation, survivorship of fragments across different substrata, and the long-term effects of fragmentation on growth and sexual reproduction of A. palmata following storm damage and ship groundings. [repair: Initial lesion areas and experimental temperatures were not explicitly reported, while sample sizes varied depending on the specific survey or experimental component.] [agent repair: Lesion sizes are reported as multiple size classes rather than a single study-level area value. Temperature was not reported as a single explicit study-level value.]"
3764e810-0eb0-4d34-baca-2c5136c95bc8,"Lirman - 2000 - Lesion regeneration in the branching coral Acropora palmata effects of colonization, colony size, l.pdf",Acropora palmata,1,single_taxon,Acropora,Acropora,single_genus_ready,Acroporidae,Acroporidae,single_family_ready,worms_scleractinia_match,branching,branching,branching,single_growth_form_ready,colony and fragment,,,,porosity_missing,field,field,single_setting_ready,0.1,0.5,0.3,0.4,"0-500, 500-1000, 1000-2000, >2000",0,2000,1000,range_or_multiple_values_approximate_or_censored,,,,,missing,,,,,missing,,,,,missing,,,,,missing,,,,,,,,missing,,,,,,,,,,,"boat grounding, Tropical Storm Gordon",,fragmentation,fragmentation,northern Florida Reef Tract,Elkhorn Reef,USA,Florida Reef Tract,25.362767,-80.166017,reported_exact,high,core_covariates_ready,,skeletal_porosity_not_single_standard_category,"Examined the regeneration of lesions caused by fragmentation of A. palmata. Recovery followed a negative exponential model and was influenced by initial lesion size and perimeter, but not by the presence of algal colonizers or the size of colonies or fragments. [repair: Coordinates, numeric depth bounds, and experimental or ambient temperatures were not explicitly reported in the study.] [agent repair: Explicit study coordinates were recovered from the methods; the reported lesion placement depth was 10-50 cm below low-water datum, converted here to 0.1-0.5 m. Temperature was not explicitly reported in a recoverable form.]"
d110a8f5-278e-4ba7-a502-32eb61aed5cb,Lirman et al. - 2010 - Propagation of the threatened staghorn coral Acropora cervicornis methods to minimize the impacts o.pdf,Acropora cervicornis,1,single_taxon,Acropora,Acropora,single_genus_ready,Acroporidae,Acroporidae,single_family_ready,worms_scleractinia_match,branching,branching,branching,single_growth_form_ready,branch,,,,porosity_missing,field,field,single_setting_ready,5.5,5.5,5.5,0,,,,,missing,,,,,missing,,,,,missing,2,2,2,2,single_value,,,,,missing,,,,,,,,missing,,,,,,,,,,,clipped using pliers,,fragmentation,fragmentation,"Biscayne National Park, Florida",staghorn coral nursery,USA,,25.362550,-80.166417,reported_exact,high,core_covariates_ready,,skeletal_porosity_not_single_standard_category; initial_wound_area_mid_mm2_missing,"Tested whether coral production is enhanced by removal of 2.5 and 3.5 cm branch tips from staghorn corals in a nursery, monitoring growth and survivorship of donor colonies and branch tips. [repair: Initial lesion areas were not explicitly reported as the study only provided the linear lengths of the clipped branch tips, and ambient or experimental water temperatures were not reported.] [agent repair: Growth form was explicitly branching. Lesion area and temperature were not recoverable.]"
070cf5f2-ae03-4d99-8e1b-7e07f8428803,Loya - 1976 - Skeletal regeneration in a Red Sea scleractinian coral population.pdf,Stylophora pistillata,1,single_taxon,Stylophora,Stylophora,single_genus_ready,Pocilloporidae,Pocilloporidae,single_family_ready,worms_scleractinia_match,branched,branching,branching,single_growth_form_ready,colony,,,,porosity_missing,field,field,single_setting_ready,3,4,3.5,1,,,,,missing,,,,,missing,,,,,missing,,,,,missing,,,,,missing,,,,,,,,missing,,,,,,,,,,,breaking branches with a diver's knife,fragmentation_or_breakage,breakage,fragmentation,Eilat,,Israel,"Gulf of Eilat, Red Sea",29.500000,34.916667,town_or_lab_centroid,medium,core_covariates_ready,,skeletal_porosity_not_single_standard_category; initial_wound_area_mid_mm2_missing,"Damaged colonies grew twice as fast as intact control colonies during the first 2 months of regeneration. Larger colonies showed a better capacity to resist damage than smaller colonies. [repair: Coordinates and ambient temperatures were not explicitly reported, and initial lesion sizes were described as percentages of colony volume lost to breakage rather than specific surface areas.] [agent repair: Explicit latitude/longitude were not reported in the accessible text. A single directly comparable wound area was not explicitly reported. Temperature was not reported as a single explicit study-level value.]"
6b96575e-9bf7-46f2-a12e-73b565f46629,Meesters and Bak - 1993 - Effects of coral bleaching on tissue regeneration potential and colony survival.pdf,"Montastrea annularis, Porites astreoides, Meandrina meandrites",3,multi_taxon,Montastraea; Porites; Meandrina,,multi_taxon,Montastraeidae; Poritidae; Meandrinidae,,multiple_families_not_collapsed,worms_scleractinia_match,"hemispherical, massive",massive_submassive,massive_submassive,single_growth_form_ready,colony,,,,porosity_missing,field,field,single_setting_ready,2,25,13.5,23,"130, 160",130,160,145,range_or_multiple_values,,,,,missing,,,,,missing,,,,,missing,27.8-30.8,27.8,30.8,29.3,range_or_multiple_values,,,,,,,,missing,,,,,,,,,zooxanthellate (normal and bleached),bleached_or_reduced_symbionts,artificial lesions,,tissue,tissue_only,leeward coast of Curacao,"Site 1, Site 2, Site 3",Netherlands Antilles,,12.1775,-68.2385,island_centroid,medium,covariates_partial,,multi_taxon_row_trait_moderators_need_observation_taxon; multiple_families_not_collapsed; skeletal_porosity_not_single_standard_category,"Assessed the influence of coral bleaching and long-term exposure to a thermal effluent on tissue regeneration of artificial lesions. Bleached colonies exhibited lower regeneration rates and higher mortality, while colonies exposed to the thermal effluent regenerated as rapidly as normal colonies, suggesting acclimatization. [repair: Coordinates were not explicitly reported in the source text.] [agent repair: Multiple depth bands were explicitly reported. Temperature was 27.8-30.8 C. Sample sizes were 1, 5, 9, 20, 24, 27, 31, and 50. Growth form was massive/hemispherical. Coordinates were not recoverable.]"
c84ce087-58f5-4e19-a373-34f57299f6d0,Meesters et al. - 1994 - Damage and regeneration links to growth in the reef-building coral Montastrea annularis.pdf,Montastrea annularis,1,single_taxon,Montastraea,Montastraea,single_genus_ready,Montastraeidae,Montastraeidae,single_family_ready,worms_scleractinia_match,columnar,columnar,columnar,single_growth_form_ready,core,,,,porosity_missing,field,field,single_setting_ready,7,7,7,0,170,170,170,170,single_value,,,,,missing,2.16 mm,2.16,2.16,2.16,single_value,1,1,1,1,single_value,,,,,missing,,,,,,,,missing,,,,,,,49.8 E m-2,present_or_manipulated,,,cylindrical grinding stone,drill_or_grinding,tissue and skeleton,tissue_and_skeleton,island of Curaçao,Carmabi buoy 1,Netherlands Antilles,,12.124722,-68.972222,site_facility_centroid,high,core_covariates_ready,,skeletal_porosity_not_single_standard_category,"Studied the influence of colony tissue regeneration on short-term growth by buoyant weighing. Growth was reduced in damaged cores and calcification remained suppressed even after regeneration slowed down. [repair: Coordinates were not explicitly reported in the text, and specific ambient temperature values for the study were not provided, only referenced as being close to 26-27 °C from another study.] [agent repair: No additional explicit value recovered in this conservative pass; remaining fields appear unreported or too ambiguous to infer.]"
398d01aa-1e0e-4c46-9989-8490ca8748d5,Meesters et al. - 1996 - Partial Mortality in Three Species of Reef-Building Corals and the Relation with Colony Morphology.pdf,"Acropora palmata, Diploria strigosa, Porites astreoides",3,multi_taxon,Acropora; Diploria; Porites,,multi_taxon,Acroporidae; Faviidae; Poritidae,,multiple_families_not_collapsed,worms_scleractinia_match,"branching, massive",branching; massive_submassive,,multiple_growth_forms_not_collapsed,"colony, branch",,,,porosity_missing,field,field,single_setting_ready,1.5,3.5,2.5,2,10->10000,10,10000,5005,range_or_multiple_values_approximate_or_censored,,,,,missing,,,,,missing,,,,,missing,,,,,missing,,,,,,,,missing,,,,,,,,,,,bottom associated and non-bottom associated processes,,tissue,tissue_only,"coast of the Caribbean island of Curacao, Netherlands Antilles","Avila beach hotel, Carmabi buoy 2, Seaquarium",Netherlands Antilles,Caribbean Sea,12.105,-68.926,study_extent_midpoint,medium,covariates_partial,,multi_taxon_row_trait_moderators_need_observation_taxon; multiple_families_not_collapsed; growth_form_not_single_standard_category; skeletal_porosity_not_single_standard_category,"Quantified partial tissue mortality in three coral species with distinctly different colony morphologies. Found that lesion type and size relate to colony morphology, where species with high perimeter-to-surface-area ratios are more vulnerable to bottom-associated (Type II) lesions. [repair: Coordinates and experimental or ambient water temperatures were not explicitly reported in the study.] [agent repair: Explicit latitude/longitude were not reported in the accessible text. Temperature was not reported as a single explicit study-level value.]"
f46ad039-b2d6-4a0a-860d-98cf61f2a7de,Miller and Hay - 1998 - Effects of fish predation and seaweed competition on the survival and growth of corals.pdf,"Porites divaracata, Porites porites",1,single_taxon,Porites,Porites,single_genus_ready,Poritidae,Poritidae,single_family_ready,worms_scleractinia_match,branching,branching,branching,single_growth_form_ready,fragment,,,,porosity_missing,field,field,single_setting_ready,6,8,7,2,,,,,missing,,,,,missing,,,,,missing,,,,,missing,,,,,missing,,,,,,,,missing,,,,,,,,,,,fish bites,natural_or_biotic_predation,partial and total predation,partial_and_total_predation,"relict spur and groove zone at Pickles Reef, Key Largo, Fl",Pickles Reef,USA,,24.986667,-80.418883,reported_exact,high,core_covariates_ready,,skeletal_porosity_not_single_standard_category; initial_wound_area_mid_mm2_missing,"Conducted field experiments using caging and seaweed pre-planting to examine the effects of grazing fishes on coral/seaweed competition and direct fish predation on coral transplants. [repair: Initial artificial lesion areas were not applicable as the study measured natural predation and bite scars, and ambient or experimental water temperatures were not reported.] [agent repair: No explicit lesion area, temperature, or other conservative covariate recovery was available from the NotebookLM pass.]"
c9a7e412-6f2f-4baf-9cde-29e23e6aeeb0,Barbara - Host and Symbiont Physiology During Wound Regeneration in Acropora pulchra Under.pdf,Acropora pulchra,1,single_taxon,Acropora,Acropora,single_genus_ready,Acroporidae,Acroporidae,single_family_ready,worms_scleractinia_match,branching,branching,branching,single_growth_form_ready,fragment,,,,porosity_missing,laboratory,lab,single_setting_ready,,,,,"22, 95",22,95,58.5,range_or_multiple_values,,,,,missing,,,,,missing,1,1,1,1,single_value,27.9,27.9,27.9,27.9,single_value,,,,,,,,missing,,,,,"partially recirculating seawater aquaria, 244 to 298 L/hr",present_or_manipulated,344; 11h:13h day:night cycle,present_or_manipulated,symbiotic,symbiotic,"tapered micro spatula tool, Gryphon Diamond Blade Saw",,"abrasion, fragmentation",fragmentation,northern shore of Moorea; Richard B. Gump Marine Research Station,Richard B. Gump Marine Research Station,French Polynesia,Cook's Bay,-17.487250,-149.886930,reported_exact,high,core_covariates_ready,,skeletal_porosity_not_single_standard_category; depth_mid_m_missing,"Investigated the role of temperature and injury type (abrasion vs. fragmentation) on energy acquisition, allocation, and utilization during regeneration in Acropora pulchra. [repair: Numeric depth bounds were not explicitly reported in the study.] [agent repair: No additional explicit value recovered in this conservative pass; remaining fields appear unreported or too ambiguous to infer.]"
8c205a55-4093-46c5-a7c2-e356c8bf6a7c,Nagelkerken and Bak - 1998 - Differential regeneration of artificial lesions among sympatric morphs of the Caribbean corals Porit.pdf,"Porites astreoides, Stephanocoenia michelinii, Madracis decactis, Madracis pharensis luciphila, Madracis senaria",3,multi_taxon,Porites; Stephanocoenia; Madracis,,multi_taxon,Poritidae; Astrocoeniidae; Pocilloporidae,,multiple_families_not_collapsed,worms_scleractinia_match,"encrusting, massive",massive_submassive; encrusting,,multiple_growth_forms_not_collapsed,colony,,,,porosity_missing,field,field,single_setting_ready,5,7,6,2,13.7-16.1,13.7,16.1,14.9,range_or_multiple_values,,,,,missing,2 mm,2,2,2,single_value,1,1,1,1,single_value,,,,,missing,,,,,,,,missing,,,,,,,,,zooxanthellate,zooxanthellate,hand-held drill equipped with a 2 mm steel bit,drill_or_grinding,tissue and skeleton,tissue_and_skeleton,"Carmabi buoy 1 on the southwestern coast of Curaçao, Netherlands Antilles",Carmabi buoy 1,Netherlands Antilles,,12.124722,-68.972222,site_facility_centroid,high,covariates_partial,,multi_taxon_row_trait_moderators_need_observation_taxon; multiple_families_not_collapsed; growth_form_not_single_standard_category; skeletal_porosity_not_single_standard_category,"Regeneration of artificial lesions was studied as an ecophysiological character in morphs of Porites astreoides, Stephanocoenia michelinii, and Madracis species to better understand their taxonomic status. [repair: Coordinates and ambient or experimental water temperatures were not explicitly reported in the study.] [agent repair: No additional explicit value recovered in this conservative pass; remaining fields appear unreported or too ambiguous to infer.]"
b2eaa7a6-c475-4f8e-bec2-2a52585da7c3,Nagelkerken et al. - 1999 - Depth-related variation in regeneration of artificial lesions in the Caribbean corals Porites ast.pdf,"Porites astreoides, Stephanocoenia michelinii",2,multi_taxon,Porites; Stephanocoenia,,multi_taxon,Poritidae; Astrocoeniidae,,multiple_families_not_collapsed,worms_scleractinia_match,massive,massive_submassive,massive_submassive,single_growth_form_ready,colony,,,,porosity_missing,field,field,single_setting_ready,5,35,20,30,"200, 220",200,220,210,range_or_multiple_values,,,,,missing,2-3 mm,2,3,2.5,range_or_multiple_values,1,1,1,1,single_value,,,,,missing,,,,,,,,missing,,,,,,,,,zooxanthellate,zooxanthellate,small grinding stone attached to a pneumatic drill,drill_or_grinding,tissue and skeleton,tissue_and_skeleton,"Seaquarium reef on the leeward coast of Curaçao, Netherlands Antilles",Seaquarium reef,Netherlands Antilles,Caribbean Sea,12.083611,-68.895833,reef_centroid,high,covariates_partial,,multi_taxon_row_trait_moderators_need_observation_taxon; multiple_families_not_collapsed; skeletal_porosity_not_single_standard_category,"Studied depth-related variation in regeneration of artificial lesions along a 5-35 m gradient. Found faster initial regeneration in shallow water colonies, but similar total recovery after 7 weeks, with no sign of photoacclimatization in deep colonies. [repair: Coordinates and ambient or experimental water temperatures were not explicitly reported in the study.] [agent repair: Explicit latitude/longitude were not reported in the accessible text. Temperature was not reported as a single explicit study-level value.]"
9f560a14-a39a-4d71-8d68-9c14a4001c75,Nicolet et al. - 2018 - Predation scars may influence host susceptibility to pathogens evaluating the role of corallivores.pdf,Acropora muricata,1,single_taxon,Acropora,Acropora,single_genus_ready,Acroporidae,Acroporidae,single_family_ready,worms_scleractinia_match,staghorn,branching,branching,single_growth_form_ready,nubbin,,,,porosity_missing,laboratory and field,field_and_lab,mixed_setting_not_collapsed,3,4,3.5,1,5000,5000,5000,5000,single_value,,,,,missing,"tissue removed, skeleton minimally damaged",,,,missing,,,,,missing,,,,,missing,,,,,,,,missing,fed every day at dusk with Artemia salina nauplii,present_or_manipulated,,,flow-through seawater filtered to 0.5 µm and UV sterilized,present_or_manipulated,,,,,sterilised scalpel blade (injury control); Drupella sp. and Chaetodon plebeius feeding,cutting_or_punch,tissue,tissue_only,Lizard Island,"Horseshoe Reef, Palfrey Island, South Island lagoon, Lizard Island lagoon",Australia,Great Barrier Reef,-14.668889,145.459444,reported_exact,high,core_covariates_ready,,skeletal_porosity_not_single_standard_category,"Tested the potential of the gastropod Drupella sp. and butterflyfish Chaetodon plebeius to act as vectors for black band disease (BBD) and brown band disease (BrB) in Acropora muricata. [repair: Experimental or ambient temperatures were not explicitly reported, and sample sizes varied depending on the specific field or aquarium experiment conducted.] [agent repair: No additional explicit value recovered in this conservative pass; remaining fields appear unreported or too ambiguous to infer.]"
d17e3c0b-32a1-4c10-94fa-7558d22f726e,Okubo - 2008 - Size-independent investment allocation to regeneration and growth of the branching coral Acropora mu.pdf,Acropora muricata,1,single_taxon,Acropora,Acropora,single_genus_ready,Acroporidae,Acroporidae,single_family_ready,worms_scleractinia_match,branching,branching,branching,single_growth_form_ready,fragment,,,,porosity_missing,field,field,single_setting_ready,2,3,2.5,1,78.5,78.5,78.5,78.5,single_value,,,,,missing,,,,,missing,2,2,2,2,single_value,,,,,missing,,,,,,,,missing,,,,,,,,,,,wire cutters,cutting_or_punch,fragmentation,fragmentation,Okinawa,,Japan,,26.335830,127.801390,coast_or_region_centroid,low,core_covariates_ready,,skeletal_porosity_not_single_standard_category,"Examined the effect of fragment size on investment allocation among regeneration, growth, sexual reproduction, and survivorship. Regeneration and growth were found to be independent of fragment size. [repair: Coordinates and ambient or experimental water temperatures were not explicitly reported in the study.] [agent repair: No explicit coordinates, temperature, or other conservative covariate recovery was available from the NotebookLM pass.]"
84a7b2a4-6982-4dce-a39a-2d4f07d0176b,Oren et al. - 1997 - Effect of lesion size and shape on regeneration of the Red Sea coral Favia favus.pdf,Favia favus,1,single_taxon,Favia,Favia,single_genus_ready,Faviidae,Faviidae,single_family_ready,worms_scleractinia_match,colonial,colonial_unspecified,colonial_unspecified,single_growth_form_ready,colony,,,,porosity_missing,field,field,single_setting_ready,2,3,2.5,1,,,,,missing,95-165,95,165,130,range_or_multiple_values,,,,,missing,,,,,missing,,,,,missing,,,,,,,,missing,,,,,,,,,,,air-pick,air_or_water_jet,tissue,tissue_only,shallow reef across from the Marine Biology Laboratory of Eilat,Marine Biology Laboratory of Eilat,Israel,"Gulf of Eilat, Red Sea",29.500000,34.916667,site_facility_centroid,high,core_covariates_ready,,skeletal_porosity_not_single_standard_category; initial_wound_area_mid_mm2_missing,"Examined the effect of lesion size and shape on recovery rates of the coral Favia favus. Found that initial high recovery rates are regulated mainly by perimeter length, while later recovery is influenced more by surface area and perimeter to surface area ratio. [repair: Coordinates and ambient water temperatures were not explicitly reported, and initial lesion surface areas were presented only in bar graphs without exact numerical values provided in the text.] [agent repair: No additional explicit value recovered in this conservative pass; remaining fields appear unreported or too ambiguous to infer.]"
a3b88246-eb7f-49ed-a997-67c6d36e9413,Oren et al. - 2001 - Colony Integration during Regeneration in the Stony Coral Favia favus.pdf,Favia favus,1,single_taxon,Favia,Favia,single_genus_ready,Faviidae,Faviidae,single_family_ready,worms_scleractinia_match,massive,massive_submassive,massive_submassive,single_growth_form_ready,colony,,,,porosity_missing,field,field,single_setting_ready,2,3,2.5,1,"87, 182, 274, 958",87,958,522.5,range_or_multiple_values,"35, 59, 83, 282",35,282,158.5,range_or_multiple_values,soft tissue removed with minor damage to underlying skeleton,,,,missing,1,1,1,1,single_value,,,,,missing,,,,,,,,missing,,,,,,,,,zooxanthellate,zooxanthellate,air-pick jet,air_or_water_jet,tissue,tissue_only,shallow reef in front of the Marine Biology Laboratory (MBL) in the Red Sea at Eilat,Marine Biology Laboratory,Israel,Red Sea,29.500000,34.916667,site_facility_centroid,high,core_covariates_ready,,skeletal_porosity_not_single_standard_category,"Examined the relationship between colony size and recovery of lesions differing in size and shape, as well as the effect of different sized lesions on polyp fecundity, demonstrating extended colony integration during regeneration. [repair: Coordinates and ambient or experimental water temperatures were not explicitly reported in the study.] [agent repair: No additional explicit value recovered in this conservative pass; remaining fields appear unreported or too ambiguous to infer.]"
d7f996dc-c00b-423c-b424-965cd78f9d1b,Page and Willis - 2008 - Epidemiology of skeletal eroding band on the Great Barrier Reef and the role of injury in the initia.pdf,"Acropora muricata, Pocillopora damicornis, Porites cylindrica",3,multi_taxon,Acropora; Pocillopora; Porites,,multi_taxon,Acroporidae; Pocilloporidae; Poritidae,,multiple_families_not_collapsed,worms_scleractinia_match,branching,branching,branching,single_growth_form_ready,branch,,,,porosity_missing,field and laboratory,field_and_lab,mixed_setting_not_collapsed,2,5,3.5,3,400,400,400,400,single_value,,,,,missing,tissue,,,,missing,1,1,1,1,single_value,,,,,missing,,,,,,,,missing,,,,,high flow of unfiltered seawater,present_or_manipulated,,,,,airgun attached to a SCUBA tank,,tissue,tissue_only,Lizard Island,Lizard Island,Australia,Great Barrier Reef,-14.354319,145.443569,reported_exact,high,covariates_partial,,multi_taxon_row_trait_moderators_need_observation_taxon; multiple_families_not_collapsed; skeletal_porosity_not_single_standard_category,"Examined the role of artificial injury in the initiation and colonisation of skeletal eroding band (SEB) by Halofolliculina corallasia. Found that injury facilitates rapid colonisation, but did not lead to progressive tissue loss without additional factors. [repair: Experimental or ambient water temperatures were not explicitly reported in the study.] [agent repair: Temperature was not reported as a single explicit study-level value.]"
3f852e08-6b2f-488b-9351-0f78b2ba41a5,Palacios et al. - 2014 - Fish corallivory on a pocilloporid reef and experimental coral responses to predation.pdf,Pocillopora spp.,1,single_genus_species_ambiguous,Pocillopora,Pocillopora,single_genus_ready,Pocilloporidae,Pocilloporidae,single_family_ready,worms_scleractinia_match,branching,branching,branching,single_growth_form_ready,"colony, nubbin",,,,porosity_missing,field,field,single_setting_ready,4,12,8,8,47,47,47,47,single_value,,,,,missing,0.1-5 mm,0.1,5,2.55,range_or_multiple_values,15.2,15.2,15.2,15.2,single_value,27.7,27.7,27.7,27.7,single_value,,,,,,,,missing,,,,,,,,,,,"pliers, Arothron meleagris fish bites",natural_or_biotic_predation,tissue and skeleton,tissue_and_skeleton,"La Azufrada reef, Gorgona Island",La Azufrada reef,Colombia,Tropical Eastern Pacific,2.974167,-78.186944,reported_exact,high,core_covariates_ready,,skeletal_porosity_not_single_standard_category,"Examined the effects of Guineafowl pufferfish predation on pocilloporid corals through predator exclusion and simulated predation experiments. Found that corals tolerate partial predation, maintaining carbonate production through branch thickening (reoriented growth)."
6f750c49-3261-482c-ade2-373835f7cf40,Paz-García - 2006 - Temporal variation in the regeneration rate of artificial lesions in two morphotypes of Porites pana.pdf,Porites panamensis,1,single_taxon,Porites,Porites,single_genus_ready,Poritidae,Poritidae,single_family_ready,worms_scleractinia_match,"columnar, massive",massive_submassive; columnar,,multiple_growth_forms_not_collapsed,colony,,,,porosity_missing,field,field,single_setting_ready,1,3,2,2,38.5,38.5,38.5,38.5,single_value,,,,,missing,0.5 cm,0.5,0.5,0.5,single_value,1,1,1,1,single_value,19-30,19,30,24.5,range_or_multiple_values,,,,,,,,missing,,,,,,,,,zooxanthellate,zooxanthellate,hand drill,drill_or_grinding,tissue and skeleton,tissue_and_skeleton,"La Paz Bay, Baja California Sur","Punta Gaviotas, Punta Galeras",Mexico,Gulf of California,24.353933,-110.283800,reported_exact,high,covariates_partial,,growth_form_not_single_standard_category; skeletal_porosity_not_single_standard_category,"Compared the regeneration of artificial lesions in columnar and massive forms of Porites panamensis during cold and warm seasons. Regeneration was faster in the warm season. While regeneration rates did not differ significantly between morphotypes, the columnar form showed a higher percentage of full recovery and less algal colonization than the massive form."
06ab1757-8fe9-4325-96ed-6f3106b325e4,Raymundo et al. - 2016 - Effects of Coralliophila violacea on tissue loss in the scleractinian corals Porites spp. depend on.pdf,"Porites cylindrica, Porites rus",1,single_taxon,Porites,Porites,single_genus_ready,Poritidae,Poritidae,single_family_ready,worms_scleractinia_match,"branching, plating",branching; plating_foliose,,multiple_growth_forms_not_collapsed,"colony, fragment",,,,porosity_missing,field and laboratory,field_and_lab,mixed_setting_not_collapsed,,,,,,,,,missing,,,,,missing,tissue loss over dead skeleton,,,,missing,,,,,missing,,,,,missing,,,,,,,,missing,,,,,aerated aquaria,present_or_manipulated,,,,,Coralliophila violacea snail feeding,natural_or_biotic_predation,tissue,tissue_only,"Luminao Reef, Gabgab Reef, and University of Guam Marine Lab, Guam","Luminao Reef, Gabgab Reef",USA,,13.454835,144.646285,study_extent_midpoint,medium,covariates_partial,,growth_form_not_single_standard_category; skeletal_porosity_not_single_standard_category; depth_mid_m_missing; initial_wound_area_mid_mm2_missing,"Investigated whether tissue loss progresses in Porites during or after Coralliophila violacea predation, using field observations of natural scars, laboratory transmission experiments, and histological analysis. [repair: Coordinates, numeric depth bounds, initial lesion areas, and experimental or ambient temperatures were not explicitly reported in the study.] [agent repair: No additional explicit value recovered in this conservative pass; remaining fields appear unreported or too ambiguous to infer.]"
0ccdd954-1740-44d7-a2c6-6280125057b5,Rice et al. - 2019 - Different nitrogen sources speed recovery from corallivory and uniquely alter the microbiome of a re.pdf,Pocillopora meandrina,1,single_taxon,Pocillopora,Pocillopora,single_genus_ready,Pocilloporidae,Pocilloporidae,single_family_ready,worms_scleractinia_match,branching,branching,branching,single_growth_form_ready,nubbin,,,,porosity_missing,laboratory,lab,single_setting_ready,3,4,3.5,1,45.2,45.2,45.2,45.2,single_value,,,,,missing,2 mm,2,2,2,single_value,1,1,1,1,single_value,26,26,26,26,single_value,,,,,,,,missing,4 µM NO3- or 4 µM NH4+,present_or_manipulated,,,150 L flow-through seawater,present_or_manipulated,700; 12:12 light:dark cycle,present_or_manipulated,symbiotic,symbiotic,eight mm snub nose pliers,,tissue and skeleton,tissue_and_skeleton,"Richard B. Gump South Pacific Research Station in Moorea, French Polynesia",Richard B. Gump South Pacific Research Station,French Polynesia,Cook's Bay,-17.490567,-149.826417,reported_exact,high,core_covariates_ready,,skeletal_porosity_not_single_standard_category,Examined how nitrate vs. ammonium enrichment altered the effects of increased seawater temperature and simulated parrotfish corallivory on the health of Pocillopora meandrina and its microbial community.
002a60bc-55c8-4fdb-860a-1169fc99b2a8,Rice et al. - 2021 - Complex interactions with nutrients and sediment a.pdf,Porites spp.,1,single_genus_species_ambiguous,Porites,Porites,single_genus_ready,Poritidae,Poritidae,single_family_ready,worms_scleractinia_match,massive,massive_submassive,massive_submassive,single_growth_form_ready,"colony, fragment",,,,porosity_missing,field,field,single_setting_ready,1,2,1.5,1,32.8,32.8,32.8,32.8,single_value,,,,,missing,tissue,,,,missing,1,1,1,1,single_value,24.6-30.5,24.6,30.5,27.55,range_or_multiple_values,,,,,,,,missing,30 g slow-release Classic Osmocote (19-6-12 N-P-K),present_or_manipulated,5 ml sediment <500 µm twice per week (~100 mg cm-2 day-1),present_or_manipulated,,,1285.1,present_or_manipulated,zooxanthellate,zooxanthellate,Coralliophila violacea snail feeding,natural_or_biotic_predation,tissue,tissue_only,"Mo'orea, French Polynesia",north shore of Mo'orea,French Polynesia,South Pacific,-17.479500,-149.793633,reported_exact,high,core_covariates_ready,,skeletal_porosity_not_single_standard_category,"Investigated the interactive effects of sedimentation, nutrient enrichment, and corallivory by Coralliophila violacea snails on massive Porites mortality and physiology using field surveys and a factorial field experiment."
33d2bc0d-ec51-4225-a216-bf74b34fa89d,Rotjan et al. - 2006 - Chronic parrotfish grazing impedes coral recovery after bleaching.pdf,"Montastraea faveolata, Montastraea franksi",1,single_taxon,Montastraea,Montastraea,single_genus_ready,Montastraeidae,Montastraeidae,single_family_ready,worms_scleractinia_match,massive,massive_submassive,massive_submassive,single_growth_form_ready,colony,,,,porosity_missing,field,field,single_setting_ready,18,18,18,0,,,,,missing,,,,,missing,,,,,missing,>=6,6,6,6,single_value_approximate_or_censored,29.85 C,29.85,29.85,29.85,single_value,,,,,,,,missing,,,,,,,,,zooxanthellate,zooxanthellate,parrotfish grazing,natural_or_biotic_predation,tissue,tissue_only,"Carrie Bow Cay, Belize on the outer ridge of the Belize barrier reef",Carrie Bow Cay,Belize,Belize barrier reef,16.800000,-88.083333,reported_exact,high,core_covariates_ready,,skeletal_porosity_not_single_standard_category; initial_wound_area_mid_mm2_missing,"Examined the effects of chronic parrotfish grazing on Montastraea spp. during and after a natural bleaching event. Found that previously grazed colonies showed a persistent reduction in zooxanthellae density during recovery and increased Symbiodinium genetic diversity compared to intact colonies. [repair: Growth form was inferred as massive based on the focal species Montastraea faveolata and M. franksi, while initial individual grazing lesion areas and exact ambient water temperatures (beyond a referenced 29.85 °C threshold) were not explicitly reported.] [agent repair: Coordinates were explicitly reported as 16 deg 48' N, 88 deg 05' W. Depths were 2 m and 18 m. Temperature was 29.85 C. Sample sizes were 22, 24, and 64. Lesion area was not recoverable.]"
fe532d7a-f878-4a85-962a-7de43d06a80c,Rotjan and Lewis - 2009 - Predators selectively graze reproductive structures in a clonal marine organism.pdf,Montastraea annularis,1,single_taxon,Montastraea,Montastraea,single_genus_ready,Montastraeidae,Montastraeidae,single_family_ready,worms_scleractinia_match,massive,massive_submassive,massive_submassive,single_growth_form_ready,colony,,,,porosity_missing,field,field,single_setting_ready,6,9,7.5,3,,,,,missing,,,,,missing,skeletal exposure,,,,missing,11 to 135 bites,11,135,73,range_or_multiple_values,,,,,missing,,,,,,,,missing,,,,,,,,,zooxanthellate,zooxanthellate,parrotfish grazing,natural_or_biotic_predation,tissue and skeleton,tissue_and_skeleton,Southwater Caye on the Belizean barrier reef,Southwater Caye,Belize,Belizean barrier reef,16.776250,-88.074900,reported_exact,high,core_covariates_ready,,skeletal_porosity_not_single_standard_category; initial_wound_area_mid_mm2_missing,"Examined the reproductive consequences of natural parrotfish grazing on Montastraea annularis corals. Found that parrotfish selectively grazed polyps with high total reproductive effort (number of gonads). [repair: Growth form was inferred as massive based on the focal species Montastraea annularis, while initial lesion sizes and ambient water temperatures were not explicitly reported in the study.] [agent repair: A single directly comparable wound area was not explicitly reported. Temperature was not reported as a single explicit study-level value.]"
6da70b1c-7428-4a76-904c-b69d981f2824,Sabine et al. - 2015 - Environmental conditions influence tissue regeneration rates in scleractinian corals.pdf,Orbicella annularis,1,single_taxon,Orbicella,Orbicella,single_genus_ready,Merulinidae,Merulinidae,single_family_ready,worms_scleractinia_match,boulder,massive_submassive,massive_submassive,single_growth_form_ready,colony,,,,porosity_missing,field,field,single_setting_ready,6,6,6,0,370,370,370,370,single_value,72.3,72.3,72.3,72.3,single_value,3 mm,3,3,3,single_value,1,1,1,1,single_value,26.1-29.3,26.1,29.3,27.7,range_or_multiple_values,,,,,,,,missing,,,,,,,,,,,chisel,fragmentation_or_breakage,tissue,tissue_only,St. Thomas,"Brewers Bay, Perseverance Bay, Rupert's Rock, Flat Cay, Porpoise Rocks, Saba Island",USA,Caribbean Sea,18.333333,-64.916667,reported_exact,high,core_covariates_ready,,skeletal_porosity_not_single_standard_category,Examined how environmental conditions affect recovery of experimental lesions in Orbicella annularis across six reefs with varying water quality. Found that water flow and turbidity most strongly influenced lesion recovery rates.
2059b598-335f-4890-8512-6e1f86fed557,Sani et al. - 2024 - Ocean warming and acidification detrimentally affect coral tissue regeneration at a Mediterranean CO.pdf,"Balanophyllia europaea, Leptopsammia pruvoti, Astroides calycularis",3,multi_taxon,Balanophyllia; Leptopsammia; Astroides,,multi_taxon,Dendrophylliidae,Dendrophylliidae,single_family_ready,worms_scleractinia_match,"solitary, colonial",solitary; colonial_unspecified,,multiple_growth_forms_not_collapsed,"polyp, nubbin",,,,porosity_missing,field,field,single_setting_ready,12,12,12,0,,,,,missing,,,,,missing,exposing the axial skeleton,,,,missing,1,1,1,1,single_value,16.2-23.5,16.2,23.5,19.85,range_or_multiple_values,"pHTS 7.40, 7.74, 7.87, 8.07",7.4,8.07,7.735,,,,ph_reported,,,,,,,,,"zooxanthellate, non-zooxanthellate",zooxanthellate_non_zooxanthellate,metal bristle brush,scraping_or_abrasion,tissue,tissue_only,"Panarea Island, Aeolian Archipelago",underwater volcanic crater at Panarea Island,Italy,Mediterranean Sea,38.637778,15.110278,reported_exact,high,covariates_partial,,multi_taxon_row_trait_moderators_need_observation_taxon; growth_form_not_single_standard_category; skeletal_porosity_not_single_standard_category; initial_wound_area_mid_mm2_missing,"Investigated the combined effect of increasing seawater acidification along a natural CO2 vent gradient and seasonal warming on tissue regeneration rates of three Mediterranean coral species. Found a decrease in regenerative capacity with increasing temperature and acidification, especially in the zooxanthellate species. [repair: Initial lesion surface areas were not explicitly reported, and sample size was reported as 10 initial replicates per site per species, with some attrition occurring during the experimental periods.] [agent repair: Temperature was explicitly reported as 23.5 C. Sample sizes were 55 and 66. Growth form was solitary/colonial. Lesion area and coordinates were not recoverable.]"
9d6998fc-caf1-4dbd-883f-ad9b9184d062,Shaver et al. - 2017 - Effects of predation and nutrient enrichment on the success and microbiome of a foundational coral.pdf,Acropora cervicornis,1,single_taxon,Acropora,Acropora,single_genus_ready,Acroporidae,Acroporidae,single_family_ready,worms_scleractinia_match,branching,branching,branching,single_growth_form_ready,fragment,,,,porosity_missing,field,field,single_setting_ready,9.1,9.1,9.1,0,384-560,384,560,472,range_or_multiple_values,,,,,missing,bare coral skeleton,,,,missing,,,,,missing,,,,,missing,,,,,,,,missing,70 g Osmocote 19-6-12 Smart-Release plant fertilizer pellets,present_or_manipulated,,,,,,,,,Coralliophila abbreviata snail feeding,natural_or_biotic_predation,tissue,tissue_only,"Coral Restoration Foundation's coral nursery in Key Largo, FL, USA",Coral Restoration Foundation nursery,USA,,24.526133,81.523050,reported_exact,high,core_covariates_ready,,skeletal_porosity_not_single_standard_category,"Assessed the effects of grazing by Coralliophila abbreviata and nutrient enrichment on Acropora cervicornis and its microbiomes. Predation reduced growth and increased mortality, while both partial predation and nutrient enrichment independently altered coral microbiomes. [repair: Coordinates for four surveyed reefs were explicitly reported and have been concatenated, but no ambient or experimental water temperatures were provided in the study.] [agent repair: No additional explicit value recovered in this conservative pass; remaining fields appear unreported or too ambiguous to infer.]"
635d9cb2-270b-4bcc-b676-c84b81b0620b,Soong and Lang - 1992 - Reproductive Integration in Reef Corals.pdf,"Acropora cervicornis, Acropora palmata, Diploria clivosa, Diploria strigosa, Favia fragum, Montastrea cavernosa, Porites astreoides, Porites furcata, Siderastrea radians, Siderastrea siderea",6,multi_taxon,Acropora; Diploria; Favia; Montastraea; Porites; Siderastrea,,multi_taxon,Acroporidae; Faviidae; Montastraeidae; Poritidae; Rhizangiidae,,multiple_families_not_collapsed,worms_scleractinia_match,"massive, encrusting, branching",branching; massive_submassive; encrusting,,multiple_growth_forms_not_collapsed,colony,,,,porosity_missing,field,field,single_setting_ready,0.5,6,3.25,5.5,570,570,570,570,single_value,,,,,missing,1 cm,1,1,1,single_value,1,1,1,1,single_value,,,,,missing,,,,,,,,missing,,,,,,,,,zooxanthellate,zooxanthellate,hacksaw,,tissue and skeleton,tissue_and_skeleton,Caribbean coast of Panama,,Panama,Caribbean Sea,,,,,covariates_partial,,multi_taxon_row_trait_moderators_need_observation_taxon; multiple_families_not_collapsed; growth_form_not_single_standard_category; skeletal_porosity_not_single_standard_category,"Investigated reproductive integration in ten coral species by observing fertile polyp distribution and puberty size, and experimentally testing the cause of infertile colony margins by creating artificial margins with a hacksaw in three massive species. [repair: Coordinates, numeric depth bounds, explicit initial lesion areas, and experimental or ambient temperatures were not explicitly reported in the study.] [agent repair: Explicit latitude/longitude were not reported in the accessible text. Numeric depth bounds were not explicitly reported in the accessible text. A single directly comparable wound area was not explicitly reported. Temperature was not reported as a single explicit study-level value.] [approx georef pass exact repair: depth_min_m] [approx georef pass exact repair: depth_max_m] [approx georef pass exact repair: area_mm2]"
b269f689-c2c5-48a1-8ecb-f284c3ed7edc,Titlyanov et al. - 2005 - Regeneration of artificial injuries on scleractinian corals and coralalgal competition for newly fo.pdf,"Porites cylindrica, Porites lutea",1,single_taxon,Porites,Porites,single_genus_ready,Poritidae,Poritidae,single_family_ready,worms_scleractinia_match,"branched, massive",branching; massive_submassive,,multiple_growth_forms_not_collapsed,fragment,,,,porosity_missing,laboratory,lab,single_setting_ready,1,1.5,1.25,0.5,,,,,missing,,,,,missing,1-2 mm,1,2,1.5,range_or_multiple_values,1,1,1,1,single_value,18-31,18,31,24.5,range_or_multiple_values,,,,,,,,missing,,,,,intensively aerated; water change approximately 30% h-1,present_or_manipulated,"30-1400; 70-90% PAR0, 30-50% PAR0, 10-20% PAR0, 2-5% PAR0",present_or_manipulated,hermatypic,hermatypic,"Water-Pik, chisel, hand-saw or pincers and file, fresh water osmotic shock, cement",scraping_or_abrasion; fragmentation_or_breakage,"tissue and skeleton, tissue",tissue_and_skeleton,"Sesoko Station of Tropical Biosphere Research Center of the University of the Ryukyus, Sesoko Island, Okinawa, Japan",Sesoko Station,Japan,,26.633333,127.866667,reported_exact,high,covariates_partial,,growth_form_not_single_standard_category; skeletal_porosity_not_single_standard_category; initial_wound_area_mid_mm2_missing,"Examined the regeneration rates of 5 types of artificial injuries (chisel, file, Water Pik, osmotic, cement) in fragments of massive Porites lutea and branching Porites cylindrica across different light intensities and seasons. Evaluated how colonization of the injured surface by algae and animals affected recovery physically and chemically. [repair: Initial artificial lesion areas were described proportionally (up to 10% of living tissue) rather than in absolute units, and the sample size for measurements was reported as n=5 fragments.] [agent repair: Injury size is not stated as a directly convertible area in the accessible text.]"
9c887b4c-dae5-4725-96db-948c2491e53d,Titlyanov et al. - 2006 - Three stages of injuries regeneration on scleractinian corals.pdf,"Porites lutea, Porites cylindrica",1,single_taxon,Porites,Porites,single_genus_ready,Poritidae,Poritidae,single_family_ready,worms_scleractinia_match,"massive, branching",branching; massive_submassive,,multiple_growth_forms_not_collapsed,"fragment, colony",,,,porosity_missing,laboratory,lab,single_setting_ready,1,1.5,1.25,0.5,,,,,missing,,,,,missing,1-2 mm,1,2,1.5,range_or_multiple_values,1,1,1,1,single_value,18-30,18,30,24,range_or_multiple_values,,,,,,,,missing,,,,,"intensively aerated, water change approximately 30% h-1",present_or_manipulated,"800-1800; 70-90% PAR0, 30% PAR0, 20-30% PAR0, 3-5% PAR0, <1% PAR0",present_or_manipulated,zooxanthellate,zooxanthellate,"Water-Pik, chisel, pincers, hand-saw, fresh water osmotic shock, cement",fragmentation_or_breakage,"tissue and skeleton, tissue",tissue_and_skeleton,"Sesoko Station of Tropical Biosphere Research Center of University of the Ryukyus, Sesoko Island, Okinawa, Japan",Sesoko Station,Japan,,26.633333,127.866667,reported_exact,high,covariates_partial,,growth_form_not_single_standard_category; skeletal_porosity_not_single_standard_category; initial_wound_area_mid_mm2_missing,"Examined the regeneration dynamics of different types of artificial injuries (Water-Pik, chisel, breakage, osmotic shock, cement) on massive Porites lutea and branching Porites cylindrica under different light intensities and positions. Assessed algal and animal colonization during three stages of recovery. [repair: Initial lesion areas were described proportionally (no more than 10% of the living tissue area) rather than in absolute units, and sample sizes varied depending on the specific measurement (n=8 or n=5).]"
292bbd72-e4b1-422c-8fbb-5b3201d2cd0c,Titlyanov and Titlyanova - 2009 - The dynamics of the restoration of mechanical damage to colonies of the scleractinian coral Porites.pdf,Porites lutea,1,single_taxon,Porites,Porites,single_genus_ready,Poritidae,Poritidae,single_family_ready,worms_scleractinia_match,massive,massive_submassive,massive_submassive,single_growth_form_ready,fragment,,,,porosity_missing,laboratory,lab,single_setting_ready,1.5,2,1.75,0.5,2500,2500,2500,2500,single_value,,,,,missing,,,,,missing,1,1,1,1,single_value,18-31,18,31,24.5,range_or_multiple_values,,,,,,,,missing,,,,,"run-through aquaria, intensively aerated, water exchange about 30% per hour",present_or_manipulated,"800-1600; 70-90% PAR0, 20-30% PAR0, 2-5% PAR0",present_or_manipulated,hermatypic,hermatypic,hand saw,,tissue and skeleton,tissue_and_skeleton,"Sesoko Marine Biological Station (Sesoko Island, Okinawa, Japan)",Sesoko Marine Biological Station,Japan,,26.633333,127.866667,reported_exact,high,core_covariates_ready,,skeletal_porosity_not_single_standard_category,"Investigated the dynamics of algal settling and the rate of regeneration on mechanically damaged fragments of massive Porites lutea under three different light intensities in aquaria, in the absence of herbivorous and corallivorous animals. [repair: Sample size was explicitly reported as 3 specimens (n=3) for the primary regeneration and algal covering measurements.]"
347f789a-ef73-4089-aa77-0e46f2b2d196,Townsend et al. - 2023 - Differing lesion recovery rates of two Caribbean stony coral species across a shallow water to mesop.pdf,"Orbicella franksi, Agaricia lamarcki",2,multi_taxon,Orbicella; Agaricia,,multi_taxon,Merulinidae; Agariciidae,,multiple_families_not_collapsed,worms_scleractinia_match,"massive boulder, sheeting scroll",massive_submassive; plating_foliose,,multiple_growth_forms_not_collapsed,colony,,,,porosity_missing,field,field,single_setting_ready,13,41,27,28,158-700,158,700,429,range_or_multiple_values,,,,,missing,,,,,missing,1,1,1,1,single_value,,,,,missing,,,,,,,,missing,,,,,,,,,zooxanthellate,zooxanthellate,small chisel or flathead screwdriver,fragmentation_or_breakage,tissue,tissue_only,"offshore from Saint Thomas, US Virgin Islands","South Capella, South Capella (deep), Buck Island, Flat Cay, Hind Bank, Grammanik Bank, College Shoal",USA,Caribbean Sea,18.335765,-64.896335,island_centroid,low,covariates_partial,,multi_taxon_row_trait_moderators_need_observation_taxon; multiple_families_not_collapsed; growth_form_not_single_standard_category; skeletal_porosity_not_single_standard_category,"Assessed coral tissue recovery for O. franksi and A. lamarcki across a shallow to mesophotic depth gradient. O. franksi regeneration rates decreased significantly with depth, whereas A. lamarcki regeneration rates were consistent across depths with an increased pigmentation recovery rate at mesophotic depths. [repair: Coordinates and ambient water temperatures were not explicitly reported in the text, with temperature summaries relegated to supplemental tables.] [agent repair: No additional explicit value recovered in this conservative pass; remaining fields appear unreported or too ambiguous to infer.]"
2e76dce4-6cb4-46c0-b8c4-a1cc91b1578c,Van Veghel and Bak - 1994 - Reproductive characteristics of the polymorphic Caribbean reef building coral Montastrea annularis..pdf,Montastrea annularis,1,single_taxon,Montastraea,Montastraea,single_genus_ready,Montastraeidae,Montastraeidae,single_family_ready,worms_scleractinia_match,"bumpy, massive, columnar",massive_submassive; columnar,,multiple_growth_forms_not_collapsed,colony,,,,porosity_missing,field,field,single_setting_ready,11,16,13.5,5,160,160,160,160,single_value,,,,,missing,4 mm,4,4,4,single_value,1,1,1,1,single_value,,,,,missing,,,,,,,,missing,,,,,,,,,,,submersible drill,drill_or_grinding,tissue and skeleton,tissue_and_skeleton,leeward coast of Curaçao,CARMABI Buoy 1,Netherlands Antilles,Caribbean Sea,12.124722,-68.972222,site_facility_centroid,high,covariates_partial,,growth_form_not_single_standard_category; skeletal_porosity_not_single_standard_category,Examined the relation between surface lesion regeneration and reproduction in three morphotypes of Montastrea annularis. Found that fecundity was reduced in polyps adjacent to lesions and that regeneration processes and reproduction are linked and compete for limited energy resources. [repair: Coordinates and ambient or experimental water temperatures were not explicitly reported in the study.] [agent repair: Explicit latitude/longitude were not reported in the accessible text. Temperature was not reported as a single explicit study-level value.]
26d408bb-bf97-4b1a-8b59-a62f74d3d475,Van Woesik - 1998 - Lesion healing on massive Porites spp. corals.pdf,"Porites lutea, Porites lobata",1,single_taxon,Porites,Porites,single_genus_ready,Poritidae,Poritidae,single_family_ready,worms_scleractinia_match,massive,massive_submassive,massive_submassive,single_growth_form_ready,colony,,,,porosity_missing,field,field,single_setting_ready,0.1,3,1.55,2.9,15-1310,15,1310,662.5,range_or_multiple_values,,,,,missing,,,,,missing,3,3,3,3,single_value,,,,,missing,,,,,,,,missing,,,,,well-flushed,present_or_manipulated,,,,,,,tissue,tissue_only,"eastern side of Ikei Island, Okinawa, Japan",Ikei Island,Japan,inner reef moat,26.383333,128.000000,reported_exact,high,core_covariates_ready,,skeletal_porosity_not_single_standard_category,"Inflicted 3 differently sized tissue lesions on 10 massive Porites spp. colonies. Found that all but one lesion healed completely within 19 months, regeneration rates decreased exponentially over time based on surface area, and a higher perimeter to surface area ratio facilitated faster regeneration. [repair: Experimental or ambient water temperatures were not explicitly reported in the study.] [agent repair: No additional explicit value recovered in this conservative pass; remaining fields appear unreported or too ambiguous to infer.]"
6dffe94d-a664-4a6c-8daf-f25ecfa5b50d,"Ward - 1995 - The effect of damage on the growth, reproduction and storage of lipids in the scleractinian coral Po.pdf",Pocillopora damicornis,1,single_taxon,Pocillopora,Pocillopora,single_genus_ready,Pocilloporidae,Pocilloporidae,single_family_ready,worms_scleractinia_match,branching,branching,branching,single_growth_form_ready,colony,,,,porosity_missing,field,field,single_setting_ready,,,,,,,,,missing,,,,,missing,,,,,missing,,,,,missing,,,,,missing,,,,,,,,missing,,,,,,,,,,,"hammer, knocked from reef",fragmentation_or_breakage,tissue and skeleton,tissue_and_skeleton,"Rottnest Island, off the Western Australian coast","Little Salmon Bay, Mary Cove",Australia,,-32.002000,115.517000,island_centroid,low,core_covariates_ready,,skeletal_porosity_not_single_standard_category; depth_mid_m_missing; initial_wound_area_mid_mm2_missing,"Investigated the effect of mechanical damage (fragmentation and dislodgement) on the growth, reproduction, and lipid storage of Pocillopora damicornis. Dislodgement increased mortality and decreased growth and reproduction, while fragmentation increased reproductive potential without affecting mortality or growth. [repair: Latitude was explicitly reported (as 32 S), but longitude, numeric depth bounds, initial lesion areas, and ambient or experimental water temperatures were not provided in the study.] [agent repair: Only latitude was explicitly reported. Longitude, depth, lesion area, and temperature were not recoverable. Sample sizes were reported as multiple treatment-group counts.] [coordinate cleanup: partial one-sided coordinate removed from decimal columns]"
32a1561c-9cd6-4e97-9287-c9e5eafafc22,Welsh et al. - 2015 - Clustered parrotfish feeding scars trigger partial coral mortality of massive Porites colonies on th.pdf,Porites spp.,1,single_genus_species_ambiguous,Porites,Porites,single_genus_ready,Poritidae,Poritidae,single_family_ready,worms_scleractinia_match,massive,massive_submassive,massive_submassive,single_growth_form_ready,colony,,,,porosity_missing,field,field,single_setting_ready,0.5,1,0.75,0.5,418-619,418,619,518.5,range_or_multiple_values,,,,,missing,0.2-1.8 mm,0.2,1.8,1,range_or_multiple_values,1 to >3,1,3,2,range_or_multiple_values_approximate_or_censored,,,,,missing,,,,,,,,missing,,,,,,,,,,,Chlorurus microrhinos feeding,,tissue and skeleton,tissue_and_skeleton,"fringing reefs of Pioneer Bay, on the leeward side of Orpheus Island, an inshore granitic island on the GBR","Pioneer Bay, Orpheus Island",Australia,Great Barrier Reef,-18.583333,146.333333,reported_exact,high,core_covariates_ready,,skeletal_porosity_not_single_standard_category,"Monitored the fate of single versus clustered feeding scars inflicted by the excavating parrotfish Chlorurus microrhinos on massive Porites colonies. Found that single scars had a 97% probability of healing, while focused biting with clustered scars often expanded and led to partial coral mortality. [repair: Experimental or ambient water temperatures were not explicitly reported in the study.] [agent repair: Temperature was not reported as a single explicit study-level value.]"
d48f4420-bee1-4bd3-95e6-7f646095131b,Wesseling et al. - 2001 - Partial Mortality in Porites Corals Variation among Philippine Reefs.pdf,Porites spp.,1,single_genus_species_ambiguous,Porites,Porites,single_genus_ready,Poritidae,Poritidae,single_family_ready,worms_scleractinia_match,massive,massive_submassive,massive_submassive,single_growth_form_ready,colony,,,,porosity_missing,field,field,single_setting_ready,2,10,6,8,,,,,missing,,,,,missing,,,,,missing,1.7 per dm2,1.7,2,1.85,range_or_multiple_values,,,,,missing,,,,,,,,missing,,,10-30 mg DW cm-2 d-1,present_or_manipulated,,,,,,,,,tissue,tissue_only,"Bolinao, NW Luzon; Puerto Galera, Mindoro; and El Nido, N Palawan","Bolinao, Puerto Galera, El Nido",Philippines,,13.691220,120.080573,study_extent_midpoint,low,core_covariates_ready,,skeletal_porosity_not_single_standard_category; initial_wound_area_mid_mm2_missing,"Quantified partial mortality in massive Porites corals across three sites in the Philippines. Found that lesion density decreased with increasing colony area and increased with increasing sedimentation and wave exposure. [repair: Coordinates, exact initial lesion areas (as this was an observational study grouping existing lesions into size classes), and ambient water temperatures were not explicitly reported.] [agent repair: Explicit latitude/longitude were not reported in the accessible text. A single directly comparable wound area was not explicitly reported. Temperature was not reported as a single explicit study-level value.]"
1d237b2c-1d5d-479a-985a-bde3d28a4fce,Wolf and Nugues - 2013 - Synergistic effects of algal overgrowth and corallivory on Caribbean reef‐building corals.pdf,"Montastraea faveolata, Montastraea cavernosa, Siderastrea siderea, Colpophyllia natans, Diploria strigosa, Montastraea annularis",4,multi_taxon,Montastraea; Siderastrea; Colpophyllia; Diploria,,multi_taxon,Montastraeidae; Rhizangiidae; Faviidae,,multiple_families_not_collapsed,worms_scleractinia_match,massive,massive_submassive,massive_submassive,single_growth_form_ready,"colony, fragment",,,,porosity_missing,field and laboratory,field_and_lab,mixed_setting_not_collapsed,4,8,6,4,9000,9000,9000,9000,single_value,,,,,missing,,,,,missing,,,,,missing,29.4-30.8,29.4,30.8,30.1,range_or_multiple_values,,,,,,,,missing,,,,,flow-through seawater (~4-5 L/minute),present_or_manipulated,~30% of the incident surface photosynthetically active radiation,present_or_manipulated,,,Halimeda opuntia overgrowth and Hermodice carunculata or Coralliophila abbreviata corallivory,natural_or_biotic_predation,tissue,tissue_only,"Curaçao, southern Caribbean","Carmabi Buoy One, Carmabi Buoy Zero, Marie Pompoen, Spanish Water, Playa Kalki",Curaçao,Caribbean Sea,12.375500,-69.157833,reported_exact,high,covariates_partial,,multi_taxon_row_trait_moderators_need_observation_taxon; multiple_families_not_collapsed; skeletal_porosity_not_single_standard_category,"Investigated the indirect and synergistic effects of algal overgrowth (Halimeda opuntia) and corallivory on Caribbean reef-building corals. Found that algal contact enhanced coral tissue mortality by attracting corallivorous fireworms (Hermodice carunculata). [repair: Growth form was inferred as massive based on the standard morphology of the focal species (e.g., Montastraea spp., Diploria strigosa, Siderastrea siderea), and sample sizes varied depending on the specific survey or experiment conducted.]"
9cbae935-6259-4ba6-a2ec-44d3f3bc0902,Yap and Gomez - 1984 - Growth of Acropora pulchra II. Responses of natural and transplanted colonies to temperature and da.pdf,Acropora pulchra,1,single_taxon,Acropora,Acropora,single_genus_ready,Acroporidae,Acroporidae,single_family_ready,worms_scleractinia_match,branching,branching,branching,single_growth_form_ready,branch,,,,porosity_missing,field,field,single_setting_ready,3,5,4,2,,,,,missing,,,,,missing,,,,,missing,,,,,missing,26.0-31.0,26,31,28.5,range_or_multiple_values,,,,,,,,missing,,,,,,,11.29 to ~13 h day length,present_or_manipulated,,,broken off,,tissue and skeleton,tissue_and_skeleton,"lagoon of Santiago Island in Bolinao, Pangasinan, northern Philippines","Sites A, B, C (artificial reef), and D",Philippines,Lingayen Gulf,16.385600,119.894500,town_or_lab_centroid,medium,core_covariates_ready,,skeletal_porosity_not_single_standard_category; initial_wound_area_mid_mm2_missing,"Studied the growth of undisturbed colonies and transplants of branching Acropora pulchra over a 17-month period. Monitored linear growth, budding, and regeneration of broken branches in relation to temperature and day length. [repair: Coordinates were explicitly reported but contain OCR artifacts (e.g., '~' or 'o'), and initial lesion areas were not reported as the study measured linear branch extension.] [agent repair: Depth was explicitly reported as 0.5-2 m and 3-5 m. Temperature was explicitly reported as 26-27 C. Growth form was branching. Coordinates and lesion area were not recoverable.]"
