source_id,paper_title,local_relpath,evidence_rank,pdf_page,evidence_kind,candidate_label,candidate_type,score,snippet,text_sha256
c9a7e412-6f2f-4baf-9cde-29e23e6aeeb0,Barbara - Host and Symbiont Physiology During Wound Regeneration in Acropora pulchra Under.pdf,literature/META_ANALYSIS_POOL/Barbara - Host and Symbiont Physiology During Wound Regeneration in Acropora pulchra Under.pdf,1,39,caption_or_table_start,Figure 3,figure,25,"Figure 3. Average A) respiration rates, B/C) gross photosynthesis rates, and D) daily P:R from respirometry trials during the beginning (day 1), middle (day 10), and end (day 19) of regeneration. Average rates in plots A & D are subset by ambient (blue, open circles) and warming (red, closed circles) temperatures pooled across injury type because there was no significant effect or interactive effects of injury with temperature or time. Average rates in plot",92f4e8c5003438c23a2d60fb4b733f9cabc9c8fde733839331804c538e6801d0
c9a7e412-6f2f-4baf-9cde-29e23e6aeeb0,Barbara - Host and Symbiont Physiology During Wound Regeneration in Acropora pulchra Under.pdf,literature/META_ANALYSIS_POOL/Barbara - Host and Symbiont Physiology During Wound Regeneration in Acropora pulchra Under.pdf,2,39,numeric_keyword_window,,text,23,"Figure 3. Average A) respiration rates, B/C) gross photosynthesis rates, and D) daily P:R from / respirometry trials during the beginning (day 1), middle (day 10), and end (day 19) of / regeneration. Average rates in plots A & D are subset by ambient (blue, open circles) and / warming (red, closed circles) temperatures pooled across injury type because there was no",92f4e8c5003438c23a2d60fb4b733f9cabc9c8fde733839331804c538e6801d0
c9a7e412-6f2f-4baf-9cde-29e23e6aeeb0,Barbara - Host and Symbiont Physiology During Wound Regeneration in Acropora pulchra Under.pdf,literature/META_ANALYSIS_POOL/Barbara - Host and Symbiont Physiology During Wound Regeneration in Acropora pulchra Under.pdf,3,34,caption_or_table_start,Figure 1,figure,20,"Figure 1. Photograph time series of wound regeneration in A. pulchra from abrasion and fragmentation injury at ambient and warming temperature. From left to right, photographs show stages of wound regeneration at the beginning (day 1), middle (day 10), and end (day 19) of the experiment.",92f4e8c5003438c23a2d60fb4b733f9cabc9c8fde733839331804c538e6801d0
c9a7e412-6f2f-4baf-9cde-29e23e6aeeb0,Barbara - Host and Symbiont Physiology During Wound Regeneration in Acropora pulchra Under.pdf,literature/META_ANALYSIS_POOL/Barbara - Host and Symbiont Physiology During Wound Regeneration in Acropora pulchra Under.pdf,4,40,caption_or_table_start,Figure 4,figure,20,"Figure 4. Average rates of net photosynthesis from respirometry trials during the beginning (day 1), middle (day 10), and end (day 19) of regeneration. Average rates are subset by ambient (blue) and warming (red) temperatures and injuries: no injury (circle), fragmentation (triangle), abrasion (square). Bars around circles are standard errors. Letters show statistically significant differences based on estimated marginal means from linear mixed effects models with injury, temperature, time (all categorical), and all their interactions.",92f4e8c5003438c23a2d60fb4b733f9cabc9c8fde733839331804c538e6801d0
c9a7e412-6f2f-4baf-9cde-29e23e6aeeb0,Barbara - Host and Symbiont Physiology During Wound Regeneration in Acropora pulchra Under.pdf,literature/META_ANALYSIS_POOL/Barbara - Host and Symbiont Physiology During Wound Regeneration in Acropora pulchra Under.pdf,5,44,caption_or_table_start,Table 4,table,20,"Table 4. ANOVA tables of a linear mixed effects model for photosynthetic efficiency using Satterthwaite’s approximation for degrees of freedom. The model had parental colony as a random effect and fixed effects of temperature (ambient and warming), injury (no injury, fragmentation, or abrasion), and time (beginning (day 1), middle (day 10), and end (day 19)). Effects of temperature, injury, and time were fixed and fully crossed.",92f4e8c5003438c23a2d60fb4b733f9cabc9c8fde733839331804c538e6801d0
c9a7e412-6f2f-4baf-9cde-29e23e6aeeb0,Barbara - Host and Symbiont Physiology During Wound Regeneration in Acropora pulchra Under.pdf,literature/META_ANALYSIS_POOL/Barbara - Host and Symbiont Physiology During Wound Regeneration in Acropora pulchra Under.pdf,6,41,numeric_keyword_window,,text,19,"fixed effects of temperature (ambient and warming), injury (no injury, fragmentation, or / abrasion), and time (beginning (day 1), middle (day 10), and end (day 19)). Effects of / temperature, injury, and time were fixed and fully crossed. / Mean",92f4e8c5003438c23a2d60fb4b733f9cabc9c8fde733839331804c538e6801d0
c9a7e412-6f2f-4baf-9cde-29e23e6aeeb0,Barbara - Host and Symbiont Physiology During Wound Regeneration in Acropora pulchra Under.pdf,literature/META_ANALYSIS_POOL/Barbara - Host and Symbiont Physiology During Wound Regeneration in Acropora pulchra Under.pdf,7,44,numeric_keyword_window,,text,19,"colony as a random effect and fixed effects of temperature (ambient and warming), injury / (no injury, fragmentation, or abrasion), and time (beginning (day 1), middle (day 10), and / end (day 19)). Effects of temperature, injury, and time were fixed and fully crossed. / Variable Effect SS Mean SS df DenDF F p",92f4e8c5003438c23a2d60fb4b733f9cabc9c8fde733839331804c538e6801d0
c9a7e412-6f2f-4baf-9cde-29e23e6aeeb0,Barbara - Host and Symbiont Physiology During Wound Regeneration in Acropora pulchra Under.pdf,literature/META_ANALYSIS_POOL/Barbara - Host and Symbiont Physiology During Wound Regeneration in Acropora pulchra Under.pdf,8,34,numeric_keyword_window,,text,18,"Figure 1. Photograph time series of wound regeneration in A. pulchra from abrasion and / fragmentation injury at ambient and warming temperature. From left to right, photographs / show stages of wound regeneration at the beginning (day 1), middle (day 10), and end (day",92f4e8c5003438c23a2d60fb4b733f9cabc9c8fde733839331804c538e6801d0
c9a7e412-6f2f-4baf-9cde-29e23e6aeeb0,Barbara - Host and Symbiont Physiology During Wound Regeneration in Acropora pulchra Under.pdf,literature/META_ANALYSIS_POOL/Barbara - Host and Symbiont Physiology During Wound Regeneration in Acropora pulchra Under.pdf,9,40,numeric_keyword_window,,text,18,"Figure 4. Average rates of net photosynthesis from respirometry trials during the beginning / (day 1), middle (day 10), and end (day 19) of regeneration. Average rates are subset by ambient / (blue) and warming (red) temperatures and injuries: no injury (circle), fragmentation (triangle), / abrasion (square). Bars around circles are standard errors. Letters show statistically significant",92f4e8c5003438c23a2d60fb4b733f9cabc9c8fde733839331804c538e6801d0
c9a7e412-6f2f-4baf-9cde-29e23e6aeeb0,Barbara - Host and Symbiont Physiology During Wound Regeneration in Acropora pulchra Under.pdf,literature/META_ANALYSIS_POOL/Barbara - Host and Symbiont Physiology During Wound Regeneration in Acropora pulchra Under.pdf,10,16,numeric_keyword_window,,text,17,"temperature-time combinations pooled across injury types). To determine how injury and / temperature influence regeneration, I conducted 1) Kaplan Meier survival curves and 2) Cox / Proportional Hazards mixed models. I treat signs of healing (polyp, corallite, and tissue",92f4e8c5003438c23a2d60fb4b733f9cabc9c8fde733839331804c538e6801d0
c9a7e412-6f2f-4baf-9cde-29e23e6aeeb0,Barbara - Host and Symbiont Physiology During Wound Regeneration in Acropora pulchra Under.pdf,literature/META_ANALYSIS_POOL/Barbara - Host and Symbiont Physiology During Wound Regeneration in Acropora pulchra Under.pdf,11,44,numeric_keyword_window,,text,17,"using Satterthwaite’s approximation for degrees of freedom. The model had parental / colony as a random effect and fixed effects of temperature (ambient and warming), injury / (no injury, fragmentation, or abrasion), and time (beginning (day 1), middle (day 10), and / end (day 19)). Effects of temperature, injury, and time were fixed and fully crossed.",92f4e8c5003438c23a2d60fb4b733f9cabc9c8fde733839331804c538e6801d0
c9a7e412-6f2f-4baf-9cde-29e23e6aeeb0,Barbara - Host and Symbiont Physiology During Wound Regeneration in Acropora pulchra Under.pdf,literature/META_ANALYSIS_POOL/Barbara - Host and Symbiont Physiology During Wound Regeneration in Acropora pulchra Under.pdf,12,8,numeric_keyword_window,,text,16,"the impact of warming on coral regeneration and physiological tradeoffs. At the beginning (day / 1) , middle (day 10), and end (day 19) of the experiment, I documented regeneration (healing) / of tissue, corallites, and polyps and quantified various metrics of coral physiology, including",92f4e8c5003438c23a2d60fb4b733f9cabc9c8fde733839331804c538e6801d0
12939915-cb9c-4190-9682-7477eb8d2698,Bonesso et al. - 2017 - Exposure to elevated sea-surface temperatures below the bleaching threshold impairs coral recovery a.pdf,literature/META_ANALYSIS_POOL/Bonesso et al. - 2017 - Exposure to elevated sea-surface temperatures below the bleaching threshold impairs coral recovery a.pdf,1,7,numeric_keyword_window,,text,20,apical regeneration/healing under ambient summertime seawater conditions (26 ◦ C) / (Figs. 2A–2F). More than 50% of regrowth of the apical tip had occurred by day 8 and / complete regrowth of the apical tip was evident by experimental day 12. Epifluorescence / examination of apical tips of corals under ambient conditions further revealed that GFP / fluorescence was evident at the wound site where the apical tip had been removed and within,a7dd713768be6a4eea73d71db42d7658d9840e40e525e7a8ad9f1ef1e54c6046
12939915-cb9c-4190-9682-7477eb8d2698,Bonesso et al. - 2017 - Exposure to elevated sea-surface temperatures below the bleaching threshold impairs coral recovery a.pdf,literature/META_ANALYSIS_POOL/Bonesso et al. - 2017 - Exposure to elevated sea-surface temperatures below the bleaching threshold impairs coral recovery a.pdf,2,10,caption_or_table_start,Figure 5,figure,20,"Figure 5 Linear extension rates. Average total linear extension (mm per day−1 ) of apical tips in A. aspera held under ambient and elevated SST conditions, Mean = ±1 s.e. down-regulation at day 12 (979 fold decrease, p < 0.001; 1,676 fold decrease, p < 0.001). However, there was no significant interaction between temperature and injury on both HSP90 (Fig. 6B) and HSP70 expression (Fig. 6C).",a7dd713768be6a4eea73d71db42d7658d9840e40e525e7a8ad9f1ef1e54c6046
12939915-cb9c-4190-9682-7477eb8d2698,Bonesso et al. - 2017 - Exposure to elevated sea-surface temperatures below the bleaching threshold impairs coral recovery a.pdf,literature/META_ANALYSIS_POOL/Bonesso et al. - 2017 - Exposure to elevated sea-surface temperatures below the bleaching threshold impairs coral recovery a.pdf,3,7,numeric_keyword_window,,text,16,"micrographs of the apical tips of colonies held under temperature stressed and ambient / conditions. Examination of colonies with their apical tips removed, revealed significant / apical regeneration/healing under ambient summertime seawater conditions (26 ◦ C) / (Figs. 2A–2F). More than 50% of regrowth of the apical tip had occurred by day 8 and / complete regrowth of the apical tip was evident by experimental day 12. Epifluorescence",a7dd713768be6a4eea73d71db42d7658d9840e40e525e7a8ad9f1ef1e54c6046
12939915-cb9c-4190-9682-7477eb8d2698,Bonesso et al. - 2017 - Exposure to elevated sea-surface temperatures below the bleaching threshold impairs coral recovery a.pdf,literature/META_ANALYSIS_POOL/Bonesso et al. - 2017 - Exposure to elevated sea-surface temperatures below the bleaching threshold impairs coral recovery a.pdf,4,10,numeric_keyword_window,,text,16,"down-regulation at day 12 (979 fold decrease, p < 0.001; 1,676 fold decrease, p < 0.001). / However, there was no significant interaction between temperature and injury on both / HSP90 (Fig. 6B) and HSP70 expression (Fig. 6C).",a7dd713768be6a4eea73d71db42d7658d9840e40e525e7a8ad9f1ef1e54c6046
12939915-cb9c-4190-9682-7477eb8d2698,Bonesso et al. - 2017 - Exposure to elevated sea-surface temperatures below the bleaching threshold impairs coral recovery a.pdf,literature/META_ANALYSIS_POOL/Bonesso et al. - 2017 - Exposure to elevated sea-surface temperatures below the bleaching threshold impairs coral recovery a.pdf,5,1,numeric_keyword_window,,text,15,"Submitted 13 September 2016 fluorescence at the injury site, underwent a rapid regeneration of the coral branch / Accepted 29 July 2017 / Published 18 August 2017 apical tip within 12 days of sustaining injury, and showed extensive regrowth of the / coral skeleton. Taken together, our results have demonstrated that periods of sustained / Corresponding author",a7dd713768be6a4eea73d71db42d7658d9840e40e525e7a8ad9f1ef1e54c6046
12939915-cb9c-4190-9682-7477eb8d2698,Bonesso et al. - 2017 - Exposure to elevated sea-surface temperatures below the bleaching threshold impairs coral recovery a.pdf,literature/META_ANALYSIS_POOL/Bonesso et al. - 2017 - Exposure to elevated sea-surface temperatures below the bleaching threshold impairs coral recovery a.pdf,6,1,numeric_keyword_window,,text,15,"injury, compared to corals maintained under ambient SST conditions (26 ◦ C). Corals / maintained under normal, ambient, sea surface temperatures expressed high GFP / Submitted 13 September 2016 fluorescence at the injury site, underwent a rapid regeneration of the coral branch / Accepted 29 July 2017 / Published 18 August 2017 apical tip within 12 days of sustaining injury, and showed extensive regrowth of the",a7dd713768be6a4eea73d71db42d7658d9840e40e525e7a8ad9f1ef1e54c6046
12939915-cb9c-4190-9682-7477eb8d2698,Bonesso et al. - 2017 - Exposure to elevated sea-surface temperatures below the bleaching threshold impairs coral recovery a.pdf,literature/META_ANALYSIS_POOL/Bonesso et al. - 2017 - Exposure to elevated sea-surface temperatures below the bleaching threshold impairs coral recovery a.pdf,7,12,numeric_keyword_window,,text,15,"Calcification response to injury and thermal stress / Exposure to sub-bleaching thermal stress (32 ◦ C) had a visible impact on skeletal formation / at the coral apical tip, with linear extension only evident in some samples by day 10 / compared to full extension being evident by day 12 in corals held in normal, ambient, / seawater conditions (26 ◦ C). Calcification and extension rates in corals are significantly",a7dd713768be6a4eea73d71db42d7658d9840e40e525e7a8ad9f1ef1e54c6046
12939915-cb9c-4190-9682-7477eb8d2698,Bonesso et al. - 2017 - Exposure to elevated sea-surface temperatures below the bleaching threshold impairs coral recovery a.pdf,literature/META_ANALYSIS_POOL/Bonesso et al. - 2017 - Exposure to elevated sea-surface temperatures below the bleaching threshold impairs coral recovery a.pdf,8,12,numeric_keyword_window,,text,15,"In the current study GFP fluorescence in the apical tips was found to significantly increase / between days 4 and 12 following injury under normal ambient seawater conditions / (26 ◦ C), but an increase in GFP at the injury site was absent in thermally stressed, injured, / corals. Simultaneous exposure to thermal stress and/or solar radiation in shallow tropical / waters such as that exposed to A. aspera, is known to cause photoinhibition and increase",a7dd713768be6a4eea73d71db42d7658d9840e40e525e7a8ad9f1ef1e54c6046
12939915-cb9c-4190-9682-7477eb8d2698,Bonesso et al. - 2017 - Exposure to elevated sea-surface temperatures below the bleaching threshold impairs coral recovery a.pdf,literature/META_ANALYSIS_POOL/Bonesso et al. - 2017 - Exposure to elevated sea-surface temperatures below the bleaching threshold impairs coral recovery a.pdf,9,12,numeric_keyword_window,,text,15,"stressed seawater conditions (32 ◦ C), compared to ambient seawater conditions (26 ◦ C). / In the current study GFP fluorescence in the apical tips was found to significantly increase / between days 4 and 12 following injury under normal ambient seawater conditions / (26 ◦ C), but an increase in GFP at the injury site was absent in thermally stressed, injured, / corals. Simultaneous exposure to thermal stress and/or solar radiation in shallow tropical",a7dd713768be6a4eea73d71db42d7658d9840e40e525e7a8ad9f1ef1e54c6046
12939915-cb9c-4190-9682-7477eb8d2698,Bonesso et al. - 2017 - Exposure to elevated sea-surface temperatures below the bleaching threshold impairs coral recovery a.pdf,literature/META_ANALYSIS_POOL/Bonesso et al. - 2017 - Exposure to elevated sea-surface temperatures below the bleaching threshold impairs coral recovery a.pdf,10,10,numeric_keyword_window,,text,14,"(e.g., bump/branch removal) for injuries resulting in functional and morphologic changes / in tissue and skeleton (Stafford-Smith, 1993; Hall, 1997). Regeneration/wound healing / following extensive injury has been documented to occur in >74 days post-injury, and / between 24 h and 80 days following partial injuries (Hall, 1997; Bak, 1983; Meesters & / Bak, 1994; DeFilippo et al., 2016). Here we find the recovery and regeneration of A. aspera",a7dd713768be6a4eea73d71db42d7658d9840e40e525e7a8ad9f1ef1e54c6046
12939915-cb9c-4190-9682-7477eb8d2698,Bonesso et al. - 2017 - Exposure to elevated sea-surface temperatures below the bleaching threshold impairs coral recovery a.pdf,literature/META_ANALYSIS_POOL/Bonesso et al. - 2017 - Exposure to elevated sea-surface temperatures below the bleaching threshold impairs coral recovery a.pdf,11,10,numeric_keyword_window,,text,14,"Figure 5 Linear extension rates. Average total linear extension (mm per day−1 ) of apical tips in A. aspera / held under ambient and elevated SST conditions, Mean = ±1 s.e.",a7dd713768be6a4eea73d71db42d7658d9840e40e525e7a8ad9f1ef1e54c6046
12939915-cb9c-4190-9682-7477eb8d2698,Bonesso et al. - 2017 - Exposure to elevated sea-surface temperatures below the bleaching threshold impairs coral recovery a.pdf,literature/META_ANALYSIS_POOL/Bonesso et al. - 2017 - Exposure to elevated sea-surface temperatures below the bleaching threshold impairs coral recovery a.pdf,12,10,numeric_keyword_window,,text,14,"in tissue and skeleton (Stafford-Smith, 1993; Hall, 1997). Regeneration/wound healing / following extensive injury has been documented to occur in >74 days post-injury, and / between 24 h and 80 days following partial injuries (Hall, 1997; Bak, 1983; Meesters & / Bak, 1994; DeFilippo et al., 2016). Here we find the recovery and regeneration of A. aspera / to injury (i.e., apical tip removal) was significantly impeded following exposure to sub-",a7dd713768be6a4eea73d71db42d7658d9840e40e525e7a8ad9f1ef1e54c6046
9616c9c9-f92f-4a43-8be4-4bd0b5875f3c,"Burmester et al. - 2017 - Temperature and symbiosis affect lesion recovery in experimentally wounded, facultatively symbiotic.pdf","literature/META_ANALYSIS_POOL/Burmester et al. - 2017 - Temperature and symbiosis affect lesion recovery in experimentally wounded, facultatively symbiotic.pdf",1,7,caption_or_table_start,Fig. 3,figure,21,"Fig. 3. Proportional change in wound surface area on As- trangia poculata after 75 d normalized over the initial wound surface area. Values were measured from aligned photo- −0.004 g) lost less mass than did aposymbiotic colo- graphs by dividing the final wound surface area on Day 75 nies (M = −0.409 g). Similarly, corals kept at higher by the initial wound surface area on Day 0. Negative values temperatures experienced less tissue loss than indicate an increase in wound size, while positive values indicate a decline in wound size. Error bars are SE colonies at lower temperatures, with the colonies at 24°C experiencing a slight gain in mass on average Wound closure (M9 = −0.345 g, M18 = −0.242 g, M24= 0.021 g; Fig. 4). Both symbitont state and temperature had a signifi- On average, the inflicted wounds were (mean ± SE) cant impact on colony mass, but there was no signifi- 38.4 ± 1.2 mm2 in area and accounted for a loss in cant interaction between these 2 variables (Table 6). mass of...",268d83944c91135ddec552c7c20c318b243d9ca5ae9e4f7d287ba364f53d84e1
9616c9c9-f92f-4a43-8be4-4bd0b5875f3c,"Burmester et al. - 2017 - Temperature and symbiosis affect lesion recovery in experimentally wounded, facultatively symbiotic.pdf","literature/META_ANALYSIS_POOL/Burmester et al. - 2017 - Temperature and symbiosis affect lesion recovery in experimentally wounded, facultatively symbiotic.pdf",2,4,numeric_keyword_window,,text,19,"symbiont state were sampled; meanwhile, 20 by tentacular contraction; Fig. 1A). Achievement of / colonies of each symbiont type were sampled at 9 this final developmental landmark was recognized / and 24°C. At 18°C, 1 wounded aposymbiotic colony as the indicator of healing success. Wound surface / was lost during routine tank cleaning (non-mortal- area was determined for Days 0 and 75 using hand- / ity), reducing the sample size of that group to 39 drawn area tools that are part of the Leica M165FC",268d83944c91135ddec552c7c20c318b243d9ca5ae9e4f7d287ba364f53d84e1
9616c9c9-f92f-4a43-8be4-4bd0b5875f3c,"Burmester et al. - 2017 - Temperature and symbiosis affect lesion recovery in experimentally wounded, facultatively symbiotic.pdf","literature/META_ANALYSIS_POOL/Burmester et al. - 2017 - Temperature and symbiosis affect lesion recovery in experimentally wounded, facultatively symbiotic.pdf",3,8,numeric_keyword_window,,text,17,"24°C 0.2364 0.0794 19 2.9784 0.0077* Overall, our data suggest that symbiotic colonies / exhibit a clear advantage over aposymbiotic colonies / Rooted under symbiotic and 18°C conditions / Intercept 0.0087 0.0426 133 0.2040 0.8387 with respect to single-polyp wound healing. At all / Symbiont state (A) −0.1073 0.0322 133 3.3317 0.0011* temperatures, a greater proportion of symbiotic co-",268d83944c91135ddec552c7c20c318b243d9ca5ae9e4f7d287ba364f53d84e1
9616c9c9-f92f-4a43-8be4-4bd0b5875f3c,"Burmester et al. - 2017 - Temperature and symbiosis affect lesion recovery in experimentally wounded, facultatively symbiotic.pdf","literature/META_ANALYSIS_POOL/Burmester et al. - 2017 - Temperature and symbiosis affect lesion recovery in experimentally wounded, facultatively symbiotic.pdf",4,8,numeric_keyword_window,,text,17,"exhibit a clear advantage over aposymbiotic colonies / Rooted under symbiotic and 18°C conditions / Intercept 0.0087 0.0426 133 0.2040 0.8387 with respect to single-polyp wound healing. At all / Symbiont state (A) −0.1073 0.0322 133 3.3317 0.0011* temperatures, a greater proportion of symbiotic co- / 9°C −0.1700 0.0673 19 −2.5258 0.0206* rals developed new tissue at the wound site and went",268d83944c91135ddec552c7c20c318b243d9ca5ae9e4f7d287ba364f53d84e1
9616c9c9-f92f-4a43-8be4-4bd0b5875f3c,"Burmester et al. - 2017 - Temperature and symbiosis affect lesion recovery in experimentally wounded, facultatively symbiotic.pdf","literature/META_ANALYSIS_POOL/Burmester et al. - 2017 - Temperature and symbiosis affect lesion recovery in experimentally wounded, facultatively symbiotic.pdf",5,9,caption_or_table_start,Table 7,table,17,"Table 7. REML-fitted generalized linear mixed model for photo- Even after returning to a full symbiont synthetic efficiency (AIC = −678.4). S: symbiotic; A: aposymbiotic. Significance (*) assumed from t-values (df = 452) at p < 0.05 load, the diminishment of energetic re- serves that results from a prolonged period of bleaching could undermine wound re- Effect Estimate SE t covery for an extended period of time Rooted under aposymbiotic and 18°C conditions (Meesters & Bak 1993). This could com- Intercept 0.3292 0.0220 14.950* pound the impact of bleaching and elevate Symbiont state (S) 0.1569 0.0228 6.877* post-bleaching mortality rates. Symbiont state (A): Temperature (9°C) 0.0342 0.0370 0.925 Symbiont state (S): Temperature (9°C) −0.0926 0.0254 −3.652* While our study does not directly address Symbiont state (A): Temperature (24°C) −0.0048 0.0328 −0.145 the possible advantages of a facultatively Symbiont state (S): Temperature (24°C) −0.0044 0.0260 −0.171 symbiotic life history, i...",268d83944c91135ddec552c7c20c318b243d9ca5ae9e4f7d287ba364f53d84e1
9616c9c9-f92f-4a43-8be4-4bd0b5875f3c,"Burmester et al. - 2017 - Temperature and symbiosis affect lesion recovery in experimentally wounded, facultatively symbiotic.pdf","literature/META_ANALYSIS_POOL/Burmester et al. - 2017 - Temperature and symbiosis affect lesion recovery in experimentally wounded, facultatively symbiotic.pdf",6,3,caption_or_table_start,Fig. 1,figure,16,"Fig. 1. (A) Stages of wound healing as demonstrated in Astrangia poculata. a: signed symbiont state as described by Experimentally-induced bare skeleton wound (w) from initial polyps (ip); b: no demonstration of recovery with wound site covered in algae (a); c: formation of Dimond & Carrington (2007) and de- undifferentiated tissue (ut) from wound edges (as shown) or from within cal- monstrated by Dimond et al. (2013) ice; d: formation of tentacle nubs (tn); e: re-establishment of full polyp (fp) with and DeFilippo et al. (2016), where fully functional tentacles. (B) Symbiont states in A. poculata. f: Aposymbiotic symbiont state was determined visu- colonies appear white; g: mixed symbiont colonies have a range of symbiotic (s) and aposymbiotic (ap) polyps; h: fully symbiotic colonies appear brown ally using color as a proxy for chloro- phyll density. Additionally, to ensure this method accurately represented psygmophilum) and aposymbiotic (low density or our system, a random subset...",268d83944c91135ddec552c7c20c318b243d9ca5ae9e4f7d287ba364f53d84e1
9616c9c9-f92f-4a43-8be4-4bd0b5875f3c,"Burmester et al. - 2017 - Temperature and symbiosis affect lesion recovery in experimentally wounded, facultatively symbiotic.pdf","literature/META_ANALYSIS_POOL/Burmester et al. - 2017 - Temperature and symbiosis affect lesion recovery in experimentally wounded, facultatively symbiotic.pdf",7,5,numeric_keyword_window,,text,16,"denced by a shift in color. Shifts in symbiont density Fisher’s exact tests and ANOVAs were used to / were quantified as the percentage of polyps chang- determine the effect of shifts in symbiont density on / ing symbiont state between Day 0 and Day 75; only the relative ratios of healing ability and stage, and / polyp-level shifts from aposymbiotic to symbiotic relative means of colony mass and surface area / were observed. Such shifts became apparent when recovery, respectively, for aposymbiotic corals at 18",268d83944c91135ddec552c7c20c318b243d9ca5ae9e4f7d287ba364f53d84e1
9616c9c9-f92f-4a43-8be4-4bd0b5875f3c,"Burmester et al. - 2017 - Temperature and symbiosis affect lesion recovery in experimentally wounded, facultatively symbiotic.pdf","literature/META_ANALYSIS_POOL/Burmester et al. - 2017 - Temperature and symbiosis affect lesion recovery in experimentally wounded, facultatively symbiotic.pdf",8,5,numeric_keyword_window,,text,16,"ing symbiont state between Day 0 and Day 75; only the relative ratios of healing ability and stage, and / polyp-level shifts from aposymbiotic to symbiotic relative means of colony mass and surface area / were observed. Such shifts became apparent when recovery, respectively, for aposymbiotic corals at 18 / individual polyps in a colony would develop clusters and 24°C. No colonies at 9°C showed signs of shifts in / of brown spots (i.e. symbiosomes) detectable under symbiont density, and this group was therefore ex-",268d83944c91135ddec552c7c20c318b243d9ca5ae9e4f7d287ba364f53d84e1
9616c9c9-f92f-4a43-8be4-4bd0b5875f3c,"Burmester et al. - 2017 - Temperature and symbiosis affect lesion recovery in experimentally wounded, facultatively symbiotic.pdf","literature/META_ANALYSIS_POOL/Burmester et al. - 2017 - Temperature and symbiosis affect lesion recovery in experimentally wounded, facultatively symbiotic.pdf",9,6,caption_or_table_start,Table 4,table,16,"Table 4. Laplace-approximated generalized mixed logistic regression for healing success (rooted under aposymbiotic and 18°C conditions) (AIC = 68.64). S: symbiotic. For fixed effects, symbols indicate significance considered at **p < 0.001, *p < 0.05, +p < 0.01",268d83944c91135ddec552c7c20c318b243d9ca5ae9e4f7d287ba364f53d84e1
9616c9c9-f92f-4a43-8be4-4bd0b5875f3c,"Burmester et al. - 2017 - Temperature and symbiosis affect lesion recovery in experimentally wounded, facultatively symbiotic.pdf","literature/META_ANALYSIS_POOL/Burmester et al. - 2017 - Temperature and symbiosis affect lesion recovery in experimentally wounded, facultatively symbiotic.pdf",10,2,numeric_keyword_window,,text,14,"Healing rate can be influenced by a number of fac- ple the effects of temperature and symbiosis because / tors, including coral species (Bak & Steward-Van Es its distribution spans a wide range of temperatures and / 1980), the size of the lesion (Meesters et al. 1996), and it exhibits a facultative symbiosis with Symbiodinium. / the ratio of wound perimeter to surface area (Meesters A. poculata is a temperate species whose native range / et al. 1997). Infrequent high-energy traumas tend to extends along the US east coast, from Florida and the",268d83944c91135ddec552c7c20c318b243d9ca5ae9e4f7d287ba364f53d84e1
9616c9c9-f92f-4a43-8be4-4bd0b5875f3c,"Burmester et al. - 2017 - Temperature and symbiosis affect lesion recovery in experimentally wounded, facultatively symbiotic.pdf","literature/META_ANALYSIS_POOL/Burmester et al. - 2017 - Temperature and symbiosis affect lesion recovery in experimentally wounded, facultatively symbiotic.pdf",11,3,numeric_keyword_window,,text,14,"Fig. 1. (A) Stages of wound healing as demonstrated in Astrangia poculata. a: signed symbiont state as described by / Experimentally-induced bare skeleton wound (w) from initial polyps (ip); b: no / demonstration of recovery with wound site covered in algae (a); c: formation of Dimond & Carrington (2007) and de- / undifferentiated tissue (ut) from wound edges (as shown) or from within cal- monstrated by Dimond et al. (2013) / ice; d: formation of tentacle nubs (tn); e: re-establishment of full polyp (fp) with and DeFilippo et al. (2016), where",268d83944c91135ddec552c7c20c318b243d9ca5ae9e4f7d287ba364f53d84e1
9616c9c9-f92f-4a43-8be4-4bd0b5875f3c,"Burmester et al. - 2017 - Temperature and symbiosis affect lesion recovery in experimentally wounded, facultatively symbiotic.pdf","literature/META_ANALYSIS_POOL/Burmester et al. - 2017 - Temperature and symbiosis affect lesion recovery in experimentally wounded, facultatively symbiotic.pdf",12,3,numeric_keyword_window,,text,14,avoid inflicting additional wounds or / tissue damage. Colonies were as- / Fig. 1. (A) Stages of wound healing as demonstrated in Astrangia poculata. a: signed symbiont state as described by / Experimentally-induced bare skeleton wound (w) from initial polyps (ip); b: no / demonstration of recovery with wound site covered in algae (a); c: formation of Dimond & Carrington (2007) and de-,268d83944c91135ddec552c7c20c318b243d9ca5ae9e4f7d287ba364f53d84e1
26babed0-9e6c-4621-9dca-9253eb39b9fb,Cameron and Edmunds - 2014 - Effects of simulated fish predation on small colonies of massive Porites spp. and Pocillopora meandr.pdf,literature/META_ANALYSIS_POOL/Cameron and Edmunds - 2014 - Effects of simulated fish predation on small colonies of massive Porites spp. and Pocillopora meandr.pdf,1,5,caption_or_table_start,Fig. 2,figure,25,"Fig. 2. Growth rates (mg cm−2 d−1) of massive Porites spp. experiment, the perimeters of the original lesion and Pocillopora meandrina after 21 d in each treatment. remained visible, and the healed tissue was marked Values plotted are mean ± SE (n = 7 control; n = 8 all others) by subtle discoloration or surface irregularities. Over- all, only one of the 64 experimental corals (one Porites in the control group) died during the experi- Table 1. Results of partially nested ANOVA comparing growth over 21 d for massive Porites spp. and Pocillopora ment. By the end of the study, 3 Pocillopora corals meandrina (Taxon) exposed to control, browsed, scraped, or (1 coral from each damage treatment) and 1 Porites excavated damage (Treatment). The effects of taxon, treat- colony had small patches (~2 mm2) of filamentous ment, and the interaction between them were tested over algae overgrowing a portion of the original lesion. MSerror , as the cage effect was not significant and was dropped from...",74acc22913893c01cc7c136bd0d5ebbc27cced977dfcd123a09bf33f0574127d
26babed0-9e6c-4621-9dca-9253eb39b9fb,Cameron and Edmunds - 2014 - Effects of simulated fish predation on small colonies of massive Porites spp. and Pocillopora meandr.pdf,literature/META_ANALYSIS_POOL/Cameron and Edmunds - 2014 - Effects of simulated fish predation on small colonies of massive Porites spp. and Pocillopora meandr.pdf,2,5,numeric_keyword_window,,text,23,"ments, and excavated corals had the slowest growth scraped (p = 0.083), and scraped versus browsed (p = / rate (Fig. 2). Compared to the controls, mean growth 0.352) comparisons. / rates of Porites were reduced 39% in the excavated Most lesions showed at least some signs of healing, / treatment, 24% in the scraped treatment, and 13% in but the percentage of each lesion that healed dif- / the browsed treatment; mean growth rates of Pocillo- fered among treatments and taxa (Table 2, Fig. 3).",74acc22913893c01cc7c136bd0d5ebbc27cced977dfcd123a09bf33f0574127d
26babed0-9e6c-4621-9dca-9253eb39b9fb,Cameron and Edmunds - 2014 - Effects of simulated fish predation on small colonies of massive Porites spp. and Pocillopora meandr.pdf,literature/META_ANALYSIS_POOL/Cameron and Edmunds - 2014 - Effects of simulated fish predation on small colonies of massive Porites spp. and Pocillopora meandr.pdf,3,5,numeric_keyword_window,,text,23,"rate (Fig. 2). Compared to the controls, mean growth 0.352) comparisons. / rates of Porites were reduced 39% in the excavated Most lesions showed at least some signs of healing, / treatment, 24% in the scraped treatment, and 13% in but the percentage of each lesion that healed dif- / the browsed treatment; mean growth rates of Pocillo- fered among treatments and taxa (Table 2, Fig. 3). / pora were reduced 54% in the excavated treatment, On average, lesions on Pocillopora healed 22% more",74acc22913893c01cc7c136bd0d5ebbc27cced977dfcd123a09bf33f0574127d
26babed0-9e6c-4621-9dca-9253eb39b9fb,Cameron and Edmunds - 2014 - Effects of simulated fish predation on small colonies of massive Porites spp. and Pocillopora meandr.pdf,literature/META_ANALYSIS_POOL/Cameron and Edmunds - 2014 - Effects of simulated fish predation on small colonies of massive Porites spp. and Pocillopora meandr.pdf,4,6,caption_or_table_start,Fig. 3,figure,21,"Fig. 3. Percentage of each lesion healed after 21 d for mas- 0.001 for all comparisons). Based on the percent that sive Porites spp. and Pocillopora meandrina in each treat- lesions healed, the treatments ranked as browsed > ment group. Values plotted are the mean ± SE (n = 8); num- scraped > excavated (Fig. 3). The extent of healing bers above each treatment represent the average initial also differed among cages (within taxon × treatment) lesion area (mm2) on corals in both taxa (Table 2), but the taxon × treatment interaction was not significant (Table 2, Fig. 3). vating corallivores (Penin et al. 2010, Trapon et al. 2013). Therefore, comparisons of the effects of multi- ple types of simulated corallivory on coral perform- DISCUSSION ance are likely to be relevant to understanding the causes of changes in coral community structure. The effects of localized damage on reef corals are There are at least 3 hypotheses that can account for relatively well known, usually in response to...",74acc22913893c01cc7c136bd0d5ebbc27cced977dfcd123a09bf33f0574127d
26babed0-9e6c-4621-9dca-9253eb39b9fb,Cameron and Edmunds - 2014 - Effects of simulated fish predation on small colonies of massive Porites spp. and Pocillopora meandr.pdf,literature/META_ANALYSIS_POOL/Cameron and Edmunds - 2014 - Effects of simulated fish predation on small colonies of massive Porites spp. and Pocillopora meandr.pdf,5,5,numeric_keyword_window,,text,20,"Fig. 2. Growth rates (mg cm−2 d−1) of massive Porites spp. / experiment, the perimeters of the original lesion and Pocillopora meandrina after 21 d in each treatment. / remained visible, and the healed tissue was marked Values plotted are mean ± SE (n = 7 control; n = 8 all others) / by subtle discoloration or surface irregularities. Over- / all, only one of the 64 experimental corals (one",74acc22913893c01cc7c136bd0d5ebbc27cced977dfcd123a09bf33f0574127d
26babed0-9e6c-4621-9dca-9253eb39b9fb,Cameron and Edmunds - 2014 - Effects of simulated fish predation on small colonies of massive Porites spp. and Pocillopora meandr.pdf,literature/META_ANALYSIS_POOL/Cameron and Edmunds - 2014 - Effects of simulated fish predation on small colonies of massive Porites spp. and Pocillopora meandr.pdf,6,5,numeric_keyword_window,,text,20,"and excavation damage. Even though signs of heal- / ing were seen on all damaged corals at the end of the / Fig. 2. Growth rates (mg cm−2 d−1) of massive Porites spp. / experiment, the perimeters of the original lesion and Pocillopora meandrina after 21 d in each treatment. / remained visible, and the healed tissue was marked Values plotted are mean ± SE (n = 7 control; n = 8 all others)",74acc22913893c01cc7c136bd0d5ebbc27cced977dfcd123a09bf33f0574127d
26babed0-9e6c-4621-9dca-9253eb39b9fb,Cameron and Edmunds - 2014 - Effects of simulated fish predation on small colonies of massive Porites spp. and Pocillopora meandr.pdf,literature/META_ANALYSIS_POOL/Cameron and Edmunds - 2014 - Effects of simulated fish predation on small colonies of massive Porites spp. and Pocillopora meandr.pdf,7,5,numeric_keyword_window,,text,20,"ing were seen on all damaged corals at the end of the / Fig. 2. Growth rates (mg cm−2 d−1) of massive Porites spp. / experiment, the perimeters of the original lesion and Pocillopora meandrina after 21 d in each treatment. / remained visible, and the healed tissue was marked Values plotted are mean ± SE (n = 7 control; n = 8 all others) / by subtle discoloration or surface irregularities. Over-",74acc22913893c01cc7c136bd0d5ebbc27cced977dfcd123a09bf33f0574127d
26babed0-9e6c-4621-9dca-9253eb39b9fb,Cameron and Edmunds - 2014 - Effects of simulated fish predation on small colonies of massive Porites spp. and Pocillopora meandr.pdf,literature/META_ANALYSIS_POOL/Cameron and Edmunds - 2014 - Effects of simulated fish predation on small colonies of massive Porites spp. and Pocillopora meandr.pdf,8,5,numeric_keyword_window,,text,20,"treatment, 24% in the scraped treatment, and 13% in but the percentage of each lesion that healed dif- / the browsed treatment; mean growth rates of Pocillo- fered among treatments and taxa (Table 2, Fig. 3). / pora were reduced 54% in the excavated treatment, On average, lesions on Pocillopora healed 22% more / 42% in the scraped treatment, and 17% in the than lesions in the same treatment group on Porites, / browsed treatment. Growth rates differed among except for excavated lesions (Fig. 3). Excavated",74acc22913893c01cc7c136bd0d5ebbc27cced977dfcd123a09bf33f0574127d
26babed0-9e6c-4621-9dca-9253eb39b9fb,Cameron and Edmunds - 2014 - Effects of simulated fish predation on small colonies of massive Porites spp. and Pocillopora meandr.pdf,literature/META_ANALYSIS_POOL/Cameron and Edmunds - 2014 - Effects of simulated fish predation on small colonies of massive Porites spp. and Pocillopora meandr.pdf,9,10,numeric_keyword_window,,text,20,"temporal dynamics of symbiotic dinoflagellates (Symbio- fishes: strategies to maximize the profit. Environ Biol / dinium: Dinophyta) in the perforate coral Montipora Fishes 25:171−185 / capitata. Galaxea J Coral Reef Stud 11:139−147 ä van Woesik R (1998) Lesion healing on massive Porites spp. / Stimson JS (1987) Location, quantity and rate of change in corals. Mar Ecol Prog Ser 164:213−220 / quantity of lipids in tissue of Hawaiian hermatypic ä Vermeij MJA, Sandin SA (2008) Density-dependent settle-",74acc22913893c01cc7c136bd0d5ebbc27cced977dfcd123a09bf33f0574127d
26babed0-9e6c-4621-9dca-9253eb39b9fb,Cameron and Edmunds - 2014 - Effects of simulated fish predation on small colonies of massive Porites spp. and Pocillopora meandr.pdf,literature/META_ANALYSIS_POOL/Cameron and Edmunds - 2014 - Effects of simulated fish predation on small colonies of massive Porites spp. and Pocillopora meandr.pdf,10,6,numeric_keyword_window,,text,19,"0.001 for all comparisons). Based on the percent that sive Porites spp. and Pocillopora meandrina in each treat- / lesions healed, the treatments ranked as browsed > ment group. Values plotted are the mean ± SE (n = 8); num- / scraped > excavated (Fig. 3). The extent of healing bers above each treatment represent the average initial / also differed among cages (within taxon × treatment) lesion area (mm2) on corals in both taxa / (Table 2), but the taxon × treatment interaction was",74acc22913893c01cc7c136bd0d5ebbc27cced977dfcd123a09bf33f0574127d
26babed0-9e6c-4621-9dca-9253eb39b9fb,Cameron and Edmunds - 2014 - Effects of simulated fish predation on small colonies of massive Porites spp. and Pocillopora meandr.pdf,literature/META_ANALYSIS_POOL/Cameron and Edmunds - 2014 - Effects of simulated fish predation on small colonies of massive Porites spp. and Pocillopora meandr.pdf,11,6,numeric_keyword_window,,text,19,"Fig. 3. Percentage of each lesion healed after 21 d for mas- / 0.001 for all comparisons). Based on the percent that sive Porites spp. and Pocillopora meandrina in each treat- / lesions healed, the treatments ranked as browsed > ment group. Values plotted are the mean ± SE (n = 8); num- / scraped > excavated (Fig. 3). The extent of healing bers above each treatment represent the average initial / also differed among cages (within taxon × treatment) lesion area (mm2) on corals in both taxa",74acc22913893c01cc7c136bd0d5ebbc27cced977dfcd123a09bf33f0574127d
26babed0-9e6c-4621-9dca-9253eb39b9fb,Cameron and Edmunds - 2014 - Effects of simulated fish predation on small colonies of massive Porites spp. and Pocillopora meandr.pdf,literature/META_ANALYSIS_POOL/Cameron and Edmunds - 2014 - Effects of simulated fish predation on small colonies of massive Porites spp. and Pocillopora meandr.pdf,12,6,numeric_keyword_window,,text,19,"lesions healed, the treatments ranked as browsed > ment group. Values plotted are the mean ± SE (n = 8); num- / scraped > excavated (Fig. 3). The extent of healing bers above each treatment represent the average initial / also differed among cages (within taxon × treatment) lesion area (mm2) on corals in both taxa / (Table 2), but the taxon × treatment interaction was / not significant (Table 2, Fig. 3). vating corallivores (Penin et al. 2010, Trapon et al.",74acc22913893c01cc7c136bd0d5ebbc27cced977dfcd123a09bf33f0574127d
09f69156-3ca0-4bf2-98e2-fe2b25612587,Denis et al. - 2011 - Lesion regeneration capacities in populations of the massive coral Porites lutea at Réunion Island.pdf,literature/META_ANALYSIS_POOL/Denis et al. - 2011 - Lesion regeneration capacities in populations of the massive coral Porites lutea at Réunion Island.pdf,1,8,caption_or_table_start,Fig. 5,figure,22,"Fig. 5. Porites lutea. Regeneration curve parameters by sea- son and site. (a) Slopes, (b) asymptotes, (c) initial regeneration initial regeneration rates. In the hot season, regenera- rates. Inset tables represent overall mean comparison by sea- tion rates at Kiosque and Varangue were higher than son. Asterisks above bars indicate the level of significant those at Trou d’Eau. change for each site compared to the previous season. Brack- Based on these initial regeneration rates and on the ets with asterisks above bars indicate, for each season, the level of significant difference between sites. Errors bars mean initial lesion size, maximum regeneration rates represent SE. ***p < 0.001, **p < 0.01 and *p < 0.05; ns: not ranged from 6.0 mm2 d–1 at Planch’Alizé in the warm- significant. See Fig. 2 for season abbreviations ing season to 20.1 mm2 d–1 at Kiosque in the cooling season. Asymptote",edd2dd37647b500cb2de2e9e7c7e49acdf0d8d20fc5e0233e029589739f9ba4f
09f69156-3ca0-4bf2-98e2-fe2b25612587,Denis et al. - 2011 - Lesion regeneration capacities in populations of the massive coral Porites lutea at Réunion Island.pdf,literature/META_ANALYSIS_POOL/Denis et al. - 2011 - Lesion regeneration capacities in populations of the massive coral Porites lutea at Réunion Island.pdf,2,8,numeric_keyword_window,,text,20,"level of significant difference between sites. Errors bars / mean initial lesion size, maximum regeneration rates / represent SE. ***p < 0.001, **p < 0.01 and *p < 0.05; ns: not ranged from 6.0 mm2 d–1 at Planch’Alizé in the warm- / significant. See Fig. 2 for season abbreviations ing season to 20.1 mm2 d–1 at Kiosque in the cooling / season.",edd2dd37647b500cb2de2e9e7c7e49acdf0d8d20fc5e0233e029589739f9ba4f
09f69156-3ca0-4bf2-98e2-fe2b25612587,Denis et al. - 2011 - Lesion regeneration capacities in populations of the massive coral Porites lutea at Réunion Island.pdf,literature/META_ANALYSIS_POOL/Denis et al. - 2011 - Lesion regeneration capacities in populations of the massive coral Porites lutea at Réunion Island.pdf,3,8,numeric_keyword_window,,text,20,"mean initial lesion size, maximum regeneration rates / represent SE. ***p < 0.001, **p < 0.01 and *p < 0.05; ns: not ranged from 6.0 mm2 d–1 at Planch’Alizé in the warm- / significant. See Fig. 2 for season abbreviations ing season to 20.1 mm2 d–1 at Kiosque in the cooling / season. / Asymptote",edd2dd37647b500cb2de2e9e7c7e49acdf0d8d20fc5e0233e029589739f9ba4f
09f69156-3ca0-4bf2-98e2-fe2b25612587,Denis et al. - 2011 - Lesion regeneration capacities in populations of the massive coral Porites lutea at Réunion Island.pdf,literature/META_ANALYSIS_POOL/Denis et al. - 2011 - Lesion regeneration capacities in populations of the massive coral Porites lutea at Réunion Island.pdf,4,9,caption_or_table_start,Table 3,table,19,"Table 3. Forward stepwise multiple regressions of slope, asymptote (y0) and founding effects of initial lesion size initial regeneration rate with 4 environmental variables: seawater temperature, and shape on lesion regeneration were solar radiation, rainfall and water flow. Stepwise analysis determines the avoided by inducing lesions of stan- variables that best explain the variation in the respective lesion regeneration dard size and depth. The wide range of parameter. Selected variables were then used in the least squares multiple regression model regenerative responses observed, from complete healing to degeneration, suggests that the size of artificial Parameter Beta p R2 F p-value coefficient regression lesions used in this study (~330 mm2) was well suited to examine lesion regeneration capacity in Porites lutea Regression slope 0.78 8.17 < 0.01 populations in different environmental Temperature 0.81 < 0.05 settings. Generally, the temporal pat- Solar radiation –0.80 < 0.01 Ra...",edd2dd37647b500cb2de2e9e7c7e49acdf0d8d20fc5e0233e029589739f9ba4f
09f69156-3ca0-4bf2-98e2-fe2b25612587,Denis et al. - 2011 - Lesion regeneration capacities in populations of the massive coral Porites lutea at Réunion Island.pdf,literature/META_ANALYSIS_POOL/Denis et al. - 2011 - Lesion regeneration capacities in populations of the massive coral Porites lutea at Réunion Island.pdf,5,10,numeric_keyword_window,,text,18,"P. lutea on the high-latitude reefs of Okinawa, Japan, properties exhibited lower slopes and initial regenera- / were capable of complete lesion regeneration, in spite tion rates and high asymptote values, correlated to the / of the relatively large initial lesion sizes (≤ 1310 mm2, high solar radiation (warming season) and high tem- / van Woesik 1998). peratures (hot season). Comparable results were ob- / Regression slopes of lesion regeneration curves of tained in Okinawa where mean daily healing rates in",edd2dd37647b500cb2de2e9e7c7e49acdf0d8d20fc5e0233e029589739f9ba4f
09f69156-3ca0-4bf2-98e2-fe2b25612587,Denis et al. - 2011 - Lesion regeneration capacities in populations of the massive coral Porites lutea at Réunion Island.pdf,literature/META_ANALYSIS_POOL/Denis et al. - 2011 - Lesion regeneration capacities in populations of the massive coral Porites lutea at Réunion Island.pdf,6,5,numeric_keyword_window,,text,17,"plained by the lesion regeneration model. Model fit due to mortality of surrounding polyps. Lesion regener- / was compared by season and by site using R2 values ation was manifest from the second day onwards by the / calculated for each lesion. Season and site effects on rapid decrease of the lesion size (Fig. 3). Regeneration / model estimates (slope, asymptote, initial regeneration from within lesions was not observed. During the first / rate) were analysed using parameters estimated for weeks of the regeneration process, healing edges pre-",edd2dd37647b500cb2de2e9e7c7e49acdf0d8d20fc5e0233e029589739f9ba4f
09f69156-3ca0-4bf2-98e2-fe2b25612587,Denis et al. - 2011 - Lesion regeneration capacities in populations of the massive coral Porites lutea at Réunion Island.pdf,literature/META_ANALYSIS_POOL/Denis et al. - 2011 - Lesion regeneration capacities in populations of the massive coral Porites lutea at Réunion Island.pdf,7,10,numeric_keyword_window,,text,17,"regeneration rates for Porites lutea in Okinawa were show seasonal patterns. Lower regenerative abilities / somewhat lower than those in Réunion (respectively recorded before spawning have been associated with / 0.4 to 17.0 mm2 d–1 and 6.0 to 20.1 mm2 d–1). the energy required for gametogenesis (Kramarsky- / Several studies report mean daily regeneration rates, Winter & Loya 2000). A chance observation of gamete / determined from the difference in lesion size across a release by several colonies of Porites lutea on",edd2dd37647b500cb2de2e9e7c7e49acdf0d8d20fc5e0233e029589739f9ba4f
09f69156-3ca0-4bf2-98e2-fe2b25612587,Denis et al. - 2011 - Lesion regeneration capacities in populations of the massive coral Porites lutea at Réunion Island.pdf,literature/META_ANALYSIS_POOL/Denis et al. - 2011 - Lesion regeneration capacities in populations of the massive coral Porites lutea at Réunion Island.pdf,8,10,numeric_keyword_window,,text,15,"(~0.01 to 0.22 mm d–1) were comparable to the regen- water onto the reef flat at this site (Fig. 2e). Source and / eration rates recorded at Réunion Island (0.01 to flow speed of water masses control the opportunities / 0.20 mm d–1). This further confirms the fast initial that coral have for heterotrophic feeding (Sebens et al. / lesion regeneration in P. lutea at Réunion Island, in 1998), which may represent an important additional / spite of limited capacity to heal lesions completely. energy source for zooxanthellate corals (Houlbrèque &",edd2dd37647b500cb2de2e9e7c7e49acdf0d8d20fc5e0233e029589739f9ba4f
09f69156-3ca0-4bf2-98e2-fe2b25612587,Denis et al. - 2011 - Lesion regeneration capacities in populations of the massive coral Porites lutea at Réunion Island.pdf,literature/META_ANALYSIS_POOL/Denis et al. - 2011 - Lesion regeneration capacities in populations of the massive coral Porites lutea at Réunion Island.pdf,9,4,numeric_keyword_window,,text,14,"calibrate measurements. Monitoring frequency was decay model with an asymptote (Meesters et al. 1994, / adapted to the rate of regeneration, ranging from daily 1997, Fisher et al. 2007), as lesions were often not com- / shortly after lesion induction, to 3 wk intervals. Regen- pletely closed: / eration was monitored during at least 150 d and until / Size = Asymptote + [Sizereg × e(– Slope × t)] (1)",edd2dd37647b500cb2de2e9e7c7e49acdf0d8d20fc5e0233e029589739f9ba4f
09f69156-3ca0-4bf2-98e2-fe2b25612587,Denis et al. - 2011 - Lesion regeneration capacities in populations of the massive coral Porites lutea at Réunion Island.pdf,literature/META_ANALYSIS_POOL/Denis et al. - 2011 - Lesion regeneration capacities in populations of the massive coral Porites lutea at Réunion Island.pdf,10,6,numeric_keyword_window,,text,14,"in particular for degenerating lesions, a bright pink le- curred only at Planch’Alizé and Varangue during the / sion margin was observed (Fig. 4b). hot season, affecting 57 and 46% of the lesions, / Initial lesion size was 330 ± 50 mm2 (mean ± SD, n = respectively (Figs. 3c, 4b). / 170). Despite efforts to inflict similar sized lesions, initial / lesion sizes at Varangue were slightly higher for the",edd2dd37647b500cb2de2e9e7c7e49acdf0d8d20fc5e0233e029589739f9ba4f
09f69156-3ca0-4bf2-98e2-fe2b25612587,Denis et al. - 2011 - Lesion regeneration capacities in populations of the massive coral Porites lutea at Réunion Island.pdf,literature/META_ANALYSIS_POOL/Denis et al. - 2011 - Lesion regeneration capacities in populations of the massive coral Porites lutea at Réunion Island.pdf,11,6,numeric_keyword_window,,text,14,"slope: F = 1.62, p = 0.20; asymptote: F = 1.07, p = 0.30; ini- in Porites lutea. Both site and season affected model / tial regeneration rate: F = 0.68, p = 0.41). fits (SRH, H = 16.12, p < 0.05): R2 values were signifi- / Overall, only 18% of the inflicted lesions healed cantly lower during the hot season at Planch’Alizé / completely within 6 to 9 mo. Lesion degeneration, (0.62) and Varangue (0.68), the 2 sites where degener- / defined as progressively increasing lesion size, oc- ation of lesions was observed.",edd2dd37647b500cb2de2e9e7c7e49acdf0d8d20fc5e0233e029589739f9ba4f
09f69156-3ca0-4bf2-98e2-fe2b25612587,Denis et al. - 2011 - Lesion regeneration capacities in populations of the massive coral Porites lutea at Réunion Island.pdf,literature/META_ANALYSIS_POOL/Denis et al. - 2011 - Lesion regeneration capacities in populations of the massive coral Porites lutea at Réunion Island.pdf,12,6,numeric_keyword_window,,text,14,"tial regeneration rate: F = 0.68, p = 0.41). fits (SRH, H = 16.12, p < 0.05): R2 values were signifi- / Overall, only 18% of the inflicted lesions healed cantly lower during the hot season at Planch’Alizé / completely within 6 to 9 mo. Lesion degeneration, (0.62) and Varangue (0.68), the 2 sites where degener- / defined as progressively increasing lesion size, oc- ation of lesions was observed.",edd2dd37647b500cb2de2e9e7c7e49acdf0d8d20fc5e0233e029589739f9ba4f
4d1dfa9c-9c0b-438d-bf33-ec928b7d6696,Denis_2013_Fast_Growth_May_Impair_Regeneration_Capacity_in_th..._doi-10.1371-journal.pone.0072618.pdf,literature/META_ANALYSIS_POOL/Denis et al. - 2013 - Fast Growth May Impair Regeneration Capacity in the Branching Coral Acropora muricata.pdf,1,3,numeric_keyword_window,,text,23,"area that can be fully regenerated, slope is the regression slope, their initial size. Based on the outcomes of the exponential decay / and t is the time in days. Since there is no natural logarithm for 0 model, lesions healed completely after on average 81 days at / (when a lesion is completely healed), +1 was added to the Kiosque and 192 days at Planch’Alizé (Fig. 3). Regression slopes / remaining lesion size for the calculations. significantly differed between Planch’Alizé (20.02460.012,",9a36d0b637e24c18be7e4cb9f9545f5c07f4c63fb8d9cbcfa88275be02b549c7
4d1dfa9c-9c0b-438d-bf33-ec928b7d6696,Denis_2013_Fast_Growth_May_Impair_Regeneration_Capacity_in_th..._doi-10.1371-journal.pone.0072618.pdf,literature/META_ANALYSIS_POOL/Denis et al. - 2013 - Fast Growth May Impair Regeneration Capacity in the Branching Coral Acropora muricata.pdf,2,3,numeric_keyword_window,,text,23,"where size is the remaining lesion size (%), sizereg is the maximum size, while those in nubbins at Planch’Alizé were still at 24% of / area that can be fully regenerated, slope is the regression slope, their initial size. Based on the outcomes of the exponential decay / and t is the time in days. Since there is no natural logarithm for 0 model, lesions healed completely after on average 81 days at / (when a lesion is completely healed), +1 was added to the Kiosque and 192 days at Planch’Alizé (Fig. 3). Regression slopes / remaining lesion size for the calculations. significantly differed between Planch’Alizé (20.02460.012,",9a36d0b637e24c18be7e4cb9f9545f5c07f4c63fb8d9cbcfa88275be02b549c7
4d1dfa9c-9c0b-438d-bf33-ec928b7d6696,Denis_2013_Fast_Growth_May_Impair_Regeneration_Capacity_in_th..._doi-10.1371-journal.pone.0072618.pdf,literature/META_ANALYSIS_POOL/Denis et al. - 2013 - Fast Growth May Impair Regeneration Capacity in the Branching Coral Acropora muricata.pdf,3,5,caption_or_table_start,Figure 4,figure,22,"Figure 4. Growth of Acropora muricata. The mean (6 SD) relative increase in the projected surface area (% d21) of control and injured Figure 5. Calcification and lesion healing of Acropora muricata. nubbins by site. Relationship between calcification rates and lesion healing for injured doi:10.1371/journal.pone.0072618.g004 nubbins from Planch’Alizé and Kiosque. doi:10.1371/journal.pone.0072618.g005 infliction did not affect Fv/Fm values in nubbins, in spite of the stress this likely represents. High Fv/Fm values were maintained lesion infliction and may be driven by a high supply of throughout the experiment. Measured photosynthetic efficiencies photosynthetic products from zooxanthellae. Indeed, a previous were higher than those of A. muricata nubbins from the Great study suggested the stimulating role of photosynthesis on Barrier Reef kept at a non-stressful temperature [47]. This further calcification induced by nutrient enrichment at this site [41]. suggests that specific envi...",9a36d0b637e24c18be7e4cb9f9545f5c07f4c63fb8d9cbcfa88275be02b549c7
4d1dfa9c-9c0b-438d-bf33-ec928b7d6696,Denis_2013_Fast_Growth_May_Impair_Regeneration_Capacity_in_th..._doi-10.1371-journal.pone.0072618.pdf,literature/META_ANALYSIS_POOL/Denis et al. - 2013 - Fast Growth May Impair Regeneration Capacity in the Branching Coral Acropora muricata.pdf,4,3,numeric_keyword_window,,text,21,"and t is the time in days. Since there is no natural logarithm for 0 model, lesions healed completely after on average 81 days at / (when a lesion is completely healed), +1 was added to the Kiosque and 192 days at Planch’Alizé (Fig. 3). Regression slopes / remaining lesion size for the calculations. significantly differed between Planch’Alizé (20.02460.012,",9a36d0b637e24c18be7e4cb9f9545f5c07f4c63fb8d9cbcfa88275be02b549c7
4d1dfa9c-9c0b-438d-bf33-ec928b7d6696,Denis_2013_Fast_Growth_May_Impair_Regeneration_Capacity_in_th..._doi-10.1371-journal.pone.0072618.pdf,literature/META_ANALYSIS_POOL/Denis et al. - 2013 - Fast Growth May Impair Regeneration Capacity in the Branching Coral Acropora muricata.pdf,5,5,numeric_keyword_window,,text,20,Figure 4. Growth of Acropora muricata. The mean (6 SD) relative / increase in the projected surface area (% d21) of control and injured Figure 5. Calcification and lesion healing of Acropora muricata. / nubbins by site. Relationship between calcification rates and lesion healing for injured / doi:10.1371/journal.pone.0072618.g004 nubbins from Planch’Alizé and Kiosque.,9a36d0b637e24c18be7e4cb9f9545f5c07f4c63fb8d9cbcfa88275be02b549c7
4d1dfa9c-9c0b-438d-bf33-ec928b7d6696,Denis_2013_Fast_Growth_May_Impair_Regeneration_Capacity_in_th..._doi-10.1371-journal.pone.0072618.pdf,literature/META_ANALYSIS_POOL/Denis et al. - 2013 - Fast Growth May Impair Regeneration Capacity in the Branching Coral Acropora muricata.pdf,6,5,numeric_keyword_window,,text,18,"over time, which corresponds to the common pattern observed for substantial partial mortality in their natural environment [54,55]. / corals [14,17,20]. Despite significantly lower skeletal growth at Energetic reserves such as lipids are considered to uphold vital / Kiosque, the mean time required for complete lesion healing was life processes [43]. Despite A. muricata nubbins from Planch’Alizé / shorter here (81 days) than at Planch’Alizé (192 days). This result is having high lipid content, they regenerated lesions slowly. Tissue / remarkable because it contradicts the general positive relationship biomass of nubbins may be a better predictor of the regenerative",9a36d0b637e24c18be7e4cb9f9545f5c07f4c63fb8d9cbcfa88275be02b549c7
4d1dfa9c-9c0b-438d-bf33-ec928b7d6696,Denis_2013_Fast_Growth_May_Impair_Regeneration_Capacity_in_th..._doi-10.1371-journal.pone.0072618.pdf,literature/META_ANALYSIS_POOL/Denis et al. - 2013 - Fast Growth May Impair Regeneration Capacity in the Branching Coral Acropora muricata.pdf,7,3,numeric_keyword_window,,text,17,"size~sizereg |e(slope|t) period. The lesion size decreased rapidly over time (Fig. 2). After / 53 days, lesions in nubbins at Kiosque were at 3% of their initial / where size is the remaining lesion size (%), sizereg is the maximum size, while those in nubbins at Planch’Alizé were still at 24% of / area that can be fully regenerated, slope is the regression slope, their initial size. Based on the outcomes of the exponential decay / and t is the time in days. Since there is no natural logarithm for 0 model, lesions healed completely after on average 81 days at",9a36d0b637e24c18be7e4cb9f9545f5c07f4c63fb8d9cbcfa88275be02b549c7
4d1dfa9c-9c0b-438d-bf33-ec928b7d6696,Denis_2013_Fast_Growth_May_Impair_Regeneration_Capacity_in_th..._doi-10.1371-journal.pone.0072618.pdf,literature/META_ANALYSIS_POOL/Denis et al. - 2013 - Fast Growth May Impair Regeneration Capacity in the Branching Coral Acropora muricata.pdf,8,4,caption_or_table_start,Figure 2,figure,17,"Figure 2. Acropora muricata. Lesion regeneration pattern at Kiosque, almost completely healed after 53 days. Scale bar = 5 mm. doi:10.1371/journal.pone.0072618.g002 PLOS ONE | www.plosone.org 4 August 2013 | Volume 8 | Issue 8 | e72618",9a36d0b637e24c18be7e4cb9f9545f5c07f4c63fb8d9cbcfa88275be02b549c7
4d1dfa9c-9c0b-438d-bf33-ec928b7d6696,Denis_2013_Fast_Growth_May_Impair_Regeneration_Capacity_in_th..._doi-10.1371-journal.pone.0072618.pdf,literature/META_ANALYSIS_POOL/Denis et al. - 2013 - Fast Growth May Impair Regeneration Capacity in the Branching Coral Acropora muricata.pdf,9,2,numeric_keyword_window,,text,16,"by nutrient enrichment originating from N-rich groundwater ‘‘ITS2revclamp’’ [35] under the following conditions: an initial / seepage near the shore [29]. At Kiosque, coral diversity is higher, denaturing step of 94uC for 3 min followed by 35 cycles of 1 min / but the density of A. muricata is lower than at Planch’Alizé [30,31]. at 94uC, 1 min at 58uC, and 1 min at 74uC, followed by a single / cycle of 7 min at 74uC. Amplified DNA was then analyzed by / Sample Preparation and Monitoring of Lesion denaturing gradient gel electrophoresis (DGGE; CBS Scientific,",9a36d0b637e24c18be7e4cb9f9545f5c07f4c63fb8d9cbcfa88275be02b549c7
4d1dfa9c-9c0b-438d-bf33-ec928b7d6696,Denis_2013_Fast_Growth_May_Impair_Regeneration_Capacity_in_th..._doi-10.1371-journal.pone.0072618.pdf,literature/META_ANALYSIS_POOL/Denis et al. - 2013 - Fast Growth May Impair Regeneration Capacity in the Branching Coral Acropora muricata.pdf,10,2,numeric_keyword_window,,text,15,"the use of the energy-rich photosynthetic compounds produced by the sample) equipped with a scale. The monitoring frequency was / the Symbiodinium. adjusted to the rate of regeneration. / The relative mass increase (% d21) of nubbins was calculated / Methods from the difference between the initial and final projected nubbin / surface area multiplied by the mean site-specific skeletal density,",9a36d0b637e24c18be7e4cb9f9545f5c07f4c63fb8d9cbcfa88275be02b549c7
4d1dfa9c-9c0b-438d-bf33-ec928b7d6696,Denis_2013_Fast_Growth_May_Impair_Regeneration_Capacity_in_th..._doi-10.1371-journal.pone.0072618.pdf,literature/META_ANALYSIS_POOL/Denis et al. - 2013 - Fast Growth May Impair Regeneration Capacity in the Branching Coral Acropora muricata.pdf,11,4,numeric_keyword_window,,text,15,"Figure 2. Acropora muricata. Lesion regeneration pattern at Kiosque, almost completely healed after 53 days. Scale bar = 5 mm. / doi:10.1371/journal.pone.0072618.g002",9a36d0b637e24c18be7e4cb9f9545f5c07f4c63fb8d9cbcfa88275be02b549c7
4d1dfa9c-9c0b-438d-bf33-ec928b7d6696,Denis_2013_Fast_Growth_May_Impair_Regeneration_Capacity_in_th..._doi-10.1371-journal.pone.0072618.pdf,literature/META_ANALYSIS_POOL/Denis et al. - 2013 - Fast Growth May Impair Regeneration Capacity in the Branching Coral Acropora muricata.pdf,12,3,numeric_keyword_window,,text,12,"Statistical Analysis site Kiosque (Table 1). / Regeneration of each nubbin was quantified by fitting the The initial lesion size was 104611 mm2 (n = 48) and did not / remaining lesion size (%) over time using a least-squared differ between sites (F1,47 = 2.21, p.0.05) or colonies (F9,39 = 1.98, / regression and an exponential decay model, allowing full recovery p.0.05). Two nubbins at Kiosque died before the onset of / [20]. We used the following formula: regeneration monitoring; these were not included in the analysis.",9a36d0b637e24c18be7e4cb9f9545f5c07f4c63fb8d9cbcfa88275be02b549c7
b0949a7c-520e-4a37-af04-25979598ec2d,Edmunds and Lenihan - 2010 - Effect of sub-lethal damage to juvenile colonies of massive Porites spp. under contrasting regimes o.pdf,literature/META_ANALYSIS_POOL/Edmunds and Lenihan - 2010 - Effect of sub-lethal damage to juvenile colonies of massive Porites spp. under contrasting regimes o.pdf,1,6,numeric_keyword_window,,text,23,"low Xow/high temperature and low Xow/low temperature in lesion areas over the 10-day experiment ranged from / treatments (ANOVA, F > 9.526, df = 1,70, P < 0.003); 42 § 5 to 54 § 9% (§SE, n = 10) depending on treatment / there was no eVect under the high Xow/low temperature (Fig. 2), and were equivalent to healing rates of 4– / treatment (ANOVA, F = 2.761, df = 1,70, P = 0.101). 5% day¡1. Although the sizes of all of the lesions decreased / Finally, the interaction between damage and Xow reXected at similar rates, the visual assessment of the lesion condi-",cf80ccf871ca3ce83956bb206a0f99934bf9ad83eb3e176a7114cdd41f6c7c13
b0949a7c-520e-4a37-af04-25979598ec2d,Edmunds and Lenihan - 2010 - Effect of sub-lethal damage to juvenile colonies of massive Porites spp. under contrasting regimes o.pdf,literature/META_ANALYSIS_POOL/Edmunds and Lenihan - 2010 - Effect of sub-lethal damage to juvenile colonies of massive Porites spp. under contrasting regimes o.pdf,2,6,numeric_keyword_window,,text,23,"treatments (ANOVA, F > 9.526, df = 1,70, P < 0.003); 42 § 5 to 54 § 9% (§SE, n = 10) depending on treatment / there was no eVect under the high Xow/low temperature (Fig. 2), and were equivalent to healing rates of 4– / treatment (ANOVA, F = 2.761, df = 1,70, P = 0.101). 5% day¡1. Although the sizes of all of the lesions decreased / Finally, the interaction between damage and Xow reXected at similar rates, the visual assessment of the lesion condi- / eVects that that were not inXuenced by temperature, with tion was aVected by the treatments (Table 3). Under the low",cf80ccf871ca3ce83956bb206a0f99934bf9ad83eb3e176a7114cdd41f6c7c13
b0949a7c-520e-4a37-af04-25979598ec2d,Edmunds and Lenihan - 2010 - Effect of sub-lethal damage to juvenile colonies of massive Porites spp. under contrasting regimes o.pdf,literature/META_ANALYSIS_POOL/Edmunds and Lenihan - 2010 - Effect of sub-lethal damage to juvenile colonies of massive Porites spp. under contrasting regimes o.pdf,3,6,numeric_keyword_window,,text,18,"and Xow was a result of eVects that were independent of most of the lesions, regardless of treatment, showed signs / damage, with Fv/Fm largely unaVected by temperature at of recovery, it often proved challenging to identify the mar- / 6 cm s¡1, but stimulated 12% by the high temperature at gins with conWdence when the Wnal measurements of size / 21 cm s¡1 (i.e., when damage treatments are pooled, were taken. Nevertheless, the mean areas of the lesions, / Fig. 1). The marginally signiWcant three-way interaction which initially ranged from 58 § 3 to 75 § 7 mm2 (§SE,",cf80ccf871ca3ce83956bb206a0f99934bf9ad83eb3e176a7114cdd41f6c7c13
b0949a7c-520e-4a37-af04-25979598ec2d,Edmunds and Lenihan - 2010 - Effect of sub-lethal damage to juvenile colonies of massive Porites spp. under contrasting regimes o.pdf,literature/META_ANALYSIS_POOL/Edmunds and Lenihan - 2010 - Effect of sub-lethal damage to juvenile colonies of massive Porites spp. under contrasting regimes o.pdf,4,6,numeric_keyword_window,,text,17,"high temperature treatment (ANOVA, F = 19.579, cant interaction between temperature and Xow (ANOVA, / df = 1,70, P < 0.001), but caused declines under both the F = 0.032, df = 1,36, P = 0.582). The mean rates of decline / low Xow/high temperature and low Xow/low temperature in lesion areas over the 10-day experiment ranged from / treatments (ANOVA, F > 9.526, df = 1,70, P < 0.003); 42 § 5 to 54 § 9% (§SE, n = 10) depending on treatment / there was no eVect under the high Xow/low temperature (Fig. 2), and were equivalent to healing rates of 4–",cf80ccf871ca3ce83956bb206a0f99934bf9ad83eb3e176a7114cdd41f6c7c13
b0949a7c-520e-4a37-af04-25979598ec2d,Edmunds and Lenihan - 2010 - Effect of sub-lethal damage to juvenile colonies of massive Porites spp. under contrasting regimes o.pdf,literature/META_ANALYSIS_POOL/Edmunds and Lenihan - 2010 - Effect of sub-lethal damage to juvenile colonies of massive Porites spp. under contrasting regimes o.pdf,5,8,numeric_keyword_window,,text,17,"removed completely, then healing can only be initiated Since a primary eVect of Xow in aquatic environments is to / marginally (Meesters et al. 1997), whereas incomplete modulate the transfer of nutrients to benthic taxa (Patterson / tissue removal (for example, leaving tissue within injured 1992), a parsimonious explanation for the Xow £ damage / corallites) creates the possibility for healing from both the interaction on growth is that the growth response to damage / margins of the lesion and the residual tissue (Bak and is limited by the transport of nutrients from seawater. Given",cf80ccf871ca3ce83956bb206a0f99934bf9ad83eb3e176a7114cdd41f6c7c13
b0949a7c-520e-4a37-af04-25979598ec2d,Edmunds and Lenihan - 2010 - Effect of sub-lethal damage to juvenile colonies of massive Porites spp. under contrasting regimes o.pdf,literature/META_ANALYSIS_POOL/Edmunds and Lenihan - 2010 - Effect of sub-lethal damage to juvenile colonies of massive Porites spp. under contrasting regimes o.pdf,6,5,caption_or_table_start,Fig. 1,figure,14,"Fig. 1 Interaction plots for juvenile massive Porites spp. displaying within each temperature and Xow combination were completed accord- a whole-colony growth (i.e., growth of undamaged portion of the colony ing to Sokal and Rohlf (1995) using the MSerror from the ANOVAs for plus regeneration of skeleton within the lesion) and b maximum dark- signiWcance testing; ns = not signiWcant at P > 0.050, * = signiWcant at adapted quantum yield of PSII (Fv/Fm) for colonies either undamaged P · 0.050, ** = P < 0.010), and *** = P < 0.001. Contrasts tested for (circles) or damaged (triangles) and exposed for 10 days to orthogonal diVerences between circle and triangle symbols of the same color combinations of temperature [low (26.7°C) or high (29.6°C)] and Xow located within each temperature treatment in each panel of the Wgure. [low (6 cm s¡1, Wlled symbols) or high (21 cm s¡1, open symbols)]. Means § SE displayed (n = 10), with symbols oVset for clarity Results of planned contrasts of undama...",cf80ccf871ca3ce83956bb206a0f99934bf9ad83eb3e176a7114cdd41f6c7c13
b0949a7c-520e-4a37-af04-25979598ec2d,Edmunds and Lenihan - 2010 - Effect of sub-lethal damage to juvenile colonies of massive Porites spp. under contrasting regimes o.pdf,literature/META_ANALYSIS_POOL/Edmunds and Lenihan - 2010 - Effect of sub-lethal damage to juvenile colonies of massive Porites spp. under contrasting regimes o.pdf,7,7,caption_or_table_start,Fig. 2,figure,14,"Fig. 2 Percentage change in lesion size (area) on juvenile colonies of massive Porites spp. after 10 days under treatments of high Xow and between temperatures. high temperature (HH), high Xow and low temperature (HL), low Xow Our results show that juvenile Porites spp. subject to and high temperature (LH), and low Xow and low temperature (LL); sub-lethal damage: (1) grew fastest at 26.7°C compared to mean § SE shown (n = 10 for all). Change in lesion area was unaVect- 29.6°C, and faster than undamaged corals, and while not ed by treatment (ANOVA, F = 0.667, df = 3,36, P = 0.587), and size of lesions (mm2, data not shown) was unaVected by temperature, Xow, or statistically signiWcant, growth also tended to be greater at the interaction between the two (P ¸ 0.255). At the start of the exper- 21 cm s¡1 compared to 6 cm s¡1 (as predicted), (2) under- iment, mean size of all lesions was 68 § 3 mm2 (§SE, n = 40) went changes that aVected Fv/Fm of Symbiodinium sp. out- side the lesion, ca...",cf80ccf871ca3ce83956bb206a0f99934bf9ad83eb3e176a7114cdd41f6c7c13
b0949a7c-520e-4a37-af04-25979598ec2d,Edmunds and Lenihan - 2010 - Effect of sub-lethal damage to juvenile colonies of massive Porites spp. under contrasting regimes o.pdf,literature/META_ANALYSIS_POOL/Edmunds and Lenihan - 2010 - Effect of sub-lethal damage to juvenile colonies of massive Porites spp. under contrasting regimes o.pdf,8,1,numeric_keyword_window,,text,13,"adapted quantum yield of PSII (Fv/Fm), and healing of the Introduction / gouged areas. The inXuence of damage on growth was / aVected by temperature, but not by Xow. When averaged The performance of juvenile corals (·40 mm diameter) / across Xow treatments, damage promoted growth by 25% at plays an important role in coral community dynamics, par- / 26.7°C, but caused a 25% inhibition at 29.6°C. The damage ticularly following large-scale disturbances (Nuedecker",cf80ccf871ca3ce83956bb206a0f99934bf9ad83eb3e176a7114cdd41f6c7c13
b0949a7c-520e-4a37-af04-25979598ec2d,Edmunds and Lenihan - 2010 - Effect of sub-lethal damage to juvenile colonies of massive Porites spp. under contrasting regimes o.pdf,literature/META_ANALYSIS_POOL/Edmunds and Lenihan - 2010 - Effect of sub-lethal damage to juvenile colonies of massive Porites spp. under contrasting regimes o.pdf,9,3,numeric_keyword_window,,text,13,"in small size classes, colony growth is critical in escaping and glued (with Z Spar, A788 epoxy) to the tops of pieces / the risks of mortality through an increase in size (Jackson of numbered PVC pipe (t2 cm long and 1.5 cm diameter), / 1977). Fv/Fm was measured to assess the eVect of the treat- the bottoms of which were Wtted with a 6-mm diameter / ments on Symbiodinium sp. physiology, and the size of the nylon screw. This procedure created experimental units that / lesions was used as a measure of tissue growth and healing could be inserted into PVC racks drilled to accept the screw",cf80ccf871ca3ce83956bb206a0f99934bf9ad83eb3e176a7114cdd41f6c7c13
b0949a7c-520e-4a37-af04-25979598ec2d,Edmunds and Lenihan - 2010 - Effect of sub-lethal damage to juvenile colonies of massive Porites spp. under contrasting regimes o.pdf,literature/META_ANALYSIS_POOL/Edmunds and Lenihan - 2010 - Effect of sub-lethal damage to juvenile colonies of massive Porites spp. under contrasting regimes o.pdf,10,3,numeric_keyword_window,,text,12,"(instead, for example, of growth within the lesion), because Freshly collected corals were returned to the laboratory / in small size classes, colony growth is critical in escaping and glued (with Z Spar, A788 epoxy) to the tops of pieces / the risks of mortality through an increase in size (Jackson of numbered PVC pipe (t2 cm long and 1.5 cm diameter), / 1977). Fv/Fm was measured to assess the eVect of the treat- the bottoms of which were Wtted with a 6-mm diameter / ments on Symbiodinium sp. physiology, and the size of the nylon screw. This procedure created experimental units that",cf80ccf871ca3ce83956bb206a0f99934bf9ad83eb3e176a7114cdd41f6c7c13
b0949a7c-520e-4a37-af04-25979598ec2d,Edmunds and Lenihan - 2010 - Effect of sub-lethal damage to juvenile colonies of massive Porites spp. under contrasting regimes o.pdf,literature/META_ANALYSIS_POOL/Edmunds and Lenihan - 2010 - Effect of sub-lethal damage to juvenile colonies of massive Porites spp. under contrasting regimes o.pdf,11,6,numeric_keyword_window,,text,12,"temperature treatment (F = 2.905, df = 1,70, P = 0.093); the 0.593) (Fig. 1). / other two contrasts were also not signiWcant but showed no Virtually all of the corals appeared to recover quickly / trend (ANOVA, F < 0.754, df = 1,70, P > 0.388). from damage, with only one developing a small lesion that / At the start of the experiment, mean Fv/Fm for the exposed the carbonate skeleton. In the Wrst few days fol- / freshly collected corals was 0.631 § 0.005 (§SE, n = 80) lowing the gouging, most corals in all treatments produced",cf80ccf871ca3ce83956bb206a0f99934bf9ad83eb3e176a7114cdd41f6c7c13
b0949a7c-520e-4a37-af04-25979598ec2d,Edmunds and Lenihan - 2010 - Effect of sub-lethal damage to juvenile colonies of massive Porites spp. under contrasting regimes o.pdf,literature/META_ANALYSIS_POOL/Edmunds and Lenihan - 2010 - Effect of sub-lethal damage to juvenile colonies of massive Porites spp. under contrasting regimes o.pdf,12,1,numeric_keyword_window,,text,11,"Abstract In this study, juvenile colonies of massive was 11% lower at 26.7°C than at 29.6°C, but was / Porites spp. (a combination of P. lutea and P. lobata) from unaVected by temperature at 6 cm s¡1. The lesions declined / the lagoon of Moorea (W 149°50!, S 17°30!) were damaged in area at similar rates (4–5% day¡1) under all conditions, / and exposed to contrasting conditions of temperature and although the tissue within them regained a normal appear- / Xow to evaluate how damage and abiotic conditions inter- ance most rapidly at 26.7°C and 6 cm s¡1. These Wndings",cf80ccf871ca3ce83956bb206a0f99934bf9ad83eb3e176a7114cdd41f6c7c13
2e3b055f-28df-4def-97aa-660ac537a95f,Edmunds and Yarid - 2017 - The effects of ocean acidification on wound repair in the coral Porites spp..pdf,literature/META_ANALYSIS_POOL/Edmunds and Yarid - 2017 - The effects of ocean acidification on wound repair in the coral Porites spp..pdf,1,3,numeric_keyword_window,,text,23,"to evaluate healing based on a two-category assessment of tissue Mean calciﬁcation ranged from 1.07 ± 0.13 mg cm−2 d−1 (damaged / color. Lesions were categorized as “partially healed” when their margins corals, elevated PCO2) to 1.67 ± 0.14 mg cm−2 d−1 (undamaged corals, / were visible, the lesion area and shape largely were unchanged relative ambient PCO2, both ± SE) (Fig. 1A). Mean calciﬁcation was depressed / to the ﬁrst day of the incubation, and the return of normal tissue color 26% (pooled across PCO2 treatments) by damage (F1,4 = 21.205, P = / was mostly restricted to individual polyps (i.e., not the coenosarc). Le- 0.010), but not by PCO2 (F1,4 = 2.247, P = 0.208), the interaction be-",06372914131896c48db5a4411ecad7526f95b38c622f038001a6e74c6941356d
2e3b055f-28df-4def-97aa-660ac537a95f,Edmunds and Yarid - 2017 - The effects of ocean acidification on wound repair in the coral Porites spp..pdf,literature/META_ANALYSIS_POOL/Edmunds and Yarid - 2017 - The effects of ocean acidification on wound repair in the coral Porites spp..pdf,2,3,numeric_keyword_window,,text,23,"width of the coral tissue layer), and the ﬁnal photographs were used 3.1.2. Response variables / to evaluate healing based on a two-category assessment of tissue Mean calciﬁcation ranged from 1.07 ± 0.13 mg cm−2 d−1 (damaged / color. Lesions were categorized as “partially healed” when their margins corals, elevated PCO2) to 1.67 ± 0.14 mg cm−2 d−1 (undamaged corals, / were visible, the lesion area and shape largely were unchanged relative ambient PCO2, both ± SE) (Fig. 1A). Mean calciﬁcation was depressed / to the ﬁrst day of the incubation, and the return of normal tissue color 26% (pooled across PCO2 treatments) by damage (F1,4 = 21.205, P =",06372914131896c48db5a4411ecad7526f95b38c622f038001a6e74c6941356d
2e3b055f-28df-4def-97aa-660ac537a95f,Edmunds and Yarid - 2017 - The effects of ocean acidification on wound repair in the coral Porites spp..pdf,literature/META_ANALYSIS_POOL/Edmunds and Yarid - 2017 - The effects of ocean acidification on wound repair in the coral Porites spp..pdf,3,3,numeric_keyword_window,,text,20,"aged tissue on the ﬂoor of the lesion (scars did not penetrate the full / width of the coral tissue layer), and the ﬁnal photographs were used 3.1.2. Response variables / to evaluate healing based on a two-category assessment of tissue Mean calciﬁcation ranged from 1.07 ± 0.13 mg cm−2 d−1 (damaged / color. Lesions were categorized as “partially healed” when their margins corals, elevated PCO2) to 1.67 ± 0.14 mg cm−2 d−1 (undamaged corals, / were visible, the lesion area and shape largely were unchanged relative ambient PCO2, both ± SE) (Fig. 1A). Mean calciﬁcation was depressed",06372914131896c48db5a4411ecad7526f95b38c622f038001a6e74c6941356d
2e3b055f-28df-4def-97aa-660ac537a95f,Edmunds and Yarid - 2017 - The effects of ocean acidification on wound repair in the coral Porites spp..pdf,literature/META_ANALYSIS_POOL/Edmunds and Yarid - 2017 - The effects of ocean acidification on wound repair in the coral Porites spp..pdf,4,5,caption_or_table_start,Fig. 2,figure,19,"Fig. 2. Percent of the original lesion area remaining on damaged corals as a function of time malized calciﬁcation at elevated and ambient PCO2. It is not possible to and treatment (PCO2 regime) in Experiment 2. Lesions were 2.56 ± 0.08 cm2 when ﬁrst explain this outcome with the present results, but it could reﬂect a lim- administered. Mean ± SE shown (n = 20 measurement−1). itation of the assumption that calciﬁcation did not occur within lesions that removed the full tissue thickness (described in Section 2), and expectation, ocean acidiﬁcation had no effect on the response to dam- therefore, that the area of the scar should be subtracted from colony age, as evaluated by area-normalized calciﬁcation, biomass, and rate of area before normalizing calciﬁcation to area. If the scaring left sufﬁcient closure of the lesion (i.e., tissue regeneration) during short experiments tissue deep within the skeleton to support limited calciﬁcation within in mesocosms. the scar, and this tissue re...",06372914131896c48db5a4411ecad7526f95b38c622f038001a6e74c6941356d
2e3b055f-28df-4def-97aa-660ac537a95f,Edmunds and Yarid - 2017 - The effects of ocean acidification on wound repair in the coral Porites spp..pdf,literature/META_ANALYSIS_POOL/Edmunds and Yarid - 2017 - The effects of ocean acidification on wound repair in the coral Porites spp..pdf,5,3,numeric_keyword_window,,text,18,"standardized to area of the coral tissue (cm2) and time (d) in units of 3.1. Experiment 1: response to superﬁcial damage / mg CaCO3 cm−2 d−1. As lesions were deeper and larger in Experiment / 2 versus Experiment 1, lesion area in Experiment 2 was subtracted 3.1.1. Treatment conditions / from the colony area to obtain the tissue area used for normalizing cal- Tanks were maintained close to the targeted conditions (Table 1). / ciﬁcation. In Experiment 2, net calciﬁcation (mg) also was standardized Salinity was consistent across tanks and averaged 35.2 (SE b 0.1, n =",06372914131896c48db5a4411ecad7526f95b38c622f038001a6e74c6941356d
2e3b055f-28df-4def-97aa-660ac537a95f,Edmunds and Yarid - 2017 - The effects of ocean acidification on wound repair in the coral Porites spp..pdf,literature/META_ANALYSIS_POOL/Edmunds and Yarid - 2017 - The effects of ocean acidification on wound repair in the coral Porites spp..pdf,6,4,numeric_keyword_window,,text,17,"size at elevated PCO2 (both mean ± SE, n = 20) (Fig. 2). The highest holobiont respiration and photochemical efﬁciency (Anthony et al., / rates of decline in lesion area occurred within the ﬁrst 3 d following 2008; Crawley et al., 2010; Edmunds, 2012; Kaniewska et al., 2012; / damage, averaging 9.0 ± 0.9% d− 1 in elevated PCO2, and 7.6 ± 0.8% but see Schneider and Erez, 2006; Comeau et al., 2016), calciﬁcation / d−1 in ambient PCO2 (both ± SE, n = 20). The reduction in size of lesions (Erez et al., 2011; Chan and Connolly, 2013), and protein metabolism / differed over time (F4,8 = 9.874, P = 0.003), but was unaffected by PCO2 (Kaniewska et al., 2012; Edmunds and Wall, 2014). In contrast to this",06372914131896c48db5a4411ecad7526f95b38c622f038001a6e74c6941356d
2e3b055f-28df-4def-97aa-660ac537a95f,Edmunds and Yarid - 2017 - The effects of ocean acidification on wound repair in the coral Porites spp..pdf,literature/META_ANALYSIS_POOL/Edmunds and Yarid - 2017 - The effects of ocean acidification on wound repair in the coral Porites spp..pdf,7,5,numeric_keyword_window,,text,17,"2014 (~ 1 y prior to Experiment 2), that was cooler (mean = 27.5 °C, fully healed. Healing was evaluated every 4 d in Experiment 2, and ini- / n = 345 d) with a colder winter minimum (25.3 °C) (Washburn, tially was rapid, but slowed over time as predicted from an exponential / 2015). These effects might have established differences in the quality decay function that describes healing in corals (Meesters et al., 1994; / of coral tissue (Fitt et al., 2000; Thornhill et al., 2011) that were associ- Denis et al., 2011). Rates of healing during Experiment 2 were 4.0% / ated with reduced calciﬁcation in Experiment 2. Light intensity also was d−1 in ambient PCO2 and 3.9% d−1 in elevated PCO2, which are similar",06372914131896c48db5a4411ecad7526f95b38c622f038001a6e74c6941356d
2e3b055f-28df-4def-97aa-660ac537a95f,Edmunds and Yarid - 2017 - The effects of ocean acidification on wound repair in the coral Porites spp..pdf,literature/META_ANALYSIS_POOL/Edmunds and Yarid - 2017 - The effects of ocean acidification on wound repair in the coral Porites spp..pdf,8,3,numeric_keyword_window,,text,16,"(2.93 g cm−3 [Davies, 1989]) and seawater density, and values were / standardized to area of the coral tissue (cm2) and time (d) in units of 3.1. Experiment 1: response to superﬁcial damage / mg CaCO3 cm−2 d−1. As lesions were deeper and larger in Experiment / 2 versus Experiment 1, lesion area in Experiment 2 was subtracted 3.1.1. Treatment conditions / from the colony area to obtain the tissue area used for normalizing cal- Tanks were maintained close to the targeted conditions (Table 1).",06372914131896c48db5a4411ecad7526f95b38c622f038001a6e74c6941356d
2e3b055f-28df-4def-97aa-660ac537a95f,Edmunds and Yarid - 2017 - The effects of ocean acidification on wound repair in the coral Porites spp..pdf,literature/META_ANALYSIS_POOL/Edmunds and Yarid - 2017 - The effects of ocean acidification on wound repair in the coral Porites spp..pdf,9,4,numeric_keyword_window,,text,16,"rates of decline in lesion area occurred within the ﬁrst 3 d following 2008; Crawley et al., 2010; Edmunds, 2012; Kaniewska et al., 2012; / damage, averaging 9.0 ± 0.9% d− 1 in elevated PCO2, and 7.6 ± 0.8% but see Schneider and Erez, 2006; Comeau et al., 2016), calciﬁcation / d−1 in ambient PCO2 (both ± SE, n = 20). The reduction in size of lesions (Erez et al., 2011; Chan and Connolly, 2013), and protein metabolism / differed over time (F4,8 = 9.874, P = 0.003), but was unaffected by PCO2 (Kaniewska et al., 2012; Edmunds and Wall, 2014). In contrast to this",06372914131896c48db5a4411ecad7526f95b38c622f038001a6e74c6941356d
2e3b055f-28df-4def-97aa-660ac537a95f,Edmunds and Yarid - 2017 - The effects of ocean acidification on wound repair in the coral Porites spp..pdf,literature/META_ANALYSIS_POOL/Edmunds and Yarid - 2017 - The effects of ocean acidification on wound repair in the coral Porites spp..pdf,10,5,numeric_keyword_window,,text,16,"(372 μmol photons m−2 s−1) due to logistical constraints, and while Cameron and Edmunds (2014) found that small colonies with single / this difference is unlikely to have directly depressed calciﬁcation in Ex- sites of excavation damage (each ~105 mm2 and 2–5 mm deep) healed / periment 2 given the hyperbolic tangent function that relates calciﬁca- at ~ 2.5% d−1 over 21 d, while Edmunds and Lenihan (2009) reported / tion to light intensity in reef corals (Chalker, 1981), it probably would tissue healing of 4–5% d−1 over 10 d for small colonies with lesions ~ / have accelerated photosynthesis (Hennige et al., 2008). With greater 67 mm2 and 1–2 mm deep.",06372914131896c48db5a4411ecad7526f95b38c622f038001a6e74c6941356d
2e3b055f-28df-4def-97aa-660ac537a95f,Edmunds and Yarid - 2017 - The effects of ocean acidification on wound repair in the coral Porites spp..pdf,literature/META_ANALYSIS_POOL/Edmunds and Yarid - 2017 - The effects of ocean acidification on wound repair in the coral Porites spp..pdf,11,5,numeric_keyword_window,,text,16,"higher in Experiment 2 (627 μmol photons m−2 s−1) than Experiment 1 to rates previously reported for massive Porites spp. For example, / (372 μmol photons m−2 s−1) due to logistical constraints, and while Cameron and Edmunds (2014) found that small colonies with single / this difference is unlikely to have directly depressed calciﬁcation in Ex- sites of excavation damage (each ~105 mm2 and 2–5 mm deep) healed / periment 2 given the hyperbolic tangent function that relates calciﬁca- at ~ 2.5% d−1 over 21 d, while Edmunds and Lenihan (2009) reported / tion to light intensity in reef corals (Chalker, 1981), it probably would tissue healing of 4–5% d−1 over 10 d for small colonies with lesions ~",06372914131896c48db5a4411ecad7526f95b38c622f038001a6e74c6941356d
2e3b055f-28df-4def-97aa-660ac537a95f,Edmunds and Yarid - 2017 - The effects of ocean acidification on wound repair in the coral Porites spp..pdf,literature/META_ANALYSIS_POOL/Edmunds and Yarid - 2017 - The effects of ocean acidification on wound repair in the coral Porites spp..pdf,12,5,numeric_keyword_window,,text,16,"periment 2 given the hyperbolic tangent function that relates calciﬁca- at ~ 2.5% d−1 over 21 d, while Edmunds and Lenihan (2009) reported / tion to light intensity in reef corals (Chalker, 1981), it probably would tissue healing of 4–5% d−1 over 10 d for small colonies with lesions ~ / have accelerated photosynthesis (Hennige et al., 2008). With greater 67 mm2 and 1–2 mm deep.",06372914131896c48db5a4411ecad7526f95b38c622f038001a6e74c6941356d
348d7203-b68d-472c-89da-e3e6704b2f50,Eh and Rpm - 1995 - Age-related deterioration of a physiological function in the branching coral Acropora palmata.pdf,literature/META_ANALYSIS_POOL/Eh and Rpm - 1995 - Age-related deterioration of a physiological function in the branching coral Acropora palmata.pdf,1,2,numeric_keyword_window,,text,17,"2 to 4 m depth. Curacao is part of the Netherlands ANOVA, p = 0.64 a n d p = 0.49 for, respectively, surface / Antilles a n d is situated in the southern Caribbean. At area and depth). Overall, mean lesion surface area and / each colony, 3 branches were randomly chosen. Each lesion depth (SE in parentheses, n = 21) were respec- / branch received a single lesion at approximately 3, 12, tively 159.4 mm2 (5.5)and 1.90 mm (0.11). / or 66 cm from the tip of the branch. In most branches,",55c141a004792016fc84a8f8c3e6991395906b20a8c52f99bae934737bee47e0
348d7203-b68d-472c-89da-e3e6704b2f50,Eh and Rpm - 1995 - Age-related deterioration of a physiological function in the branching coral Acropora palmata.pdf,literature/META_ANALYSIS_POOL/Eh and Rpm - 1995 - Age-related deterioration of a physiological function in the branching coral Acropora palmata.pdf,2,2,numeric_keyword_window,,text,17,"Antilles a n d is situated in the southern Caribbean. At area and depth). Overall, mean lesion surface area and / each colony, 3 branches were randomly chosen. Each lesion depth (SE in parentheses, n = 21) were respec- / branch received a single lesion at approximately 3, 12, tively 159.4 mm2 (5.5)and 1.90 mm (0.11). / or 66 cm from the tip of the branch. In most branches, / 66 cm was close to the base of the branch a n d the base",55c141a004792016fc84a8f8c3e6991395906b20a8c52f99bae934737bee47e0
348d7203-b68d-472c-89da-e3e6704b2f50,Eh and Rpm - 1995 - Age-related deterioration of a physiological function in the branching coral Acropora palmata.pdf,literature/META_ANALYSIS_POOL/Eh and Rpm - 1995 - Age-related deterioration of a physiological function in the branching coral Acropora palmata.pdf,3,4,caption_or_table_start,Fig. 3,figure,16,"Fig. 3. Acropora palrnata. Initial regeneration Fig. 4. Acropora palmata. Regeneration potential expressed as (A) regenera- rates of lesions. Mean daily growth of tissue tion rate and (B) regression slope, as a function of distance from branch tip. from the lesion boundaries inwards during Values are means and 95% confidence limits (n = 21 for each data point). the first 6 d after lesion infliction. Lesions at 3, Mean slope is geometric mean. Regressions: Mean area d-' = 28.8 - 12, and 66 cm from branch tip. Vertical lines 6.875 loglo(Distance),r2 = 0.34, p < 0.00001; mean slope = -0.323 ~ i s t a n c e - ' ~ ' ~ , indicate 95 % confidence limits r2 = 0.43, p < 0.00001",55c141a004792016fc84a8f8c3e6991395906b20a8c52f99bae934737bee47e0
348d7203-b68d-472c-89da-e3e6704b2f50,Eh and Rpm - 1995 - Age-related deterioration of a physiological function in the branching coral Acropora palmata.pdf,literature/META_ANALYSIS_POOL/Eh and Rpm - 1995 - Age-related deterioration of a physiological function in the branching coral Acropora palmata.pdf,4,1,numeric_keyword_window,,text,15,"assessed at distances of 3, 12, and 66 cm from the branch tip. Artificial lesions (colony surface wounds) / were made on 3 randomly selected branches of 21 colonies and regeneration was followed over 30 d. / Regeneration was measured as tissue regrowth (mm2d - ' ) durlng the first 6 d of regeneration and as the / slope of a n exponential regression of lesion surface area through time. Both measurements showed that / regenerative potential could be fitted to a n exponential function, decreasing from tip to base. Regener-",55c141a004792016fc84a8f8c3e6991395906b20a8c52f99bae934737bee47e0
348d7203-b68d-472c-89da-e3e6704b2f50,Eh and Rpm - 1995 - Age-related deterioration of a physiological function in the branching coral Acropora palmata.pdf,literature/META_ANALYSIS_POOL/Eh and Rpm - 1995 - Age-related deterioration of a physiological function in the branching coral Acropora palmata.pdf,5,4,numeric_keyword_window,,text,14,"Fig. 3. Acropora palrnata. Initial regeneration Fig. 4. Acropora palmata. Regeneration potential expressed as (A) regenera- / rates of lesions. Mean daily growth of tissue tion rate and (B) regression slope, as a function of distance from branch tip. / from the lesion boundaries inwards during Values are means and 95% confidence limits (n = 21 for each data point). / the first 6 d after lesion infliction. Lesions at 3, Mean slope is geometric mean. Regressions: Mean area d-' = 28.8 - / 12, and 66 cm from branch tip. Vertical lines 6.875 loglo(Distance),r2 = 0.34, p < 0.00001; mean slope = -0.323 ~ i s t a n c e - ' ~ ' ~ ,",55c141a004792016fc84a8f8c3e6991395906b20a8c52f99bae934737bee47e0
348d7203-b68d-472c-89da-e3e6704b2f50,Eh and Rpm - 1995 - Age-related deterioration of a physiological function in the branching coral Acropora palmata.pdf,literature/META_ANALYSIS_POOL/Eh and Rpm - 1995 - Age-related deterioration of a physiological function in the branching coral Acropora palmata.pdf,6,2,numeric_keyword_window,,text,13,"equipped with a small grinding point that created The 2 groups of lesions closest to the top of the branch / cylindrical patches of scraped skeleton of approxi- started their regeneration with the formation of a very / mately 1 cm diameter and 2 mm depth. Lesion area thin transparent veneer of undifferentiated tissue, / was measured with a Plexiglas ruler divided into 2 mm which was almost invisible during the first week / squares. At the start of the experiment lesion depth (Fig. 1A).Apparently no calcification was talung place.",55c141a004792016fc84a8f8c3e6991395906b20a8c52f99bae934737bee47e0
348d7203-b68d-472c-89da-e3e6704b2f50,Eh and Rpm - 1995 - Age-related deterioration of a physiological function in the branching coral Acropora palmata.pdf,literature/META_ANALYSIS_POOL/Eh and Rpm - 1995 - Age-related deterioration of a physiological function in the branching coral Acropora palmata.pdf,7,2,numeric_keyword_window,,text,13,"mately 1 cm diameter and 2 mm depth. Lesion area thin transparent veneer of undifferentiated tissue, / was measured with a Plexiglas ruler divided into 2 mm which was almost invisible during the first week / squares. At the start of the experiment lesion depth (Fig. 1A).Apparently no calcification was talung place. / was measured with calipers to calculate the surface During this phase the new tissue was transparent and / area of the lesion wall. This area was included in the appeared completely white because of the underlying",55c141a004792016fc84a8f8c3e6991395906b20a8c52f99bae934737bee47e0
348d7203-b68d-472c-89da-e3e6704b2f50,Eh and Rpm - 1995 - Age-related deterioration of a physiological function in the branching coral Acropora palmata.pdf,literature/META_ANALYSIS_POOL/Eh and Rpm - 1995 - Age-related deterioration of a physiological function in the branching coral Acropora palmata.pdf,8,2,numeric_keyword_window,,text,12,"pairwise comparisons by the Tukey HSD test (Sokal & polyp outlines, small polyps, and calices emerged, / Rohlf 1981). As dependent variables w e used (1) and the new tissue started to develop pigmentation / regeneration rate, i.e. area recovered (mm2d - l ) during (Fig. 1C). Orientation of the new polyps was distinct / the first 6 d (sensu Meesters & Bak 1993) and (2) the from that of the surrounding polyps and appeared rather / regression slope describing the regeneration process random. This random aspect however disappeared, and",55c141a004792016fc84a8f8c3e6991395906b20a8c52f99bae934737bee47e0
348d7203-b68d-472c-89da-e3e6704b2f50,Eh and Rpm - 1995 - Age-related deterioration of a physiological function in the branching coral Acropora palmata.pdf,literature/META_ANALYSIS_POOL/Eh and Rpm - 1995 - Age-related deterioration of a physiological function in the branching coral Acropora palmata.pdf,9,3,numeric_keyword_window,,text,12,66 cm from branch tip. Mean lesion surface area (95% confi- / dence limits) measured at time intervals during regeneration / During the first week the decrease in lesion area was (n = 21) Lines show the average regression line as calculated / very fast (Fig. 2). The mean area recovered per day with a non-linear line-fitting program (see Table 1),55c141a004792016fc84a8f8c3e6991395906b20a8c52f99bae934737bee47e0
348d7203-b68d-472c-89da-e3e6704b2f50,Eh and Rpm - 1995 - Age-related deterioration of a physiological function in the branching coral Acropora palmata.pdf,literature/META_ANALYSIS_POOL/Eh and Rpm - 1995 - Age-related deterioration of a physiological function in the branching coral Acropora palmata.pdf,10,3,numeric_keyword_window,,text,12,"Regeneration rate Fig. 2. Acropora palrnata. Regeneration of lesions at 3, 12, and / 66 cm from branch tip. Mean lesion surface area (95% confi- / dence limits) measured at time intervals during regeneration / During the first week the decrease in lesion area was (n = 21) Lines show the average regression line as calculated",55c141a004792016fc84a8f8c3e6991395906b20a8c52f99bae934737bee47e0
348d7203-b68d-472c-89da-e3e6704b2f50,Eh and Rpm - 1995 - Age-related deterioration of a physiological function in the branching coral Acropora palmata.pdf,literature/META_ANALYSIS_POOL/Eh and Rpm - 1995 - Age-related deterioration of a physiological function in the branching coral Acropora palmata.pdf,11,4,caption_or_table_start,Table 1,table,12,"Table 1. Acropora palmata Regression parameters for lesions 3, 12 much more slowly. and 66 cm from branch t ~ p .Results of non-linear fitting of les~onslzes to the model: Les~onSlze = S , c [S,,,,, X 10~"":""~""""""'""' 1. Medns are based on parameters for each individual lesion (n = 21) DISCUSSION I 1 Distance S,,. %,X -Slope (cm) (95'Y. CL) (951; CL) (95 CL)"" ""19 All of our experimental data show regenera- tion capability to decrease rapidly, from tip to 3 1 . 3 (*1.03) 164.3 (i6.2) 0.213 (0.170/0.267) base, along branches of Acropora palmata. The 12 -2.9 (+2.40) 160.1 ( i 5 . 6 ) 0.127 (0.095/0.170) inevitable quest,on is, does this gradient in 66 -3.3 ( ~ 8 . 3 0 ) 162.3 ( i 9 . 2 ) 0.065 (0.050/0.085) regeneration arise from extra- or intra-colony I dGeometricmean I causes? And, subsequently, what are the ecolog- ical consequences?",55c141a004792016fc84a8f8c3e6991395906b20a8c52f99bae934737bee47e0
348d7203-b68d-472c-89da-e3e6704b2f50,Eh and Rpm - 1995 - Age-related deterioration of a physiological function in the branching coral Acropora palmata.pdf,literature/META_ANALYSIS_POOL/Eh and Rpm - 1995 - Age-related deterioration of a physiological function in the branching coral Acropora palmata.pdf,12,4,numeric_keyword_window,,text,12,"during the first 6 d showed that regeneration rates completely) is slightly negative. S,,, (maximum lesion / increased toward the tip of the branch (Fig. 3). Regen- that will be regenerated completely) is larger than the / eration was fast for lesions closest to the branch tip, average initial lesion area of 159.4 mm2.",55c141a004792016fc84a8f8c3e6991395906b20a8c52f99bae934737bee47e0
1d9e4e6d-fe25-4609-b0ac-78fdb306c80b,Eh et al. - 1997 - Predicting regeneration of physical damage on a reef-building coral by regeneration capacity and les.pdf,literature/META_ANALYSIS_POOL/Eh et al. - 1997 - Predicting regeneration of physical damage on a reef-building coral by regeneration capacity and les.pdf,1,5,caption_or_table_start,Fig. 5,figure,21,"Fig. 5 Montastrea annularis. Total regenerated area per lesions that were fully closed at 64 d decreases with ln~tiallength of lesion perimeter a n d initial lesion size. Also increasing lesion surface area. In the smallest size shown a r e the means (* 95% confidence limits) of each class, most leslons are on or very close to the 100% lesion s u e class. Estimated regression line: Area,,,/ regeneration line, while at increasing lesion size more P e r ~ r n e t e r , .=~ 4 . 7 - 14.7 X 101-*.""~"" xInt'a'a'ze) 1, r' = 0.31, n = 88 lesions remain open and are further distanced from this line. As lesion size increases, the relative amount approximately 98 mm2(average perimeter 20.8 mm). Be- of area that is regenerated, decreases. This indicates cause their mean size was only 83 mm2, these lesions that the capacity for regeneration is limited. were closed before the full regeneration capacity was If the regenerated area is standardized to the length reached, explaining why the mean area...",42e573a2e5744cd7f39269872c5575eedb4f6fb929a3b6774a8319eb58bdd1ab
1d9e4e6d-fe25-4609-b0ac-78fdb306c80b,Eh et al. - 1997 - Predicting regeneration of physical damage on a reef-building coral by regeneration capacity and les.pdf,literature/META_ANALYSIS_POOL/Eh et al. - 1997 - Predicting regeneration of physical damage on a reef-building coral by regeneration capacity and les.pdf,2,3,numeric_keyword_window,,text,20,"other groups less than 10% had closed (x2 = 33.3, / df = 3, p < 0 0001). Apparently, there is a strong Time (days) / decrease in the chances of full recovery between 83 / and 183 mm2 Field observations on very small lesions / suggest that most of the lesions in the smallest size -",42e573a2e5744cd7f39269872c5575eedb4f6fb929a3b6774a8319eb58bdd1ab
1d9e4e6d-fe25-4609-b0ac-78fdb306c80b,Eh et al. - 1997 - Predicting regeneration of physical damage on a reef-building coral by regeneration capacity and les.pdf,literature/META_ANALYSIS_POOL/Eh et al. - 1997 - Predicting regeneration of physical damage on a reef-building coral by regeneration capacity and les.pdf,3,3,numeric_keyword_window,,text,16,"ceased, espec~allyin the 2 smallest lesion sizes Regen- / ', / eration rate was 0 35 mm2 d 3 2 % of that of the fiist / week After the fiist week regeneiation differed signif- / icantly ( p < 0 001) among the 4 size classes (Table l ) ,",42e573a2e5744cd7f39269872c5575eedb4f6fb929a3b6774a8319eb58bdd1ab
1d9e4e6d-fe25-4609-b0ac-78fdb306c80b,Eh et al. - 1997 - Predicting regeneration of physical damage on a reef-building coral by regeneration capacity and les.pdf,literature/META_ANALYSIS_POOL/Eh et al. - 1997 - Predicting regeneration of physical damage on a reef-building coral by regeneration capacity and les.pdf,4,3,numeric_keyword_window,,text,16,"df = 3, p < 0 0001). Apparently, there is a strong Time (days) / decrease in the chances of full recovery between 83 / and 183 mm2 Field observations on very small lesions / suggest that most of the lesions in the smallest size - / Fig 2 Montastrea annulans Average l e s ~ o n size ( k S U )",42e573a2e5744cd7f39269872c5575eedb4f6fb929a3b6774a8319eb58bdd1ab
1d9e4e6d-fe25-4609-b0ac-78fdb306c80b,Eh et al. - 1997 - Predicting regeneration of physical damage on a reef-building coral by regeneration capacity and les.pdf,literature/META_ANALYSIS_POOL/Eh et al. - 1997 - Predicting regeneration of physical damage on a reef-building coral by regeneration capacity and les.pdf,5,4,caption_or_table_start,Table 2,table,16,"Table 2. Montastrea annularis. Geometric mean (lower/upper 95% confidence between the 2 largest lesion sizes limits) of estimates resulting from fitting data from each lesion to the non-llnear ( p = 0.989). This means that for the 2 function Size = Asymp. + [Size,,, X l0'''""pe ' 'l]. All size data in mm2 Asymp. (the largest lesion sizes the relative asymptote): the lesion area that was not regenerated; S i ~ e , , ~the regenerated area; slope: the regression slope; Ta,,,,:number of days to reach asymptote decrease in lesion size per unit of time (+ l mm2) was the same. The actual decrease depends on the initial lesion size. The Initial size (mm2) -Slope Asymp. Size,,, absence of a significant difference between the 2 largest lesion sizes sup- 83 0.076 5.9 80.2 ports the hypothesis that regeneration (0.065/0.088) (4.8/7.3) (75.4/85.3) capacity is lim~tedand the regresslon 183 0.048 19.2 164.8 (0.041/0.057) (15.6/23.7) (154.9/175.3) slope approaches an asymptote as ini- 243 0.032 34.7...",42e573a2e5744cd7f39269872c5575eedb4f6fb929a3b6774a8319eb58bdd1ab
1d9e4e6d-fe25-4609-b0ac-78fdb306c80b,Eh et al. - 1997 - Predicting regeneration of physical damage on a reef-building coral by regeneration capacity and les.pdf,literature/META_ANALYSIS_POOL/Eh et al. - 1997 - Predicting regeneration of physical damage on a reef-building coral by regeneration capacity and les.pdf,6,5,numeric_keyword_window,,text,16,"regeneration line, while at increasing lesion size more P e r ~ r n e t e r , .=~ 4 . 7 - 14.7 X 101-*.""~"" xInt'a'a'ze) 1, r' = 0.31, n = 88 / lesions remain open and are further distanced from / this line. As lesion size increases, the relative amount approximately 98 mm2(average perimeter 20.8 mm). Be- / of area that is regenerated, decreases. This indicates cause their mean size was only 83 mm2, these lesions / that the capacity for regeneration is limited. were closed before the full regeneration capacity was",42e573a2e5744cd7f39269872c5575eedb4f6fb929a3b6774a8319eb58bdd1ab
1d9e4e6d-fe25-4609-b0ac-78fdb306c80b,Eh et al. - 1997 - Predicting regeneration of physical damage on a reef-building coral by regeneration capacity and les.pdf,literature/META_ANALYSIS_POOL/Eh et al. - 1997 - Predicting regeneration of physical damage on a reef-building coral by regeneration capacity and les.pdf,7,5,numeric_keyword_window,,text,16,"that the capacity for regeneration is limited. were closed before the full regeneration capacity was / If the regenerated area is standardized to the length reached, explaining why the mean area recovered per / of initial lesion perimeter (Fig. 5), the 3 larger lesion mm lesion perimeter is lower than in the other size / size classes recovered similar amounts of tissue (Tukey classes. The mean of the second size class (183mm2)also / pairwise comparisons, p > 0.1). The smallest size class reflects this, but to a lesser (non-significant) degree.",42e573a2e5744cd7f39269872c5575eedb4f6fb929a3b6774a8319eb58bdd1ab
1d9e4e6d-fe25-4609-b0ac-78fdb306c80b,Eh et al. - 1997 - Predicting regeneration of physical damage on a reef-building coral by regeneration capacity and les.pdf,literature/META_ANALYSIS_POOL/Eh et al. - 1997 - Predicting regeneration of physical damage on a reef-building coral by regeneration capacity and les.pdf,8,3,numeric_keyword_window,,text,15,"During the last interval tissue regeneration almost / ceased, espec~allyin the 2 smallest lesion sizes Regen- / ', / eration rate was 0 35 mm2 d 3 2 % of that of the fiist",42e573a2e5744cd7f39269872c5575eedb4f6fb929a3b6774a8319eb58bdd1ab
1d9e4e6d-fe25-4609-b0ac-78fdb306c80b,Eh et al. - 1997 - Predicting regeneration of physical damage on a reef-building coral by regeneration capacity and les.pdf,literature/META_ANALYSIS_POOL/Eh et al. - 1997 - Predicting regeneration of physical damage on a reef-building coral by regeneration capacity and les.pdf,9,3,numeric_keyword_window,,text,15,"groups (Fig. 1). After 64 d , 67 %, of the lesions in the / smallest size class (n = 24) were closed, while in the / other groups less than 10% had closed (x2 = 33.3, / df = 3, p < 0 0001). Apparently, there is a strong Time (days) / decrease in the chances of full recovery between 83",42e573a2e5744cd7f39269872c5575eedb4f6fb929a3b6774a8319eb58bdd1ab
1d9e4e6d-fe25-4609-b0ac-78fdb306c80b,Eh et al. - 1997 - Predicting regeneration of physical damage on a reef-building coral by regeneration capacity and les.pdf,literature/META_ANALYSIS_POOL/Eh et al. - 1997 - Predicting regeneration of physical damage on a reef-building coral by regeneration capacity and les.pdf,10,7,numeric_keyword_window,,text,15,"Regeneration of small lesions can be very rapid. In such as growth and reproduction (Meesters et al. 1994. / this study the first lesions were closed after 22 d , but Van Veghel & Bak 1994). Meesters et al. (1994) esti- / very small and/or narrow lesions (small area/perimeter mated that a lesion of 8 . 8 % of the total surface area of / ratio), can be closed within a few days (author's pers. small corals suppressed growth by 3 2 % for at least / obs.). Using the function shown in Fig. 3 w e can esti- 56 d . Because of its effects on these other life history",42e573a2e5744cd7f39269872c5575eedb4f6fb929a3b6774a8319eb58bdd1ab
1d9e4e6d-fe25-4609-b0ac-78fdb306c80b,Eh et al. - 1997 - Predicting regeneration of physical damage on a reef-building coral by regeneration capacity and les.pdf,literature/META_ANALYSIS_POOL/Eh et al. - 1997 - Predicting regeneration of physical damage on a reef-building coral by regeneration capacity and les.pdf,11,7,numeric_keyword_window,,text,15,"obs.). Using the function shown in Fig. 3 w e can esti- 56 d . Because of its effects on these other life history / mate the slope and time before closure of very small processes, the regeneration of large surface areas may / circular lesions. For example, a lesion of only 10 mm2 reduce the fitness of corals to such a degree that it / would on average be fully regenerated within 6 to 7 d becomes more appropriate to stop regeneration in / (estimated slope 0 . 1 6 2 ) . favour of growth and reproduction.",42e573a2e5744cd7f39269872c5575eedb4f6fb929a3b6774a8319eb58bdd1ab
1d9e4e6d-fe25-4609-b0ac-78fdb306c80b,Eh et al. - 1997 - Predicting regeneration of physical damage on a reef-building coral by regeneration capacity and les.pdf,literature/META_ANALYSIS_POOL/Eh et al. - 1997 - Predicting regeneration of physical damage on a reef-building coral by regeneration capacity and les.pdf,12,7,numeric_keyword_window,,text,15,"this study the first lesions were closed after 22 d , but Van Veghel & Bak 1994). Meesters et al. (1994) esti- / very small and/or narrow lesions (small area/perimeter mated that a lesion of 8 . 8 % of the total surface area of / ratio), can be closed within a few days (author's pers. small corals suppressed growth by 3 2 % for at least / obs.). Using the function shown in Fig. 3 w e can esti- 56 d . Because of its effects on these other life history / mate the slope and time before closure of very small processes, the regeneration of large surface areas may",42e573a2e5744cd7f39269872c5575eedb4f6fb929a3b6774a8319eb58bdd1ab
a1e7fabd-36e1-4556-804c-e6f1a9c17581,Fisher et al. - 2007 - Lesion regeneration rates in reef-building corals Montastraea spp. as indicators of colony condition.pdf,literature/META_ANALYSIS_POOL/Fisher et al. - 2007 - Lesion regeneration rates in reef-building corals Montastraea spp. as indicators of colony condition.pdf,1,8,numeric_keyword_window,,text,20,"0.45 cm2. Most lesions that healed completely regener- evidence for a toxic response to a xenobiotic at BNP. / ated most (> 70%) of their area within 151 d, but com- Concentrations of pesticides in grunt livers were high- / plete healing often required 1 yr or longer. One lesion est at KL 6 m and lowest at WB (Downs et al. 2006). / that completely healed after 270 d increased 66% in Using abundances of reef-dwelling foraminifers, Hal- / size in the first 56 d before beginning to regenerate. lock (2000) proposed that host algal symbionts can",20f2642071b406018a4e91fedd30b33954653ebaddf97fb7114b853dfed99750
a1e7fabd-36e1-4556-804c-e6f1a9c17581,Fisher et al. - 2007 - Lesion regeneration rates in reef-building corals Montastraea spp. as indicators of colony condition.pdf,literature/META_ANALYSIS_POOL/Fisher et al. - 2007 - Lesion regeneration rates in reef-building corals Montastraea spp. as indicators of colony condition.pdf,2,8,numeric_keyword_window,,text,20,"that fully regenerated did so after 243 d; after 151 d, (2006) compared biomarker levels in white grunts / this lesion had regenerated 78% of its area to a size of Haemulon plumieri at BNP, WB and KL 6 m, finding / 0.45 cm2. Most lesions that healed completely regener- evidence for a toxic response to a xenobiotic at BNP. / ated most (> 70%) of their area within 151 d, but com- Concentrations of pesticides in grunt livers were high- / plete healing often required 1 yr or longer. One lesion est at KL 6 m and lowest at WB (Downs et al. 2006).",20f2642071b406018a4e91fedd30b33954653ebaddf97fb7114b853dfed99750
a1e7fabd-36e1-4556-804c-e6f1a9c17581,Fisher et al. - 2007 - Lesion regeneration rates in reef-building corals Montastraea spp. as indicators of colony condition.pdf,literature/META_ANALYSIS_POOL/Fisher et al. - 2007 - Lesion regeneration rates in reef-building corals Montastraea spp. as indicators of colony condition.pdf,3,1,numeric_keyword_window,,text,17,"Pennekamp Coral Reef State Park (Algae Reef and White Banks) consistently had the highest regen- / eration rates, with colonies exhibiting exponential declines in lesion size and a high percentage of / completely healed lesions. Along the depth gradient, corals at the 3 m site regenerated significantly / faster than corals at 6, 9, and 18 m. These results suggest that corals sampled at FKNMS 6, 9 and 18 m / sites and BNP were in poor physiological condition or were exposed to suboptimal environmental",20f2642071b406018a4e91fedd30b33954653ebaddf97fb7114b853dfed99750
a1e7fabd-36e1-4556-804c-e6f1a9c17581,Fisher et al. - 2007 - Lesion regeneration rates in reef-building corals Montastraea spp. as indicators of colony condition.pdf,literature/META_ANALYSIS_POOL/Fisher et al. - 2007 - Lesion regeneration rates in reef-building corals Montastraea spp. as indicators of colony condition.pdf,4,1,numeric_keyword_window,,text,17,"eration rates, with colonies exhibiting exponential declines in lesion size and a high percentage of / completely healed lesions. Along the depth gradient, corals at the 3 m site regenerated significantly / faster than corals at 6, 9, and 18 m. These results suggest that corals sampled at FKNMS 6, 9 and 18 m / sites and BNP were in poor physiological condition or were exposed to suboptimal environmental / conditions, as evidenced by highly variable and overall low regeneration rates, a low percentage of",20f2642071b406018a4e91fedd30b33954653ebaddf97fb7114b853dfed99750
a1e7fabd-36e1-4556-804c-e6f1a9c17581,Fisher et al. - 2007 - Lesion regeneration rates in reef-building corals Montastraea spp. as indicators of colony condition.pdf,literature/META_ANALYSIS_POOL/Fisher et al. - 2007 - Lesion regeneration rates in reef-building corals Montastraea spp. as indicators of colony condition.pdf,5,8,numeric_keyword_window,,text,17,"ated most (> 70%) of their area within 151 d, but com- Concentrations of pesticides in grunt livers were high- / plete healing often required 1 yr or longer. One lesion est at KL 6 m and lowest at WB (Downs et al. 2006). / that completely healed after 270 d increased 66% in Using abundances of reef-dwelling foraminifers, Hal- / size in the first 56 d before beginning to regenerate. lock (2000) proposed that host algal symbionts can",20f2642071b406018a4e91fedd30b33954653ebaddf97fb7114b853dfed99750
a1e7fabd-36e1-4556-804c-e6f1a9c17581,Fisher et al. - 2007 - Lesion regeneration rates in reef-building corals Montastraea spp. as indicators of colony condition.pdf,literature/META_ANALYSIS_POOL/Fisher et al. - 2007 - Lesion regeneration rates in reef-building corals Montastraea spp. as indicators of colony condition.pdf,6,9,numeric_keyword_window,,text,17,"corals at 6 m but not those at 9 and 18 m. KL 3 m also potential stressors (e.g. photic stress, contaminants). / had significantly more healed lesions than other sites Although KL 3 m is along the same portion of coastline / along the depth gradient. For lesions sampled in as KL 6, 9, and 18 m, lesion recovery and coral condi- / March 2002 and monitored for approximately 1 yr, tion (36 ± 13% live coral cover) at this site was good. / shallow-water corals (3 m) showed higher regenera- Other studies also have found that Florida’s inshore",20f2642071b406018a4e91fedd30b33954653ebaddf97fb7114b853dfed99750
a1e7fabd-36e1-4556-804c-e6f1a9c17581,Fisher et al. - 2007 - Lesion regeneration rates in reef-building corals Montastraea spp. as indicators of colony condition.pdf,literature/META_ANALYSIS_POOL/Fisher et al. - 2007 - Lesion regeneration rates in reef-building corals Montastraea spp. as indicators of colony condition.pdf,7,9,numeric_keyword_window,,text,17,"tored. When monitored for <1 yr (45 to 154 d), shallow- sites offshore from John Pennekamp State Park (AR / water (3 m) corals regenerated significantly faster than and WB) recovered from damage despite exposure to / corals at 6 m but not those at 9 and 18 m. KL 3 m also potential stressors (e.g. photic stress, contaminants). / had significantly more healed lesions than other sites Although KL 3 m is along the same portion of coastline / along the depth gradient. For lesions sampled in as KL 6, 9, and 18 m, lesion recovery and coral condi-",20f2642071b406018a4e91fedd30b33954653ebaddf97fb7114b853dfed99750
a1e7fabd-36e1-4556-804c-e6f1a9c17581,Fisher et al. - 2007 - Lesion regeneration rates in reef-building corals Montastraea spp. as indicators of colony condition.pdf,literature/META_ANALYSIS_POOL/Fisher et al. - 2007 - Lesion regeneration rates in reef-building corals Montastraea spp. as indicators of colony condition.pdf,8,9,numeric_keyword_window,,text,17,"water (3 m) corals regenerated significantly faster than and WB) recovered from damage despite exposure to / corals at 6 m but not those at 9 and 18 m. KL 3 m also potential stressors (e.g. photic stress, contaminants). / had significantly more healed lesions than other sites Although KL 3 m is along the same portion of coastline / along the depth gradient. For lesions sampled in as KL 6, 9, and 18 m, lesion recovery and coral condi- / March 2002 and monitored for approximately 1 yr, tion (36 ± 13% live coral cover) at this site was good.",20f2642071b406018a4e91fedd30b33954653ebaddf97fb7114b853dfed99750
a1e7fabd-36e1-4556-804c-e6f1a9c17581,Fisher et al. - 2007 - Lesion regeneration rates in reef-building corals Montastraea spp. as indicators of colony condition.pdf,literature/META_ANALYSIS_POOL/Fisher et al. - 2007 - Lesion regeneration rates in reef-building corals Montastraea spp. as indicators of colony condition.pdf,9,5,caption_or_table_start,Fig. 3,figure,16,"Fig. 3. Montastraea spp. Mean (± SE) lesion size over time for each season be- term regeneration rates at AR were sig- tween June 2001 and March 2002 (A) at 6 m sites and (B) along depth gradient. nificantly higher than at the other 6 m Merging of 2 sampling-induced lesions occurred at KL 9 m (in March 2002), at sites, and short-term regeneration rates KL 18 m (in February 2003), and at BNP (in June 2002 and August 2002). An ad- at WB were significantly higher than at ditional lesion joined with the previously merged lesions at BNP in October KL 6 m and BNP (AR: 23 ± 2 × 10– 4 cm 2002. Lesions that progressed into Type II lesions or lesions for which data were removed for other reasons (breakage or initial size > 3.4 cm2: see ‘Materials and d–1; WB: 15 ± 2 × 10– 4 cm d–1; KL 6 m: methods’) were not included in means. Note expanded y-axis in graph showing 7 ± 2 × 10– 4 cm d–1; BNP: 6 ± 2 × 10– 4 cm lesion regeneration along depth gradient in August 2001. Site abbreviations d–1; Tukey...",20f2642071b406018a4e91fedd30b33954653ebaddf97fb7114b853dfed99750
a1e7fabd-36e1-4556-804c-e6f1a9c17581,Fisher et al. - 2007 - Lesion regeneration rates in reef-building corals Montastraea spp. as indicators of colony condition.pdf,literature/META_ANALYSIS_POOL/Fisher et al. - 2007 - Lesion regeneration rates in reef-building corals Montastraea spp. as indicators of colony condition.pdf,10,6,caption_or_table_start,Table 2,table,16,"Table 2. Montastraea spp. Mean (± SE) r2 values of the 5 colonies for the regression decay model, y = y0 + ae–b · time; zero r2 value was assumed for all lesions that did not fit this model. Last 2 columns show overall mean and slope (b) (cm2 d–1 × 10–2) Site Jun 2001– Aug 2001– Oct 2001– Mar 2002– Overall Slope Jun 2002 Aug 2002 Nov 2002 Feb 2003 mean",20f2642071b406018a4e91fedd30b33954653ebaddf97fb7114b853dfed99750
a1e7fabd-36e1-4556-804c-e6f1a9c17581,Fisher et al. - 2007 - Lesion regeneration rates in reef-building corals Montastraea spp. as indicators of colony condition.pdf,literature/META_ANALYSIS_POOL/Fisher et al. - 2007 - Lesion regeneration rates in reef-building corals Montastraea spp. as indicators of colony condition.pdf,11,3,numeric_keyword_window,,text,15,"dive was made at each 6 m site to assess the benthic as recommended by Lang (2003). / organisms using the rapid assessment methods We removed coral tissue and skeleton using a / described by Lang (2003). At each site, a 10 m transect leather punch, which created a circular lesion 1 to / line was placed just above a haphazardly selected area 2 cm2 in area and 3 mm deep. Experimental lesions / of reef surface and live coral cover was determined by were always completely surrounded by live tissue. We",20f2642071b406018a4e91fedd30b33954653ebaddf97fb7114b853dfed99750
a1e7fabd-36e1-4556-804c-e6f1a9c17581,Fisher et al. - 2007 - Lesion regeneration rates in reef-building corals Montastraea spp. as indicators of colony condition.pdf,literature/META_ANALYSIS_POOL/Fisher et al. - 2007 - Lesion regeneration rates in reef-building corals Montastraea spp. as indicators of colony condition.pdf,12,3,numeric_keyword_window,,text,15,"organisms using the rapid assessment methods We removed coral tissue and skeleton using a / described by Lang (2003). At each site, a 10 m transect leather punch, which created a circular lesion 1 to / line was placed just above a haphazardly selected area 2 cm2 in area and 3 mm deep. Experimental lesions / of reef surface and live coral cover was determined by were always completely surrounded by live tissue. We / estimating the amount of living coral directly beneath immediately filled the hole with clay (Roma plastilina,",20f2642071b406018a4e91fedd30b33954653ebaddf97fb7114b853dfed99750
3a3fb59c-a303-49f1-aa80-21ffe7d182cf,Fong and Lirman - 1995 - Hurricanes Cause Population Expansion of the Branching Coral Acropora palmata (Scleractinia).pdf,literature/META_ANALYSIS_POOL/Fong and Lirman - 1995 - Hurricanes Cause Population Expansion of the Branching Coral Acropora palmata (Scleractinia).pdf,1,14,numeric_keyword_window,,text,20,"recemented fragments (TUNNICLIFFE, 198 I ; 1983). / Wound healing is a trait that aids in coral recovery, and thus is an aduptnticm / to any sort of a disturbance. BAK (1983) showed 100% regeneration of artilicially / produced sinall lesions ( 1 cm') within 80 days. Our study on naturally-produced / lesions showed less recovery. One explanation may be that variability in sizc",4bc321567ad452b1d590ccf24e6f401518858318c5ff04bf9887afc681ee0275
3a3fb59c-a303-49f1-aa80-21ffe7d182cf,Fong and Lirman - 1995 - Hurricanes Cause Population Expansion of the Branching Coral Acropora palmata (Scleractinia).pdf,literature/META_ANALYSIS_POOL/Fong and Lirman - 1995 - Hurricanes Cause Population Expansion of the Branching Coral Acropora palmata (Scleractinia).pdf,2,6,numeric_keyword_window,,text,18,"than in the second (December-March). There was no relationship between the / initial area injured and the mean linear distance the ‘healing lip’ of the coral tissue / moved over each injury (r’ = 0.006; P > 0.05); thus, the rate that the ‘healing lip’ / advanced over a wound was not dependent on the initial size of the wound. / Variability in the rate that the tissue moved over the injuries was great; both the",4bc321567ad452b1d590ccf24e6f401518858318c5ff04bf9887afc681ee0275
3a3fb59c-a303-49f1-aa80-21ffe7d182cf,Fong and Lirman - 1995 - Hurricanes Cause Population Expansion of the Branching Coral Acropora palmata (Scleractinia).pdf,literature/META_ANALYSIS_POOL/Fong and Lirman - 1995 - Hurricanes Cause Population Expansion of the Branching Coral Acropora palmata (Scleractinia).pdf,3,7,caption_or_table_start,Table I,table,18,"Table I . Wound-healing rates for six injury sites on two A c r c y w ~ ~ and photographed with a fixed-distance framer on 22 October 1992 and 2 March 1993. Healing rates are reported as linear extension or planar distance that the tissue around the edge of a wound grew over the bared skeleton. Values are mean (k standard error) of n measurements of growth across the injury site (nd = no data). E. Areas were estimated by weighing paper cutouts of each injury photograph and transforming weight to area. Mean growth is in cm month- I, areas are in cm'. and g. area recovered in cm' month I. ~ 3 z mean growth initial area initial perimeter/ area recovered % area recovered colony no. lesion no. TILT2 T2-T3 TI-T3 [cm'] perimeter area T 1-T3 TILT3 2-. 0",4bc321567ad452b1d590ccf24e6f401518858318c5ff04bf9887afc681ee0275
3a3fb59c-a303-49f1-aa80-21ffe7d182cf,Fong and Lirman - 1995 - Hurricanes Cause Population Expansion of the Branching Coral Acropora palmata (Scleractinia).pdf,literature/META_ANALYSIS_POOL/Fong and Lirman - 1995 - Hurricanes Cause Population Expansion of the Branching Coral Acropora palmata (Scleractinia).pdf,4,1,numeric_keyword_window,,text,16,"high rates of asexual recruitment, and rapid growth rate of the new recruits. In addition, the growth / pattern of new recruits was assessed in order to quantify the initial sequence of StrUCtUrdl changes / during the transition from recruit to adult morphology. Wound healing was initially rapid (1.59cm of / linear growth per month). but slowed with time. Nine months after the storm, 72% of 218 hurricane- / generated fragments of A . pulmarci had cemented to the bottom, becoming new asexual recruits. Within",4bc321567ad452b1d590ccf24e6f401518858318c5ff04bf9887afc681ee0275
3a3fb59c-a303-49f1-aa80-21ffe7d182cf,Fong and Lirman - 1995 - Hurricanes Cause Population Expansion of the Branching Coral Acropora palmata (Scleractinia).pdf,literature/META_ANALYSIS_POOL/Fong and Lirman - 1995 - Hurricanes Cause Population Expansion of the Branching Coral Acropora palmata (Scleractinia).pdf,5,6,numeric_keyword_window,,text,15,"secondary disturbance (two colonies with 6 identifiable lesions), the rate at which / tissue regenerated and expanded linearly over the exposed skeleton slowed with / time (Table 1). The healing rate was faster in the first period (October-December) / than in the second (December-March). There was no relationship between the / initial area injured and the mean linear distance the ‘healing lip’ of the coral tissue",4bc321567ad452b1d590ccf24e6f401518858318c5ff04bf9887afc681ee0275
3a3fb59c-a303-49f1-aa80-21ffe7d182cf,Fong and Lirman - 1995 - Hurricanes Cause Population Expansion of the Branching Coral Acropora palmata (Scleractinia).pdf,literature/META_ANALYSIS_POOL/Fong and Lirman - 1995 - Hurricanes Cause Population Expansion of the Branching Coral Acropora palmata (Scleractinia).pdf,6,6,numeric_keyword_window,,text,14,(October-March) varied considerably between injuries (Table 1). There was a / simple linear relationship between the initial size of the injury and the area of the / wound that was covered by tissue during the interval (r2 = 0.87; P < 0.01); larger / wounds resulted in larger areas healed. There was a significant relationship between / the perimeter-to-area ratio (P : A ratio) and both the area (r2 = 0.75; P < .05) and,4bc321567ad452b1d590ccf24e6f401518858318c5ff04bf9887afc681ee0275
3a3fb59c-a303-49f1-aa80-21ffe7d182cf,Fong and Lirman - 1995 - Hurricanes Cause Population Expansion of the Branching Coral Acropora palmata (Scleractinia).pdf,literature/META_ANALYSIS_POOL/Fong and Lirman - 1995 - Hurricanes Cause Population Expansion of the Branching Coral Acropora palmata (Scleractinia).pdf,7,7,numeric_keyword_window,,text,14,"pulntura colonies that remained standing 6 months after Hurricane Andrew. Lesions were marked / Table I . Wound-healing rates for six injury sites on two A c r c y w ~ ~ / and photographed with a fixed-distance framer on 22 October 1992 and 2 March 1993. Healing rates are reported as linear extension or planar distance that the tissue / around the edge of a wound grew over the bared skeleton. Values are mean (k standard error) of n measurements of growth across the injury site (nd = no data). E. / Areas were estimated by weighing paper cutouts of each injury photograph and transforming weight to area. Mean growth is in cm month- I, areas are in cm'. and g.",4bc321567ad452b1d590ccf24e6f401518858318c5ff04bf9887afc681ee0275
3a3fb59c-a303-49f1-aa80-21ffe7d182cf,Fong and Lirman - 1995 - Hurricanes Cause Population Expansion of the Branching Coral Acropora palmata (Scleractinia).pdf,literature/META_ANALYSIS_POOL/Fong and Lirman - 1995 - Hurricanes Cause Population Expansion of the Branching Coral Acropora palmata (Scleractinia).pdf,8,14,caption_or_table_start,Fig. 8,figure,14,"Fig. 8 . C'onctptuiil model of the adaptntions ol' Acroponr pubrrirrtr t o dillerent disturbance regimcb disturbance regime had been previously documented (SCHUHMACHIIR & PLIWKA. 1981; ROGERSC~ UI., 1982; BACK& CRims, 1981; BAK, 1983). When both frequency and intensity of disturbance are decreased (c.g., deeper, more sheltered zones), the species can be found as isolated colonies that d o not aggregate into dense patches. In sheltered areas, A . pu/n?u/u colonies do not fragment as often, resulting i n decreased asexual recruitment. This, coupled with A . ~ ~ I I I I N I N ' S limited success in space competition ( LANG, 1973; JACKSON, 199l), may explain the observed distribution. In this study, we documented that low frequency but high intensity disturbance (c..q.,hurricanes and tropical storms) favoured the rapid expansion of an A . pu/tuu/upopulation by asexual recruitment of hurricane-generated fragments and persistence of injured adults by wound healing. I t i contrast. .41*rop...",4bc321567ad452b1d590ccf24e6f401518858318c5ff04bf9887afc681ee0275
3a3fb59c-a303-49f1-aa80-21ffe7d182cf,Fong and Lirman - 1995 - Hurricanes Cause Population Expansion of the Branching Coral Acropora palmata (Scleractinia).pdf,literature/META_ANALYSIS_POOL/Fong and Lirman - 1995 - Hurricanes Cause Population Expansion of the Branching Coral Acropora palmata (Scleractinia).pdf,9,16,numeric_keyword_window,,text,12,"pattern and rate of initial upward growth of new recruits. Immediately after the / storm, wounds on surviving adult colonies - formed when branches were / broken ~-healed rapidly ( I .59 cm of linear growth per month); however, this",4bc321567ad452b1d590ccf24e6f401518858318c5ff04bf9887afc681ee0275
3a3fb59c-a303-49f1-aa80-21ffe7d182cf,Fong and Lirman - 1995 - Hurricanes Cause Population Expansion of the Branching Coral Acropora palmata (Scleractinia).pdf,literature/META_ANALYSIS_POOL/Fong and Lirman - 1995 - Hurricanes Cause Population Expansion of the Branching Coral Acropora palmata (Scleractinia).pdf,10,4,numeric_keyword_window,,text,11,2. Wound healing rates of damaged colonies / The most common type ol' damage observed after Hurricane Andrew was broken Auopora pu/r~icirri,4bc321567ad452b1d590ccf24e6f401518858318c5ff04bf9887afc681ee0275
3a3fb59c-a303-49f1-aa80-21ffe7d182cf,Fong and Lirman - 1995 - Hurricanes Cause Population Expansion of the Branching Coral Acropora palmata (Scleractinia).pdf,literature/META_ANALYSIS_POOL/Fong and Lirman - 1995 - Hurricanes Cause Population Expansion of the Branching Coral Acropora palmata (Scleractinia).pdf,11,5,numeric_keyword_window,,text,11,"14390485, 1995, 4, Downloaded from https://onlinelibrary.wiley.com/doi/10.1111/j.1439-0485.1995.tb00415.x by University Of California, Wiley Online Library on [13/04/2024]. See the Terms and Conditions (https://onlinelibrary.wiley.com/terms-and-conditions) on Wiley Online Library for rules of use; OA articles are governed by the applicable Creative Commons License / Hurricane-mediated population expansion 32 1 / healed broken branch ends. We marked five large colonies, each with 5-8 injury sites, and took fixed- / frame photographs ofeach lesion. On 14 December 1992 and 2 March 1993, injury sites on the surviving / colonies were re-photographed. Sequential photographs of the lesions were projected onto a screen.",4bc321567ad452b1d590ccf24e6f401518858318c5ff04bf9887afc681ee0275
3a3fb59c-a303-49f1-aa80-21ffe7d182cf,Fong and Lirman - 1995 - Hurricanes Cause Population Expansion of the Branching Coral Acropora palmata (Scleractinia).pdf,literature/META_ANALYSIS_POOL/Fong and Lirman - 1995 - Hurricanes Cause Population Expansion of the Branching Coral Acropora palmata (Scleractinia).pdf,12,5,numeric_keyword_window,,text,11,"Hurricane-mediated population expansion 32 1 / healed broken branch ends. We marked five large colonies, each with 5-8 injury sites, and took fixed- / frame photographs ofeach lesion. On 14 December 1992 and 2 March 1993, injury sites on the surviving / colonies were re-photographed. Sequential photographs of the lesions were projected onto a screen. / Distances across several areas of each wound were measured, and using planimetry, the area of each",4bc321567ad452b1d590ccf24e6f401518858318c5ff04bf9887afc681ee0275
6a14a9e9-da4e-425f-bf9d-59fa573487e1,"Guzmán et al. - 1994 - Injury, regeneration and growth of Caribbean reef corals after a major oil spill in Panama.pdf","literature/META_ANALYSIS_POOL/Guzmán et al. - 1994 - Injury, regeneration and growth of Caribbean reef corals after a major oil spill in Panama.pdf",1,3,numeric_keyword_window,,text,15,"on ice and flown to the Bermuda Biological Station for was exposed or only lightly overgrown by filamentous / Research for chemical analysis. algae that characteristically settle within a few days of / Analytical methods developed for this study followed injury (Bak et al. 1977). At each census, 2 haphazardly / guidelines published by IOC/UNEP/IAEA (1991), and placed 50 X 2 m belt transects were run on each reef / which have been presented in detail elsewhere (Burns & parallel to the reef crest: one between 0.5 and 1 m",17786f79466f3733cfca89de5253cc5ed6b282572e06abba10df03d78beb36c7
6a14a9e9-da4e-425f-bf9d-59fa573487e1,"Guzmán et al. - 1994 - Injury, regeneration and growth of Caribbean reef corals after a major oil spill in Panama.pdf","literature/META_ANALYSIS_POOL/Guzmán et al. - 1994 - Injury, regeneration and growth of Caribbean reef corals after a major oil spill in Panama.pdf",2,5,caption_or_table_start,Fig. 2,figure,13,"Fig. 2. Regression of oil content in reef sediments estimated 28.8 pg oil mg-' EOM by UVF analysis, and subse- by UVF and GC-URE for each year of sampling. Dotted boxes quently declined to almost nondetectable levels there- in 1986 and 1988-89 show the range of values of the next after (Table 3). During 1989, one unoiled reef (DMA) sampling year. Dotted box for 1990 shows that the range of was contaminated by a relatively fresh fuel oil (Fig. 2), 3 uncontaminated, unoiled reefs was clearly distinguishable from the oiled reefs and the contaminated unoiled reef likely originating from ships. This was a n isolated inci- (DMA). Initial visual classifications for severity of oiling: dent that did not oil large areas of coastline (Burns (I ) (8) heavy; moderate; ( U ) no oil (from Burns 1993a).Reefs 1993b). as in Table 1",17786f79466f3733cfca89de5253cc5ed6b282572e06abba10df03d78beb36c7
6a14a9e9-da4e-425f-bf9d-59fa573487e1,"Guzmán et al. - 1994 - Injury, regeneration and growth of Caribbean reef corals after a major oil spill in Panama.pdf","literature/META_ANALYSIS_POOL/Guzmán et al. - 1994 - Injury, regeneration and growth of Caribbean reef corals after a major oil spill in Panama.pdf",3,7,caption_or_table_start,Fig. 4,figure,13,Fig. 4. Changes through time in the percentage (+ SE) of recently injured corals at 0.5 to 1 m depth on 6 heavily oiled and 4 unoiled reefs from August 1986 to March 1991. Arrows Indicate the 1988 and 1990 diesel spills (Burns et al. 1993). The vertical lines at the bottom indicate the pooled surveys 40 I l Diplorio cliwsa,17786f79466f3733cfca89de5253cc5ed6b282572e06abba10df03d78beb36c7
6a14a9e9-da4e-425f-bf9d-59fa573487e1,"Guzmán et al. - 1994 - Injury, regeneration and growth of Caribbean reef corals after a major oil spill in Panama.pdf","literature/META_ANALYSIS_POOL/Guzmán et al. - 1994 - Injury, regeneration and growth of Caribbean reef corals after a major oil spill in Panama.pdf",4,8,numeric_keyword_window,,text,13,"0.66, p = 0.07). Hydrocarbon levels in coral tissues / were near nondetectable levels in 1988 and 1990 / (Table 3), and showed no relationship with injury (n = / 12, r =-0.13, p = 0.7; and n = 8, r =-0.14, p = 0.7 / respectively).",17786f79466f3733cfca89de5253cc5ed6b282572e06abba10df03d78beb36c7
6a14a9e9-da4e-425f-bf9d-59fa573487e1,"Guzmán et al. - 1994 - Injury, regeneration and growth of Caribbean reef corals after a major oil spill in Panama.pdf","literature/META_ANALYSIS_POOL/Guzmán et al. - 1994 - Injury, regeneration and growth of Caribbean reef corals after a major oil spill in Panama.pdf",5,8,numeric_keyword_window,,text,13,"the concentration of hydrocarbons in tissues (n = 8 , r = / 0.66, p = 0.07). Hydrocarbon levels in coral tissues / were near nondetectable levels in 1988 and 1990 / (Table 3), and showed no relationship with injury (n = / 12, r =-0.13, p = 0.7; and n = 8, r =-0.14, p = 0.7",17786f79466f3733cfca89de5253cc5ed6b282572e06abba10df03d78beb36c7
6a14a9e9-da4e-425f-bf9d-59fa573487e1,"Guzmán et al. - 1994 - Injury, regeneration and growth of Caribbean reef corals after a major oil spill in Panama.pdf","literature/META_ANALYSIS_POOL/Guzmán et al. - 1994 - Injury, regeneration and growth of Caribbean reef corals after a major oil spill in Panama.pdf",6,9,caption_or_table_start,Fig. 8,figure,13,"Fig. 8. Siderastrea siderea and Porites astreoides. Relation be- Fig. ?. Siderastrea siderea and Porites astreoides. Average tween linear growth rates and the concentration of oil in reef growth (f SE) of 2 species of corals 3 yr before the oil splll sediments in 1986 and 1988. Symbols as in Fig. 6, reefs as in (1983 to 1985) compared to 3 yr afterwards (1986 to 1988) on Table 1 6 reefs that were heavily oiled and 4 reefs that were unoiled in 1986. Numbers of colonies indicated above bars",17786f79466f3733cfca89de5253cc5ed6b282572e06abba10df03d78beb36c7
6a14a9e9-da4e-425f-bf9d-59fa573487e1,"Guzmán et al. - 1994 - Injury, regeneration and growth of Caribbean reef corals after a major oil spill in Panama.pdf","literature/META_ANALYSIS_POOL/Guzmán et al. - 1994 - Injury, regeneration and growth of Caribbean reef corals after a major oil spill in Panama.pdf",7,3,numeric_keyword_window,,text,12,"Analytical methods developed for this study followed injury (Bak et al. 1977). At each census, 2 haphazardly / guidelines published by IOC/UNEP/IAEA (1991), and placed 50 X 2 m belt transects were run on each reef / which have been presented in detail elsewhere (Burns & parallel to the reef crest: one between 0.5 and 1 m / Knap 1989, Burns 1993a, b). Two methods were used: depth, the other between > l and 2 m depth. The 2 / (l)ultraviolet fluorescence spectroscopy (UVF) which is transects were a minimum of 10 m apart, depending on",17786f79466f3733cfca89de5253cc5ed6b282572e06abba10df03d78beb36c7
6a14a9e9-da4e-425f-bf9d-59fa573487e1,"Guzmán et al. - 1994 - Injury, regeneration and growth of Caribbean reef corals after a major oil spill in Panama.pdf","literature/META_ANALYSIS_POOL/Guzmán et al. - 1994 - Injury, regeneration and growth of Caribbean reef corals after a major oil spill in Panama.pdf",8,4,numeric_keyword_window,,text,12,"Growth. Corals were collected from the same 10 repeated observations of the same corals or reefs / reefs to compare growth 3 yr before and 3 yr after the (Underwood 1981, Hand & Taylor 1987). / oil spill. Nine small ( c 3 0 cm diameter) colonies each Statistical analyses of injury, growth and sedimenta- / of Siderastrea siderea and Porites astreoides were col- tion were done using BMDP (Dixon et al. 1990). Varia- / lected from 1.5 to 3 m depth at each reef in late 1988 tion in these parameters was evaluated by repeated-",17786f79466f3733cfca89de5253cc5ed6b282572e06abba10df03d78beb36c7
6a14a9e9-da4e-425f-bf9d-59fa573487e1,"Guzmán et al. - 1994 - Injury, regeneration and growth of Caribbean reef corals after a major oil spill in Panama.pdf","literature/META_ANALYSIS_POOL/Guzmán et al. - 1994 - Injury, regeneration and growth of Caribbean reef corals after a major oil spill in Panama.pdf",9,4,numeric_keyword_window,,text,12,"lected from 1.5 to 3 m depth at each reef in late 1988 tion in these parameters was evaluated by repeated- / and 1989. Colonies were rinsed with fresh water, measures ANOVA with amount of oiling and depth / dried, and slabs 5 to 7 mm thick cut parallel to the (the latter only for injury) as between-factor variables / axis of growth using a rock saw. The coral slabs were and time of census as a within-factor variable. The time / x-rayed and radiographic prints made on high- variable was scored as five 1 yr periods comprising",17786f79466f3733cfca89de5253cc5ed6b282572e06abba10df03d78beb36c7
6a14a9e9-da4e-425f-bf9d-59fa573487e1,"Guzmán et al. - 1994 - Injury, regeneration and growth of Caribbean reef corals after a major oil spill in Panama.pdf","literature/META_ANALYSIS_POOL/Guzmán et al. - 1994 - Injury, regeneration and growth of Caribbean reef corals after a major oil spill in Panama.pdf",10,4,numeric_keyword_window,,text,12,"of Siderastrea siderea and Porites astreoides were col- tion were done using BMDP (Dixon et al. 1990). Varia- / lected from 1.5 to 3 m depth at each reef in late 1988 tion in these parameters was evaluated by repeated- / and 1989. Colonies were rinsed with fresh water, measures ANOVA with amount of oiling and depth / dried, and slabs 5 to 7 mm thick cut parallel to the (the latter only for injury) as between-factor variables / axis of growth using a rock saw. The coral slabs were and time of census as a within-factor variable. The time",17786f79466f3733cfca89de5253cc5ed6b282572e06abba10df03d78beb36c7
6a14a9e9-da4e-425f-bf9d-59fa573487e1,"Guzmán et al. - 1994 - Injury, regeneration and growth of Caribbean reef corals after a major oil spill in Panama.pdf","literature/META_ANALYSIS_POOL/Guzmán et al. - 1994 - Injury, regeneration and growth of Caribbean reef corals after a major oil spill in Panama.pdf",11,4,numeric_keyword_window,,text,12,"other and vice versa, all within 3 h. observations to test for biological effects involve / Growth. Corals were collected from the same 10 repeated observations of the same corals or reefs / reefs to compare growth 3 yr before and 3 yr after the (Underwood 1981, Hand & Taylor 1987). / oil spill. Nine small ( c 3 0 cm diameter) colonies each Statistical analyses of injury, growth and sedimenta- / of Siderastrea siderea and Porites astreoides were col- tion were done using BMDP (Dixon et al. 1990). Varia-",17786f79466f3733cfca89de5253cc5ed6b282572e06abba10df03d78beb36c7
6a14a9e9-da4e-425f-bf9d-59fa573487e1,"Guzmán et al. - 1994 - Injury, regeneration and growth of Caribbean reef corals after a major oil spill in Panama.pdf","literature/META_ANALYSIS_POOL/Guzmán et al. - 1994 - Injury, regeneration and growth of Caribbean reef corals after a major oil spill in Panama.pdf",12,10,numeric_keyword_window,,text,12,"advice and reviewing of earlier versions of the manuscript. / amounts of oily sediments onto adjacent reef tracts. This study was supported by U.S. Minerals Management Ser- / Recent injuries were most frequent for Siderastrea vice (Contracts No. 14-12-0001-30355 and 14-12-0001-30393), / siderea, least for Porites astreoides and variable for The Marine Spill Response Corporation (Contract No. / Diploria clivosa. A possible explanation lies in the dif- 3092PG003), Smithsonian Tropical Research Institute and the",17786f79466f3733cfca89de5253cc5ed6b282572e06abba10df03d78beb36c7
65ccf3b6-92c0-416b-93ba-1cfd827b1ba1,Horricks et al. - 2019 - Differential protein abundance during the first month of regeneration of the Caribbean star coral Mo.pdf,literature/META_ANALYSIS_POOL/Horricks et al. - 2019 - Differential protein abundance during the first month of regeneration of the Caribbean star coral Mo.pdf,1,1,numeric_keyword_window,,text,24,"Abstract It is critical to determine the methods by which frozen. Tissues from 10 normally pigmented brown colo- / coral colonies regenerate tissue lost to physical injury as nies were selected for proteomic analysis using tandem / they provide the physical structure of coral reef systems. mass tags. The initial polyp sample, the day 14, and the / To explore regeneration, circular lesions (12 mm diame- final samples were used to quantify the difference in pro- / ter 9 3 mm depth) were created in the fall of 2014 on 124 tein abundance as the lesions healed. In the tissue samples",0f57a3cd1aef4b6bdac7eebdb72aa84158a186486c60afa4207c7734b894eb83
65ccf3b6-92c0-416b-93ba-1cfd827b1ba1,Horricks et al. - 2019 - Differential protein abundance during the first month of regeneration of the Caribbean star coral Mo.pdf,literature/META_ANALYSIS_POOL/Horricks et al. - 2019 - Differential protein abundance during the first month of regeneration of the Caribbean star coral Mo.pdf,2,1,numeric_keyword_window,,text,24,"coral colonies regenerate tissue lost to physical injury as nies were selected for proteomic analysis using tandem / they provide the physical structure of coral reef systems. mass tags. The initial polyp sample, the day 14, and the / To explore regeneration, circular lesions (12 mm diame- final samples were used to quantify the difference in pro- / ter 9 3 mm depth) were created in the fall of 2014 on 124 tein abundance as the lesions healed. In the tissue samples / Montastraea cavernosa colonies located in the coastal 6419 peptides were reliably identified, which corresponded",0f57a3cd1aef4b6bdac7eebdb72aa84158a186486c60afa4207c7734b894eb83
65ccf3b6-92c0-416b-93ba-1cfd827b1ba1,Horricks et al. - 2019 - Differential protein abundance during the first month of regeneration of the Caribbean star coral Mo.pdf,literature/META_ANALYSIS_POOL/Horricks et al. - 2019 - Differential protein abundance during the first month of regeneration of the Caribbean star coral Mo.pdf,3,1,numeric_keyword_window,,text,22,"cantly affecting lesion regeneration. Mean rate of lesion were associated with inflammation or antioxidant activity. / closure during the first 28 days was approximately This work demonstrates, for the first time, the differential / 2.8 mm2 d-1. Four identical circular lesions were created abundance of proteins associated with regeneration in a / on 30 M. cavernosa colonies (Carriacou, 10–12 m depth) scleractinian coral. / in the fall of 2015. One representative lesion created on",0f57a3cd1aef4b6bdac7eebdb72aa84158a186486c60afa4207c7734b894eb83
65ccf3b6-92c0-416b-93ba-1cfd827b1ba1,Horricks et al. - 2019 - Differential protein abundance during the first month of regeneration of the Caribbean star coral Mo.pdf,literature/META_ANALYSIS_POOL/Horricks et al. - 2019 - Differential protein abundance during the first month of regeneration of the Caribbean star coral Mo.pdf,4,1,numeric_keyword_window,,text,22,"colony colour (p = 0.024) were the only factors signifi- identified that were differentially abundant (p \ 0.05) and / cantly affecting lesion regeneration. Mean rate of lesion were associated with inflammation or antioxidant activity. / closure during the first 28 days was approximately This work demonstrates, for the first time, the differential / 2.8 mm2 d-1. Four identical circular lesions were created abundance of proteins associated with regeneration in a / on 30 M. cavernosa colonies (Carriacou, 10–12 m depth) scleractinian coral.",0f57a3cd1aef4b6bdac7eebdb72aa84158a186486c60afa4207c7734b894eb83
65ccf3b6-92c0-416b-93ba-1cfd827b1ba1,Horricks et al. - 2019 - Differential protein abundance during the first month of regeneration of the Caribbean star coral Mo.pdf,literature/META_ANALYSIS_POOL/Horricks et al. - 2019 - Differential protein abundance during the first month of regeneration of the Caribbean star coral Mo.pdf,5,1,numeric_keyword_window,,text,20,"they provide the physical structure of coral reef systems. mass tags. The initial polyp sample, the day 14, and the / To explore regeneration, circular lesions (12 mm diame- final samples were used to quantify the difference in pro- / ter 9 3 mm depth) were created in the fall of 2014 on 124 tein abundance as the lesions healed. In the tissue samples / Montastraea cavernosa colonies located in the coastal 6419 peptides were reliably identified, which corresponded / waters of Grenada and Carriacou (10–12 m depth). Coral to 906 unique proteins. During the first month of regener-",0f57a3cd1aef4b6bdac7eebdb72aa84158a186486c60afa4207c7734b894eb83
65ccf3b6-92c0-416b-93ba-1cfd827b1ba1,Horricks et al. - 2019 - Differential protein abundance during the first month of regeneration of the Caribbean star coral Mo.pdf,literature/META_ANALYSIS_POOL/Horricks et al. - 2019 - Differential protein abundance during the first month of regeneration of the Caribbean star coral Mo.pdf,6,7,caption_or_table_start,Fig. 5,figure,19,"Fig. 5 Montastraea cavernosa colony at Sandy Island in Carriacou, Grenada, 31 days after initial lesion creation. Note the orange mouth at the centre of the healed polyp and slight pigmentation of the regenerated tissue",0f57a3cd1aef4b6bdac7eebdb72aa84158a186486c60afa4207c7734b894eb83
65ccf3b6-92c0-416b-93ba-1cfd827b1ba1,Horricks et al. - 2019 - Differential protein abundance during the first month of regeneration of the Caribbean star coral Mo.pdf,literature/META_ANALYSIS_POOL/Horricks et al. - 2019 - Differential protein abundance during the first month of regeneration of the Caribbean star coral Mo.pdf,7,7,numeric_keyword_window,,text,17,"Fig. 5 Montastraea cavernosa colony at Sandy Island in Carriacou, / Grenada, 31 days after initial lesion creation. Note the orange mouth / at the centre of the healed polyp and slight pigmentation of the / regenerated tissue",0f57a3cd1aef4b6bdac7eebdb72aa84158a186486c60afa4207c7734b894eb83
65ccf3b6-92c0-416b-93ba-1cfd827b1ba1,Horricks et al. - 2019 - Differential protein abundance during the first month of regeneration of the Caribbean star coral Mo.pdf,literature/META_ANALYSIS_POOL/Horricks et al. - 2019 - Differential protein abundance during the first month of regeneration of the Caribbean star coral Mo.pdf,8,8,caption_or_table_start,Fig. 6,figure,16,Fig. 6 Heatmap showing the fold change of all differentially abundant proteins at sampling timepoints day 14 (B) and day 32 or 33 (C) relative to day 0. Higher abundance is denoted by darker colours 123,0f57a3cd1aef4b6bdac7eebdb72aa84158a186486c60afa4207c7734b894eb83
65ccf3b6-92c0-416b-93ba-1cfd827b1ba1,Horricks et al. - 2019 - Differential protein abundance during the first month of regeneration of the Caribbean star coral Mo.pdf,literature/META_ANALYSIS_POOL/Horricks et al. - 2019 - Differential protein abundance during the first month of regeneration of the Caribbean star coral Mo.pdf,9,9,caption_or_table_start,Table 3,table,16,"Table 3 Proteins common to at least two LC–MS runs with fold Montastraea cavernosa collected in the nearshore waters of Carria- change at day 14 (B) and day 32 or 33 (C) relative to day 0 that were cou, Grenada in 2015 differentially abundant during the first month of regeneration in UniProt Protein Gene Organism % e Value Fold B Fold C Identity",0f57a3cd1aef4b6bdac7eebdb72aa84158a186486c60afa4207c7734b894eb83
65ccf3b6-92c0-416b-93ba-1cfd827b1ba1,Horricks et al. - 2019 - Differential protein abundance during the first month of regeneration of the Caribbean star coral Mo.pdf,literature/META_ANALYSIS_POOL/Horricks et al. - 2019 - Differential protein abundance during the first month of regeneration of the Caribbean star coral Mo.pdf,10,10,caption_or_table_start,Table 4,table,16,"Table 4 Fold change at Day 14 (B) and Day 32 or 33 (C) relative to Day 0 and identity of proteins associated with regeneration or inflammation during the first month of regeneration in Montastraea cavernosa collected in the nearshore waters of Carriacou, Grenada in 2015 UniProt ID Protein Function Gene Organism % Identity e Value Fold B Fold C",0f57a3cd1aef4b6bdac7eebdb72aa84158a186486c60afa4207c7734b894eb83
65ccf3b6-92c0-416b-93ba-1cfd827b1ba1,Horricks et al. - 2019 - Differential protein abundance during the first month of regeneration of the Caribbean star coral Mo.pdf,literature/META_ANALYSIS_POOL/Horricks et al. - 2019 - Differential protein abundance during the first month of regeneration of the Caribbean star coral Mo.pdf,11,1,numeric_keyword_window,,text,15,"2.8 mm2 d-1. Four identical circular lesions were created abundance of proteins associated with regeneration in a / on 30 M. cavernosa colonies (Carriacou, 10–12 m depth) scleractinian coral. / in the fall of 2015. One representative lesion created on / each coral colony was re-sampled at each of 14, 21, and 32 Keywords Regeneration  Proteomics  Tandem mass tag  / or 33 days following injury, and coral tissue was flash- Montastraea cavernosa  Grenada",0f57a3cd1aef4b6bdac7eebdb72aa84158a186486c60afa4207c7734b894eb83
65ccf3b6-92c0-416b-93ba-1cfd827b1ba1,Horricks et al. - 2019 - Differential protein abundance during the first month of regeneration of the Caribbean star coral Mo.pdf,literature/META_ANALYSIS_POOL/Horricks et al. - 2019 - Differential protein abundance during the first month of regeneration of the Caribbean star coral Mo.pdf,12,10,numeric_keyword_window,,text,15,"September. observed a slower lesion regeneration rate for this type of / The rates of regeneration documented in the present colony morphology, size of colony, and shape of lesion. / study for M. cavernosa (2.8 mm2 d-1) are slightly lower Finally, Meesters et al. theorized that there is a finite / than those previously published for the O. annularis amount of tissue that can be regenerated and the amount is",0f57a3cd1aef4b6bdac7eebdb72aa84158a186486c60afa4207c7734b894eb83
cf0dfa52-c9e6-4d7f-9ae1-5970162a807f,Lester and Bak - 1985 - Effects of environment on regeneration rate of tissue lesions in the reef coral Montastrea annularis.pdf,literature/META_ANALYSIS_POOL/Lester and Bak - 1985 - Effects of environment on regeneration rate of tissue lesions in the reef coral Montastrea annularis.pdf,1,3,caption_or_table_start,Fig. 2,figure,14,"Fig. 2. Montastrea annularis. Recovery rate and growth rates for each experimental series. White bars: mean width of growth bands, s.d. indicated (AB: n = 10; T: n = 22; DPP: n = 11). Stippled bars: percentage of lesions completely recovered (AB: n = 25; T: n = 25; DPP: n = 24; Bak et al.",f14d029caf77ebf9462966f49b172c239ad7627d67716df54caf41cbfadd067c
cf0dfa52-c9e6-4d7f-9ae1-5970162a807f,Lester and Bak - 1985 - Effects of environment on regeneration rate of tissue lesions in the reef coral Montastrea annularis.pdf,literature/META_ANALYSIS_POOL/Lester and Bak - 1985 - Effects of environment on regeneration rate of tissue lesions in the reef coral Montastrea annularis.pdf,2,3,caption_or_table_start,Fig. 1,figure,12,"Fig. 1. Map of Curacao showing the locations of the study sites. DPP: desalination-power plant; AB: Awa Blancu; B: 1977: n = 27) Location experiment Bak et al. 1977. Transplants were made from AB to DPP was obtained (ts = 0.180, p > 0.5) when comparing corals native to the desalination-power plant (DPP) (series T, n = 25). Corals in the latter series received with those that had been transplanted from Awa experimental treatment (lesions) at the Awa Blancu Blancu (T). site and were subsequently transported 21 km down There were no significant differences in growth rate current to the DPP site. During transplant procedures, between the series (Fig. 2), nor was there any discern corals were kept in seawater at stable temperatures of able correlation between growth rate and recovery rate 27 to 28 °C. Size of lesions was determined weekly. The (n = 34, r = 0.22, p > 0.05). DPP and AB series were each measured for 14 wk and Discussion. Significant differences in recovery rates the T serie...",f14d029caf77ebf9462966f49b172c239ad7627d67716df54caf41cbfadd067c
cf0dfa52-c9e6-4d7f-9ae1-5970162a807f,Lester and Bak - 1985 - Effects of environment on regeneration rate of tissue lesions in the reef coral Montastrea annularis.pdf,literature/META_ANALYSIS_POOL/Lester and Bak - 1985 - Effects of environment on regeneration rate of tissue lesions in the reef coral Montastrea annularis.pdf,3,3,numeric_keyword_window,,text,12,"Fig. 2. Montastrea annularis. Recovery rate and growth rates / for each experimental series. White bars: mean width of / growth bands, s.d. indicated (AB: n = 10; T: n = 22; DPP:",f14d029caf77ebf9462966f49b172c239ad7627d67716df54caf41cbfadd067c
cf0dfa52-c9e6-4d7f-9ae1-5970162a807f,Lester and Bak - 1985 - Effects of environment on regeneration rate of tissue lesions in the reef coral Montastrea annularis.pdf,literature/META_ANALYSIS_POOL/Lester and Bak - 1985 - Effects of environment on regeneration rate of tissue lesions in the reef coral Montastrea annularis.pdf,4,3,numeric_keyword_window,,text,11,"regener / ation measurements had ceased) a total of 43 corals expected. Lesions on corals at the desalination-power / from all 3 series were collected and measured for plant healed more rapidly than those at the pristine / annual growth increments as determined by X-radio reef (AB). It is striking that the recovery rates displayed / graphic analysis (method Buddemeier et al. 1974, by the corals at the desalination-power plant (series",f14d029caf77ebf9462966f49b172c239ad7627d67716df54caf41cbfadd067c
cf0dfa52-c9e6-4d7f-9ae1-5970162a807f,Lester and Bak - 1985 - Effects of environment on regeneration rate of tissue lesions in the reef coral Montastrea annularis.pdf,literature/META_ANALYSIS_POOL/Lester and Bak - 1985 - Effects of environment on regeneration rate of tissue lesions in the reef coral Montastrea annularis.pdf,5,3,numeric_keyword_window,,text,10,"more rapidly than the lesions on corals located at Awa increase over ambient temperatures (Hoppe unpubl., / Blancu (series AB, see Fig. 2). At the end of the experi this paper). The similarities in the recovery rates of / ment 64 % and 63 % of lesions in the DPP and T series, corals along this part of the coast imply that lesion / respectively, had recovered completely, whereas the regeneration was not appreciably affected by the / control series (AB) displayed a recovery rate of only power plant effluent and that some larger scale factor",f14d029caf77ebf9462966f49b172c239ad7627d67716df54caf41cbfadd067c
cf0dfa52-c9e6-4d7f-9ae1-5970162a807f,Lester and Bak - 1985 - Effects of environment on regeneration rate of tissue lesions in the reef coral Montastrea annularis.pdf,literature/META_ANALYSIS_POOL/Lester and Bak - 1985 - Effects of environment on regeneration rate of tissue lesions in the reef coral Montastrea annularis.pdf,6,3,numeric_keyword_window,,text,9,"corals were kept in seawater at stable temperatures of able correlation between growth rate and recovery rate / 27 to 28 °C. Size of lesions was determined weekly. The (n = 34, r = 0.22, p > 0.05). / DPP and AB series were each measured for 14 wk and Discussion. Significant differences in recovery rates / the T series was measured for 12 wk. in different environments were found, although results / In August of 1983 (approximately 6 mo afterwere exactly the converse of those that had been",f14d029caf77ebf9462966f49b172c239ad7627d67716df54caf41cbfadd067c
cf0dfa52-c9e6-4d7f-9ae1-5970162a807f,Lester and Bak - 1985 - Effects of environment on regeneration rate of tissue lesions in the reef coral Montastrea annularis.pdf,literature/META_ANALYSIS_POOL/Lester and Bak - 1985 - Effects of environment on regeneration rate of tissue lesions in the reef coral Montastrea annularis.pdf,7,4,numeric_keyword_window,,text,9,"conditions and not distinguishable in linear growth, 414-422 / register some environmental factor which results in Jokiel, P. L., Coles, S. L. (1974). Effects of heated effluent on / extreme differences in recovery rate of lesions. hermatypic corals at Kahe Point, Oahu. Pacif. Sci. 28: 1-18 / Jokiel, P. L., Coles, S. L. (1977). Effect of temperature on the / Acknowledgements. We thank O. Frans, F. Isabella and A. mortality and growth of Hawaian reef corals. Mar. Biol.",f14d029caf77ebf9462966f49b172c239ad7627d67716df54caf41cbfadd067c
3764e810-0eb0-4d34-baca-2c5136c95bc8,"Lirman - 2000 - Lesion regeneration in the branching coral Acropora palmata effects of colonization, colony size, l.pdf","literature/META_ANALYSIS_POOL/Lirman - 2000 - Lesion regeneration in the branching coral Acropora palmata effects of colonization, colony size, l.pdf",1,2,numeric_keyword_window,,text,20,"felter 1991, Lirman & Fong 1997). A. palmata has also Image Software. / good regenerative capabilities, as evidenced by the The recovery process was evaluated by calculating: / rapid recovery of small, circular experimental lesions (1) regeneration rates (change in lesion size with time; / (Bak 1983, Meesters & Bak 1995). Colonies of A. pal- cm2 d-'), (2) linear closure rates (rate of movement of / mata on the Florida Reef Tract undergo periodic frag- the growing lip towards the center of the lesion; mm",5b4f0fdbfcd72d4bd6a1600d86c895bd3fd5835946e01bf07391aed417555c58
3764e810-0eb0-4d34-baca-2c5136c95bc8,"Lirman - 2000 - Lesion regeneration in the branching coral Acropora palmata effects of colonization, colony size, l.pdf","literature/META_ANALYSIS_POOL/Lirman - 2000 - Lesion regeneration in the branching coral Acropora palmata effects of colonization, colony size, l.pdf",2,2,numeric_keyword_window,,text,20,"good regenerative capabilities, as evidenced by the The recovery process was evaluated by calculating: / rapid recovery of small, circular experimental lesions (1) regeneration rates (change in lesion size with time; / (Bak 1983, Meesters & Bak 1995). Colonies of A. pal- cm2 d-'), (2) linear closure rates (rate of movement of / mata on the Florida Reef Tract undergo periodic frag- the growing lip towards the center of the lesion; mm / mentation (Lirman 1997),and the resulting lesions can mo-'), and (3) total amount of tissue regenerated dur-",5b4f0fdbfcd72d4bd6a1600d86c895bd3fd5835946e01bf07391aed417555c58
3764e810-0eb0-4d34-baca-2c5136c95bc8,"Lirman - 2000 - Lesion regeneration in the branching coral Acropora palmata effects of colonization, colony size, l.pdf","literature/META_ANALYSIS_POOL/Lirman - 2000 - Lesion regeneration in the branching coral Acropora palmata effects of colonization, colony size, l.pdf",3,4,caption_or_table_start,Fig. 3,figure,19,"Fig. 3.Acropora palmata. Mean closure rates (movement of The recovery of Acropora palmata lesions was influ- the growing lip towards center of lesion, i 1 SEM). Small = <5 cm2, medium = 5-10 cm2, large = 10-20 cm2. Given the enced by lesion size and shape. The total amount of tis- lack of recovery observed for lesions >20 cm2, these were sue recovered during the first month of regeneration excluded from the analyses was proportional to lesion size and perimeter. How-",5b4f0fdbfcd72d4bd6a1600d86c895bd3fd5835946e01bf07391aed417555c58
3764e810-0eb0-4d34-baca-2c5136c95bc8,"Lirman - 2000 - Lesion regeneration in the branching coral Acropora palmata effects of colonization, colony size, l.pdf","literature/META_ANALYSIS_POOL/Lirman - 2000 - Lesion regeneration in the branching coral Acropora palmata effects of colonization, colony size, l.pdf",4,3,numeric_keyword_window,,text,18,"lesion size was logarithmically transformed (ln(x+l); initial lesion size. Mean closure rates for the first 30 d / Sokal & Rohlf 1981). Data for each lesion were fitted were significantly faster for small lesions (7.3[SE = 1.31 / to the exponential model: lesion size = a . e t d bdayS) mm mo-') compared to medium (4.9 [0.4] mm mo-') / using a least squares procedure. Regression para- and large (4.3 [0.3] mm mo-l) lesions (ANCOVA, / meters (slope and intercept) were averaged within p < 0.05, Tukey a posterion comparisons test). No sig-",5b4f0fdbfcd72d4bd6a1600d86c895bd3fd5835946e01bf07391aed417555c58
3764e810-0eb0-4d34-baca-2c5136c95bc8,"Lirman - 2000 - Lesion regeneration in the branching coral Acropora palmata effects of colonization, colony size, l.pdf","literature/META_ANALYSIS_POOL/Lirman - 2000 - Lesion regeneration in the branching coral Acropora palmata effects of colonization, colony size, l.pdf",5,4,numeric_keyword_window,,text,17,"TlME (days) a potential drain of resources, resulting in the slower / closure rates recorded for larger lesions. / Fig. 3.Acropora palmata. Mean closure rates (movement of The recovery of Acropora palmata lesions was influ- / the growing lip towards center of lesion, i 1 SEM). Small = / <5 cm2, medium = 5-10 cm2, large = 10-20 cm2. Given the",5b4f0fdbfcd72d4bd6a1600d86c895bd3fd5835946e01bf07391aed417555c58
3764e810-0eb0-4d34-baca-2c5136c95bc8,"Lirman - 2000 - Lesion regeneration in the branching coral Acropora palmata effects of colonization, colony size, l.pdf","literature/META_ANALYSIS_POOL/Lirman - 2000 - Lesion regeneration in the branching coral Acropora palmata effects of colonization, colony size, l.pdf",6,4,numeric_keyword_window,,text,17,"closure rates recorded for larger lesions. / Fig. 3.Acropora palmata. Mean closure rates (movement of The recovery of Acropora palmata lesions was influ- / the growing lip towards center of lesion, i 1 SEM). Small = / <5 cm2, medium = 5-10 cm2, large = 10-20 cm2. Given the / enced by lesion size and shape. The total amount of tis-",5b4f0fdbfcd72d4bd6a1600d86c895bd3fd5835946e01bf07391aed417555c58
3764e810-0eb0-4d34-baca-2c5136c95bc8,"Lirman - 2000 - Lesion regeneration in the branching coral Acropora palmata effects of colonization, colony size, l.pdf","literature/META_ANALYSIS_POOL/Lirman - 2000 - Lesion regeneration in the branching coral Acropora palmata effects of colonization, colony size, l.pdf",7,1,numeric_keyword_window,,text,16,"ing the lesions. Significant ddferences in regeneration rates were found among small (0-5 cm2), / medium (5-10 cm2),and large (10-20 cm2)lesions. The largest lesions (>20 cm2)did not show a signif- / icant recovery over time. When the total area recovered during the first 30 d was normalized to Initial / perimeter length, both small and large lesions regenerated similar amounts of tissue. However, closure / rates (the rate of movement of the growing lip towards the center of the lesion) were significantly faster",5b4f0fdbfcd72d4bd6a1600d86c895bd3fd5835946e01bf07391aed417555c58
3764e810-0eb0-4d34-baca-2c5136c95bc8,"Lirman - 2000 - Lesion regeneration in the branching coral Acropora palmata effects of colonization, colony size, l.pdf","literature/META_ANALYSIS_POOL/Lirman - 2000 - Lesion regeneration in the branching coral Acropora palmata effects of colonization, colony size, l.pdf",8,3,numeric_keyword_window,,text,16,"Statistical methods. Size of lesions was regressed Linear closure rates decreased exponentially with / against time since injury. To normalize the data, time for all lesion sizes (Fig. 3) and were influenced by / lesion size was logarithmically transformed (ln(x+l); initial lesion size. Mean closure rates for the first 30 d / Sokal & Rohlf 1981). Data for each lesion were fitted were significantly faster for small lesions (7.3[SE = 1.31",5b4f0fdbfcd72d4bd6a1600d86c895bd3fd5835946e01bf07391aed417555c58
3764e810-0eb0-4d34-baca-2c5136c95bc8,"Lirman - 2000 - Lesion regeneration in the branching coral Acropora palmata effects of colonization, colony size, l.pdf","literature/META_ANALYSIS_POOL/Lirman - 2000 - Lesion regeneration in the branching coral Acropora palmata effects of colonization, colony size, l.pdf",9,3,numeric_keyword_window,,text,16,"against time since injury. To normalize the data, time for all lesion sizes (Fig. 3) and were influenced by / lesion size was logarithmically transformed (ln(x+l); initial lesion size. Mean closure rates for the first 30 d / Sokal & Rohlf 1981). Data for each lesion were fitted were significantly faster for small lesions (7.3[SE = 1.31 / to the exponential model: lesion size = a . e t d bdayS) mm mo-') compared to medium (4.9 [0.4] mm mo-') / using a least squares procedure. Regression para- and large (4.3 [0.3] mm mo-l) lesions (ANCOVA,",5b4f0fdbfcd72d4bd6a1600d86c895bd3fd5835946e01bf07391aed417555c58
3764e810-0eb0-4d34-baca-2c5136c95bc8,"Lirman - 2000 - Lesion regeneration in the branching coral Acropora palmata effects of colonization, colony size, l.pdf","literature/META_ANALYSIS_POOL/Lirman - 2000 - Lesion regeneration in the branching coral Acropora palmata effects of colonization, colony size, l.pdf",10,3,caption_or_table_start,Fig 1,figure,15,Fig 1. Acropora palrnata. Close-up photograph of a lesion Brushed 15 caused by the detachment of a branch dunng Tropical Storm Gordon (November 1994)showing the formation of the grow- Colonies 15 ing lip that moves towards the center of the lesion as regener- Fragments 15 ation proceeds,5b4f0fdbfcd72d4bd6a1600d86c895bd3fd5835946e01bf07391aed417555c58
3764e810-0eb0-4d34-baca-2c5136c95bc8,"Lirman - 2000 - Lesion regeneration in the branching coral Acropora palmata effects of colonization, colony size, l.pdf","literature/META_ANALYSIS_POOL/Lirman - 2000 - Lesion regeneration in the branching coral Acropora palmata effects of colonization, colony size, l.pdf",11,2,numeric_keyword_window,,text,14,"mata on the Florida Reef Tract undergo periodic frag- the growing lip towards the center of the lesion; mm / mentation (Lirman 1997),and the resulting lesions can mo-'), and (3) total amount of tissue regenerated dur- / be colonized by algae and other organisms (Rogers et ing the first 30 d (cm2).To determine closure rates, 12 / al. 1982, Bak 1983). Since linear extension of broken A. radial measurements were taken for each lesion from / palmats branches can be delayed or slowed down -mti! the edge of the g r o w i g lip towards t l i e center of the",5b4f0fdbfcd72d4bd6a1600d86c895bd3fd5835946e01bf07391aed417555c58
3764e810-0eb0-4d34-baca-2c5136c95bc8,"Lirman - 2000 - Lesion regeneration in the branching coral Acropora palmata effects of colonization, colony size, l.pdf","literature/META_ANALYSIS_POOL/Lirman - 2000 - Lesion regeneration in the branching coral Acropora palmata effects of colonization, colony size, l.pdf",12,2,numeric_keyword_window,,text,14,"mentation (Lirman 1997),and the resulting lesions can mo-'), and (3) total amount of tissue regenerated dur- / be colonized by algae and other organisms (Rogers et ing the first 30 d (cm2).To determine closure rates, 12 / al. 1982, Bak 1983). Since linear extension of broken A. radial measurements were taken for each lesion from / palmats branches can be delayed or slowed down -mti! the edge of the g r o w i g lip towards t l i e center of the / the resulting lesions are completely recovered, and the lesion along 6 axes drawn on acetate paper and placed",5b4f0fdbfcd72d4bd6a1600d86c895bd3fd5835946e01bf07391aed417555c58
6b96575e-9bf7-46f2-a12e-73b565f46629,Meesters and Bak - 1993 - Effects of coral bleaching on tissue regeneration potential and colony survival.pdf,literature/META_ANALYSIS_POOL/Meesters and Bak - 1993 - Effects of coral bleaching on tissue regeneration potential and colony survival.pdf,1,4,numeric_keyword_window,,text,24,"(Figs. 2 & 3). Lesions were closed at a / mean rate of 18.7 (normal; n = 5) and 15.4 / (bleached; n = 9) mm2 d-' (p = 0.016, 1- / tailed t-test), even though the initial lesion / size in the normal group was somewhat",b1cd23c61000d9ba9b49553e4b013f8f243a146b381a21fb0b24e493a2c65c97
6b96575e-9bf7-46f2-a12e-73b565f46629,Meesters and Bak - 1993 - Effects of coral bleaching on tissue regeneration potential and colony survival.pdf,literature/META_ANALYSIS_POOL/Meesters and Bak - 1993 - Effects of coral bleaching on tissue regeneration potential and colony survival.pdf,2,4,numeric_keyword_window,,text,24,"drites showed the most rapid recovery / (Figs. 2 & 3). Lesions were closed at a / mean rate of 18.7 (normal; n = 5) and 15.4 / (bleached; n = 9) mm2 d-' (p = 0.016, 1- / tailed t-test), even though the initial lesion",b1cd23c61000d9ba9b49553e4b013f8f243a146b381a21fb0b24e493a2c65c97
6b96575e-9bf7-46f2-a12e-73b565f46629,Meesters and Bak - 1993 - Effects of coral bleaching on tissue regeneration potential and colony survival.pdf,literature/META_ANALYSIS_POOL/Meesters and Bak - 1993 - Effects of coral bleaching on tissue regeneration potential and colony survival.pdf,3,4,numeric_keyword_window,,text,22,"0.042, 1 -tailed t-test). Meandrina mean- / drites showed the most rapid recovery / (Figs. 2 & 3). Lesions were closed at a / mean rate of 18.7 (normal; n = 5) and 15.4 / (bleached; n = 9) mm2 d-' (p = 0.016, 1-",b1cd23c61000d9ba9b49553e4b013f8f243a146b381a21fb0b24e493a2c65c97
6b96575e-9bf7-46f2-a12e-73b565f46629,Meesters and Bak - 1993 - Effects of coral bleaching on tissue regeneration potential and colony survival.pdf,literature/META_ANALYSIS_POOL/Meesters and Bak - 1993 - Effects of coral bleaching on tissue regeneration potential and colony survival.pdf,4,4,caption_or_table_start,Fig 3,figure,20,"Fig 3 . Montastrea annulans, Meandrina rneandntes and (Figs. 2 & 3). Mean regeneration rate of Montasfrea an- Porites astreojdes. Mean regeneration rate (-2 d - ~ and 95 % nularis (Fig. 3) was 10.5 (n = 41) and 13.9 mm2 d-' CL) durins the first 8 d followinq lesion infliction. Numbers (n = 26) for bleached and normal colonies respectively refer to the different sites; E in effluent; T: transplanted",b1cd23c61000d9ba9b49553e4b013f8f243a146b381a21fb0b24e493a2c65c97
6b96575e-9bf7-46f2-a12e-73b565f46629,Meesters and Bak - 1993 - Effects of coral bleaching on tissue regeneration potential and colony survival.pdf,literature/META_ANALYSIS_POOL/Meesters and Bak - 1993 - Effects of coral bleaching on tissue regeneration potential and colony survival.pdf,5,4,numeric_keyword_window,,text,18,(Figs. 2 & 3). Mean regeneration rate of Montasfrea an- Porites astreojdes. Mean regeneration rate (-2 d - ~ / and 95 % / nularis (Fig. 3) was 10.5 (n = 41) and 13.9 mm2 d-' CL) durins the first 8 d followinq lesion infliction. Numbers / (n = 26) for bleached and normal colonies respectively refer to the different sites; E in effluent; T: transplanted,b1cd23c61000d9ba9b49553e4b013f8f243a146b381a21fb0b24e493a2c65c97
6b96575e-9bf7-46f2-a12e-73b565f46629,Meesters and Bak - 1993 - Effects of coral bleaching on tissue regeneration potential and colony survival.pdf,literature/META_ANALYSIS_POOL/Meesters and Bak - 1993 - Effects of coral bleaching on tissue regeneration potential and colony survival.pdf,6,3,numeric_keyword_window,,text,17,"- Lesion recovery: the mean percentage of lesion sur- Statistics. Differences in regeneration rates were / face area recovered per unit time. tested for significance by comparing the mean regener- / To calculate regeneration rate and lesion recovery, ated area d-' after 8 d with Student's t-test (comparing / lesion size was followed through time. At each data bleached and normal colonies within 1 species) and 1- / point we also noted colony colour, signs of mortality, way ANOVA followed by multiple comparisons using",b1cd23c61000d9ba9b49553e4b013f8f243a146b381a21fb0b24e493a2c65c97
6b96575e-9bf7-46f2-a12e-73b565f46629,Meesters and Bak - 1993 - Effects of coral bleaching on tissue regeneration potential and colony survival.pdf,literature/META_ANALYSIS_POOL/Meesters and Bak - 1993 - Effects of coral bleaching on tissue regeneration potential and colony survival.pdf,7,3,numeric_keyword_window,,text,17,"face area recovered per unit time. tested for significance by comparing the mean regener- / To calculate regeneration rate and lesion recovery, ated area d-' after 8 d with Student's t-test (comparing / lesion size was followed through time. At each data bleached and normal colonies within 1 species) and 1- / point we also noted colony colour, signs of mortality, way ANOVA followed by multiple comparisons using / infections by other organisms and the appearance of the Tukey-Kramer method (comparing all Pontes",b1cd23c61000d9ba9b49553e4b013f8f243a146b381a21fb0b24e493a2c65c97
6b96575e-9bf7-46f2-a12e-73b565f46629,Meesters and Bak - 1993 - Effects of coral bleaching on tissue regeneration potential and colony survival.pdf,literature/META_ANALYSIS_POOL/Meesters and Bak - 1993 - Effects of coral bleaching on tissue regeneration potential and colony survival.pdf,8,4,numeric_keyword_window,,text,17,"Pontes astreoides colonies (n = 23) was / 5.4 mm2 d-l, while normal colonies (n = 19) / recovered at a rate of 9.0 mm2 d-' (P = / 0.042, 1 -tailed t-test). Meandrina mean- / drites showed the most rapid recovery",b1cd23c61000d9ba9b49553e4b013f8f243a146b381a21fb0b24e493a2c65c97
6b96575e-9bf7-46f2-a12e-73b565f46629,Meesters and Bak - 1993 - Effects of coral bleaching on tissue regeneration potential and colony survival.pdf,literature/META_ANALYSIS_POOL/Meesters and Bak - 1993 - Effects of coral bleaching on tissue regeneration potential and colony survival.pdf,9,4,numeric_keyword_window,,text,17,Regeneration rate Mean regeneration rate (mm2 d-l) / Bleaching affected lesion regeneration of all species,b1cd23c61000d9ba9b49553e4b013f8f243a146b381a21fb0b24e493a2c65c97
6b96575e-9bf7-46f2-a12e-73b565f46629,Meesters and Bak - 1993 - Effects of coral bleaching on tissue regeneration potential and colony survival.pdf,literature/META_ANALYSIS_POOL/Meesters and Bak - 1993 - Effects of coral bleaching on tissue regeneration potential and colony survival.pdf,10,4,caption_or_table_start,Fig. 2,figure,14,"Fig. 2. Montastrea annularis, Meandrina meandrites and Porites astreoldes. in situ (n = 32, Site 2, in effluent) colonies Mean lesion surface area (mm2+ SD) through time for regenerating lesions. respectively. Colonies in the effluent re- Lines fitted to the exponential model Size = slob OdYS, calculated with generated at the same rate as normal log(x+l)transformed data, are shown in each graph (see also Table 2) colonies at Site 1 (Table 1). There was no statistical difference between colonies in increased calcification after the new polyps appeared the effluent, normally coloured colonies at Site 1, and in the tissue. normally coloured colonies at Site 3. Temperature is In Pontes astreoides lesions small fragments of tissue probably the main difference between sites, and it ap- sometimes occurred free of the regenerating tissue pears likely that colonies in the effluent have become rim, probably from tissue remains located deep in acclimatised to the higher water temperatures. Mea...",b1cd23c61000d9ba9b49553e4b013f8f243a146b381a21fb0b24e493a2c65c97
6b96575e-9bf7-46f2-a12e-73b565f46629,Meesters and Bak - 1993 - Effects of coral bleaching on tissue regeneration potential and colony survival.pdf,literature/META_ANALYSIS_POOL/Meesters and Bak - 1993 - Effects of coral bleaching on tissue regeneration potential and colony survival.pdf,11,4,numeric_keyword_window,,text,14,"regeneration rate (Fig. 3) of bleached / Pontes astreoides colonies (n = 23) was / 5.4 mm2 d-l, while normal colonies (n = 19) / recovered at a rate of 9.0 mm2 d-' (P = / 0.042, 1 -tailed t-test). Meandrina mean-",b1cd23c61000d9ba9b49553e4b013f8f243a146b381a21fb0b24e493a2c65c97
6b96575e-9bf7-46f2-a12e-73b565f46629,Meesters and Bak - 1993 - Effects of coral bleaching on tissue regeneration potential and colony survival.pdf,literature/META_ANALYSIS_POOL/Meesters and Bak - 1993 - Effects of coral bleaching on tissue regeneration potential and colony survival.pdf,12,5,numeric_keyword_window,,text,14,"Montastrea annularis and Porites astreoides respec- ments (Fig. 4). The differences between slopes are / tively. At this time normal colonies had already recov- comparable to the differences in average regenerated / ered 70 and 51 % respectively. Lesion recovery of both surface during the first 8 d (Table 1, Fig. 3). Regression / normal and bleached colonies of Meandrina mean- slope of bleached colonies of Porites astreoides and / drites was 93 % of the initial lesion surface area after Montastrea annularis was lower than in all other",b1cd23c61000d9ba9b49553e4b013f8f243a146b381a21fb0b24e493a2c65c97
fe532d7a-f878-4a85-962a-7de43d06a80c,Rotjan and Lewis - 2009 - Predators selectively graze reproductive structures in a clonal marine organism.pdf,literature/META_ANALYSIS_POOL/Rotjan and Lewis - 2009 - Predators selectively graze reproductive structures in a clonal marine organism.pdf,1,3,caption_or_table_start,Fig. 1,figure,10,"Fig. 1 Sampling schematic cartoon showing a single cluster of eggs summed across 10 polyps. Two additional aspects of Montastraea annularis corals sampled 2–5 days prior to spawning in female reproductive output were examined: (1) egg size August 2005. Crossed circles represent *5 cm2 tissue samples collected with a hammer and chisel. Smaller open circles represent (area) as a measure of female reproductive quality, and (2) recent parrotfish grazing scars (grazed within 1 week of sampling). number of eggs per gonad, calculated by averaging the Fifteen clusters (blocks) were sampled, each consisting of a grazed M. number of eggs with each gonad for each polyp, again annularis colony taken among recent grazing scars (Gg), a sample of averaged over 10 polyps for each sample. We also esti- intact tissue taken 15 cm away from grazing scars from the same colony (Gi), and a sample taken from a similarly sized, nearby colony mated total reproductive allocation for a subset of 13 with no gra...",39b1cd04e7c8962493caa42c572f3ba9096152fb03578b784e353709c0ae0bce
dde85c3e-6c0d-4057-9a5a-116138865992,"Bak - 1983 - Neoplasia, regeneration and growth in the reef-building coral Acropora palmata.pdf","literature/META_ANALYSIS_POOL/Bak - 1983 - Neoplasia, regeneration and growth in the reef-building coral Acropora palmata.pdf",1,5,caption_or_table_start,Fig. 5,figure,19,"Fig. 5. Acropora palmata. Surface area of lesions over time rounding the lesion does not grow over the lesion but showing recovery rate. Tissue lesions: closed circles, tissue+ extends vertically, chimney-shaped, enclosing the tufts of skeleton lesions: open circles algae growing on the lesion. The neoplasia as well as regeneration of lesions require calcification, which proves to interfere with the normal calcification of the branch. When energy has to be al- Foreign material, such as dolomite (CaMg (CO~)2) and located to an additional energy sink, i.e. abnormal cal- low-magnesium calcite (MgCO3), was present in the cification, available resources appear limited. This indi- samples of lesions of both types. This corroborates the cates how narrow the margins are, in terms of energy, for description of the regeneration process as involving metabolic processes and ultimately for survival. Potts simultaneously tissue growth and calcification of new (1977), working with Acroporapalifera...",e73dc6290564a8865802f17a6f398948f384019c2acf750ba123a3392bf1ef87
dde85c3e-6c0d-4057-9a5a-116138865992,"Bak - 1983 - Neoplasia, regeneration and growth in the reef-building coral Acropora palmata.pdf","literature/META_ANALYSIS_POOL/Bak - 1983 - Neoplasia, regeneration and growth in the reef-building coral Acropora palmata.pdf",2,5,numeric_keyword_window,,text,17,"DAYS / rupted. As a result, the calcifying regeneration lip sur- / Fig. 5. Acropora palmata. Surface area of lesions over time rounding the lesion does not grow over the lesion but / showing recovery rate. Tissue lesions: closed circles, tissue+ extends vertically, chimney-shaped, enclosing the tufts of / skeleton lesions: open circles algae growing on the lesion.",e73dc6290564a8865802f17a6f398948f384019c2acf750ba123a3392bf1ef87
dde85c3e-6c0d-4057-9a5a-116138865992,"Bak - 1983 - Neoplasia, regeneration and growth in the reef-building coral Acropora palmata.pdf","literature/META_ANALYSIS_POOL/Bak - 1983 - Neoplasia, regeneration and growth in the reef-building coral Acropora palmata.pdf",3,4,numeric_keyword_window,,text,15,"P>0.5). surrounding corallites. Thin sections of both types of / Acropora palmata was very rapid in the regeneration of lesions showed the same sequence (Fig. 2B, C). The bare / both types of lesions (Fig. 4). After six weeks the majority carbonate surface of the lesion was covered by a layer of / of the lesions had completely regenerated, and within 80 d coenosteal material. Subsequently the normal surface / all lesions were healed. Fig. 5 shows the high rate at which structures, including thecal and endothecal structures,",e73dc6290564a8865802f17a6f398948f384019c2acf750ba123a3392bf1ef87
dde85c3e-6c0d-4057-9a5a-116138865992,"Bak - 1983 - Neoplasia, regeneration and growth in the reef-building coral Acropora palmata.pdf","literature/META_ANALYSIS_POOL/Bak - 1983 - Neoplasia, regeneration and growth in the reef-building coral Acropora palmata.pdf",4,4,numeric_keyword_window,,text,15,"both types of lesions (Fig. 4). After six weeks the majority carbonate surface of the lesion was covered by a layer of / of the lesions had completely regenerated, and within 80 d coenosteal material. Subsequently the normal surface / all lesions were healed. Fig. 5 shows the high rate at which structures, including thecal and endothecal structures, / the damaged surfaces had recovered. It appears that the developed over this regenerative layer.",e73dc6290564a8865802f17a6f398948f384019c2acf750ba123a3392bf1ef87
dde85c3e-6c0d-4057-9a5a-116138865992,"Bak - 1983 - Neoplasia, regeneration and growth in the reef-building coral Acropora palmata.pdf","literature/META_ANALYSIS_POOL/Bak - 1983 - Neoplasia, regeneration and growth in the reef-building coral Acropora palmata.pdf",5,4,caption_or_table_start,Fig. 4,figure,13,"Fig. 4. Rates of regeneration of tissue lesions (t, dashed lines) and 80 tissue+skeleton lesions (ts, solid lines) expressed as percentage of / .- .... a23t lesions completely recovered. Z Coral species and depth of ex- _o 6 0 perimental colonies; Ap: Acropora ..a palmata 2 m; Pa: Porites astreoides 10m and 23 m; Ma: Montastrea Q~ annularis 10m; Aa: A garicia .c agarieites 10 m and 25 m. Original data points for A. palmata this report (tissue: open circles, tis- sue+skeleton: closed circles) and 0 ts for P. astreoides 10m Bak, un- 20 published data (tissue: open circles, tissue + skeleton: closed ..// ~ ....................... A . 2s t circles). Other lines adapted from 7 / ./ ~."""" """" / A a 25 ts Bak et al., 1977 and Bak and Ste- ward-van Es, 1980 20 40 60 80 100 120 140 DAYS",e73dc6290564a8865802f17a6f398948f384019c2acf750ba123a3392bf1ef87
dde85c3e-6c0d-4057-9a5a-116138865992,"Bak - 1983 - Neoplasia, regeneration and growth in the reef-building coral Acropora palmata.pdf","literature/META_ANALYSIS_POOL/Bak - 1983 - Neoplasia, regeneration and growth in the reef-building coral Acropora palmata.pdf",6,4,caption_or_table_start,Fig. 3,figure,12,Fig. 3. Acropora paImata. Growth rates of branches. 0 Horizontal bar of each data point denotes experimental period. Vertical bars show SD. Growth of controls: closed circles (connected by dashes). Growth of neo-,e73dc6290564a8865802f17a6f398948f384019c2acf750ba123a3392bf1ef87
dde85c3e-6c0d-4057-9a5a-116138865992,"Bak - 1983 - Neoplasia, regeneration and growth in the reef-building coral Acropora palmata.pdf","literature/META_ANALYSIS_POOL/Bak - 1983 - Neoplasia, regeneration and growth in the reef-building coral Acropora palmata.pdf",7,3,numeric_keyword_window,,text,10,"of normal colonies served as controls. These were mea- / sured on 28 April 1977 (n=5), 9 September 1977 (n= 15), / 31 October 1977 (n = 15) and 15 March 1978 (n = 14). / Two additional series of marked branches were experi- / mentally damaged. In the first series (n = 22), each branch",e73dc6290564a8865802f17a6f398948f384019c2acf750ba123a3392bf1ef87
dde85c3e-6c0d-4057-9a5a-116138865992,"Bak - 1983 - Neoplasia, regeneration and growth in the reef-building coral Acropora palmata.pdf","literature/META_ANALYSIS_POOL/Bak - 1983 - Neoplasia, regeneration and growth in the reef-building coral Acropora palmata.pdf",8,5,numeric_keyword_window,,text,10,"(Fig. 1 D). metabolic investment (Chamberlain, 1978). Secondly, if / In all such neoplasia the causative agents are totally the lesions were converted by the regenerating tissue at an / unknown (Squires, 1965a, b; Cheney, 1975; Morse etaL, even rate along the radius of the lesion, the relation be-",e73dc6290564a8865802f17a6f398948f384019c2acf750ba123a3392bf1ef87
dde85c3e-6c0d-4057-9a5a-116138865992,"Bak - 1983 - Neoplasia, regeneration and growth in the reef-building coral Acropora palmata.pdf","literature/META_ANALYSIS_POOL/Bak - 1983 - Neoplasia, regeneration and growth in the reef-building coral Acropora palmata.pdf",9,3,numeric_keyword_window,,text,9,"Two additional series of marked branches were experi- / mentally damaged. In the first series (n = 22), each branch / received a small, 1-cm 2 circular tissue lesion on the upper / side of the branch at a distance of 4 to 9 cm from the tip. / Lesions were made with compressed air (method: Bak",e73dc6290564a8865802f17a6f398948f384019c2acf750ba123a3392bf1ef87
12e9e864-5ff1-42c4-a63d-19b5d62a7464,Bak and Es - REGENERATION OF SUPERFICIAL DAMAGE IN THE SCLERACTINIAN CORALS AGARCA AGARCTES F. PURPUREA AND P.pdf,literature/META_ANALYSIS_POOL/Bak and Es - REGENERATION OF SUPERFICIAL DAMAGE IN THE SCLERACTINIAN CORALS AGARCA AGARCTES F. PURPUREA AND P.pdf,1,2,numeric_keyword_window,,text,16,"the number of lesions re-covering ~75% of the damaged surface (Fig. 4). / We measured the size of the experimental colonies to correlate this with the / percentage surface of the lesions covered after 70 and 140 days, respectively. / Colony size ranged from 150-1,100 cm2 (l cm2lesion series) and from 250-1,350 / cm2 (5 cm2 lesion series). No linear correlations were found between size and",9682611ae71814beccc74a3f005c165d8db61385829c1f40687acf8ea48106b9
12e9e864-5ff1-42c4-a63d-19b5d62a7464,Bak and Es - REGENERATION OF SUPERFICIAL DAMAGE IN THE SCLERACTINIAN CORALS AGARCA AGARCTES F. PURPUREA AND P.pdf,literature/META_ANALYSIS_POOL/Bak and Es - REGENERATION OF SUPERFICIAL DAMAGE IN THE SCLERACTINIAN CORALS AGARCA AGARCTES F. PURPUREA AND P.pdf,2,3,caption_or_table_start,Figure 3,figure,16,"Figure 3. (Left) Regeneration in P. astreoides expressed as mean surface area of all lesions. Tri- angles, 5 cm"" tissue and skeleton lesions, n = 25. For other symbols see Fig. I. Figure 4. (Right) Regeneration expressed as percentage of lesions regenerating '375% of surface area. After """"70 days the number of lesions re-covering for 75% does not increase. This is indicated by level of broken lines. For explanation of symbols see Fig. I.",9682611ae71814beccc74a3f005c165d8db61385829c1f40687acf8ea48106b9
12e9e864-5ff1-42c4-a63d-19b5d62a7464,Bak and Es - REGENERATION OF SUPERFICIAL DAMAGE IN THE SCLERACTINIAN CORALS AGARCA AGARCTES F. PURPUREA AND P.pdf,literature/META_ANALYSIS_POOL/Bak and Es - REGENERATION OF SUPERFICIAL DAMAGE IN THE SCLERACTINIAN CORALS AGARCA AGARCTES F. PURPUREA AND P.pdf,3,2,numeric_keyword_window,,text,15,"percentage surface of the lesions covered after 70 and 140 days, respectively. / Colony size ranged from 150-1,100 cm2 (l cm2lesion series) and from 250-1,350 / cm2 (5 cm2 lesion series). No linear correlations were found between size and / regeneration rate in either species (product-moment correlation, P > 0.1). / The two species employ different regeneration strategies. In Agaricia the re-",9682611ae71814beccc74a3f005c165d8db61385829c1f40687acf8ea48106b9
12e9e864-5ff1-42c4-a63d-19b5d62a7464,Bak and Es - REGENERATION OF SUPERFICIAL DAMAGE IN THE SCLERACTINIAN CORALS AGARCA AGARCTES F. PURPUREA AND P.pdf,literature/META_ANALYSIS_POOL/Bak and Es - REGENERATION OF SUPERFICIAL DAMAGE IN THE SCLERACTINIAN CORALS AGARCA AGARCTES F. PURPUREA AND P.pdf,4,4,numeric_keyword_window,,text,15,"in terms of area covered. Although lesions are still completely closed after this / period (Fig. 1), this complete regeneration is restricted to lesions that are regen- / erated for more than 75% in the first 70 days (Fig. 4). If a lesion is not nearly / completely re-covered by the regenerating coral in the first period this will result / in a long-lasting dead spot on the coral surface prone to colonization by other",9682611ae71814beccc74a3f005c165d8db61385829c1f40687acf8ea48106b9
12e9e864-5ff1-42c4-a63d-19b5d62a7464,Bak and Es - REGENERATION OF SUPERFICIAL DAMAGE IN THE SCLERACTINIAN CORALS AGARCA AGARCTES F. PURPUREA AND P.pdf,literature/META_ANALYSIS_POOL/Bak and Es - REGENERATION OF SUPERFICIAL DAMAGE IN THE SCLERACTINIAN CORALS AGARCA AGARCTES F. PURPUREA AND P.pdf,5,2,caption_or_table_start,Figure I,figure,12,"Figure I. (Left) Rates of regeneration of the two coral species expressed as percentage of lesions completely recovered. Open circles, A. agariciles 1 cm"" tissue lesions, n = 25; closed circles, A. agaricites I cm"" tissue and skeleton lesions, n = 26; open squares, P. astreoides I cm"" tissue lesions, n = 22; closed squares, P. aslreoides 1 cm"" tissue and skeleton lesions, n = 25. Figure 2. (Right) Regeneration in A. agariciles expressed as mean surface area of all lesions. Triangles, 5 cm"" tissue and skeleton lesions, n = 24. For other symbols see Fig. I.",9682611ae71814beccc74a3f005c165d8db61385829c1f40687acf8ea48106b9
12e9e864-5ff1-42c4-a63d-19b5d62a7464,Bak and Es - REGENERATION OF SUPERFICIAL DAMAGE IN THE SCLERACTINIAN CORALS AGARCA AGARCTES F. PURPUREA AND P.pdf,literature/META_ANALYSIS_POOL/Bak and Es - REGENERATION OF SUPERFICIAL DAMAGE IN THE SCLERACTINIAN CORALS AGARCA AGARCTES F. PURPUREA AND P.pdf,6,3,numeric_keyword_window,,text,12,"angles, 5 cm"" tissue and skeleton lesions, n = 25. For other symbols see Fig. I. Figure 4. (Right) / Regeneration expressed as percentage of lesions regenerating '375% of surface area. After """"70 days / the number of lesions re-covering for 75% does not increase. This is indicated by level of broken / lines. For explanation of symbols see Fig. I.",9682611ae71814beccc74a3f005c165d8db61385829c1f40687acf8ea48106b9
12e9e864-5ff1-42c4-a63d-19b5d62a7464,Bak and Es - REGENERATION OF SUPERFICIAL DAMAGE IN THE SCLERACTINIAN CORALS AGARCA AGARCTES F. PURPUREA AND P.pdf,literature/META_ANALYSIS_POOL/Bak and Es - REGENERATION OF SUPERFICIAL DAMAGE IN THE SCLERACTINIAN CORALS AGARCA AGARCTES F. PURPUREA AND P.pdf,7,2,numeric_keyword_window,,text,10,"completely recovered. Open circles, A. agariciles 1 cm"" tissue lesions, n = 25; closed circles, A. / agaricites I cm"" tissue and skeleton lesions, n = 26; open squares, P. astreoides I cm"" tissue lesions, / n = 22; closed squares, P. aslreoides 1 cm"" tissue and skeleton lesions, n = 25. Figure 2. (Right) / Regeneration in A. agariciles expressed as mean surface area of all lesions. Triangles, 5 cm"" tissue / and skeleton lesions, n = 24. For other symbols see Fig. I.",9682611ae71814beccc74a3f005c165d8db61385829c1f40687acf8ea48106b9
12e9e864-5ff1-42c4-a63d-19b5d62a7464,Bak and Es - REGENERATION OF SUPERFICIAL DAMAGE IN THE SCLERACTINIAN CORALS AGARCA AGARCTES F. PURPUREA AND P.pdf,literature/META_ANALYSIS_POOL/Bak and Es - REGENERATION OF SUPERFICIAL DAMAGE IN THE SCLERACTINIAN CORALS AGARCA AGARCTES F. PURPUREA AND P.pdf,8,3,caption_or_table_start,Table 1,table,10,"Table 1 shows the changes in the living surface area of the control colonies. DISCUSSION The most capable regenerator of surface lesions of the various coral species we studied so far at different depths was Montastrea annularis (8-12 m, Bak et aI., 1977), followed by Agaricia agaricites (8-12 m, Bak et aI., 1977) and Porites astreoides (18-23 m), while A. agaricites (25 m) had the lowest regenerative ability. The lower regeneration capacity of A. agaricites in relatively deeper water is surprising regarding the higher calcification rate of this, and other, coral species in deeper water (Barnes and Taylor, 1973; Bak, 1976; Erez, 1978). Al- though superficially damaged coral showed slower skeletal growth (Acropora palmata Lamarck, Bak, 1976 p. 303; Bak, in prep.) it is possible that calcification rates per se are no indication of regeneration capacity. The low competitive potential of Agaricia is confirmed by the inability shown by the control colonies of the species to maintain the...",9682611ae71814beccc74a3f005c165d8db61385829c1f40687acf8ea48106b9
daec544d-cfab-46db-be2a-1d3596bc0395,Burmester et al. - 2018 - The impact of autotrophic versus heterotrophic nutritional pathways on colony health and wound recov.pdf,literature/META_ANALYSIS_POOL/Burmester et al. - 2018 - The impact of autotrophic versus heterotrophic nutritional pathways on colony health and wound recov.pdf,1,6,caption_or_table_start,Figure 3,figure,21,"Figure 3). Both symbiont state and nutritional state (but not their in‐ teraction, PAR, initial mass, and initial wound size) were significant predictors of healing initiation (AIC 141.1, symbiont state: p < 0.01, nutritional state: p < 0.001, Supporting Information Table S1). Only symbiont state significantly impacted healing success (the formation of fully functional tentacles) according to GLMM analysis (AIC 58.1, F I G U R E 4 Mean proportional change in wound surface area p < 0.0001, Supporting Information Table S2). In order to adjust for 60 days after lesions were induced. Error bars signify standard the small sampling of aposymbiotic colonies with full polyp develop‐ error ment (1/56 colonies, Figure 3), a second GLMM was performed on only the subset of symbiotic colonies. However, this model did not fed, −0.2183 ± 0.0928) and starved, symbiotic colonies find nutritional state to be significant (AIC 43.7, p = 0.07, Supporting (−0.1836 ± 0.0874; Figure 4). While no group demo...",76a1c9cd67f9fccabc753c38ce09ac90bc57cc4df9a9b2c2318ffd7fc2a35d9f
daec544d-cfab-46db-be2a-1d3596bc0395,Burmester et al. - 2018 - The impact of autotrophic versus heterotrophic nutritional pathways on colony health and wound recov.pdf,literature/META_ANALYSIS_POOL/Burmester et al. - 2018 - The impact of autotrophic versus heterotrophic nutritional pathways on colony health and wound recov.pdf,2,6,numeric_keyword_window,,text,17,"nutritional state: p < 0.001, Supporting Information Table S1). Only / symbiont state significantly impacted healing success (the formation / of fully functional tentacles) according to GLMM analysis (AIC 58.1, F I G U R E 4 Mean proportional change in wound surface area / p < 0.0001, Supporting Information Table S2). In order to adjust for 60 days after lesions were induced. Error bars signify standard / the small sampling of aposymbiotic colonies with full polyp develop‐ error",76a1c9cd67f9fccabc753c38ce09ac90bc57cc4df9a9b2c2318ffd7fc2a35d9f
daec544d-cfab-46db-be2a-1d3596bc0395,Burmester et al. - 2018 - The impact of autotrophic versus heterotrophic nutritional pathways on colony health and wound recov.pdf,literature/META_ANALYSIS_POOL/Burmester et al. - 2018 - The impact of autotrophic versus heterotrophic nutritional pathways on colony health and wound recov.pdf,3,3,numeric_keyword_window,,text,15,"2.4 | Assessing wound recovery / Colonies of Astrangia poculata in both symbiotic or aposymbiotic / states were collected between 6 and 10 m depths at Fort Wetherill Colonies were photographed using a Leica M165FC stereomicro‐ / State Park in Jamestown RI (41 28′40″N, 71 21′34″W) in Summer scope immediately after wounding and at nine subsequent time / 2014. Specimens were housed at the New England Aquarium points (5, 10, 15, 20, 25, 30, 40, 50, 60 days). The magnification",76a1c9cd67f9fccabc753c38ce09ac90bc57cc4df9a9b2c2318ffd7fc2a35d9f
daec544d-cfab-46db-be2a-1d3596bc0395,Burmester et al. - 2018 - The impact of autotrophic versus heterotrophic nutritional pathways on colony health and wound recov.pdf,literature/META_ANALYSIS_POOL/Burmester et al. - 2018 - The impact of autotrophic versus heterotrophic nutritional pathways on colony health and wound recov.pdf,4,5,numeric_keyword_window,,text,15,"and 35 colonies on day 60 were not used in the analysis due to lighting REML‐fitted linear GLMMs over time (week) with PAR, wounding / inconsistencies between colonies and the RGB standards, reducing the treatment, nutritional state, initial mass, and symbiotic state as ad‐ / sample size to 164 specimens at Day 0 and 189 specimens at Day 60. ditional variables. In order to control for repeated measurements / made on the same individuals over time, colony identity was nested / within tank as a random effect. Photosynthetic efficiency was ini‐",76a1c9cd67f9fccabc753c38ce09ac90bc57cc4df9a9b2c2318ffd7fc2a35d9f
daec544d-cfab-46db-be2a-1d3596bc0395,Burmester et al. - 2018 - The impact of autotrophic versus heterotrophic nutritional pathways on colony health and wound recov.pdf,literature/META_ANALYSIS_POOL/Burmester et al. - 2018 - The impact of autotrophic versus heterotrophic nutritional pathways on colony health and wound recov.pdf,5,6,numeric_keyword_window,,text,14,"Figure 3). Both symbiont state and nutritional state (but not their in‐ / teraction, PAR, initial mass, and initial wound size) were significant / predictors of healing initiation (AIC 141.1, symbiont state: p < 0.01, / nutritional state: p < 0.001, Supporting Information Table S1). Only / symbiont state significantly impacted healing success (the formation",76a1c9cd67f9fccabc753c38ce09ac90bc57cc4df9a9b2c2318ffd7fc2a35d9f
daec544d-cfab-46db-be2a-1d3596bc0395,Burmester et al. - 2018 - The impact of autotrophic versus heterotrophic nutritional pathways on colony health and wound recov.pdf,literature/META_ANALYSIS_POOL/Burmester et al. - 2018 - The impact of autotrophic versus heterotrophic nutritional pathways on colony health and wound recov.pdf,6,3,numeric_keyword_window,,text,13,"formed at the wound site. Second, we measured the final change / 2.2 | Experimental setup and nutrition manipulation / in wound surface area (between days 0 and 60). Wound surface / Symbiotic and aposymbiotic colonies were paired by approxi‐ area was calculated three times from each photograph using Leica / mate size (mass), and these pairs were subsequently sorted ran‐ M165FC software, and the resulting mean value was used as the",76a1c9cd67f9fccabc753c38ce09ac90bc57cc4df9a9b2c2318ffd7fc2a35d9f
daec544d-cfab-46db-be2a-1d3596bc0395,Burmester et al. - 2018 - The impact of autotrophic versus heterotrophic nutritional pathways on colony health and wound recov.pdf,literature/META_ANALYSIS_POOL/Burmester et al. - 2018 - The impact of autotrophic versus heterotrophic nutritional pathways on colony health and wound recov.pdf,7,5,numeric_keyword_window,,text,13,"0.721 for green, and 0.870 for blue at Day 0 and 0.898 for red, 0.774 impacts of the treatment‐dependent variables as well as independent / for green, and 0.858 for blue at Day 60. Color PCA values were multi‐ variables such as lighting and morphological features of the colony and / plied by −1 so that increasing color intensity would be associated with the wound itself, we used a stepwise analysis using nutritional state, / increasing PCA values, and the absolute value of the lowest value was symbiont state, mean photosynthetically active radiation (PAR), initial / added to all color measurements to normalize the data for comparison. mass, and initial wound size as fixed‐effect variables for wound recov‐",76a1c9cd67f9fccabc753c38ce09ac90bc57cc4df9a9b2c2318ffd7fc2a35d9f
daec544d-cfab-46db-be2a-1d3596bc0395,Burmester et al. - 2018 - The impact of autotrophic versus heterotrophic nutritional pathways on colony health and wound recov.pdf,literature/META_ANALYSIS_POOL/Burmester et al. - 2018 - The impact of autotrophic versus heterotrophic nutritional pathways on colony health and wound recov.pdf,8,3,numeric_keyword_window,,text,12,2.1 | Collection and husbandry / 2.4 | Assessing wound recovery / Colonies of Astrangia poculata in both symbiotic or aposymbiotic / states were collected between 6 and 10 m depths at Fort Wetherill Colonies were photographed using a Leica M165FC stereomicro‐,76a1c9cd67f9fccabc753c38ce09ac90bc57cc4df9a9b2c2318ffd7fc2a35d9f
daec544d-cfab-46db-be2a-1d3596bc0395,Burmester et al. - 2018 - The impact of autotrophic versus heterotrophic nutritional pathways on colony health and wound recov.pdf,literature/META_ANALYSIS_POOL/Burmester et al. - 2018 - The impact of autotrophic versus heterotrophic nutritional pathways on colony health and wound recov.pdf,9,6,numeric_keyword_window,,text,12,"statistical power. Accounting for the tank random effect, symbiotic of colonies with wound closure was for the symbiotic, fed treatment / (7/56) colonies were 8.013 times more likely than aposymbiotic colo‐ group. In the remaining groups, less than half of the wounded colo‐ / nies (1/56) to successfully complete the developmental recovery pro‐ nies exhibited live tissue recovery at the wound site: 9/28 (32.14%) / cess (Figure 3). for aposymbiotic fed, 8/28 (28.57%) for symbiotic starved, and 4/28 / Symbiont state, but not any other fixed effects (nutritional (14.29%) for aposymbiotic starved corals.",76a1c9cd67f9fccabc753c38ce09ac90bc57cc4df9a9b2c2318ffd7fc2a35d9f
daec544d-cfab-46db-be2a-1d3596bc0395,Burmester et al. - 2018 - The impact of autotrophic versus heterotrophic nutritional pathways on colony health and wound recov.pdf,literature/META_ANALYSIS_POOL/Burmester et al. - 2018 - The impact of autotrophic versus heterotrophic nutritional pathways on colony health and wound recov.pdf,10,8,numeric_keyword_window,,text,12,"tips of Stylophora pistillata had significantly less 14 C products / than fragments from below branch tips (Rinkevich & Loya, 1983). / Information Table S9). This analysis is congruous with a variation in Additionally, both symbiotic state and lesion induction can alter / ACD between the initial (Day 0) and final (Day 60) measurements the quantity and directionality of carbon translocation across a / and a consistent decline in ACD over time among fed corals. The coral colony (Fine et al., 2002; Oren et al., 1997). In O. patagonica,",76a1c9cd67f9fccabc753c38ce09ac90bc57cc4df9a9b2c2318ffd7fc2a35d9f
daec544d-cfab-46db-be2a-1d3596bc0395,Burmester et al. - 2018 - The impact of autotrophic versus heterotrophic nutritional pathways on colony health and wound recov.pdf,literature/META_ANALYSIS_POOL/Burmester et al. - 2018 - The impact of autotrophic versus heterotrophic nutritional pathways on colony health and wound recov.pdf,11,3,numeric_keyword_window,,text,11,"domly into one of four treatment groups: (a) fed/wounded, (b) representative wound surface area of that colony for each time / fed/un‐wounded [control], (c) starved/wounded, (d) starved/un‐ point. Proportional final recovery (or tissue loss) was calculated / wounded. No significant differences were found between groups as the difference between the initial wound area (day 0) and final / in colony mass (ANOVA, F(3,220) = 1.3864, p = 0.2478; average wound area (day 60) divided by initial wound area.",76a1c9cd67f9fccabc753c38ce09ac90bc57cc4df9a9b2c2318ffd7fc2a35d9f
daec544d-cfab-46db-be2a-1d3596bc0395,Burmester et al. - 2018 - The impact of autotrophic versus heterotrophic nutritional pathways on colony health and wound recov.pdf,literature/META_ANALYSIS_POOL/Burmester et al. - 2018 - The impact of autotrophic versus heterotrophic nutritional pathways on colony health and wound recov.pdf,12,3,numeric_keyword_window,,text,11,"fed/un‐wounded [control], (c) starved/wounded, (d) starved/un‐ point. Proportional final recovery (or tissue loss) was calculated / wounded. No significant differences were found between groups as the difference between the initial wound area (day 0) and final / in colony mass (ANOVA, F(3,220) = 1.3864, p = 0.2478; average wound area (day 60) divided by initial wound area.",76a1c9cd67f9fccabc753c38ce09ac90bc57cc4df9a9b2c2318ffd7fc2a35d9f
9f7a74ab-485d-44be-88c3-28c6b4a7c491,Chadwick and Loya - 1990 - Regeneration after experimental breakage in the solitary reef coral Fungia granulosa Klunzing.pdf,literature/META_ANALYSIS_POOL/Chadwick and Loya - 1990 - Regeneration after experimental breakage in the solitary reef coral Fungia granulosa Klunzing.pdf,1,7,caption_or_table_start,Fig. 4,figure,10,"Fig. 4. Variation in skeletal growth rate (% mass change. 8 months _ ’ ) with percent breakage in damaged and intact (0% breakage) polyps of F.granufosa. (A)Small corals (n = 38). (B)Large corals (n = 26). Assuming linear growth between sampling periods, the estimated time to regain original size after lo-40% breakage in small corals is calculated as 6.74 + 2.47 months (range = 4-10 months). Large corals, and corals with >40% breakage grew very little, or not at all (Fig. 4), and so their time to regain initial size was not calculated. The corals that added skeletal mass directed their growth toward the missing parts of the polyp. Regenerated areas were clearly visible due to their lighter colored tissue, and septa oriented non-parallel to those of the original fragment (Fig. 1). This redirection of growth toward damaged areas resulted in the eventual restoration of polyp symmetry (Fig. 1).",e1610a8f992e7c7599418936e7b6e0985f3edd01602f37cfd5ca73f3265ffed1
d4f87f68-6209-4973-bf99-fac310af5656,Coral-Damsel-Wounding-Manuscript.pdf,literature/META_ANALYSIS_POOL/Coral-Damsel-Wounding-Manuscript.pdf,1,4,numeric_keyword_window,,text,17,"112 digital camera and ruler scale bar immediately post wounding. We then randomly selected one fragment / 113 from each wounding treatment per tank for daily photography (Figure 1). On day 21, we photographed all / 114 wounds again. Using the initial images, we measured the initial wound size (cm2) using ImageJ. Using the / 115 final images, we quantified the wound area that remained unhealed, which we determined by the absence / 116 of visible tissue, regardless of polyp formation. We then calculated the healing rate (cm2/day) as the",9b51415aade054400ef419041146f9216efefb146c5192d035e8b91498006a74
d4f87f68-6209-4973-bf99-fac310af5656,Coral-Damsel-Wounding-Manuscript.pdf,literature/META_ANALYSIS_POOL/Coral-Damsel-Wounding-Manuscript.pdf,2,4,numeric_keyword_window,,text,17,"113 from each wounding treatment per tank for daily photography (Figure 1). On day 21, we photographed all / 114 wounds again. Using the initial images, we measured the initial wound size (cm2) using ImageJ. Using the / 115 final images, we quantified the wound area that remained unhealed, which we determined by the absence / 116 of visible tissue, regardless of polyp formation. We then calculated the healing rate (cm2/day) as the / 117 change in wound size (initial-final) divided by the duration of the experiment: 21 days.",9b51415aade054400ef419041146f9216efefb146c5192d035e8b91498006a74
d4f87f68-6209-4973-bf99-fac310af5656,Coral-Damsel-Wounding-Manuscript.pdf,literature/META_ANALYSIS_POOL/Coral-Damsel-Wounding-Manuscript.pdf,3,5,numeric_keyword_window,,text,17,"160 The effect of coral-associated damselfishes on wound healing depended on wound size (fish × wound / 161 interaction: χ² = 4.416, p = 0.036, Figure 2). Fish presence increased healing rates for both wound sizes, / 162 but the effect was more pronounced for large wounds. For small wounds, fish increased healing rates by / 163 60%, from 0.048 cm²/day (95% CI: 0.027–0.069) without fish to 0.079 cm²/day (95% CI: 0.065–0.092)",9b51415aade054400ef419041146f9216efefb146c5192d035e8b91498006a74
d4f87f68-6209-4973-bf99-fac310af5656,Coral-Damsel-Wounding-Manuscript.pdf,literature/META_ANALYSIS_POOL/Coral-Damsel-Wounding-Manuscript.pdf,4,5,numeric_keyword_window,,text,17,"181 In contrast to effects on healing rate and photosynthetic efficiency, and contrary to previous studies (9, 2), / 182 we observed no significant effects of fish presence, wound size, or their interaction on coral growth after / 183 controlling for initial coral size (Fish: χ² = 0.001, p = 0.978; Wound: χ² = 1.783, p = 0.410; Fish × / 184 Wound: χ² = 5.224, p = 0.073; Figure 3B). Given prior studies demonstrating positive effects of fish on",9b51415aade054400ef419041146f9216efefb146c5192d035e8b91498006a74
d4f87f68-6209-4973-bf99-fac310af5656,Coral-Damsel-Wounding-Manuscript.pdf,literature/META_ANALYSIS_POOL/Coral-Damsel-Wounding-Manuscript.pdf,5,5,numeric_keyword_window,,text,17,"182 we observed no significant effects of fish presence, wound size, or their interaction on coral growth after / 183 controlling for initial coral size (Fish: χ² = 0.001, p = 0.978; Wound: χ² = 1.783, p = 0.410; Fish × / 184 Wound: χ² = 5.224, p = 0.073; Figure 3B). Given prior studies demonstrating positive effects of fish on / 185 coral growth, and our finding that fish increased photosynthetic efficiency and healing rate, we suggest / 186 that that the absence of detectable calcification responses may reflect the short experimental duration of",9b51415aade054400ef419041146f9216efefb146c5192d035e8b91498006a74
d4f87f68-6209-4973-bf99-fac310af5656,Coral-Damsel-Wounding-Manuscript.pdf,literature/META_ANALYSIS_POOL/Coral-Damsel-Wounding-Manuscript.pdf,6,5,numeric_keyword_window,,text,17,"183 controlling for initial coral size (Fish: χ² = 0.001, p = 0.978; Wound: χ² = 1.783, p = 0.410; Fish × / 184 Wound: χ² = 5.224, p = 0.073; Figure 3B). Given prior studies demonstrating positive effects of fish on / 185 coral growth, and our finding that fish increased photosynthetic efficiency and healing rate, we suggest / 186 that that the absence of detectable calcification responses may reflect the short experimental duration of / 187 our study. It may also reflect insufficient sensitivity of the calcification metric or the lack of an effect of",9b51415aade054400ef419041146f9216efefb146c5192d035e8b91498006a74
d4f87f68-6209-4973-bf99-fac310af5656,Coral-Damsel-Wounding-Manuscript.pdf,literature/META_ANALYSIS_POOL/Coral-Damsel-Wounding-Manuscript.pdf,7,4,numeric_keyword_window,,text,16,"114 wounds again. Using the initial images, we measured the initial wound size (cm2) using ImageJ. Using the / 115 final images, we quantified the wound area that remained unhealed, which we determined by the absence / 116 of visible tissue, regardless of polyp formation. We then calculated the healing rate (cm2/day) as the / 117 change in wound size (initial-final) divided by the duration of the experiment: 21 days.",9b51415aade054400ef419041146f9216efefb146c5192d035e8b91498006a74
d4f87f68-6209-4973-bf99-fac310af5656,Coral-Damsel-Wounding-Manuscript.pdf,literature/META_ANALYSIS_POOL/Coral-Damsel-Wounding-Manuscript.pdf,8,4,numeric_keyword_window,,text,16,"115 final images, we quantified the wound area that remained unhealed, which we determined by the absence / 116 of visible tissue, regardless of polyp formation. We then calculated the healing rate (cm2/day) as the / 117 change in wound size (initial-final) divided by the duration of the experiment: 21 days. / 118 To assess coral growth, we measured the buoyant weight of each coral at the start (day 0) and end (day",9b51415aade054400ef419041146f9216efefb146c5192d035e8b91498006a74
d4f87f68-6209-4973-bf99-fac310af5656,Coral-Damsel-Wounding-Manuscript.pdf,literature/META_ANALYSIS_POOL/Coral-Damsel-Wounding-Manuscript.pdf,9,5,numeric_keyword_window,,text,16,"180 presumably higher. / 181 In contrast to effects on healing rate and photosynthetic efficiency, and contrary to previous studies (9, 2), / 182 we observed no significant effects of fish presence, wound size, or their interaction on coral growth after / 183 controlling for initial coral size (Fish: χ² = 0.001, p = 0.978; Wound: χ² = 1.783, p = 0.410; Fish ×",9b51415aade054400ef419041146f9216efefb146c5192d035e8b91498006a74
d4f87f68-6209-4973-bf99-fac310af5656,Coral-Damsel-Wounding-Manuscript.pdf,literature/META_ANALYSIS_POOL/Coral-Damsel-Wounding-Manuscript.pdf,10,4,numeric_keyword_window,,text,15,"111 To assess wound healing and tissue regeneration, we photographed all corals with an Olympus TG-6 / 112 digital camera and ruler scale bar immediately post wounding. We then randomly selected one fragment / 113 from each wounding treatment per tank for daily photography (Figure 1). On day 21, we photographed all",9b51415aade054400ef419041146f9216efefb146c5192d035e8b91498006a74
d4f87f68-6209-4973-bf99-fac310af5656,Coral-Damsel-Wounding-Manuscript.pdf,literature/META_ANALYSIS_POOL/Coral-Damsel-Wounding-Manuscript.pdf,11,10,numeric_keyword_window,,text,15,"338 fish is fully healed. / 339 Figure 2. Damselfish presence accelerated coral wound healing, particularly for large wounds. Wound / 340 healing rate (cm²/day) in fragments of Pocillopora as a function of wound size and fish presence. Small / 341 circles represent individual coral fragments (n = 8 per treatment); large circles indicate treatment means",9b51415aade054400ef419041146f9216efefb146c5192d035e8b91498006a74
d4f87f68-6209-4973-bf99-fac310af5656,Coral-Damsel-Wounding-Manuscript.pdf,literature/META_ANALYSIS_POOL/Coral-Damsel-Wounding-Manuscript.pdf,12,10,numeric_keyword_window,,text,15,"339 Figure 2. Damselfish presence accelerated coral wound healing, particularly for large wounds. Wound / 340 healing rate (cm²/day) in fragments of Pocillopora as a function of wound size and fish presence. Small / 341 circles represent individual coral fragments (n = 8 per treatment); large circles indicate treatment means / 342 with vertical bars showing 95% confidence intervals. Corals with resident damselfish (blue, filled circles)",9b51415aade054400ef419041146f9216efefb146c5192d035e8b91498006a74
ec19aed9-6875-473a-accb-914b065e6e10,Counsell et al. - 2019 - Colony size and depth affect wound repair in a branching coral.pdf,literature/META_ANALYSIS_POOL/Counsell et al. - 2019 - Colony size and depth affect wound repair in a branching coral.pdf,1,1,numeric_keyword_window,,text,20,"healing time. These results indicate that wound repair is a priority for P. meandrina. Colony size and depth were signifi- / cantly correlated with wound healing time: larger colonies healed 14 days faster than smaller colonies, and deeper colonies / healed 25 days slower than shallower colonies. These findings support the hypothesis that larger colonies have more energy / available for tissue regeneration. The observation of longer healing times for deeper colonies is likely driven by extrinsic / factors that vary with depth, including temperature, wave energy, and irradiance. Overall, we show that wound healing in",c9c71ed9deeae076efb938a61080e8191836d587ff0c731b17ac3499ce1f2978
ec19aed9-6875-473a-accb-914b065e6e10,Counsell et al. - 2019 - Colony size and depth affect wound repair in a branching coral.pdf,literature/META_ANALYSIS_POOL/Counsell et al. - 2019 - Colony size and depth affect wound repair in a branching coral.pdf,2,1,numeric_keyword_window,,text,20,"was examined. Previous colony stressors, i.e., percent live coral tissue and bleaching history, were not correlated with wound / healing time. These results indicate that wound repair is a priority for P. meandrina. Colony size and depth were signifi- / cantly correlated with wound healing time: larger colonies healed 14 days faster than smaller colonies, and deeper colonies / healed 25 days slower than shallower colonies. These findings support the hypothesis that larger colonies have more energy / available for tissue regeneration. The observation of longer healing times for deeper colonies is likely driven by extrinsic",c9c71ed9deeae076efb938a61080e8191836d587ff0c731b17ac3499ce1f2978
ec19aed9-6875-473a-accb-914b065e6e10,Counsell et al. - 2019 - Colony size and depth affect wound repair in a branching coral.pdf,literature/META_ANALYSIS_POOL/Counsell et al. - 2019 - Colony size and depth affect wound repair in a branching coral.pdf,3,8,numeric_keyword_window,,text,20,"ability of a colony having a noteworthy change (> 10%) Woesik 1998). We did not find a significant relationship / in percent live tissue between pre- and post-wound time between wound size and healing time despite including a / periods (0.97 ± 1.07, effect size ± SE; p = 0.36, Fig. S4a). broad range of wound sizes in our study (7.9–24.2 mm diam- / Colonies that had lower average percent live tissue had eter; Fig. 5f). Our results suggest that colony size is a better / a higher probability of having a shift in percent live tis- indicator of wound healing time than wound size for broken",c9c71ed9deeae076efb938a61080e8191836d587ff0c731b17ac3499ce1f2978
ec19aed9-6875-473a-accb-914b065e6e10,Counsell et al. - 2019 - Colony size and depth affect wound repair in a branching coral.pdf,literature/META_ANALYSIS_POOL/Counsell et al. - 2019 - Colony size and depth affect wound repair in a branching coral.pdf,4,4,caption_or_table_start,Table 1,table,19,"Table 1 Site names with coordinates, number of Pocillopora meandrina colonies sampled, depth, colony bleaching history, average daily tem- perature, and time to heal wound Site name Latitude Longitude Number of Colony Colony Temperature Significant Time (days) (deg N) (deg W) P. meandrina bleaching depth (m) (°C) April–July wave height to heal wound colonies history (mean ± SD) 2017 (max, (m) April–July (min, max, (mean ± SD) mean ± SD) 2017 (max, mean ± SD) mean ± SD)",c9c71ed9deeae076efb938a61080e8191836d587ff0c731b17ac3499ce1f2978
ec19aed9-6875-473a-accb-914b065e6e10,Counsell et al. - 2019 - Colony size and depth affect wound repair in a branching coral.pdf,literature/META_ANALYSIS_POOL/Counsell et al. - 2019 - Colony size and depth affect wound repair in a branching coral.pdf,5,5,caption_or_table_start,Fig. 2,figure,17,"Fig. 2 Examples of 4 levels of bleaching severity rankings for Pocillopora meandrina colonies. Each colony was ranked in situ and through a comparison of chronological monthly photographs conservative estimate, we also calculated an index for each to determine the relative amount of variation explained by colony that utilized site- and year-specific averages to fill in each factor. To evaluate the relative effects of colony mor- missing data points (ESM 2). These colony surveys were phology (size and inter-branch distance), the environment also used to estimate changes in colony-scale percent live (depth), and colony stress (BHS and percent live tissue) on tissue over the 3 months prior to wound formation. wound healing, a set of additional Poisson GLMMs was run with these factors as fixed effects, the number of days for the Within‑colony wound healing variation wound to heal as the response variable, and, to account for potential non-independence in our data, month of wound To anal...",c9c71ed9deeae076efb938a61080e8191836d587ff0c731b17ac3499ce1f2978
ec19aed9-6875-473a-accb-914b065e6e10,Counsell et al. - 2019 - Colony size and depth affect wound repair in a branching coral.pdf,literature/META_ANALYSIS_POOL/Counsell et al. - 2019 - Colony size and depth affect wound repair in a branching coral.pdf,6,7,numeric_keyword_window,,text,17,"0.195 ± 0.046 / healed an average of 14 days slower than larger colonies / (Fig. 5b). Wound healing was unaffected by inter-branch / distance (0.02 ± 0.03, effect size ± SE; p = 0.48; Fig. 5c), R2m (%) / 0",c9c71ed9deeae076efb938a61080e8191836d587ff0c731b17ac3499ce1f2978
ec19aed9-6875-473a-accb-914b065e6e10,Counsell et al. - 2019 - Colony size and depth affect wound repair in a branching coral.pdf,literature/META_ANALYSIS_POOL/Counsell et al. - 2019 - Colony size and depth affect wound repair in a branching coral.pdf,7,7,numeric_keyword_window,,text,17,"colonies at shallower depths (Fig. 5a). Smaller colonies 0.167 ± 0.042 / 0.195 ± 0.046 / healed an average of 14 days slower than larger colonies / (Fig. 5b). Wound healing was unaffected by inter-branch / distance (0.02 ± 0.03, effect size ± SE; p = 0.48; Fig. 5c), R2m (%)",c9c71ed9deeae076efb938a61080e8191836d587ff0c731b17ac3499ce1f2978
ec19aed9-6875-473a-accb-914b065e6e10,Counsell et al. - 2019 - Colony size and depth affect wound repair in a branching coral.pdf,literature/META_ANALYSIS_POOL/Counsell et al. - 2019 - Colony size and depth affect wound repair in a branching coral.pdf,8,8,numeric_keyword_window,,text,17,"sue > 10% (− 0.13 ± 0.06, effect size ± SE; p = 0.03). branches in P. meandrina. / The average colony-scale percent live tissue was similar Depth was significantly correlated with wound heal- / between pre- (89 ± 15, mean ± SD) and post-wound forma- ing time for P. meandrina, with healing times an aver- / tion (85 ± 18, mean ± SD, Fig. S4b). age of 25 days longer for deeper colonies (Fig. 5a). Depth",c9c71ed9deeae076efb938a61080e8191836d587ff0c731b17ac3499ce1f2978
ec19aed9-6875-473a-accb-914b065e6e10,Counsell et al. - 2019 - Colony size and depth affect wound repair in a branching coral.pdf,literature/META_ANALYSIS_POOL/Counsell et al. - 2019 - Colony size and depth affect wound repair in a branching coral.pdf,9,1,numeric_keyword_window,,text,16,"Coral colonies regularly suffer tissue damage from natural and anthropogenic sources. The resultant wounds can decrease / colony fitness and act as sources of infection or algal overgrowth. By systematically breaking branches on 54 Pocillopora / meandrina colonies and following in situ tissue regeneration (April–August 2017), variation in the wound recovery process / was investigated within colonies, among colonies, and across four sites on O‘ahu, Hawai‘i. Ninety-five percent of all wounds / healed, with an average healing time of 42 days. Average healing time was not different between initial and subsequent",c9c71ed9deeae076efb938a61080e8191836d587ff0c731b17ac3499ce1f2978
ec19aed9-6875-473a-accb-914b065e6e10,Counsell et al. - 2019 - Colony size and depth affect wound repair in a branching coral.pdf,literature/META_ANALYSIS_POOL/Counsell et al. - 2019 - Colony size and depth affect wound repair in a branching coral.pdf,10,1,numeric_keyword_window,,text,16,"meandrina colonies and following in situ tissue regeneration (April–August 2017), variation in the wound recovery process / was investigated within colonies, among colonies, and across four sites on O‘ahu, Hawai‘i. Ninety-five percent of all wounds / healed, with an average healing time of 42 days. Average healing time was not different between initial and subsequent / wounds. The relative importance of intrinsic factors, extrinsic factors, and disturbance history for the wound repair process / was examined. Previous colony stressors, i.e., percent live coral tissue and bleaching history, were not correlated with wound",c9c71ed9deeae076efb938a61080e8191836d587ff0c731b17ac3499ce1f2978
ec19aed9-6875-473a-accb-914b065e6e10,Counsell et al. - 2019 - Colony size and depth affect wound repair in a branching coral.pdf,literature/META_ANALYSIS_POOL/Counsell et al. - 2019 - Colony size and depth affect wound repair in a branching coral.pdf,11,6,caption_or_table_start,Fig. 3,figure,16,Fig. 3 Chronological photo- graphs of wound healing from an initial (April 2017) and subsequent (May 2017) broken branch of a Pocillopora meand- rina colony,c9c71ed9deeae076efb938a61080e8191836d587ff0c731b17ac3499ce1f2978
ec19aed9-6875-473a-accb-914b065e6e10,Counsell et al. - 2019 - Colony size and depth affect wound repair in a branching coral.pdf,literature/META_ANALYSIS_POOL/Counsell et al. - 2019 - Colony size and depth affect wound repair in a branching coral.pdf,12,6,numeric_keyword_window,,text,16,"For these colonies, colony-scale decline was recorded pre- between healing times for initial and subsequent wounds / and post-sampling (average declines of 28% and 27% live (0.29 ± 0.17, effect size ± SE; p = 0.09; Fig. 4a). Initial / coral tissue, respectively). For the 51 colonies that suc- recovery time explained 6% (marginal R2) of the variation / cessfully healed both wounds, colony-scale percent live in the recovery time for a subsequent wound imposed on / tissue ranged from 20–100% (88.5 ± 17.2%, mean ± SD, the same colony.",c9c71ed9deeae076efb938a61080e8191836d587ff0c731b17ac3499ce1f2978
034d4e10-aee2-4964-9c77-cb6f4174bd3e,Cróquer et al. - 2002 - Environmental factors affecting tissue regeneration of the reef - building coral Montastraea annular.pdf,literature/META_ANALYSIS_POOL/Cróquer et al. - 2002 - Environmental factors affecting tissue regeneration of the reef - building coral Montastraea annular.pdf,1,2,numeric_keyword_window,,text,12,"abilities, the first species is widely distributed and can be easily found in reef patches and forming both, fringing and barrier reefs, / covering a wide range of depths (Foster 1979 , Weil and Knowlton 1994 , Van Veguel et al. 1996 , Knowlton et al. 1997 ). Even / though the Los Roques coral reef complex is the largest and most important in Venezuela (Amend 1992 ), studies concerning coral / injury recovery have not been conducted there before. In this paper we show how M. annularis responds to the disturbance / produced by both tissue and skeletal removal. The progress of recovery of these lesions was also studied and comparisons were",961ab686833b1ac298860283fb339e9080b2498006caf132addbd447746df730
034d4e10-aee2-4964-9c77-cb6f4174bd3e,Cróquer et al. - 2002 - Environmental factors affecting tissue regeneration of the reef - building coral Montastraea annular.pdf,literature/META_ANALYSIS_POOL/Cróquer et al. - 2002 - Environmental factors affecting tissue regeneration of the reef - building coral Montastraea annular.pdf,2,2,numeric_keyword_window,,text,11,"These lesions were monitored at three, five, eight, 17, 20, 60 and 90 days after the colonies were injured, using an underwater / camera separated 10 cm from the damaged colonies. A frame adapted to the camera (Motor Marine 11) macro-lens was used in / order to take all the photographs always at the same distance and at the same angle (90º). Daily records of air and surface water / temperature, wind speed, turbidity and tide level were taken at each location. Turbidity was measured ""in situ"" using a digital",961ab686833b1ac298860283fb339e9080b2498006caf132addbd447746df730
034d4e10-aee2-4964-9c77-cb6f4174bd3e,Cróquer et al. - 2002 - Environmental factors affecting tissue regeneration of the reef - building coral Montastraea annular.pdf,literature/META_ANALYSIS_POOL/Cróquer et al. - 2002 - Environmental factors affecting tissue regeneration of the reef - building coral Montastraea annular.pdf,3,11,numeric_keyword_window,,text,11,"[ Links ] / Woesik, R.V. 1998. Lesion healing on massive Porites spp. corals. Mar. Ecol. Prog. Ser. 164: 213-220. [ Links ] / Zar, H.J. 1998. Biostatistical Analisis. Prentice Hall, New Jersey. 663 p. [ Links ]",961ab686833b1ac298860283fb339e9080b2498006caf132addbd447746df730
034d4e10-aee2-4964-9c77-cb6f4174bd3e,Cróquer et al. - 2002 - Environmental factors affecting tissue regeneration of the reef - building coral Montastraea annular.pdf,literature/META_ANALYSIS_POOL/Cróquer et al. - 2002 - Environmental factors affecting tissue regeneration of the reef - building coral Montastraea annular.pdf,4,9,numeric_keyword_window,,text,10,"condiciones de baja sedimentación y resuspensión. Además, las lesiones localizadas en la parte inferior de las colonias se / regeneraron completamente, en tanto que los sedimentos frecuentemente cubrieron las lesiones superiores y limitaron su / recuperación. Más del 60% de las colonias con lesiones pequeñas se recuperaron casi completamente en menos de 90 días, / mientras que aquellas con grandes heridas mostraron extensiones de sus áreas dañadas y aumentó su mortalidad. Las lesiones / que afectaron solamente al tejido (tipo 1) se regeneraron 2 a 3 veces más rápido que aquellas que involucraron tanto al tejido y",961ab686833b1ac298860283fb339e9080b2498006caf132addbd447746df730
034d4e10-aee2-4964-9c77-cb6f4174bd3e,Cróquer et al. - 2002 - Environmental factors affecting tissue regeneration of the reef - building coral Montastraea annular.pdf,literature/META_ANALYSIS_POOL/Cróquer et al. - 2002 - Environmental factors affecting tissue regeneration of the reef - building coral Montastraea annular.pdf,5,1,numeric_keyword_window,,text,9,"recovery was slow where sedimentation and resuspension rates were high, tissue regeneration was improved under low / sedimentation and resuspension conditions. Moreover, lesions located at the bottom of colonies regenerated completely, whereas / sediments frequently covered top lesions and limited their recovery. More than 60% of the colonies with small lesions recovered / almost completely in less than 90 days, whereas those with larger injuries frequently showed extensions of their damage and / increased mortality. Tissue-only lesions (LT2) regenerated two to three times faster than those involving both tissue and skeletal",961ab686833b1ac298860283fb339e9080b2498006caf132addbd447746df730
034d4e10-aee2-4964-9c77-cb6f4174bd3e,Cróquer et al. - 2002 - Environmental factors affecting tissue regeneration of the reef - building coral Montastraea annular.pdf,literature/META_ANALYSIS_POOL/Cróquer et al. - 2002 - Environmental factors affecting tissue regeneration of the reef - building coral Montastraea annular.pdf,6,1,numeric_keyword_window,,text,9,"sedimentation and resuspension conditions. Moreover, lesions located at the bottom of colonies regenerated completely, whereas / sediments frequently covered top lesions and limited their recovery. More than 60% of the colonies with small lesions recovered / almost completely in less than 90 days, whereas those with larger injuries frequently showed extensions of their damage and / increased mortality. Tissue-only lesions (LT2) regenerated two to three times faster than those involving both tissue and skeletal / damage (LT1).Other variables not controlled in this study, such as diseases, encrusting organisms overgrowth and herbivory",961ab686833b1ac298860283fb339e9080b2498006caf132addbd447746df730
034d4e10-aee2-4964-9c77-cb6f4174bd3e,Cróquer et al. - 2002 - Environmental factors affecting tissue regeneration of the reef - building coral Montastraea annular.pdf,literature/META_ANALYSIS_POOL/Cróquer et al. - 2002 - Environmental factors affecting tissue regeneration of the reef - building coral Montastraea annular.pdf,7,2,numeric_keyword_window,,text,9,"Coral injuries: Sixteen healthy colonias (8 treatments + a single replicate per treatment) with no signs of injuries or bleaching were / selected at each reef site; the chosen colonies ranged from 30 (small) to 60 cm 2 (large) and all were at the same depth (1-1.5 m). / Three injury treatments were performed, according to size (small and large), type (skeletal and tissue loss) and position of the",961ab686833b1ac298860283fb339e9080b2498006caf132addbd447746df730
034d4e10-aee2-4964-9c77-cb6f4174bd3e,Cróquer et al. - 2002 - Environmental factors affecting tissue regeneration of the reef - building coral Montastraea annular.pdf,literature/META_ANALYSIS_POOL/Cróquer et al. - 2002 - Environmental factors affecting tissue regeneration of the reef - building coral Montastraea annular.pdf,8,2,numeric_keyword_window,,text,9,"to 8 cm. Skeletal lesions (Type 1) were made by scratching the coral surface with a hard-nylon brush, while tissue loss (Type 2) was / performed by jetting out the tissue from the polyps using a syringe. Type 1 lesions simulated the damage caused by parrotfish / injuries (Bruckner and Bruckner 1998 ), while Type 2 lesions resembled to Chaetodontidae damages ( Ohman et al. 1998 ). / These lesions were monitored at three, five, eight, 17, 20, 60 and 90 days after the colonies were injured, using an underwater",961ab686833b1ac298860283fb339e9080b2498006caf132addbd447746df730
034d4e10-aee2-4964-9c77-cb6f4174bd3e,Cróquer et al. - 2002 - Environmental factors affecting tissue regeneration of the reef - building coral Montastraea annular.pdf,literature/META_ANALYSIS_POOL/Cróquer et al. - 2002 - Environmental factors affecting tissue regeneration of the reef - building coral Montastraea annular.pdf,9,3,numeric_keyword_window,,text,9,"All the areas undergoing recovery were calculated from pictures of the colonies by drawing them on transparent paper, clipping and / weighing these shapes and comparing those weights with that of a known standard square of the same paper. The results were / expressed in cm2 . The tissue regeneration rates (Ts) were obtained by calculatinc, the difference between the areas of the / recovered surfaces (Ra) for any given interval (T1 and To in days), as follows:",961ab686833b1ac298860283fb339e9080b2498006caf132addbd447746df730
034d4e10-aee2-4964-9c77-cb6f4174bd3e,Cróquer et al. - 2002 - Environmental factors affecting tissue regeneration of the reef - building coral Montastraea annular.pdf,literature/META_ANALYSIS_POOL/Cróquer et al. - 2002 - Environmental factors affecting tissue regeneration of the reef - building coral Montastraea annular.pdf,10,3,numeric_keyword_window,,text,9,"Statistical analysis: To test the effects of each treatment on regenerated areas between reef sites and monitoring days; we used a / repeated-measures five-way analysis of variance (Zar 1998 ). The factors included in this analysis were: 1. Lesion type (tissue and / skeleton), 2. Position (top-bottom), 3. Size (smalllarge), 4. Locality (barrier and fringing reef) and 5. Time (3, 5, 8, 17, 20, 60, 90). We / also used a canonical correspondence analysis (CCA) (Jongman et al. 1995) with environmental variables measured at both reef",961ab686833b1ac298860283fb339e9080b2498006caf132addbd447746df730
034d4e10-aee2-4964-9c77-cb6f4174bd3e,Cróquer et al. - 2002 - Environmental factors affecting tissue regeneration of the reef - building coral Montastraea annular.pdf,literature/META_ANALYSIS_POOL/Cróquer et al. - 2002 - Environmental factors affecting tissue regeneration of the reef - building coral Montastraea annular.pdf,11,3,numeric_keyword_window,,text,9,"colonies to regenerase the removed tissue. Injuries at the bottom position of the colonies recovered faster than those located on top / of them, and Type 2 lesions (tissue) recovered faster than Type 1 lesions (skeleton and tissue). In addition, about 60% of the smaller / injuries regenerated their tissue almost completely over the 90 days of monitoring ( Figs. 2 and 3 ). For all lesion Types, tissue / recovery showed two stages: 1. A fast growing (1-2cm2/day) of a thin layer of new tissue during the first 20 days. 2. The / regeneration of new polyps; which gradually regained their pigmentation. The total recovery of the injuries took 20 to 30 days in",961ab686833b1ac298860283fb339e9080b2498006caf132addbd447746df730
034d4e10-aee2-4964-9c77-cb6f4174bd3e,Cróquer et al. - 2002 - Environmental factors affecting tissue regeneration of the reef - building coral Montastraea annular.pdf,literature/META_ANALYSIS_POOL/Cróquer et al. - 2002 - Environmental factors affecting tissue regeneration of the reef - building coral Montastraea annular.pdf,12,3,numeric_keyword_window,,text,9,"injuries regenerated their tissue almost completely over the 90 days of monitoring ( Figs. 2 and 3 ). For all lesion Types, tissue / recovery showed two stages: 1. A fast growing (1-2cm2/day) of a thin layer of new tissue during the first 20 days. 2. The / regeneration of new polyps; which gradually regained their pigmentation. The total recovery of the injuries took 20 to 30 days in / some cases, or from three to four months in others, depending on lesion features; and two different regeneration mechanisms were / observed. In one, tissue growth started at many places over the injured surfaces, perhaps ""activated"" by healthy tissue inside those",961ab686833b1ac298860283fb339e9080b2498006caf132addbd447746df730
28b1e816-45f3-42fc-a2b0-0cfea52a0adc,"DeFilippo et al. - 2016 - Patterns of surface lesion recovery in the Northern Star Coral, Astrangia poculata.pdf","literature/META_ANALYSIS_POOL/DeFilippo et al. - 2016 - Patterns of surface lesion recovery in the Northern Star Coral, Astrangia poculata.pdf",1,6,numeric_keyword_window,,text,23,"days 3, and 30 (Fig. 5 C). ing that photosynthetic capability is advantageous. Most importantly, / Mean baseline polyp color PC values for symbiotic and aposymbiotic previously described healing models (‘localized regeneration (LR)’, ‘col- / A. poculata established prior to wounding were 2.84 ± 0.47, and 1.11 ± ony integration (CI)’, or ‘Phoenix effect (PE)’) were evaluated and the / 0.51 respectively, indicating total approximated chlorophyll concentra- dominance of recovery originating from within the lesion site rather / tions of 0.46 ± 0.14 and 0.10 ± 0.06 μg cm−2. The most parsimonious than its perimeter suggests that A. poculata exhibited primarily PE re-",2e8549d2a97ed88267c562b1fd1d2aa23fb5f0dcca659591405d6018c1926e2f
28b1e816-45f3-42fc-a2b0-0cfea52a0adc,"DeFilippo et al. - 2016 - Patterns of surface lesion recovery in the Northern Star Coral, Astrangia poculata.pdf","literature/META_ANALYSIS_POOL/DeFilippo et al. - 2016 - Patterns of surface lesion recovery in the Northern Star Coral, Astrangia poculata.pdf",2,6,numeric_keyword_window,,text,19,"Mean baseline polyp color PC values for symbiotic and aposymbiotic previously described healing models (‘localized regeneration (LR)’, ‘col- / A. poculata established prior to wounding were 2.84 ± 0.47, and 1.11 ± ony integration (CI)’, or ‘Phoenix effect (PE)’) were evaluated and the / 0.51 respectively, indicating total approximated chlorophyll concentra- dominance of recovery originating from within the lesion site rather / tions of 0.46 ± 0.14 and 0.10 ± 0.06 μg cm−2. The most parsimonious than its perimeter suggests that A. poculata exhibited primarily PE re- / covery in this study. This suggests that the mechanism of wound recov-",2e8549d2a97ed88267c562b1fd1d2aa23fb5f0dcca659591405d6018c1926e2f
28b1e816-45f3-42fc-a2b0-0cfea52a0adc,"DeFilippo et al. - 2016 - Patterns of surface lesion recovery in the Northern Star Coral, Astrangia poculata.pdf","literature/META_ANALYSIS_POOL/DeFilippo et al. - 2016 - Patterns of surface lesion recovery in the Northern Star Coral, Astrangia poculata.pdf",3,8,caption_or_table_start,Table 4,table,18,"Table 4 Table 5 Summary of REML ﬁtted linear mixed effects model for Fv/Fm. For symbiotic state, Summary of REML ﬁtted linear mixed effects model for chlorophyll density. The reference aposymbiotic corals serve as the reference category, and for day, the pre-wound measure- category for symbiotic state is the aposymbiotic corals. Log likelihood = 106.45, AICc = ments serve as the reference category. Log likelihood = 287.255, AICc = −549.193. Coral −204.69. Coral specimen was included in the model as a random effect. specimen was included in the model as a random effect. Parameter Estimate Std. error t p Parameter Estimate Std. error t p Intercept (aposymbiotic) 0.150 0.028 5.419 b0.001 Intercept (aposymbiotic) 0.389 0.014 28.086 b0.001 Symbiotic 0.281 0.039 7.153 b0.001 Symbiotic 0.187 0.020 9.535 b0.001 Day 3 0.064 0.018 3.477 0.006 Day 15 0.079 0.018 4.326 b0.001 Day 30 0.073 0.018 3.976 0.001 Rotjan and Lewis, 2005, 2008) severe hurricane damage (Woodley et al., Day 60 0.133 0.018...",2e8549d2a97ed88267c562b1fd1d2aa23fb5f0dcca659591405d6018c1926e2f
28b1e816-45f3-42fc-a2b0-0cfea52a0adc,"DeFilippo et al. - 2016 - Patterns of surface lesion recovery in the Northern Star Coral, Astrangia poculata.pdf","literature/META_ANALYSIS_POOL/DeFilippo et al. - 2016 - Patterns of surface lesion recovery in the Northern Star Coral, Astrangia poculata.pdf",4,3,numeric_keyword_window,,text,17,"mensions. For measuring recovery or mortality, this bias was less of an wounding. Readings were taken between 1300 and 1500 h on each / issue because the three-dimensionality of the colony is less pronounced day to minimize the effects of diurnal ﬂuctuations (Brown et al., 1999) / over the localized spatial scales at which recovery/mortality was ob- on the time series data. After 30 min of dark acclimation in a close- / served. However, for estimating an entire colony's size and designating topped black plastic container, individual colonies were transferred to / wound area, planar estimates would have grossly underestimated the a glass beaker ﬁlled with 2–3 in. of aquarium seawater that was placed",2e8549d2a97ed88267c562b1fd1d2aa23fb5f0dcca659591405d6018c1926e2f
28b1e816-45f3-42fc-a2b0-0cfea52a0adc,"DeFilippo et al. - 2016 - Patterns of surface lesion recovery in the Northern Star Coral, Astrangia poculata.pdf","literature/META_ANALYSIS_POOL/DeFilippo et al. - 2016 - Patterns of surface lesion recovery in the Northern Star Coral, Astrangia poculata.pdf",5,3,numeric_keyword_window,,text,17,"over surface area measurements derived from whole-colony photo- was used to measure the photosynthetic efﬁciency of each A. poculata / graphs because image analysis can only estimate surface area in two di- colony prior to wounding, and again 3, 15, 30, and 60 days after / mensions. For measuring recovery or mortality, this bias was less of an wounding. Readings were taken between 1300 and 1500 h on each / issue because the three-dimensionality of the colony is less pronounced day to minimize the effects of diurnal ﬂuctuations (Brown et al., 1999) / over the localized spatial scales at which recovery/mortality was ob- on the time series data. After 30 min of dark acclimation in a close-",2e8549d2a97ed88267c562b1fd1d2aa23fb5f0dcca659591405d6018c1926e2f
28b1e816-45f3-42fc-a2b0-0cfea52a0adc,"DeFilippo et al. - 2016 - Patterns of surface lesion recovery in the Northern Star Coral, Astrangia poculata.pdf","literature/META_ANALYSIS_POOL/DeFilippo et al. - 2016 - Patterns of surface lesion recovery in the Northern Star Coral, Astrangia poculata.pdf",6,5,numeric_keyword_window,,text,17,"colony size with recovery, respectively. Thus, wound P:SA, wound treat- tral recovery was observed in 100% of coral specimens examined, / ment, and colony size, in addition to symbiotic state and residual tissue contributing an average of 0.35 ± 0.31 cm2 of new tissue per coral, / (tissue visible in the lesion site within 48–72 h after wounding) were and accounting for 94.23% of total observed recovery (Fig. 3 D). Welch's / evaluated as potential independent variables when modeling recovery. paired t test conﬁrmed that central recovery was the dominant healing / Surface area of recovered tissue was divided by initial wound size and pattern exhibited in this study (t = 6.473, 38.248, p b 0.001) (Fig. 3 D).",2e8549d2a97ed88267c562b1fd1d2aa23fb5f0dcca659591405d6018c1926e2f
28b1e816-45f3-42fc-a2b0-0cfea52a0adc,"DeFilippo et al. - 2016 - Patterns of surface lesion recovery in the Northern Star Coral, Astrangia poculata.pdf","literature/META_ANALYSIS_POOL/DeFilippo et al. - 2016 - Patterns of surface lesion recovery in the Northern Star Coral, Astrangia poculata.pdf",7,5,numeric_keyword_window,,text,17,"logit link function using the ‘betareg’ package, which accommodates planatory statistical analyses intractable, so the ﬁnal healing model de- / proportional data bounded between 0 and 1 (Ferrari and Cribari-Neto, scribes only central (PE) recovery. / 2004). Recovery originated primarily from minor tissue remnants visible in / Live tissue mortality was examined for potential associations with the lesion site, which expanded and coalesced to eventually form differ- / continuous independent variables such as colony surface area, but entiated structures (e.g. tentacles) and complete functional polyps. In all",2e8549d2a97ed88267c562b1fd1d2aa23fb5f0dcca659591405d6018c1926e2f
28b1e816-45f3-42fc-a2b0-0cfea52a0adc,"DeFilippo et al. - 2016 - Patterns of surface lesion recovery in the Northern Star Coral, Astrangia poculata.pdf","literature/META_ANALYSIS_POOL/DeFilippo et al. - 2016 - Patterns of surface lesion recovery in the Northern Star Coral, Astrangia poculata.pdf",8,5,numeric_keyword_window,,text,17,"the resulting proportions were ﬁtted to a beta regression model with a The infrequency with which perimeter recovery was observed made ex- / logit link function using the ‘betareg’ package, which accommodates planatory statistical analyses intractable, so the ﬁnal healing model de- / proportional data bounded between 0 and 1 (Ferrari and Cribari-Neto, scribes only central (PE) recovery. / 2004). Recovery originated primarily from minor tissue remnants visible in / Live tissue mortality was examined for potential associations with the lesion site, which expanded and coalesced to eventually form differ-",2e8549d2a97ed88267c562b1fd1d2aa23fb5f0dcca659591405d6018c1926e2f
28b1e816-45f3-42fc-a2b0-0cfea52a0adc,"DeFilippo et al. - 2016 - Patterns of surface lesion recovery in the Northern Star Coral, Astrangia poculata.pdf","literature/META_ANALYSIS_POOL/DeFilippo et al. - 2016 - Patterns of surface lesion recovery in the Northern Star Coral, Astrangia poculata.pdf",9,6,numeric_keyword_window,,text,17,"A. poculata, Fv/Fm values taken on days 3, 15, 30, and 60 were each sig- in ﬁnal recovery was observed, suggesting that the absence of symbiosis / niﬁcantly greater than those taken prior to wounding, and measure- does not preclude timely recovery. However, the effect of residual tissue / ments taken on day 60 were signiﬁcantly greater than those from on ﬁnal recovery was signiﬁcantly greater in symbiotic corals, suggest- / days 3, and 30 (Fig. 5 C). ing that photosynthetic capability is advantageous. Most importantly, / Mean baseline polyp color PC values for symbiotic and aposymbiotic previously described healing models (‘localized regeneration (LR)’, ‘col-",2e8549d2a97ed88267c562b1fd1d2aa23fb5f0dcca659591405d6018c1926e2f
28b1e816-45f3-42fc-a2b0-0cfea52a0adc,"DeFilippo et al. - 2016 - Patterns of surface lesion recovery in the Northern Star Coral, Astrangia poculata.pdf","literature/META_ANALYSIS_POOL/DeFilippo et al. - 2016 - Patterns of surface lesion recovery in the Northern Star Coral, Astrangia poculata.pdf",10,6,caption_or_table_start,Table 1,table,17,"Table 1 ery across species should be considered when using healing as a proxy Model summary of beta regression for central recovery with logit link function. Pseu- for coral health, since recovery style may inﬂuence the rate and likeli- do-R2 = 0.555, Log-likelihood = 39.651, AICc = − 67.427. ϕ (Phi) serves as the pre- hood of recovery. cision parameter of the beta density for this model. Aposymbiotic A. poculata serve as The prevalence of PE recovery in A. poculata is likely due to two fac- the reference category for all effects that include symbiotic state. tors. Firstly, the deep corallite structure provides a refuge for polyp tis- Parameter Estimate Std. error z p sue against all but the most invasive lesioning agents. The presence of Intercept (aposymbiotic) −2.519 0.324 −7.776 b0.001 tissue remnants deep within dissected corallites immediately after Symbiotic −0.447 0.449 −0.997 0.319 wounding strongly suggests that even the most severe natural Residual tissue 10.896 2.645 4.1...",2e8549d2a97ed88267c562b1fd1d2aa23fb5f0dcca659591405d6018c1926e2f
28b1e816-45f3-42fc-a2b0-0cfea52a0adc,"DeFilippo et al. - 2016 - Patterns of surface lesion recovery in the Northern Star Coral, Astrangia poculata.pdf","literature/META_ANALYSIS_POOL/DeFilippo et al. - 2016 - Patterns of surface lesion recovery in the Northern Star Coral, Astrangia poculata.pdf",11,2,numeric_keyword_window,,text,16,"(b 1 cm2) behaving as expected under the LR hypothesis, with larger This study aimed to 1) directly evaluate the inﬂuence of Symbiodinium / wounds drawing resources from portions of the colony as distant as symbiosis on recovery and maintenance in A. poculata, and 2) describe the / 10–15 cm from the lesion site. Thus, for larger lesions, recovery did physical and temporal patterns of wound recovery in A. poculata, and the / not depend solely on a thin band of adjacent tissue, but on the colony's extent to which it adheres to any of the previously described healing / total size and available energy reserves. Importantly, both CI and LR de- models (localized regeneration (LR), colony integration (CI), or Phoenix",2e8549d2a97ed88267c562b1fd1d2aa23fb5f0dcca659591405d6018c1926e2f
28b1e816-45f3-42fc-a2b0-0cfea52a0adc,"DeFilippo et al. - 2016 - Patterns of surface lesion recovery in the Northern Star Coral, Astrangia poculata.pdf","literature/META_ANALYSIS_POOL/DeFilippo et al. - 2016 - Patterns of surface lesion recovery in the Northern Star Coral, Astrangia poculata.pdf",12,2,numeric_keyword_window,,text,16,"While the LR hypothesis is well supported in the literature, there are Pilson, 1985), calciﬁcation, and metabolism (Jacques and Pilson, 1980; / alternative healing patterns documented in corals. Oren et al. (1997, Jacques et al., 1983; Cummings, 1983), and has proved to be a tractable / 2001) described a recovery model involving more widespread ‘colony experimental system with exciting potential for addressing fundamental / integration’ (CI). These authors observed only relatively small lesions questions of coral biology. / (b 1 cm2) behaving as expected under the LR hypothesis, with larger This study aimed to 1) directly evaluate the inﬂuence of Symbiodinium",2e8549d2a97ed88267c562b1fd1d2aa23fb5f0dcca659591405d6018c1926e2f
3d374a40-79d3-413b-99c2-670f9da97bef,"Dias et al. - 2018 - Mortality, growth and regeneration following fragmentation of reef-forming corals under thermal stre.pdf","literature/META_ANALYSIS_POOL/Dias et al. - 2018 - Mortality, growth and regeneration following fragmentation of reef-forming corals under thermal stre.pdf",1,4,caption_or_table_start,Fig. 2a,figure,14,"Fig. 2a and d). p > .05), whereas G. fascicularis displayed the lowest growth rates The fragments of A. tenuis presented partial mortality in the (0.28 ± 0.08 g g−1 day−1, PERMANOVA pair wise p < .05; Table 2). [75,100] class at both 26 °C and 32 °C, however, at 26 °C they presented At 30 °C, A. tenuis had the highest growth rates very low percentage and maintained it stable until the end of the ex- (0.57 ± 0.12 g g−1 day−1, PERMANOVA pair wise p < .05), whereas periment (Fig. 2a). At 30 °C, A. tenuis only started to show partial E. lamellosa and M. capricornis (GM) displayed the lowest growth rates mortality on the 40th day, whereas at 32 °C it started on the 20th day (PERMANOVA pair wise p < .05) (0.17 ± 0.06 g g−1 day−1 and and with higher partial mortality (Fig. 2a). 0.14 ± 0.05 g g−1 day−1, respectively; PERMANOVA pair wise Acropora tenuis, P. damicornis, and S. pistillata had signiﬁcantly p > .05; Table 2). At 32 °C, P. contigua had the highest growth rates greater partial mor...",7e65b16b532784cbb3dccf90c3b25dda0e9a125cd73015a9a3956528b2e0fa44
3d374a40-79d3-413b-99c2-670f9da97bef,"Dias et al. - 2018 - Mortality, growth and regeneration following fragmentation of reef-forming corals under thermal stre.pdf","literature/META_ANALYSIS_POOL/Dias et al. - 2018 - Mortality, growth and regeneration following fragmentation of reef-forming corals under thermal stre.pdf",2,4,caption_or_table_start,Table 1,table,14,"Table 1). There was also a signiﬁcant eﬀect of the interactions of diﬀerences among temperatures (PERMANOVA pair wise p < .05), temperature and coral species (PERMANOVA p < .05, Table 1). with the exception of P. contigua that had its growth rate impacted in Coral fragments' partial mortality presented signiﬁcant diﬀerences the same way at 30 °C and 32 °C (PERMANOVA pair wise p > .05; among temperatures (PERMANOVA p < .05, Table 1), with the ex- Table 2). ceptions of A. tenuis and T. reniformis fragments. A. tenuis showed si- At 26 °C, A. tenuis and P. contigua had the highest growth rates milar partial mortality between 26 °C and 30 °C, whereas T. reniformis (PERMANOVA pair wise p < .05) (1.64 ± 0.38 g g−1 day−1 and showed it among all temperatures (PERMANOVA pair-wise p > .05, 1.54 ± 0.32 g g−1 day−1, respectively; PERMANOVA pair wise",7e65b16b532784cbb3dccf90c3b25dda0e9a125cd73015a9a3956528b2e0fa44
3d374a40-79d3-413b-99c2-670f9da97bef,"Dias et al. - 2018 - Mortality, growth and regeneration following fragmentation of reef-forming corals under thermal stre.pdf","literature/META_ANALYSIS_POOL/Dias et al. - 2018 - Mortality, growth and regeneration following fragmentation of reef-forming corals under thermal stre.pdf",3,8,caption_or_table_start,Table 2,table,14,"Table 2 susceptibility to thermal stress during the study, displaying more Coral fragments' average growth rate ± standard deviation in the three tem- bleaching and tissue loss early in the experiment compared to other perature experiments (g g−1 day−1). NA – not available. species. In ﬁeld studies, branching acroporids (e.g. Acropora spp.) and Species 26 °C 30 °C 32 °C pocilloporids (e.g. Pocillopora damicornis and Stylophora pistillata) are the taxa most sensitive to bleaching stress, usually suﬀering high Acropora tenuis 1.64 ± 0.38 0.57 ± 0.12 NA mortality, particularly in the Indo-Paciﬁc (Fujioka, 1999; Marshall & Montipora capricornis (BM) 0.92 ± 0.20 0.34 ± 0.21 NA Baird, 2000). T. reniformis only presented partial mortality by the 40th Montipora capricornis (GM) 0.79 ± 0.20 0.14 ± 0.05 NA Turbinaria reniformis 0.56 ± 0.33 0.24 ± 0.09 0.11 ± 0.06 day at 30 °C and at the end of the 32 °C experiment, and both G. fas- Echinopora lamellosa 0.51 ± 0.36 0.17 ± 0.06 NA cicularis and...",7e65b16b532784cbb3dccf90c3b25dda0e9a125cd73015a9a3956528b2e0fa44
3d374a40-79d3-413b-99c2-670f9da97bef,"Dias et al. - 2018 - Mortality, growth and regeneration following fragmentation of reef-forming corals under thermal stre.pdf","literature/META_ANALYSIS_POOL/Dias et al. - 2018 - Mortality, growth and regeneration following fragmentation of reef-forming corals under thermal stre.pdf",4,8,caption_or_table_start,Table 3,table,14,"Table 3 bleached colonies of other taxa (Bhagooli & Hidaka, 2003; Marshall & Coral fragments' average regeneration rate ± standard deviation in the three Baird, 2000; Stimson et al., 2002). temperature experiments (mm2 day−1) measured until complete regeneration The discoloration evidenced by the corals in this study resulted from or the last time point they were still alive. For more information see either the loss of their zooxanthellae, the degradation of their photo- Supplementary material – Table 1. synthetic pigments, or a combination of both, with the extent of their Species 26 °C 30 °C 32 °C bleaching and ultimately their mortality possibly being considered as good stress indicators (Glynn, 1993; Hoegh-Guldberg, 1999). At 30 °C, Acropora tenuis 0.23 ± 0.09 0.42 ± 0.22 0.30 ± 0.14 the coral species M. capricornis (BM), T. reniformis, and P. contigua Montipora capricornis (BM) 0.24 ± 0.16 0.69 ± 0.21 0.51 ± 0.27 showed color attenuation although never reaching the bleached lev...",7e65b16b532784cbb3dccf90c3b25dda0e9a125cd73015a9a3956528b2e0fa44
3d374a40-79d3-413b-99c2-670f9da97bef,"Dias et al. - 2018 - Mortality, growth and regeneration following fragmentation of reef-forming corals under thermal stre.pdf","literature/META_ANALYSIS_POOL/Dias et al. - 2018 - Mortality, growth and regeneration following fragmentation of reef-forming corals under thermal stre.pdf",5,8,caption_or_table_start,Table 3,table,14,"Table 3). At 32 °C, the fragments of E. lamellosa, G. fascicularis, and P. (Stimson et al., 2002) who reported high mortalities for Acropora spp., contigua had the highest regeneration rates (PERMANOVA pair wise Pocillopora damicornis, and Stylophora pistillata and low mortalities for p < .05) (0.84 ± 0.18 mm2 day−1, 0.88 ± 0.48 mm2 day−1 and Turbinaria spp., Galaxea fascicularis, and Psammocora contigua during 0.63 ± 0.49 mm2 day−1, respectively; PERMANOVA pair wise the bleaching event of late summer 1998 in northern Okinawa. p > .05, Table 3), whereas P. damicornis and M. capricornis (GM) dis- At 32 °C, G. fascicularis fragments acquired a lighter coloration than played the lowest regeneration rates (PERMANOVA pair wise p < .05) their typical red-brown coloration. This discoloration was most obvious (0.13 ± 0.02 mm2 day−1 and 0.09 ± 0.07 mm2 day−1, respectively; on the coenosarc between the corallites, while individual polyps re- PERMANOVA pair wise p > .05, Table 3). mained with...",7e65b16b532784cbb3dccf90c3b25dda0e9a125cd73015a9a3956528b2e0fa44
3d374a40-79d3-413b-99c2-670f9da97bef,"Dias et al. - 2018 - Mortality, growth and regeneration following fragmentation of reef-forming corals under thermal stre.pdf","literature/META_ANALYSIS_POOL/Dias et al. - 2018 - Mortality, growth and regeneration following fragmentation of reef-forming corals under thermal stre.pdf",6,8,caption_or_table_start,Table 3,table,14,"Table 3). T. reniformis and E. lamellosa regeneration rates were sig- 40% of P. contigua fragments were dead at the end of this experiment. niﬁcantly diﬀerent among all temperature experiments (PERMANOVA These ﬁndings make us consider these three species as highly tolerant to pair wise p < .05, Table 3), both M. capricornis (GM) and P. damicornis thermal stress due to their null or low mortality over the course of regeneration rates decreased signiﬁcantly at 32 °C (PERMANOVA pair 60 days. The bleaching level of all coral species was highest at 32 °C. wise p < .05, Table 3). This can be explained by the higher thermal stress present at higher At 26 °C, the fragments of S. pistillata presented the highest re- temperatures (Glynn, 1984; Goreau et al., 2000). generation rates (0.65 ± 0.29 mm2 day−1, PERMANOVA pair wise The hierarchy of species susceptibility to thermal stress presented p < .05), whereas the lowest regeneration rate was presented by M. here: (A. tenuis, P. damicornis, S....",7e65b16b532784cbb3dccf90c3b25dda0e9a125cd73015a9a3956528b2e0fa44
3d374a40-79d3-413b-99c2-670f9da97bef,"Dias et al. - 2018 - Mortality, growth and regeneration following fragmentation of reef-forming corals under thermal stre.pdf","literature/META_ANALYSIS_POOL/Dias et al. - 2018 - Mortality, growth and regeneration following fragmentation of reef-forming corals under thermal stre.pdf",7,3,numeric_keyword_window,,text,13,"μ = (m₁ − m₀/ m₀ × Δt ) × 100 / model) and varied between 320 and 345 μE.m−2 s−1 in the / 400–700 nm waveband. Water quality parameters such as water tem- where, μ is the growth rate measured in g g−1 day−1, m0 is initial / perature, pH and salinity were measured on a daily basis. Water sam- weight, m1 is the weight at the end of the experiment, and Δt is the time / ples were also weekly analyzed to determine ammonium, nitrites, ni- between the two measurements of weight (Brinkhuis, 1985).",7e65b16b532784cbb3dccf90c3b25dda0e9a125cd73015a9a3956528b2e0fa44
3d374a40-79d3-413b-99c2-670f9da97bef,"Dias et al. - 2018 - Mortality, growth and regeneration following fragmentation of reef-forming corals under thermal stre.pdf","literature/META_ANALYSIS_POOL/Dias et al. - 2018 - Mortality, growth and regeneration following fragmentation of reef-forming corals under thermal stre.pdf",8,4,numeric_keyword_window,,text,12,"30 °C (PERMANOVA pair-wise p > .05, Fig. 1a). species G. fascicularis only presented it since the 40th day, with all these / The fragments of A. tenuis presented mortality at both 26 °C and species reaching the dead level, exception for G. fascicularis (Fig. 3a-c / 32 °C, however, at 26 °C they presented 10% mortality and maintained and e-i). The coral species T. reniformis only reached the pale level / it stable until the end of the experiment (Fig. 1a). At 30 °C, A. tenuis did (Fig. 3d). / not show any mortality, whereas at 32 °C it perished on the 60th day",7e65b16b532784cbb3dccf90c3b25dda0e9a125cd73015a9a3956528b2e0fa44
3d374a40-79d3-413b-99c2-670f9da97bef,"Dias et al. - 2018 - Mortality, growth and regeneration following fragmentation of reef-forming corals under thermal stre.pdf","literature/META_ANALYSIS_POOL/Dias et al. - 2018 - Mortality, growth and regeneration following fragmentation of reef-forming corals under thermal stre.pdf",9,4,numeric_keyword_window,,text,12,"The fragments of A. tenuis presented partial mortality in the (0.28 ± 0.08 g g−1 day−1, PERMANOVA pair wise p < .05; Table 2). / [75,100] class at both 26 °C and 32 °C, however, at 26 °C they presented At 30 °C, A. tenuis had the highest growth rates / very low percentage and maintained it stable until the end of the ex- (0.57 ± 0.12 g g−1 day−1, PERMANOVA pair wise p < .05), whereas / periment (Fig. 2a). At 30 °C, A. tenuis only started to show partial E. lamellosa and M. capricornis (GM) displayed the lowest growth rates / mortality on the 40th day, whereas at 32 °C it started on the 20th day (PERMANOVA pair wise p < .05) (0.17 ± 0.06 g g−1 day−1 and",7e65b16b532784cbb3dccf90c3b25dda0e9a125cd73015a9a3956528b2e0fa44
3d374a40-79d3-413b-99c2-670f9da97bef,"Dias et al. - 2018 - Mortality, growth and regeneration following fragmentation of reef-forming corals under thermal stre.pdf","literature/META_ANALYSIS_POOL/Dias et al. - 2018 - Mortality, growth and regeneration following fragmentation of reef-forming corals under thermal stre.pdf",10,4,numeric_keyword_window,,text,12,"among temperatures (PERMANOVA p < .05, Table 1), with the ex- Table 2). / ceptions of A. tenuis and T. reniformis fragments. A. tenuis showed si- At 26 °C, A. tenuis and P. contigua had the highest growth rates / milar partial mortality between 26 °C and 30 °C, whereas T. reniformis (PERMANOVA pair wise p < .05) (1.64 ± 0.38 g g−1 day−1 and / showed it among all temperatures (PERMANOVA pair-wise p > .05, 1.54 ± 0.32 g g−1 day−1, respectively; PERMANOVA pair wise / Fig. 2a and d). p > .05), whereas G. fascicularis displayed the lowest growth rates",7e65b16b532784cbb3dccf90c3b25dda0e9a125cd73015a9a3956528b2e0fa44
3d374a40-79d3-413b-99c2-670f9da97bef,"Dias et al. - 2018 - Mortality, growth and regeneration following fragmentation of reef-forming corals under thermal stre.pdf","literature/META_ANALYSIS_POOL/Dias et al. - 2018 - Mortality, growth and regeneration following fragmentation of reef-forming corals under thermal stre.pdf",11,4,numeric_keyword_window,,text,12,"and with higher partial mortality (Fig. 2a). 0.14 ± 0.05 g g−1 day−1, respectively; PERMANOVA pair wise / Acropora tenuis, P. damicornis, and S. pistillata had signiﬁcantly p > .05; Table 2). At 32 °C, P. contigua had the highest growth rates / greater partial mortality since the 20th day (20% - 25% in the [75,100] (0.42 ± 0.10 g g−1 day−1, PERMANOVA pair wise p < .05), whereas / class) than all other coral species at 32 °C (PERMANOVA pair-wise T. reniformis displayed the lowest growth rates / p < .05, Fig. 2), but did not vary among each other (PERMANOVA (0.11 ± 0.06 g g−1 day−1, PERMANOVA pair wise p < .05; Table 2).",7e65b16b532784cbb3dccf90c3b25dda0e9a125cd73015a9a3956528b2e0fa44
3d374a40-79d3-413b-99c2-670f9da97bef,"Dias et al. - 2018 - Mortality, growth and regeneration following fragmentation of reef-forming corals under thermal stre.pdf","literature/META_ANALYSIS_POOL/Dias et al. - 2018 - Mortality, growth and regeneration following fragmentation of reef-forming corals under thermal stre.pdf",12,4,numeric_keyword_window,,text,12,"ceptions of A. tenuis and T. reniformis fragments. A. tenuis showed si- At 26 °C, A. tenuis and P. contigua had the highest growth rates / milar partial mortality between 26 °C and 30 °C, whereas T. reniformis (PERMANOVA pair wise p < .05) (1.64 ± 0.38 g g−1 day−1 and / showed it among all temperatures (PERMANOVA pair-wise p > .05, 1.54 ± 0.32 g g−1 day−1, respectively; PERMANOVA pair wise / Fig. 2a and d). p > .05), whereas G. fascicularis displayed the lowest growth rates / The fragments of A. tenuis presented partial mortality in the (0.28 ± 0.08 g g−1 day−1, PERMANOVA pair wise p < .05; Table 2).",7e65b16b532784cbb3dccf90c3b25dda0e9a125cd73015a9a3956528b2e0fa44
c849a042-644e-4b4f-a530-33cfb800d9a9,E and Y - 1996 - Regeneration versus budding in fungiid corals a trade-off.pdf,literature/META_ANALYSIS_POOL/E and Y - 1996 - Regeneration versus budding in fungiid corals a trade-off.pdf,1,4,caption_or_table_start,Fig. 2,figure,14,"Fig. 2. Fungia granulosa. Residual tissue developing into a new polyp: (a) new mouth developing 10 d after breakage. Scale bar = 300 p m . ( b ) New polyp at Day 14; note calyx and developing septae. Scale bar = 600 pm; (c) developed antho- caulus at 21 d , showing calyx scleroseptae and tentacles. Scale bar = 300 pm",e40a05497dc0e328d6cb9199d0322088d74fc7393a8e6c1595e359e38e2e3a5c
c849a042-644e-4b4f-a530-33cfb800d9a9,E and Y - 1996 - Regeneration versus budding in fungiid corals a trade-off.pdf,literature/META_ANALYSIS_POOL/E and Y - 1996 - Regeneration versus budding in fungiid corals a trade-off.pdf,2,4,numeric_keyword_window,,text,12,"Fig. 2. Fungia granulosa. Residual tissue developing into a / new polyp: (a) new mouth developing 10 d after breakage. / Scale bar = 300 p m . ( b ) New polyp at Day 14; note calyx and / developing septae. Scale bar = 600 pm; (c) developed antho- / caulus at 21 d , showing calyx scleroseptae and tentacles.",e40a05497dc0e328d6cb9199d0322088d74fc7393a8e6c1595e359e38e2e3a5c
c849a042-644e-4b4f-a530-33cfb800d9a9,E and Y - 1996 - Regeneration versus budding in fungiid corals a trade-off.pdf,literature/META_ANALYSIS_POOL/E and Y - 1996 - Regeneration versus budding in fungiid corals a trade-off.pdf,3,4,numeric_keyword_window,,text,9,"o r m o u t h s m o s t proximal to t h e original m o u t h d e v e l - s e p t a e ( s e e T a b l e 2, Fig. 3). A n u m b e r of s t o m a e devel- / o p e d fastest, a t times l e a d i n g t o t h e d i s a p p e a r a n c e of o p e d centrally o n e a c h tissue island 10 d to 2 w k after / t h e m o r e distal m o u t h s . T h e n e w m o u t h s eventually b r e a k a g e . Polyps d e v e l o p e d 2 t o 3 w k later Small / d e v e l o p e d into n e w b u d s or anthocauli. Tissue r e m - f r a g m e n t s or slivers g a v e rise to 1 or m o r e polyps",e40a05497dc0e328d6cb9199d0322088d74fc7393a8e6c1595e359e38e2e3a5c
ad751939-b061-4323-9097-c1e7d2e9576f,Fine et al. - 2002 - Bleaching effect on regeneration and resource translocation in the coral Oculina patagonica.pdf,literature/META_ANALYSIS_POOL/Fine et al. - 2002 - Bleaching effect on regeneration and resource translocation in the coral Oculina patagonica.pdf,1,5,caption_or_table_start,Table 3,table,15,"Table 3; Sampling sites in Fig. 2C), exhibited 14C no. bleached L IB OI activity that did not differ significantly from the back- ground levels (LSD p > 0.05). Insignificant 14C activity 1 0 8 615–11 025 201.2 ± 43.6 24.7 ± 5.5 (compared to background levels) was also recorded 2 0 8 670–8 764 170.2 ± 2.0 22.5 ± 2.0 for tissue samples taken from opposite the injury (Site 3 0 6 429–6 527 132.5 ± 6.6 27.2 ± 4.2 4 0 28 780–30 674 453.0 ± 13.0 51.0 ± 1.4 OI; Table 3, p > 0.05; Sampling sites OI in Fig. 2C). 5 15 14 019–14 055 443 ± 18.0 96.5 ± 4.6 Among the 9 partly bleached colonies, only 4 colonies 6 20 27 856–27 806 263.7 ± 42.3 71.0 ± 5.7 (Colonies 5 to 8, exhibiting 15 to 35% bleaching) 7 25 11 024–11 089 329.5 ± 62.0 47.0 ± 3.9 demonstrated oriented translocation of 14C products 8 35 40 757–43 606 308.5 ± 13.9 61.2 ± 23.6 9 40 14 925–15 042 73.2 ± 7.5 49.5 ± 20.6 to lesions (Table 3). 10 55 4 662–4 936 30.2 ± 5.0 30.0 ± 3.3 11 65 10 785–10 819 21.5 ± 0.5 28.7 ± 6.6 12 70 9 724–10 0...",7b14c755c284e8ff481a718385616ea62a26d761d1a7f16173e5e00eb62df9ae
ad751939-b061-4323-9097-c1e7d2e9576f,Fine et al. - 2002 - Bleaching effect on regeneration and resource translocation in the coral Oculina patagonica.pdf,literature/META_ANALYSIS_POOL/Fine et al. - 2002 - Bleaching effect on regeneration and resource translocation in the coral Oculina patagonica.pdf,2,4,numeric_keyword_window,,text,13,"ANOVA with repeated measures, followed by an LSD from the site opposite the bleached section (Sites BB / test were used to compare 14C activity in the sampling and OB: Fig. 2, Table 2) located 4 to 5 cm away from / site bordering the lesion with that opposite the lesion the labelling area exhibited 14C activity that did not / in each of the healthy, partly bleached and totally differ significantly from that of the intact control tissues / bleached colonies. (1-way ANOVA with repeated measures, LSD p > 0.05,",7b14c755c284e8ff481a718385616ea62a26d761d1a7f16173e5e00eb62df9ae
ad751939-b061-4323-9097-c1e7d2e9576f,Fine et al. - 2002 - Bleaching effect on regeneration and resource translocation in the coral Oculina patagonica.pdf,literature/META_ANALYSIS_POOL/Fine et al. - 2002 - Bleaching effect on regeneration and resource translocation in the coral Oculina patagonica.pdf,3,6,numeric_keyword_window,,text,13,"only 4 demonstrated 14C translocation to the site of non lessepsian scleractinian coral invading the Mediter- / ranean Sea. Mar Biol 138:1195–1203 / injury (Colonies 5 to 8; Table 3). It should be noted that Gladfelter EH (1982) White-band disease in Acropora pal- / these particular colonies were 15 to 35% bleached, mata: implications for the structure and growth of shallow / whereas the bleaching percentage of the other col- reefs. Bull Mar Sci 32:639–643",7b14c755c284e8ff481a718385616ea62a26d761d1a7f16173e5e00eb62df9ae
ad751939-b061-4323-9097-c1e7d2e9576f,Fine et al. - 2002 - Bleaching effect on regeneration and resource translocation in the coral Oculina patagonica.pdf,literature/META_ANALYSIS_POOL/Fine et al. - 2002 - Bleaching effect on regeneration and resource translocation in the coral Oculina patagonica.pdf,4,6,numeric_keyword_window,,text,13,"translocation in O. patagonica (Table 3). Of the 9 partly petition between corals. Ecology 70:843–855 / bleached colonies examined by 14C-labelling (Fig. 2C), Fine M, Zibrowius H, Loya Y (2001) Oculina patagonica: a / only 4 demonstrated 14C translocation to the site of non lessepsian scleractinian coral invading the Mediter- / ranean Sea. Mar Biol 138:1195–1203 / injury (Colonies 5 to 8; Table 3). It should be noted that Gladfelter EH (1982) White-band disease in Acropora pal-",7b14c755c284e8ff481a718385616ea62a26d761d1a7f16173e5e00eb62df9ae
ad751939-b061-4323-9097-c1e7d2e9576f,Fine et al. - 2002 - Bleaching effect on regeneration and resource translocation in the coral Oculina patagonica.pdf,literature/META_ANALYSIS_POOL/Fine et al. - 2002 - Bleaching effect on regeneration and resource translocation in the coral Oculina patagonica.pdf,5,2,numeric_keyword_window,,text,12,"Corals have a limited set of resources, such as patagonica (ca. 12 to 14 cm in diameter). Within this / energy and interstitial cells, which have to be shared group 13 colonies were unbleached, 11 were partly / amongst a variety of life functions including sexual and bleached, and 10 were totally bleached. Since bleached / asexual reproduction, growth, maintenance and repair and unbleached sections of the colony can be distin- / (Kozlowski & Wiegert 1986, Harrison & Wallace 1990, guished by a distinct border, colonies with 30 to 80%",7b14c755c284e8ff481a718385616ea62a26d761d1a7f16173e5e00eb62df9ae
ad751939-b061-4323-9097-c1e7d2e9576f,Fine et al. - 2002 - Bleaching effect on regeneration and resource translocation in the coral Oculina patagonica.pdf,literature/META_ANALYSIS_POOL/Fine et al. - 2002 - Bleaching effect on regeneration and resource translocation in the coral Oculina patagonica.pdf,6,4,numeric_keyword_window,,text,12,"5 75 85 0 / 6 100 0 0 1 lesion in the partly bleached colonies attained a / 7 100 0 0 recovery of 85%, whereas most lesions in the un- / 8 100 13 0 bleached colonies healed completely over the 45 d / 9 100 13 0 period (Table 1).",7b14c755c284e8ff481a718385616ea62a26d761d1a7f16173e5e00eb62df9ae
ad751939-b061-4323-9097-c1e7d2e9576f,Fine et al. - 2002 - Bleaching effect on regeneration and resource translocation in the coral Oculina patagonica.pdf,literature/META_ANALYSIS_POOL/Fine et al. - 2002 - Bleaching effect on regeneration and resource translocation in the coral Oculina patagonica.pdf,7,4,numeric_keyword_window,,text,12,"6 100 0 0 1 lesion in the partly bleached colonies attained a / 7 100 0 0 recovery of 85%, whereas most lesions in the un- / 8 100 13 0 bleached colonies healed completely over the 45 d / 9 100 13 0 period (Table 1). / 10 100 38 0",7b14c755c284e8ff481a718385616ea62a26d761d1a7f16173e5e00eb62df9ae
ad751939-b061-4323-9097-c1e7d2e9576f,Fine et al. - 2002 - Bleaching effect on regeneration and resource translocation in the coral Oculina patagonica.pdf,literature/META_ANALYSIS_POOL/Fine et al. - 2002 - Bleaching effect on regeneration and resource translocation in the coral Oculina patagonica.pdf,8,4,caption_or_table_start,Table 1,table,12,"Table 1. Oculina patagonica. Percentage lesion recovery over RESULTS 45 d of 2 cm2 lesions inflicted on the surface of unbleached (n = 13), partly bleached (30 to 80%) (n = 11) and totally Lesion recovery rates in unbleached versus partly bleached (n = 10) colonies and totally bleached colonies",7b14c755c284e8ff481a718385616ea62a26d761d1a7f16173e5e00eb62df9ae
ad751939-b061-4323-9097-c1e7d2e9576f,Fine et al. - 2002 - Bleaching effect on regeneration and resource translocation in the coral Oculina patagonica.pdf,literature/META_ANALYSIS_POOL/Fine et al. - 2002 - Bleaching effect on regeneration and resource translocation in the coral Oculina patagonica.pdf,9,4,numeric_keyword_window,,text,12,"site (Fig. 2B), while in the 9 partly bleached colonies 5 cm2 labelled areas in all experimental colonies / the lesions were inflicted in the bleached section, at a (L, Tables 2 & 3) displayed high 14C activity compared / similar distance of 4 to 5 cm from the labelling site to background 14C activity (i.e. 14C activity in healthy / (Fig. 2C). Five coral samples were taken from each randomly sampled intact Oculina patagonica colonies / labelled colony 48 h after removal of the labelling = 29 ± 6 counts min–1 cm–2, n = 6). Coral tissues taken",7b14c755c284e8ff481a718385616ea62a26d761d1a7f16173e5e00eb62df9ae
ad751939-b061-4323-9097-c1e7d2e9576f,Fine et al. - 2002 - Bleaching effect on regeneration and resource translocation in the coral Oculina patagonica.pdf,literature/META_ANALYSIS_POOL/Fine et al. - 2002 - Bleaching effect on regeneration and resource translocation in the coral Oculina patagonica.pdf,10,5,numeric_keyword_window,,text,12,"competing organisms or total disruption of the physio- in the colony’s ability to continually re-allocate the pri- / logical integration capacity of the colony (Loya 1976a, ority of resource transport among its units in response / Wahle 1983, Brown & Howard 1985, Jokiel & Coles to environmental changes and various stresses caused / 1990, Cameron et al. 1991, Rogers 1993, Ward 1995). by biotic or abiotic factors. The intra-colonial transport / No lesion recovery of totally bleached Oculina patag- of organic compounds within hermatypic corals is in",7b14c755c284e8ff481a718385616ea62a26d761d1a7f16173e5e00eb62df9ae
ad751939-b061-4323-9097-c1e7d2e9576f,Fine et al. - 2002 - Bleaching effect on regeneration and resource translocation in the coral Oculina patagonica.pdf,literature/META_ANALYSIS_POOL/Fine et al. - 2002 - Bleaching effect on regeneration and resource translocation in the coral Oculina patagonica.pdf,11,5,numeric_keyword_window,,text,12,"logical integration capacity of the colony (Loya 1976a, ority of resource transport among its units in response / Wahle 1983, Brown & Howard 1985, Jokiel & Coles to environmental changes and various stresses caused / 1990, Cameron et al. 1991, Rogers 1993, Ward 1995). by biotic or abiotic factors. The intra-colonial transport / No lesion recovery of totally bleached Oculina patag- of organic compounds within hermatypic corals is in / onica colonies and significantly lower lesion recovery fact a well-known phenomenon (Muscatine & Porter",7b14c755c284e8ff481a718385616ea62a26d761d1a7f16173e5e00eb62df9ae
ad751939-b061-4323-9097-c1e7d2e9576f,Fine et al. - 2002 - Bleaching effect on regeneration and resource translocation in the coral Oculina patagonica.pdf,literature/META_ANALYSIS_POOL/Fine et al. - 2002 - Bleaching effect on regeneration and resource translocation in the coral Oculina patagonica.pdf,12,6,caption_or_table_start,Table 3,table,12,"Table 3). This result may indicate the existence of a Glynn PW (1991) Coral-reef bleaching in the 1980s and pos- bleaching threshold, according to which the colony sible connections with global warming. Trends Ecol Evol regulates its rate of resource allocation. The existence 6:175–179 of colony thresholds that determine resource allocation Glynn PW (1993) Coral-reef bleaching — ecological perspec- and the onset of intra-colonial translocation of these tives. Coral Reefs 12:1–17 Goreau TJ, Macfarlane AH (1990) Reduced growth rate of resources reflects a basic life-preserving strategy and Montastrea annularis following the 1987–1988 coral blea- constitutes one of the most important advantages of ching event. Coral Reefs 8:211–215 clonal and colonial organisms. Based on the known Harrison PL, Wallace CC (1990) Reproduction, dispersal and importance of resource translocation for lesion regen- recruitment of scleractinian corals. In: Dubinski Z (ed) Coral reefs, ecosystems of the world,...",7b14c755c284e8ff481a718385616ea62a26d761d1a7f16173e5e00eb62df9ae
e2191f69-a271-4c74-be4c-ebe977248362,Hall - 1997 - Interspecific differences in the regeneration of artificial injuries on scleractinian corals.pdf,literature/META_ANALYSIS_POOL/Hall - 1997 - Interspecific differences in the regeneration of artificial injuries on scleractinian corals.pdf,1,10,caption_or_table_start,Table 4,table,15,Table 4 (a) Linear extension of new growth for the two injury types (tissue removal and branch removal) inflicted on A. millepora and A. gemmifera in experiment 2b (mean6one standard error). (b) Injury size and regeneration (percent of injury recovered) for the three injury types inflicted on A. millepora and A. gemmifera in experirnent 2b (mean6one standard error). (Number of colonies 5 8 and 10 for A. gemmifera and A. millepora respectively) (a) Injury type A. gemmifera A. millepora Regeneration Statistic Regeneration Statistic Linear extension of tissue (mm) 3.1960.86 KW 5 14.4 4.360.31 KW 5 11.3 Linear extension of branch (mm) 0.2560.13 P 5 0.0001 0.5560.12 P 5 0.0008,c43a87e02eaecb2878a33de6afb783bdace5b1c33996dc9e21d7a4656a3f92f3
e2191f69-a271-4c74-be4c-ebe977248362,Hall - 1997 - Interspecific differences in the regeneration of artificial injuries on scleractinian corals.pdf,literature/META_ANALYSIS_POOL/Hall - 1997 - Interspecific differences in the regeneration of artificial injuries on scleractinian corals.pdf,2,6,caption_or_table_start,Fig. 1,figure,14,"Fig. 1. A photographic series showing the recovery of the tissue and scraping injuries inflicted on Porites over time, (where a 5 tissue injury and b 5 scraping injury). A, Infliction of the injury in August. B, Recovery of injuries after 71 days. Note that the scraping injury has nearly completely regenerated while the unrepaired section of both injuries is overgrown with algae. C, Complete recovery of the scraping injury and partial recovery of the tissue injury. D, The tissue injury is still only partially recovered after 215 days. Scale bar 5 1 cm.",c43a87e02eaecb2878a33de6afb783bdace5b1c33996dc9e21d7a4656a3f92f3
e2191f69-a271-4c74-be4c-ebe977248362,Hall - 1997 - Interspecific differences in the regeneration of artificial injuries on scleractinian corals.pdf,literature/META_ANALYSIS_POOL/Hall - 1997 - Interspecific differences in the regeneration of artificial injuries on scleractinian corals.pdf,3,10,numeric_keyword_window,,text,13,Table 4 / (a) Linear extension of new growth for the two injury types (tissue removal and branch removal) inflicted on / A. millepora and A. gemmifera in experiment 2b (mean6one standard error). (b) Injury size and regeneration / (percent of injury recovered) for the three injury types inflicted on A. millepora and A. gemmifera in / experirnent 2b (mean6one standard error). (Number of colonies 5 8 and 10 for A. gemmifera and A. millepora,c43a87e02eaecb2878a33de6afb783bdace5b1c33996dc9e21d7a4656a3f92f3
e2191f69-a271-4c74-be4c-ebe977248362,Hall - 1997 - Interspecific differences in the regeneration of artificial injuries on scleractinian corals.pdf,literature/META_ANALYSIS_POOL/Hall - 1997 - Interspecific differences in the regeneration of artificial injuries on scleractinian corals.pdf,4,4,numeric_keyword_window,,text,12,"(scraping injuries) and extensive tissue and skeleton loss (branch removal). Tissue was / removed from colonies with compressed air which was delivered through the small / nozzle (5-mm diameter) of an air gun. To standardise the injury procedure for all / colonies, the air pressure of the gun was maintained at 60 psi, and the nozzle was held at / a distance of 3 cm away from the colony. All visible tissue was removed from the",c43a87e02eaecb2878a33de6afb783bdace5b1c33996dc9e21d7a4656a3f92f3
e2191f69-a271-4c74-be4c-ebe977248362,Hall - 1997 - Interspecific differences in the regeneration of artificial injuries on scleractinian corals.pdf,literature/META_ANALYSIS_POOL/Hall - 1997 - Interspecific differences in the regeneration of artificial injuries on scleractinian corals.pdf,5,8,caption_or_table_start,Fig. 2,figure,12,"Fig. 2. The amount of regeneration of a central and edge injury for several common reef crest species over 71 days. The error bars are one standard error. smooth band of tissue and skeleton which enveloped the injury and grew over the colonising algae. Polyps were than produced along the margin of the band that was closest to the uninjured tissue. In contrast, rather then producing a smooth band, the massive species (Porites lichen, P. mayeri and G. retiformis) and Pocillopora damicornis produced new polyps directly around the margin of the injury.",c43a87e02eaecb2878a33de6afb783bdace5b1c33996dc9e21d7a4656a3f92f3
e2191f69-a271-4c74-be4c-ebe977248362,Hall - 1997 - Interspecific differences in the regeneration of artificial injuries on scleractinian corals.pdf,literature/META_ANALYSIS_POOL/Hall - 1997 - Interspecific differences in the regeneration of artificial injuries on scleractinian corals.pdf,6,10,numeric_keyword_window,,text,12,A. millepora and A. gemmifera in experiment 2b (mean6one standard error). (b) Injury size and regeneration / (percent of injury recovered) for the three injury types inflicted on A. millepora and A. gemmifera in / experirnent 2b (mean6one standard error). (Number of colonies 5 8 and 10 for A. gemmifera and A. millepora / respectively) / (a),c43a87e02eaecb2878a33de6afb783bdace5b1c33996dc9e21d7a4656a3f92f3
e2191f69-a271-4c74-be4c-ebe977248362,Hall - 1997 - Interspecific differences in the regeneration of artificial injuries on scleractinian corals.pdf,literature/META_ANALYSIS_POOL/Hall - 1997 - Interspecific differences in the regeneration of artificial injuries on scleractinian corals.pdf,7,9,caption_or_table_start,Fig. 3,figure,11,Fig. 3. Percentage of injury regeneration over time for P. australiensis and A. cytherea. The error bars are one standard error.,c43a87e02eaecb2878a33de6afb783bdace5b1c33996dc9e21d7a4656a3f92f3
e2191f69-a271-4c74-be4c-ebe977248362,Hall - 1997 - Interspecific differences in the regeneration of artificial injuries on scleractinian corals.pdf,literature/META_ANALYSIS_POOL/Hall - 1997 - Interspecific differences in the regeneration of artificial injuries on scleractinian corals.pdf,8,5,numeric_keyword_window,,text,10,"To examine the response of corals to a scraping versus a tissue injury, and to / investigate the impact of a scraping injury on species with different morphologies, each / of 10 replicate colonies were inflicted with both injury types, the size of the injury being / 4-cm 2 (Fig. 1). Two abundant coral species, the table coral Acropora cytherea and the",c43a87e02eaecb2878a33de6afb783bdace5b1c33996dc9e21d7a4656a3f92f3
e2191f69-a271-4c74-be4c-ebe977248362,Hall - 1997 - Interspecific differences in the regeneration of artificial injuries on scleractinian corals.pdf,literature/META_ANALYSIS_POOL/Hall - 1997 - Interspecific differences in the regeneration of artificial injuries on scleractinian corals.pdf,9,6,numeric_keyword_window,,text,10,"Fig. 1. A photographic series showing the recovery of the tissue and scraping injuries inflicted on Porites over / time, (where a 5 tissue injury and b 5 scraping injury). A, Infliction of the injury in August. B, Recovery of / injuries after 71 days. Note that the scraping injury has nearly completely regenerated while the unrepaired",c43a87e02eaecb2878a33de6afb783bdace5b1c33996dc9e21d7a4656a3f92f3
e2191f69-a271-4c74-be4c-ebe977248362,Hall - 1997 - Interspecific differences in the regeneration of artificial injuries on scleractinian corals.pdf,literature/META_ANALYSIS_POOL/Hall - 1997 - Interspecific differences in the regeneration of artificial injuries on scleractinian corals.pdf,10,7,numeric_keyword_window,,text,10,"Striking differences were detected in the regenerative ability of corals (Fig. 2, Table / 3). In general, the branching species regenerated a greater proportion of their injuries / than the massive and submassive species within 74 days (Fig. 2). Specifically, A. / robusta regenerated approximately 1.5 times more of the injured area within 74 days",c43a87e02eaecb2878a33de6afb783bdace5b1c33996dc9e21d7a4656a3f92f3
e2191f69-a271-4c74-be4c-ebe977248362,Hall - 1997 - Interspecific differences in the regeneration of artificial injuries on scleractinian corals.pdf,literature/META_ANALYSIS_POOL/Hall - 1997 - Interspecific differences in the regeneration of artificial injuries on scleractinian corals.pdf,11,7,numeric_keyword_window,,text,10,"position of the injury did not affect the rate of regeneration in A. robusta, A. hyacinthus, / P. damicornis, P. lichen, G. retiformis and A. palifera (LSD test). In contrast, P. mayeri / regenerated 25% of its central injuries but none of the edge injuries within 74 days (Fig. / 2). / The removal of tissue with compressed air resulted in the death of tissue within the",c43a87e02eaecb2878a33de6afb783bdace5b1c33996dc9e21d7a4656a3f92f3
e2191f69-a271-4c74-be4c-ebe977248362,Hall - 1997 - Interspecific differences in the regeneration of artificial injuries on scleractinian corals.pdf,literature/META_ANALYSIS_POOL/Hall - 1997 - Interspecific differences in the regeneration of artificial injuries on scleractinian corals.pdf,12,8,numeric_keyword_window,,text,10,Fig. 2. The amount of regeneration of a central and edge injury for several common reef crest species over 71 / days. The error bars are one standard error.,c43a87e02eaecb2878a33de6afb783bdace5b1c33996dc9e21d7a4656a3f92f3
b9536b7f-eb24-428a-8a9f-9750a74faa1f,Hall - 2001 - The response of Acropora hyacinthus and Montipora tuberculosa to three different types of colony dam.pdf,literature/META_ANALYSIS_POOL/Hall - 2001 - The response of Acropora hyacinthus and Montipora tuberculosa to three different types of colony dam.pdf,1,8,caption_or_table_start,Fig. 2,figure,18,"Fig. 2.. This was in marked contrast to the recovery of tissue and breakage injuries where less than 40% of the injured area was regenerated ŽFig. 2.. However, although the regrowth of lost polyps was slow for breakage injuries, most of the section of the colony that was damaged as a result of breakage was rapidly sealed over within 12 days. For breakage injuries, the amount of recovery was approximately twice as high for M. tuberculosa as A. hyacinthus ŽFig. 2.. The overall amount of recovery of all injuries types was much greater in the first 12 days as compared to the second 12 days ŽWithin Subject Effects for census, Table 1, Fig. 2.. This pattern of regeneration among censuses was consistent for species but not injury types ŽWithin Subject Effects, Table 1.. For injury types, the amount of recovery between censuses was approximately 1.2–1.5 times greater for tissue injuries and breakage as compared to scraping injuries ŽFig. 2..",aaa05b6475229dad30de37d1bc6ca9f03ab5c5e0567c7e1d185f5899bcd79a0a
b9536b7f-eb24-428a-8a9f-9750a74faa1f,Hall - 2001 - The response of Acropora hyacinthus and Montipora tuberculosa to three different types of colony dam.pdf,literature/META_ANALYSIS_POOL/Hall - 2001 - The response of Acropora hyacinthus and Montipora tuberculosa to three different types of colony dam.pdf,2,10,caption_or_table_start,Fig. 4,figure,18,"Fig. 4. A scatter plot showing the correlation between amount of regeneration Žcm2 . and amount of algal settlement Žcm2 . over 12 and 24 days. effects, Table 2.. Algal cover declined by 8–10% for tissue injuries, 50% for scraping injuries and more than 50% for breakage between census 1 and census 2 ŽFig. 3.. There was a negative relationship between the amount of regeneration and amount of algal cover ŽPearson’s Correlation Coefficients y0.441 Ž P s 0.001. and y0.348 Ž P s 0.011. for day 12 and 24, respectively ŽFig. 4..",aaa05b6475229dad30de37d1bc6ca9f03ab5c5e0567c7e1d185f5899bcd79a0a
b9536b7f-eb24-428a-8a9f-9750a74faa1f,Hall - 2001 - The response of Acropora hyacinthus and Montipora tuberculosa to three different types of colony dam.pdf,literature/META_ANALYSIS_POOL/Hall - 2001 - The response of Acropora hyacinthus and Montipora tuberculosa to three different types of colony dam.pdf,3,8,numeric_keyword_window,,text,16,"breakage injuries, the amount of recovery was approximately twice as high for M. / tuberculosa as A. hyacinthus ŽFig. 2.. The overall amount of recovery of all injuries / types was much greater in the first 12 days as compared to the second 12 days ŽWithin / Subject Effects for census, Table 1, Fig. 2.. This pattern of regeneration among censuses / was consistent for species but not injury types ŽWithin Subject Effects, Table 1.. For",aaa05b6475229dad30de37d1bc6ca9f03ab5c5e0567c7e1d185f5899bcd79a0a
b9536b7f-eb24-428a-8a9f-9750a74faa1f,Hall - 2001 - The response of Acropora hyacinthus and Montipora tuberculosa to three different types of colony dam.pdf,literature/META_ANALYSIS_POOL/Hall - 2001 - The response of Acropora hyacinthus and Montipora tuberculosa to three different types of colony dam.pdf,4,8,numeric_keyword_window,,text,16,"that was damaged as a result of breakage was rapidly sealed over within 12 days. For / breakage injuries, the amount of recovery was approximately twice as high for M. / tuberculosa as A. hyacinthus ŽFig. 2.. The overall amount of recovery of all injuries / types was much greater in the first 12 days as compared to the second 12 days ŽWithin / Subject Effects for census, Table 1, Fig. 2.. This pattern of regeneration among censuses",aaa05b6475229dad30de37d1bc6ca9f03ab5c5e0567c7e1d185f5899bcd79a0a
b9536b7f-eb24-428a-8a9f-9750a74faa1f,Hall - 2001 - The response of Acropora hyacinthus and Montipora tuberculosa to three different types of colony dam.pdf,literature/META_ANALYSIS_POOL/Hall - 2001 - The response of Acropora hyacinthus and Montipora tuberculosa to three different types of colony dam.pdf,5,8,numeric_keyword_window,,text,16,"types was much greater in the first 12 days as compared to the second 12 days ŽWithin / Subject Effects for census, Table 1, Fig. 2.. This pattern of regeneration among censuses / was consistent for species but not injury types ŽWithin Subject Effects, Table 1.. For / injury types, the amount of recovery between censuses was approximately 1.2–1.5 times / greater for tissue injuries and breakage as compared to scraping injuries ŽFig. 2..",aaa05b6475229dad30de37d1bc6ca9f03ab5c5e0567c7e1d185f5899bcd79a0a
b9536b7f-eb24-428a-8a9f-9750a74faa1f,Hall - 2001 - The response of Acropora hyacinthus and Montipora tuberculosa to three different types of colony dam.pdf,literature/META_ANALYSIS_POOL/Hall - 2001 - The response of Acropora hyacinthus and Montipora tuberculosa to three different types of colony dam.pdf,6,4,numeric_keyword_window,,text,15,"injured region of each colony was monitored photographically with a Nikonos V / underwater camera. Close-up photographs, using a 35-mm close-up attachment, were / taken at the time of the injury, and 12 Žcensus 1. and 24 Žcensus 2. days after the / injuries were inflicted. A ruler attached to the close-up frame was used as a size",aaa05b6475229dad30de37d1bc6ca9f03ab5c5e0567c7e1d185f5899bcd79a0a
b9536b7f-eb24-428a-8a9f-9750a74faa1f,Hall - 2001 - The response of Acropora hyacinthus and Montipora tuberculosa to three different types of colony dam.pdf,literature/META_ANALYSIS_POOL/Hall - 2001 - The response of Acropora hyacinthus and Montipora tuberculosa to three different types of colony dam.pdf,7,8,caption_or_table_start,Fig. 2,figure,14,Fig. 2. Mean regeneration of injuries Žexpressed as a percentage of the original injury size. for injury type and species after 12 and 24 days. ŽError bars represent 1 SE.. 3.1. Amount of regeneration,aaa05b6475229dad30de37d1bc6ca9f03ab5c5e0567c7e1d185f5899bcd79a0a
b9536b7f-eb24-428a-8a9f-9750a74faa1f,Hall - 2001 - The response of Acropora hyacinthus and Montipora tuberculosa to three different types of colony dam.pdf,literature/META_ANALYSIS_POOL/Hall - 2001 - The response of Acropora hyacinthus and Montipora tuberculosa to three different types of colony dam.pdf,8,9,caption_or_table_start,Fig. 3,figure,14,Fig. 3. Mean algal settlement expressed as a percentage of the original injury size for injury types and species after 12 and 24 days. ŽError bars represent 1 SE..,aaa05b6475229dad30de37d1bc6ca9f03ab5c5e0567c7e1d185f5899bcd79a0a
b9536b7f-eb24-428a-8a9f-9750a74faa1f,Hall - 2001 - The response of Acropora hyacinthus and Montipora tuberculosa to three different types of colony dam.pdf,literature/META_ANALYSIS_POOL/Hall - 2001 - The response of Acropora hyacinthus and Montipora tuberculosa to three different types of colony dam.pdf,9,9,caption_or_table_start,Table 2,table,14,Table 2 A summary of the repeated measures ANOVA testing for differences in the amount of algal colonisation between species and injury types ŽBetween Subject Effects. and how these patterns change after 12 and 24 days ŽWithin Subject Effects. Source of variation df Type III SS Mean square F-ratio Probability Between Subject Effects Species 1 0.026 0.026 2.60 0.114 Injury Type 2 7.724 3.862 392.59 0.000 Species)Injury Type 2 0.057 0.028 2.87 0.066 Error 47 0.462 0.010,aaa05b6475229dad30de37d1bc6ca9f03ab5c5e0567c7e1d185f5899bcd79a0a
b9536b7f-eb24-428a-8a9f-9750a74faa1f,Hall - 2001 - The response of Acropora hyacinthus and Montipora tuberculosa to three different types of colony dam.pdf,literature/META_ANALYSIS_POOL/Hall - 2001 - The response of Acropora hyacinthus and Montipora tuberculosa to three different types of colony dam.pdf,10,8,numeric_keyword_window,,text,12,Fig. 2. Mean regeneration of injuries Žexpressed as a percentage of the original injury size. for injury type and / species after 12 and 24 days. ŽError bars represent 1 SE..,aaa05b6475229dad30de37d1bc6ca9f03ab5c5e0567c7e1d185f5899bcd79a0a
b9536b7f-eb24-428a-8a9f-9750a74faa1f,Hall - 2001 - The response of Acropora hyacinthus and Montipora tuberculosa to three different types of colony dam.pdf,literature/META_ANALYSIS_POOL/Hall - 2001 - The response of Acropora hyacinthus and Montipora tuberculosa to three different types of colony dam.pdf,11,9,numeric_keyword_window,,text,12,Fig. 3. Mean algal settlement expressed as a percentage of the original injury size for injury types and species / after 12 and 24 days. ŽError bars represent 1 SE..,aaa05b6475229dad30de37d1bc6ca9f03ab5c5e0567c7e1d185f5899bcd79a0a
b9536b7f-eb24-428a-8a9f-9750a74faa1f,Hall - 2001 - The response of Acropora hyacinthus and Montipora tuberculosa to three different types of colony dam.pdf,literature/META_ANALYSIS_POOL/Hall - 2001 - The response of Acropora hyacinthus and Montipora tuberculosa to three different types of colony dam.pdf,12,9,numeric_keyword_window,,text,12,Table 2 / A summary of the repeated measures ANOVA testing for differences in the amount of algal colonisation / between species and injury types ŽBetween Subject Effects. and how these patterns change after 12 and 24 / days ŽWithin Subject Effects. / Source of variation df Type III SS Mean square F-ratio Probability,aaa05b6475229dad30de37d1bc6ca9f03ab5c5e0567c7e1d185f5899bcd79a0a
33b7b9b2-9041-454b-bba3-abfadd68029f,Hall et al. - 2015 - Lesion recovery of two scleractinian corals under low pH conditions Implications for restoration ef.pdf,literature/META_ANALYSIS_POOL/Hall et al. - 2015 - Lesion recovery of two scleractinian corals under low pH conditions Implications for restoration ef.pdf,1,3,numeric_keyword_window,,text,23,"we report on how reduced pH conditions affect lesion regeneration in mate for 10 more days to allow for healing. For lesion recovery measure- / varying sized fragments of Porites porites and Porites astreoides. We ments, photographs were taken of each coral by digital camera at a ﬁxed / chose to use future predicted values of sea surface pH values for the distance and processed with ImageJ® software daily (Fig. 1). Recovery / next century (IPCC, 2014). This study is the ﬁrst to determine if of lesions was quantiﬁed and expressed as percent tissue regeneration / fragment size effects tissue regeneration in low pH conditions and from day 1 to day 20. After 20 days, short term physiological and func-",06915e9c23f23da9f7954054c253f1ccafa2228a742f57a00d9a4c3afd67e9d9
33b7b9b2-9041-454b-bba3-abfadd68029f,Hall et al. - 2015 - Lesion recovery of two scleractinian corals under low pH conditions Implications for restoration ef.pdf,literature/META_ANALYSIS_POOL/Hall et al. - 2015 - Lesion recovery of two scleractinian corals under low pH conditions Implications for restoration ef.pdf,2,3,numeric_keyword_window,,text,18,"chose to use future predicted values of sea surface pH values for the distance and processed with ImageJ® software daily (Fig. 1). Recovery / next century (IPCC, 2014). This study is the ﬁrst to determine if of lesions was quantiﬁed and expressed as percent tissue regeneration / fragment size effects tissue regeneration in low pH conditions and from day 1 to day 20. After 20 days, short term physiological and func- / could be greatly beneﬁcial to restorative efforts. tional responses were measured using chlorophyll a, total protein, zoo- / xanthellae counts, and surface area as described below. Short term",06915e9c23f23da9f7954054c253f1ccafa2228a742f57a00d9a4c3afd67e9d9
33b7b9b2-9041-454b-bba3-abfadd68029f,Hall et al. - 2015 - Lesion recovery of two scleractinian corals under low pH conditions Implications for restoration ef.pdf,literature/META_ANALYSIS_POOL/Hall et al. - 2015 - Lesion recovery of two scleractinian corals under low pH conditions Implications for restoration ef.pdf,3,3,numeric_keyword_window,,text,18,"varying sized fragments of Porites porites and Porites astreoides. We ments, photographs were taken of each coral by digital camera at a ﬁxed / chose to use future predicted values of sea surface pH values for the distance and processed with ImageJ® software daily (Fig. 1). Recovery / next century (IPCC, 2014). This study is the ﬁrst to determine if of lesions was quantiﬁed and expressed as percent tissue regeneration / fragment size effects tissue regeneration in low pH conditions and from day 1 to day 20. After 20 days, short term physiological and func- / could be greatly beneﬁcial to restorative efforts. tional responses were measured using chlorophyll a, total protein, zoo-",06915e9c23f23da9f7954054c253f1ccafa2228a742f57a00d9a4c3afd67e9d9
33b7b9b2-9041-454b-bba3-abfadd68029f,Hall et al. - 2015 - Lesion recovery of two scleractinian corals under low pH conditions Implications for restoration ef.pdf,literature/META_ANALYSIS_POOL/Hall et al. - 2015 - Lesion recovery of two scleractinian corals under low pH conditions Implications for restoration ef.pdf,4,3,numeric_keyword_window,,text,15,"parameters, however changes in pH alone are potentially enough of a and fragment size combination: 8.1/1 × 1; 8.1/5 × 5; 7.6/1 × 1; and 7.6/ / stressor based on the “proton ﬂux hypotheses” (Jokiel, 2011). Here, 5 × 5 in ﬂow through aquarium tanks. Fragments were allowed to accli- / we report on how reduced pH conditions affect lesion regeneration in mate for 10 more days to allow for healing. For lesion recovery measure- / varying sized fragments of Porites porites and Porites astreoides. We ments, photographs were taken of each coral by digital camera at a ﬁxed / chose to use future predicted values of sea surface pH values for the distance and processed with ImageJ® software daily (Fig. 1). Recovery",06915e9c23f23da9f7954054c253f1ccafa2228a742f57a00d9a4c3afd67e9d9
33b7b9b2-9041-454b-bba3-abfadd68029f,Hall et al. - 2015 - Lesion recovery of two scleractinian corals under low pH conditions Implications for restoration ef.pdf,literature/META_ANALYSIS_POOL/Hall et al. - 2015 - Lesion recovery of two scleractinian corals under low pH conditions Implications for restoration ef.pdf,5,6,numeric_keyword_window,,text,15,"et al., 2002). In the present study, only small fragments of both species states, and the unprecedented convergence of two reef systems. Ecology 85, / 1876–1891. / showed 100% recovery within 9 days. Of the completely recovered frag- Bak, R.P.M., Van Es, Y.S., 1980. Regeneration of superﬁcial damage in the scleractinian / ments, the majority for P. porites were in control pH treatment while corals Agaricia agaricites, F. purpurea and Porites astreoides. Bull. Mar. Sci. 30, 883–887. / there were no differences with pH for P. astreoides. Regeneration of Bak, R.P.M., 1983. Neoplasia, regeneration and growth in the reef-building coral Acropora",06915e9c23f23da9f7954054c253f1ccafa2228a742f57a00d9a4c3afd67e9d9
33b7b9b2-9041-454b-bba3-abfadd68029f,Hall et al. - 2015 - Lesion recovery of two scleractinian corals under low pH conditions Implications for restoration ef.pdf,literature/META_ANALYSIS_POOL/Hall et al. - 2015 - Lesion recovery of two scleractinian corals under low pH conditions Implications for restoration ef.pdf,6,4,caption_or_table_start,Fig. 2,figure,14,"Fig. 2. Average percent lesion recovery (mean ± SEM, n = 9) after 10 days for (A) Porites porites and (B) P. astreoides in low (L-7.6) and control (C-8.1) pH and two fragment sizes (1 × 1 cm and 5 × 5 cm). (excluding the lesion area). The aluminum foil was then removed, 3. Results measured, and weighed with an analytical balance and calibrated against a standard linear curve for surface area and weight. To estimate 3.1. Lesion recovery zooxanthellae density and chlorophyll concentration, the tissue slurry was collected in a Falcon tube with up to 45 mL of the sample slurry Lesion recovery rate was signiﬁcantly lower at pH 7.6 than pH 8.1 and homogenized. A sub-sample of the slurry (1 mL) was taken for (average 78% compared to average 52% after 9 days of incubation) for zooxanthellae counts. Symbiont densities were counted using a com- both fragment sizes of P. porites (F(1,32) = 15.087, p b 0.001, Fig. 2(a)). pound light microscope (Leica CME, Buffalo, Illinois, USA) and hemocy- No...",06915e9c23f23da9f7954054c253f1ccafa2228a742f57a00d9a4c3afd67e9d9
33b7b9b2-9041-454b-bba3-abfadd68029f,Hall et al. - 2015 - Lesion recovery of two scleractinian corals under low pH conditions Implications for restoration ef.pdf,literature/META_ANALYSIS_POOL/Hall et al. - 2015 - Lesion recovery of two scleractinian corals under low pH conditions Implications for restoration ef.pdf,7,4,numeric_keyword_window,,text,14,"variables) were run on percent recovery rates, zooxanthellae density, 4. Discussion / chlorophyll a, and protein for P. porites and P. astreoides to compare / pH (L and C) and fragment size (5 × 5 cm and 1 × 1 cm) treatments. This study investigated the effect of reduced pH and fragment size / Kruskal–Wallis one tests were run for non-normal sample sets. on lesion recovery rates of con-generic coral species used for coral reef / Shapiro–Wilk tests were run for normality. restoration. Lesion recovery is a life-preserving process that often",06915e9c23f23da9f7954054c253f1ccafa2228a742f57a00d9a4c3afd67e9d9
33b7b9b2-9041-454b-bba3-abfadd68029f,Hall et al. - 2015 - Lesion recovery of two scleractinian corals under low pH conditions Implications for restoration ef.pdf,literature/META_ANALYSIS_POOL/Hall et al. - 2015 - Lesion recovery of two scleractinian corals under low pH conditions Implications for restoration ef.pdf,8,5,caption_or_table_start,Fig. 4,figure,14,"Fig. 4. Chlorophyll a/zooxanthellae cell (mean ± SEM, n = 7) for (A) Porites porites and (B) P. astreoides in low (L-7.6) and control (C-8.1) pH and two fragment sizes (1 × 1 cm and 5 × 5 cm). derives energy and cells at the expense of other physiological processes solitary colonies recover faster than large corals with similar amounts (Meesters et al., 1997). Lesion recovery rates have been extensively of damage (Chadwick and Loya, 1990; Andres and Rodenhouse, 1993; studied (Lirman, 2000; Cròquer et al., 2002; Henry and Hart, 2005; Lirman, 2000), and others have shown no relationship between colony Tentori and Allemand, 2006; Titlyanov and Titlyanov, 2009), however size and regeneration rate (Wahle, 1983). After damage, repair requires many studies have been long-term (N30 days) and haven't focused on metabolic resources in the form of carbon which are trans-located from restoration efforts. In this short term study, we saw 90–100% recovery undamaged portions of the coral (Cameron...",06915e9c23f23da9f7954054c253f1ccafa2228a742f57a00d9a4c3afd67e9d9
33b7b9b2-9041-454b-bba3-abfadd68029f,Hall et al. - 2015 - Lesion recovery of two scleractinian corals under low pH conditions Implications for restoration ef.pdf,literature/META_ANALYSIS_POOL/Hall et al. - 2015 - Lesion recovery of two scleractinian corals under low pH conditions Implications for restoration ef.pdf,9,3,numeric_keyword_window,,text,13,"recuperate quickly in order to prevent pathogens and boring organ- Mettler Toledo, OH, USA) and a YSI multiprobe (Pro1030, OH, USA). / isms from penetrating to the coral tissue and exposed skeleton Prior to experiments, the pH electrode was calibrated against National / (Bowden-Kerby, 2001; Rinkevich, 2005). Faster healing processes will Bureau of Standards (NBS) scale buffers of 4.01, 7.00, and 10.00 at / likely allow for a better chance of survival and ability to allocate more 25 °C. The manufacturer's technical speciﬁcations of the pH meter are / energy to growth. Nevertheless, once those fragments are placed in 0.01 pH for resolution and ±0.01 (standard error) for accuracy. After",06915e9c23f23da9f7954054c253f1ccafa2228a742f57a00d9a4c3afd67e9d9
33b7b9b2-9041-454b-bba3-abfadd68029f,Hall et al. - 2015 - Lesion recovery of two scleractinian corals under low pH conditions Implications for restoration ef.pdf,literature/META_ANALYSIS_POOL/Hall et al. - 2015 - Lesion recovery of two scleractinian corals under low pH conditions Implications for restoration ef.pdf,10,4,numeric_keyword_window,,text,13,"dent and interaction relationships between treatment variables. in smaller fragments (F(1,24) = 10.460, p b 0.05, Fig. 5). / One-way ANOVAs (with pH and fragment size as the independent / variables) were run on percent recovery rates, zooxanthellae density, 4. Discussion / chlorophyll a, and protein for P. porites and P. astreoides to compare / pH (L and C) and fragment size (5 × 5 cm and 1 × 1 cm) treatments. This study investigated the effect of reduced pH and fragment size",06915e9c23f23da9f7954054c253f1ccafa2228a742f57a00d9a4c3afd67e9d9
33b7b9b2-9041-454b-bba3-abfadd68029f,Hall et al. - 2015 - Lesion recovery of two scleractinian corals under low pH conditions Implications for restoration ef.pdf,literature/META_ANALYSIS_POOL/Hall et al. - 2015 - Lesion recovery of two scleractinian corals under low pH conditions Implications for restoration ef.pdf,11,3,caption_or_table_start,Fig. 1,figure,12,"Fig. 1. Lesion recovery of representative Porites porites and P. astreoides after 10 days under 2 pH conditions (C-8.1 and L-7.6) and for 2 fragment sizes (1 × 1 cm and 5 × 5 cm). Please cite this article as: Hall, E.R., et al., Lesion recovery of two scleractinian corals under low pH conditions: Implications for restoration efforts, Marine Pollution Bulletin (2015), http://dx.doi.org/10.1016/j.marpolbul.2015.08.030",06915e9c23f23da9f7954054c253f1ccafa2228a742f57a00d9a4c3afd67e9d9
33b7b9b2-9041-454b-bba3-abfadd68029f,Hall et al. - 2015 - Lesion recovery of two scleractinian corals under low pH conditions Implications for restoration ef.pdf,literature/META_ANALYSIS_POOL/Hall et al. - 2015 - Lesion recovery of two scleractinian corals under low pH conditions Implications for restoration ef.pdf,12,4,numeric_keyword_window,,text,12,"Fig. 2. Average percent lesion recovery (mean ± SEM, n = 9) after 10 days for (A) Porites porites and (B) P. astreoides in low (L-7.6) and control (C-8.1) pH and two fragment sizes (1 × 1 cm / and 5 × 5 cm).",06915e9c23f23da9f7954054c253f1ccafa2228a742f57a00d9a4c3afd67e9d9
2b8676ad-34ad-450c-8649-095d5be68458,Hall_Injury_and_regeneration_of_common_reef-crest_corals.pdf,literature/META_ANALYSIS_POOL/INJURY AND REGENERATION OF COMMON REEF-CREST CORALS.pdf,1,45,caption_or_table_start,Figure 2,figure,17,"Figure 2.7. The range ( | ) and average number of injuries per colony + SE ( - I ) present on large and small colonies of G. retiformis, A. gemmifera and A. hyacinthus in February 1994 and February 1995. (Sample sizes for small and large colonies of G. retiformis, A. gemmifera and A. hyacinthus are 11,11,9,10,10,9,10,9,10,8,10, and 10 respectivlely).",e6f4ee22b3be609d6d2b438d4466f1a65016b6674d20cf6b2adbc0115ff84b9f
2b8676ad-34ad-450c-8649-095d5be68458,Hall_Injury_and_regeneration_of_common_reef-crest_corals.pdf,literature/META_ANALYSIS_POOL/INJURY AND REGENERATION OF COMMON REEF-CREST CORALS.pdf,2,74,caption_or_table_start,Table 3,table,17,"Table 3.4: (a) Linear extension of new growth for the two injury types (tissue removal and branch removal) inflicted on A. millepora and A. gemmifera in experiment 2b (mean + 1 SE). KW represents the Kruskal- Wallis statistic obtained by comparing the differences in linear extension between the two injury types, and P equals the probability. (b) Injury size and regeneration (percent of injury recovered) for the two injury types inflicted on A. millepora and A. gemmifera in experiment 2b (mean + 1 SE). (Number of colonies =8 and 10 for A. gemmifera and A. millepora respectively).",e6f4ee22b3be609d6d2b438d4466f1a65016b6674d20cf6b2adbc0115ff84b9f
2b8676ad-34ad-450c-8649-095d5be68458,Hall_Injury_and_regeneration_of_common_reef-crest_corals.pdf,literature/META_ANALYSIS_POOL/INJURY AND REGENERATION OF COMMON REEF-CREST CORALS.pdf,3,85,numeric_keyword_window,,text,17,"To determine the amount of regeneration of the injuries over time, they were monitored / photographically with a Nikonos V underwater camera. Close-up photographs, using a / 35mm close-up attachment, were taken at the time of the injury, and 12 (census 1) and / 24 (census 2) days after the injuries were inflicted. A ruler attached to the close-up / frame was used as a size reference. The amount of regeneration that had taken place",e6f4ee22b3be609d6d2b438d4466f1a65016b6674d20cf6b2adbc0115ff84b9f
2b8676ad-34ad-450c-8649-095d5be68458,Hall_Injury_and_regeneration_of_common_reef-crest_corals.pdf,literature/META_ANALYSIS_POOL/INJURY AND REGENERATION OF COMMON REEF-CREST CORALS.pdf,4,85,numeric_keyword_window,,text,17,"photographically with a Nikonos V underwater camera. Close-up photographs, using a / 35mm close-up attachment, were taken at the time of the injury, and 12 (census 1) and / 24 (census 2) days after the injuries were inflicted. A ruler attached to the close-up / frame was used as a size reference. The amount of regeneration that had taken place / over time was quantified from the photographs by projecting the image at its actual size",e6f4ee22b3be609d6d2b438d4466f1a65016b6674d20cf6b2adbc0115ff84b9f
2b8676ad-34ad-450c-8649-095d5be68458,Hall_Injury_and_regeneration_of_common_reef-crest_corals.pdf,literature/META_ANALYSIS_POOL/INJURY AND REGENERATION OF COMMON REEF-CREST CORALS.pdf,5,88,numeric_keyword_window,,text,16,"approximately twice as high for M. tuberculosa as A. hyacinthus (Figure 4.2). The / overall amount of recovery of all injuries types was much greater in the first 12 days as / compared to the second 12 days (Within Subject Effects for census, Table 4.1, Figure / 4.2). This pattern of regeneration among censuses was consistent for species but not",e6f4ee22b3be609d6d2b438d4466f1a65016b6674d20cf6b2adbc0115ff84b9f
2b8676ad-34ad-450c-8649-095d5be68458,Hall_Injury_and_regeneration_of_common_reef-crest_corals.pdf,literature/META_ANALYSIS_POOL/INJURY AND REGENERATION OF COMMON REEF-CREST CORALS.pdf,6,88,numeric_keyword_window,,text,16,"see chapter 3, section 3.4.2). For breakage injuries, the amount of recovery was / approximately twice as high for M. tuberculosa as A. hyacinthus (Figure 4.2). The / overall amount of recovery of all injuries types was much greater in the first 12 days as / compared to the second 12 days (Within Subject Effects for census, Table 4.1, Figure / 4.2). This pattern of regeneration among censuses was consistent for species but not",e6f4ee22b3be609d6d2b438d4466f1a65016b6674d20cf6b2adbc0115ff84b9f
2b8676ad-34ad-450c-8649-095d5be68458,Hall_Injury_and_regeneration_of_common_reef-crest_corals.pdf,literature/META_ANALYSIS_POOL/INJURY AND REGENERATION OF COMMON REEF-CREST CORALS.pdf,7,93,numeric_keyword_window,,text,16,"available for regeneration has been adjusted for by ANCOVA (Between subject effects, / species, Table 4.4). The adjusted amount of regeneration for breakage injuries was 1.95 / + 0.3 cm2 and 1.24 + 0.2 cm2 for A. hyacinthus and M. tuberculosa, respectively. Thus, / this result suggests that the recovery of breakage injuries is similar among species / providing the area available for regeneration is the same.",e6f4ee22b3be609d6d2b438d4466f1a65016b6674d20cf6b2adbc0115ff84b9f
2b8676ad-34ad-450c-8649-095d5be68458,Hall_Injury_and_regeneration_of_common_reef-crest_corals.pdf,literature/META_ANALYSIS_POOL/INJURY AND REGENERATION OF COMMON REEF-CREST CORALS.pdf,8,93,numeric_keyword_window,,text,16,"significant difference in regeneration is negligible once the effect of amount of tissue / available for regeneration has been adjusted for by ANCOVA (Between subject effects, / species, Table 4.4). The adjusted amount of regeneration for breakage injuries was 1.95 / + 0.3 cm2 and 1.24 + 0.2 cm2 for A. hyacinthus and M. tuberculosa, respectively. Thus, / this result suggests that the recovery of breakage injuries is similar among species",e6f4ee22b3be609d6d2b438d4466f1a65016b6674d20cf6b2adbc0115ff84b9f
2b8676ad-34ad-450c-8649-095d5be68458,Hall_Injury_and_regeneration_of_common_reef-crest_corals.pdf,literature/META_ANALYSIS_POOL/INJURY AND REGENERATION OF COMMON REEF-CREST CORALS.pdf,9,15,caption_or_table_start,Table 2,table,15,"Table 2.9. The number of censuses in which colonies sustained injuries recorded over 3 - 4 monthly intervals from 1994 - 1995 and 1995 - 1996 for small and large colonies of G. retiformis, A. hyacinthus and A. gemmifera …………………………………………… 33",e6f4ee22b3be609d6d2b438d4466f1a65016b6674d20cf6b2adbc0115ff84b9f
2b8676ad-34ad-450c-8649-095d5be68458,Hall_Injury_and_regeneration_of_common_reef-crest_corals.pdf,literature/META_ANALYSIS_POOL/INJURY AND REGENERATION OF COMMON REEF-CREST CORALS.pdf,10,64,caption_or_table_start,Table 3,table,15,"Table 3.1: A list of studies showing the places and scleractinian corals for which experimental studies on injury and regeneration have been conducted. SPECIES REFERENCE Caribbean Acropora palmata Bak 1983; Meesters et al. 1992; 1997b Meesters and Bak 1995 Montastrea annularis Bak et al. 1977; Meesters et al. 1983, 1994; Van Veghel and Bak 1994; Meandrina meandrites Meesters and Bak 1993 Porties astreoides Bak and Steward-Van Es 1980; Meesters et al. 1992 Agaricia agaricites Bak et al. 1977; Bak and Steward-Van Es 1980 Siderastrea siderea, Diploria Strigosa Meesters et al. 1992 Red Sea Stylophora pistillata Loya 1976; Rinkevich and Loya 1989 Favia favus Oren et al. 1997 Japan Acropora formosa, A. nasuta Kobayashi 1984 Western Australia Pocillopora damicornis Ward 1995 Great Barrier Reef, Australia Acropora millepora, Liddle and Kay 1987 Acropora palifera Pocillopora damicornis Porites lutea Pocillopora damicornis, Goniastrea This Study retiformis, Porites mayeri, P. lichen, P. austr...",e6f4ee22b3be609d6d2b438d4466f1a65016b6674d20cf6b2adbc0115ff84b9f
2b8676ad-34ad-450c-8649-095d5be68458,Hall_Injury_and_regeneration_of_common_reef-crest_corals.pdf,literature/META_ANALYSIS_POOL/INJURY AND REGENERATION OF COMMON REEF-CREST CORALS.pdf,11,89,numeric_keyword_window,,text,15,Injury Type / I □ Day 12 ■ Day 24,e6f4ee22b3be609d6d2b438d4466f1a65016b6674d20cf6b2adbc0115ff84b9f
2b8676ad-34ad-450c-8649-095d5be68458,Hall_Injury_and_regeneration_of_common_reef-crest_corals.pdf,literature/META_ANALYSIS_POOL/INJURY AND REGENERATION OF COMMON REEF-CREST CORALS.pdf,12,19,caption_or_table_start,Figure 4,figure,14,Figure 4.2. The mean regeneration of injuries for injury type and species after 12 and 24 days ……………………………………………………..… 70,e6f4ee22b3be609d6d2b438d4466f1a65016b6674d20cf6b2adbc0115ff84b9f
58b15640-3061-4ea9-a606-877701eef38c,"Hamman - 2019 - Spatial distribution of damage affects the healing, growth, and morphology of coral.pdf","literature/META_ANALYSIS_POOL/Hamman - 2019 - Spatial distribution of damage affects the healing, growth, and morphology of coral.pdf",1,7,caption_or_table_start,Fig. 2,figure,19,"Fig. 2 Effect of lesion spacing on a percent of lesion healed and b 3.5 cm after 20 days, but not 39. There were no significant effects coral skeletal growth rate and after 20 (light gray bars) and 39 (dark between distance between lesion centers and skeletal growth. Values gray bars) days. The percent of lesion healed was significant between plotted are fitted values from the mixed effects model and error bars corals with lesions with centers separated by 1.2 cm and by at least represent ± 1 SE (N = 10)",19474eb33005171d39d032c8379a90e7b8025a6fa55b5d8aaa7990707793b5e1
58b15640-3061-4ea9-a606-877701eef38c,"Hamman - 2019 - Spatial distribution of damage affects the healing, growth, and morphology of coral.pdf","literature/META_ANALYSIS_POOL/Hamman - 2019 - Spatial distribution of damage affects the healing, growth, and morphology of coral.pdf",2,7,numeric_keyword_window,,text,17,"Fig. 2 Effect of lesion spacing on a percent of lesion healed and b 3.5 cm after 20 days, but not 39. There were no significant effects / coral skeletal growth rate and after 20 (light gray bars) and 39 (dark between distance between lesion centers and skeletal growth. Values / gray bars) days. The percent of lesion healed was significant between plotted are fitted values from the mixed effects model and error bars / corals with lesions with centers separated by 1.2 cm and by at least represent ± 1 SE (N = 10)",19474eb33005171d39d032c8379a90e7b8025a6fa55b5d8aaa7990707793b5e1
58b15640-3061-4ea9-a606-877701eef38c,"Hamman - 2019 - Spatial distribution of damage affects the healing, growth, and morphology of coral.pdf","literature/META_ANALYSIS_POOL/Hamman - 2019 - Spatial distribution of damage affects the healing, growth, and morphology of coral.pdf",3,11,numeric_keyword_window,,text,17,"D’Angelo C, Smith EG, Oswald F et al (2012) Locally accelerated 140. https​://doi.org/10.1046/j.1365-2435.1999.00296​.x / growth is part of the innate immune response and repair mecha- Jayewardene D (2010) Experimental determination of the cost of lesion / nisms in reef-building corals as detected by green fluorescent pro- healing on Porites compressa growth. Coral Reefs 29:131–135. / tein (GFP)-like pigments. Coral Reefs 31:1045–1056. https​://doi. https​://doi.org/10.1007/s0033​8-009-0560-2 / org/10.1007/s0033​8-012-0926-8 Jayewardene D, Donahue MJ, Birkeland C (2009) Effects of frequent",19474eb33005171d39d032c8379a90e7b8025a6fa55b5d8aaa7990707793b5e1
58b15640-3061-4ea9-a606-877701eef38c,"Hamman - 2019 - Spatial distribution of damage affects the healing, growth, and morphology of coral.pdf","literature/META_ANALYSIS_POOL/Hamman - 2019 - Spatial distribution of damage affects the healing, growth, and morphology of coral.pdf",4,11,numeric_keyword_window,,text,17,"foundation species as reefs degrade. Ecol Appl 28:1673–1682. vestris branches to simulated herbivory are modified by tree sink/ / https​://doi.org/10.1002/eap.1765 source dynamics and by external resources. Funct Ecol 13:126– / D’Angelo C, Smith EG, Oswald F et al (2012) Locally accelerated 140. https​://doi.org/10.1046/j.1365-2435.1999.00296​.x / growth is part of the innate immune response and repair mecha- Jayewardene D (2010) Experimental determination of the cost of lesion / nisms in reef-building corals as detected by green fluorescent pro- healing on Porites compressa growth. Coral Reefs 29:131–135.",19474eb33005171d39d032c8379a90e7b8025a6fa55b5d8aaa7990707793b5e1
58b15640-3061-4ea9-a606-877701eef38c,"Hamman - 2019 - Spatial distribution of damage affects the healing, growth, and morphology of coral.pdf","literature/META_ANALYSIS_POOL/Hamman - 2019 - Spatial distribution of damage affects the healing, growth, and morphology of coral.pdf",5,11,numeric_keyword_window,,text,17,"https​://doi.org/10.1002/eap.1765 source dynamics and by external resources. Funct Ecol 13:126– / D’Angelo C, Smith EG, Oswald F et al (2012) Locally accelerated 140. https​://doi.org/10.1046/j.1365-2435.1999.00296​.x / growth is part of the innate immune response and repair mecha- Jayewardene D (2010) Experimental determination of the cost of lesion / nisms in reef-building corals as detected by green fluorescent pro- healing on Porites compressa growth. Coral Reefs 29:131–135. / tein (GFP)-like pigments. Coral Reefs 31:1045–1056. https​://doi. https​://doi.org/10.1007/s0033​8-009-0560-2",19474eb33005171d39d032c8379a90e7b8025a6fa55b5d8aaa7990707793b5e1
58b15640-3061-4ea9-a606-877701eef38c,"Hamman - 2019 - Spatial distribution of damage affects the healing, growth, and morphology of coral.pdf","literature/META_ANALYSIS_POOL/Hamman - 2019 - Spatial distribution of damage affects the healing, growth, and morphology of coral.pdf",6,7,numeric_keyword_window,,text,15,"Distance between Lesion Centers (cm) Distance between Lesion Centers (cm) / Fig. 2 Effect of lesion spacing on a percent of lesion healed and b 3.5 cm after 20 days, but not 39. There were no significant effects / coral skeletal growth rate and after 20 (light gray bars) and 39 (dark between distance between lesion centers and skeletal growth. Values / gray bars) days. The percent of lesion healed was significant between plotted are fitted values from the mixed effects model and error bars",19474eb33005171d39d032c8379a90e7b8025a6fa55b5d8aaa7990707793b5e1
58b15640-3061-4ea9-a606-877701eef38c,"Hamman - 2019 - Spatial distribution of damage affects the healing, growth, and morphology of coral.pdf","literature/META_ANALYSIS_POOL/Hamman - 2019 - Spatial distribution of damage affects the healing, growth, and morphology of coral.pdf",7,2,numeric_keyword_window,,text,14,"proximity, and connectivity of neighboring units to the dam- 19 months (van Woesik 1998), yet few are completely healed / aged unit may influence the rate of recovery of the entire within 6 months (Denis et al. 2011). / genet. Damaged units with higher connectivity to healthy Many factors influence the rate of regeneration, likely by",19474eb33005171d39d032c8379a90e7b8025a6fa55b5d8aaa7990707793b5e1
58b15640-3061-4ea9-a606-877701eef38c,"Hamman - 2019 - Spatial distribution of damage affects the healing, growth, and morphology of coral.pdf","literature/META_ANALYSIS_POOL/Hamman - 2019 - Spatial distribution of damage affects the healing, growth, and morphology of coral.pdf",8,3,numeric_keyword_window,,text,12,"Indeed, damage allotted between multiple lesions rather In each photograph, a technician identified lesions on / than one large (or two adjacent lesions) has greater healing massive Porites (areas of visible skeleton within continuous / (DeFilippo et al. 2016). coral tissue), and circled each lesion using Image J (Fig. 1, / Corals with lesions that are dispersed might heal lesions Online Resource). For each lesion, the technician quanti- / more quickly, but temporarily allot fewer resources to the fied its area and perimeter, and the x–y coordinate of the",19474eb33005171d39d032c8379a90e7b8025a6fa55b5d8aaa7990707793b5e1
58b15640-3061-4ea9-a606-877701eef38c,"Hamman - 2019 - Spatial distribution of damage affects the healing, growth, and morphology of coral.pdf","literature/META_ANALYSIS_POOL/Hamman - 2019 - Spatial distribution of damage affects the healing, growth, and morphology of coral.pdf",9,5,numeric_keyword_window,,text,12,"tion) and laid flat upon the coral (resting on at least three also variable (Fig. 1d). / points). I then measured the perpendicular distance from / the coral to the plate at each of the 20 locations and used Effect of damage distribution on lesion healing / the variance of these distances to quantify surface rugosity and colony growth / (i.e., “bumpiness”); corals with high variances were more",19474eb33005171d39d032c8379a90e7b8025a6fa55b5d8aaa7990707793b5e1
58b15640-3061-4ea9-a606-877701eef38c,"Hamman - 2019 - Spatial distribution of damage affects the healing, growth, and morphology of coral.pdf","literature/META_ANALYSIS_POOL/Hamman - 2019 - Spatial distribution of damage affects the healing, growth, and morphology of coral.pdf",10,9,numeric_keyword_window,,text,12,"that bleached corals have lower connectivity [i.e., fewer iso- I observed for C. violacea: Fig. 4) by decreasing growth in / topes were transported across the colony (Fine et al. 2002)], crevices, or could create less topographically complex cor- / and lower rates of lesion healing, compared to unbleached als by decreasing growth on the peaks (Shima et al. 2015). / colonies (Meesters and Bak 1993; Fine et al. 2002). If fewer Given that coral species and morphology affect regeneration / resources are available due to stressors other than coral- rates (Hall 1997), an interesting interaction might occur if",19474eb33005171d39d032c8379a90e7b8025a6fa55b5d8aaa7990707793b5e1
58b15640-3061-4ea9-a606-877701eef38c,"Hamman - 2019 - Spatial distribution of damage affects the healing, growth, and morphology of coral.pdf","literature/META_ANALYSIS_POOL/Hamman - 2019 - Spatial distribution of damage affects the healing, growth, and morphology of coral.pdf",11,1,numeric_keyword_window,,text,11,"between lesions on coral tissue healing, skeletal growth, and morphology; and (3) field surveys relating corallivore presence / to coral growth and morphology. In the field surveys, lesions were aggregated at multiple spatial scales, and most lesions / had other lesions within 2 cm. When lesions were near one another, coral tissue regeneration was depressed, although there / was no effect on whole colony growth. After a year, however, linear extension was lower in the neighborhood of the lesions. / Additionally, gastropod corallivores (Coralliophila violacea) with low movement decreased coral growth and increased coral",19474eb33005171d39d032c8379a90e7b8025a6fa55b5d8aaa7990707793b5e1
58b15640-3061-4ea9-a606-877701eef38c,"Hamman - 2019 - Spatial distribution of damage affects the healing, growth, and morphology of coral.pdf","literature/META_ANALYSIS_POOL/Hamman - 2019 - Spatial distribution of damage affects the healing, growth, and morphology of coral.pdf",12,1,numeric_keyword_window,,text,11,"competing demands on nearby polyps. To explore the spatial patterns of corallivory and their implications, I conducted: (1) / field surveys documenting the spatial distribution of lesions on corals; (2) field experiments testing the effect of the distance / between lesions on coral tissue healing, skeletal growth, and morphology; and (3) field surveys relating corallivore presence / to coral growth and morphology. In the field surveys, lesions were aggregated at multiple spatial scales, and most lesions / had other lesions within 2 cm. When lesions were near one another, coral tissue regeneration was depressed, although there",19474eb33005171d39d032c8379a90e7b8025a6fa55b5d8aaa7990707793b5e1
5f4a560f-1449-4b1d-96ad-236a0da5fcb7,Horwitz and Fine - 2014 - High CO2 detrimentally affects tissue regeneration of Red Sea corals.pdf,literature/META_ANALYSIS_POOL/Horwitz and Fine - 2014 - High CO2 detrimentally affects tissue regeneration of Red Sea corals.pdf,1,4,numeric_keyword_window,,text,16,"regenerated (as per Meesters et al. 1992). Mean values are Quick Start Bovine Serum Albumin Standard Set (Bio-Rad / presented ± SE of the mean (SEM) for percentage tissue Laboratories, Hercules, CA, USA). Optical density was / regeneration from day 1 to day 60 for all the species (n = 6; read at 595 nm using an ELISA reader (PowerWave XS, / Fig. 2) and the end of the experimental period (n = 6). The BioTek, USA). Total protein to surface area ratio was / length of the experiment differed between species because of determined to examine changes in coral biomass.",db9b204420f950d7ce8a3052fb6e12950b6a23a45dcae9c3efe80db78bd4893b
5f4a560f-1449-4b1d-96ad-236a0da5fcb7,Horwitz and Fine - 2014 - High CO2 detrimentally affects tissue regeneration of Red Sea corals.pdf,literature/META_ANALYSIS_POOL/Horwitz and Fine - 2014 - High CO2 detrimentally affects tissue regeneration of Red Sea corals.pdf,2,5,numeric_keyword_window,,text,14,"between factors were considered significant for a p value (F2,15 = 28.81, p \ 0.001). No significant difference was / \ 0.05. Unless otherwise specified, mean values are pre- found between the intermediate and high treatments at both / sented ± SEM. SPSS version 20 (SPSS IBM, New York, time points (after 60 and 120 d). For F. favus colonies, / USA) was used to perform the statistical analysis. there was a significant difference in tissue regeneration / between all pCO2 treatments after 60 d as determined by",db9b204420f950d7ce8a3052fb6e12950b6a23a45dcae9c3efe80db78bd4893b
5f4a560f-1449-4b1d-96ad-236a0da5fcb7,Horwitz and Fine - 2014 - High CO2 detrimentally affects tissue regeneration of Red Sea corals.pdf,literature/META_ANALYSIS_POOL/Horwitz and Fine - 2014 - High CO2 detrimentally affects tissue regeneration of Red Sea corals.pdf,3,5,numeric_keyword_window,,text,13,"settlement (Meesters and Bak 1993; Titlyanov et al. 2005). eurystoma fragments in the intermediate and high treat- / ments experienced a 22 and 39 % decline in tissue regen- / Tissue regeneration eration after 60 d, respectively, compared to the control / (F2,15 = 29.42, p \ 0.001; Fig. 2c). After 100 d, tissue / Tissue regeneration of Porites sp. colonies after 60 d in the regeneration in the same fragments was 42 and 47 % lower",db9b204420f950d7ce8a3052fb6e12950b6a23a45dcae9c3efe80db78bd4893b
5f4a560f-1449-4b1d-96ad-236a0da5fcb7,Horwitz and Fine - 2014 - High CO2 detrimentally affects tissue regeneration of Red Sea corals.pdf,literature/META_ANALYSIS_POOL/Horwitz and Fine - 2014 - High CO2 detrimentally affects tissue regeneration of Red Sea corals.pdf,4,5,numeric_keyword_window,,text,13,"the regenerating coral tissue quickly overgrowing the algal 52 %, respectively (F2,15 = 32.88, p \ 0.001). Acropora / settlement (Meesters and Bak 1993; Titlyanov et al. 2005). eurystoma fragments in the intermediate and high treat- / ments experienced a 22 and 39 % decline in tissue regen- / Tissue regeneration eration after 60 d, respectively, compared to the control / (F2,15 = 29.42, p \ 0.001; Fig. 2c). After 100 d, tissue",db9b204420f950d7ce8a3052fb6e12950b6a23a45dcae9c3efe80db78bd4893b
5f4a560f-1449-4b1d-96ad-236a0da5fcb7,Horwitz and Fine - 2014 - High CO2 detrimentally affects tissue regeneration of Red Sea corals.pdf,literature/META_ANALYSIS_POOL/Horwitz and Fine - 2014 - High CO2 detrimentally affects tissue regeneration of Red Sea corals.pdf,5,6,numeric_keyword_window,,text,13,"(F2,15 = 41.4, p \ 0.001). There was no significant dif- intermediate and high treatments, total protein concentration / ference between the intermediate and high treatments at of A. eurystoma declined significantly (0.54 ± 0.05 and / both time points (after 60 and 100 d). One-way ANOVA 0.52 ± 0.08 mg cm-2, respectively) as compared to the / revealed a significant difference in tissue regeneration control (0.76 ± 0.04 mg cm-2) (Kruskal–Wallis ANOVA, / between all pCO2 treatments for S. pistillata fragments Mann–Whitney, df = 2, p \ 0.05) (Fig. 3c). There were no",db9b204420f950d7ce8a3052fb6e12950b6a23a45dcae9c3efe80db78bd4893b
5f4a560f-1449-4b1d-96ad-236a0da5fcb7,Horwitz and Fine - 2014 - High CO2 detrimentally affects tissue regeneration of Red Sea corals.pdf,literature/META_ANALYSIS_POOL/Horwitz and Fine - 2014 - High CO2 detrimentally affects tissue regeneration of Red Sea corals.pdf,6,6,numeric_keyword_window,,text,13,"ference between the intermediate and high treatments at of A. eurystoma declined significantly (0.54 ± 0.05 and / both time points (after 60 and 100 d). One-way ANOVA 0.52 ± 0.08 mg cm-2, respectively) as compared to the / revealed a significant difference in tissue regeneration control (0.76 ± 0.04 mg cm-2) (Kruskal–Wallis ANOVA, / between all pCO2 treatments for S. pistillata fragments Mann–Whitney, df = 2, p \ 0.05) (Fig. 3c). There were no / after 60 d (F2,15 = 23.54, p \ 0.001), with a 16 and 39 % significant differences in total protein concentration of S.",db9b204420f950d7ce8a3052fb6e12950b6a23a45dcae9c3efe80db78bd4893b
5f4a560f-1449-4b1d-96ad-236a0da5fcb7,Horwitz and Fine - 2014 - High CO2 detrimentally affects tissue regeneration of Red Sea corals.pdf,literature/META_ANALYSIS_POOL/Horwitz and Fine - 2014 - High CO2 detrimentally affects tissue regeneration of Red Sea corals.pdf,7,3,caption_or_table_start,Fig. 1,figure,12,"Fig. 1 Lesion recovery of representative Stylophora pistillata frag- when compared to 1,800 latm (intermediate) and 4,000 latm (high). ments after 0, 30, and 60 d under three pCO2 treatments (400, 1,800, After 60 d, there was complete tissue recovery in 400 latm (control), and 4,000 latm). Thirty days from onset of the experiment, similar whereas fragments in the intermediate and high treatments showed size lesions in 400 latm (control) demonstrated a higher recovery rate only partial recovery",db9b204420f950d7ce8a3052fb6e12950b6a23a45dcae9c3efe80db78bd4893b
5f4a560f-1449-4b1d-96ad-236a0da5fcb7,Horwitz and Fine - 2014 - High CO2 detrimentally affects tissue regeneration of Red Sea corals.pdf,literature/META_ANALYSIS_POOL/Horwitz and Fine - 2014 - High CO2 detrimentally affects tissue regeneration of Red Sea corals.pdf,8,5,caption_or_table_start,Fig. 2,figure,11,"Fig. 2 Percentage tissue regeneration of lesions after 60 d under pistillata (mean ± SEM; n = 6). Letters indicate significant differ- three pCO2 treatments (400, 1,800, and 4,000 latm) in: a Porites sp. ences in percentage tissue regeneration between different pCO2 (mean ± SEM; n = 6), b Favia favus (mean ± SEM; n = 6), treatments (Tukey, p \ 0.05) c Acropora eurystoma (mean ± SEM; n = 6), and d Stylophora",db9b204420f950d7ce8a3052fb6e12950b6a23a45dcae9c3efe80db78bd4893b
5f4a560f-1449-4b1d-96ad-236a0da5fcb7,Horwitz and Fine - 2014 - High CO2 detrimentally affects tissue regeneration of Red Sea corals.pdf,literature/META_ANALYSIS_POOL/Horwitz and Fine - 2014 - High CO2 detrimentally affects tissue regeneration of Red Sea corals.pdf,9,8,numeric_keyword_window,,text,11,"ded, and other biological processes such as growth (Denis from a severe decline of 48 % in the symbiont population. / et al. 2013) are enhanced. Regeneration of very large Gross photosynthesis supplied 22 % less carbon to nubbins / wounds may halt in favor of growth and reproduction if the maintained under pH 7.2 (79 ± 1 lg C cm-2 d-1) com- / fitness of the individual is threatened by resource limitation pared to those maintained under pH 8.1 (101 ± 6 lg / (Meesters et al. 1997a). In this study, there was a decline in C cm-2 d-1). As in the study by Tremblay et al. (2013) and",db9b204420f950d7ce8a3052fb6e12950b6a23a45dcae9c3efe80db78bd4893b
5f4a560f-1449-4b1d-96ad-236a0da5fcb7,Horwitz and Fine - 2014 - High CO2 detrimentally affects tissue regeneration of Red Sea corals.pdf,literature/META_ANALYSIS_POOL/Horwitz and Fine - 2014 - High CO2 detrimentally affects tissue regeneration of Red Sea corals.pdf,10,8,numeric_keyword_window,,text,11,"wounds may halt in favor of growth and reproduction if the maintained under pH 7.2 (79 ± 1 lg C cm-2 d-1) com- / fitness of the individual is threatened by resource limitation pared to those maintained under pH 8.1 (101 ± 6 lg / (Meesters et al. 1997a). In this study, there was a decline in C cm-2 d-1). As in the study by Tremblay et al. (2013) and / regeneration capacity under intermediate and high pCO2 other studies subjecting corals to long-term acidification / for all four species. OA is generally considered to reduce (Anthony et al. 2008; Krief et al. 2010; Kaniewska et al.",db9b204420f950d7ce8a3052fb6e12950b6a23a45dcae9c3efe80db78bd4893b
5f4a560f-1449-4b1d-96ad-236a0da5fcb7,Horwitz and Fine - 2014 - High CO2 detrimentally affects tissue regeneration of Red Sea corals.pdf,literature/META_ANALYSIS_POOL/Horwitz and Fine - 2014 - High CO2 detrimentally affects tissue regeneration of Red Sea corals.pdf,11,3,numeric_keyword_window,,text,10,"Fig. 1 Lesion recovery of representative Stylophora pistillata frag- when compared to 1,800 latm (intermediate) and 4,000 latm (high). / ments after 0, 30, and 60 d under three pCO2 treatments (400, 1,800, After 60 d, there was complete tissue recovery in 400 latm (control), / and 4,000 latm). Thirty days from onset of the experiment, similar whereas fragments in the intermediate and high treatments showed",db9b204420f950d7ce8a3052fb6e12950b6a23a45dcae9c3efe80db78bd4893b
5f4a560f-1449-4b1d-96ad-236a0da5fcb7,Horwitz and Fine - 2014 - High CO2 detrimentally affects tissue regeneration of Red Sea corals.pdf,literature/META_ANALYSIS_POOL/Horwitz and Fine - 2014 - High CO2 detrimentally affects tissue regeneration of Red Sea corals.pdf,12,7,numeric_keyword_window,,text,10,"treatments (Kruskal–Wallis ANOVA, Mann–Whitney, esters et al. 1997a). In this study, we have shown that: (1) / df = 2, p \ 0.05; Fig. 4d), with a decrease of 38 and regeneration capacity of corals is reduced in high pCO2/ / 62 % from control (0.61 ± 0.1 cells 9 106 cm-2) to low pH conditions, (2) rate of repair is species-specific and / intermediate (0.38 ± 0.02 cells 9 106 cm-2) and high may reflect species-specific energetic management effi- / (0.23 ± 0.02 cells 9 106 cm-2) treatments, respectively. ciency or resilience to high pCO2, and (3) corals are able to",db9b204420f950d7ce8a3052fb6e12950b6a23a45dcae9c3efe80db78bd4893b
4cc9b30b-9ed8-4123-82aa-2f182db391b7,Jayewardene - 2010 - Experimental determination of the cost of lesion healing on Porites compressa growth.pdf,literature/META_ANALYSIS_POOL/Jayewardene - 2010 - Experimental determination of the cost of lesion healing on Porites compressa growth.pdf,1,2,numeric_keyword_window,,text,22,calculated by generating a set of representative linear / equations using the range in number of healing days and the / assumption that healing was 0% on day 0 and 100% on the / day of lesion closure.,e08b447d7956b27ca9ba18c38f6d9a6c43de511ab4c70d6f093b38d19fb4076b
4cc9b30b-9ed8-4123-82aa-2f182db391b7,Jayewardene - 2010 - Experimental determination of the cost of lesion healing on Porites compressa growth.pdf,literature/META_ANALYSIS_POOL/Jayewardene - 2010 - Experimental determination of the cost of lesion healing on Porites compressa growth.pdf,2,3,numeric_keyword_window,,text,21,"indicated that the difference after lesion closure was 4-cm treatment (paired comparisons t-test: P = 0.05, / between the control versus 1-cm treatment, and between the respectively, P = 0.05), and clearly significant for the 2-cm / 4 versus 2-cm and 1-cm treatments. The difference in growth and the 1-cm treatment (paired comparisons t-test: / rate before versus after was significant for the control and P \ 0.001, respectively, P \ 0.001) (Fig. 3).",e08b447d7956b27ca9ba18c38f6d9a6c43de511ab4c70d6f093b38d19fb4076b
4cc9b30b-9ed8-4123-82aa-2f182db391b7,Jayewardene - 2010 - Experimental determination of the cost of lesion healing on Porites compressa growth.pdf,literature/META_ANALYSIS_POOL/Jayewardene - 2010 - Experimental determination of the cost of lesion healing on Porites compressa growth.pdf,3,2,caption_or_table_start,Fig. 1,figure,20,"Fig. 1 The four treatment groups: 5-cm undamaged controls, 4-cm tall scarred nubbins, 2-cm tall scarred nubbins, and 1-cm tall scarred Lesion-healing rates were compared among treatments nubbins using a one-way ANOVA. Nubbin growth rates among",e08b447d7956b27ca9ba18c38f6d9a6c43de511ab4c70d6f093b38d19fb4076b
4cc9b30b-9ed8-4123-82aa-2f182db391b7,Jayewardene - 2010 - Experimental determination of the cost of lesion healing on Porites compressa growth.pdf,literature/META_ANALYSIS_POOL/Jayewardene - 2010 - Experimental determination of the cost of lesion healing on Porites compressa growth.pdf,4,3,caption_or_table_start,Fig. 2,figure,20,"Fig. 2 The average cumulative weight gain (g cm-2) for 5-cm branching Acropora palmata in the Caribbean (Meesters undamaged controls, 4-cm treatment nubbins, 2-cm treatment nub- and Bak 1995). Furthermore, as branched corals are more bins, and 1-cm treatment nubbins over the course of the 3-month monitoring period. The dashed line indicates the average time of scar prone to fragmentation, they tend to have rapid rates of healing tissue regeneration (Hall 1997), which promotes successful",e08b447d7956b27ca9ba18c38f6d9a6c43de511ab4c70d6f093b38d19fb4076b
4cc9b30b-9ed8-4123-82aa-2f182db391b7,Jayewardene - 2010 - Experimental determination of the cost of lesion healing on Porites compressa growth.pdf,literature/META_ANALYSIS_POOL/Jayewardene - 2010 - Experimental determination of the cost of lesion healing on Porites compressa growth.pdf,5,2,numeric_keyword_window,,text,18,"Data analysis / Fig. 1 The four treatment groups: 5-cm undamaged controls, 4-cm / tall scarred nubbins, 2-cm tall scarred nubbins, and 1-cm tall scarred Lesion-healing rates were compared among treatments / nubbins using a one-way ANOVA. Nubbin growth rates among",e08b447d7956b27ca9ba18c38f6d9a6c43de511ab4c70d6f093b38d19fb4076b
4cc9b30b-9ed8-4123-82aa-2f182db391b7,Jayewardene - 2010 - Experimental determination of the cost of lesion healing on Porites compressa growth.pdf,literature/META_ANALYSIS_POOL/Jayewardene - 2010 - Experimental determination of the cost of lesion healing on Porites compressa growth.pdf,6,2,numeric_keyword_window,,text,18,"station was 25.7 ± 1.1""C (mean ± SD), respectively, subtracted from the calculated nubbin surface area, when / 252.9 ± 45.1 calories cm-2 (mean ± SD). Average daily calculating weight gain per nubbin surface area on day 0. / sea water temperature, at the sea water intake (2 m depth on Subsequently, proportionately less of the lesion area was / adjacent reef), was 24.4 ± 0.6""C (mean ± SD). subtracted from the nubbin surface area until nothing was / subtracted on the day of lesion closure. The relevant pro-",e08b447d7956b27ca9ba18c38f6d9a6c43de511ab4c70d6f093b38d19fb4076b
4cc9b30b-9ed8-4123-82aa-2f182db391b7,Jayewardene - 2010 - Experimental determination of the cost of lesion healing on Porites compressa growth.pdf,literature/META_ANALYSIS_POOL/Jayewardene - 2010 - Experimental determination of the cost of lesion healing on Porites compressa growth.pdf,7,3,numeric_keyword_window,,text,18,"Healing and growth Period 1 0.0010294 46.64 \0.001 / Treatment 9 period 3 0.0001832 8.30 \0.001 / Complete lesions closure occurred within 39 ± 2 days Error 120 0.0000221 / (mean ± SE) for 4-cm treatment, 35 ± 1 days (mean ± / SE) for 2-cm treatment, and 34 ± 2 days (mean ± SE) for Treatment and period were both fixed factors",e08b447d7956b27ca9ba18c38f6d9a6c43de511ab4c70d6f093b38d19fb4076b
4cc9b30b-9ed8-4123-82aa-2f182db391b7,Jayewardene - 2010 - Experimental determination of the cost of lesion healing on Porites compressa growth.pdf,literature/META_ANALYSIS_POOL/Jayewardene - 2010 - Experimental determination of the cost of lesion healing on Porites compressa growth.pdf,8,3,numeric_keyword_window,,text,17,"bins, and 1-cm treatment nubbins over the course of the 3-month / monitoring period. The dashed line indicates the average time of scar prone to fragmentation, they tend to have rapid rates of / healing tissue regeneration (Hall 1997), which promotes successful",e08b447d7956b27ca9ba18c38f6d9a6c43de511ab4c70d6f093b38d19fb4076b
4cc9b30b-9ed8-4123-82aa-2f182db391b7,Jayewardene - 2010 - Experimental determination of the cost of lesion healing on Porites compressa growth.pdf,literature/META_ANALYSIS_POOL/Jayewardene - 2010 - Experimental determination of the cost of lesion healing on Porites compressa growth.pdf,9,3,numeric_keyword_window,,text,17,"difference in growth rates among treatments varied between / periods (Fig. 3). There was no significant difference in / growth rate among size classes before lesion closure (one- Fig. 3 The growth rates before and after healing for 5-cm undam- / aged controls, 4-cm treatment nubbins, 2-cm treatment nubbins, and / way ANOVA: f = 2.52, P = 0.067), but there was a sig- 1-cm treatment nubbins. Error bars indicate ±1 SE",e08b447d7956b27ca9ba18c38f6d9a6c43de511ab4c70d6f093b38d19fb4076b
4cc9b30b-9ed8-4123-82aa-2f182db391b7,Jayewardene - 2010 - Experimental determination of the cost of lesion healing on Porites compressa growth.pdf,literature/META_ANALYSIS_POOL/Jayewardene - 2010 - Experimental determination of the cost of lesion healing on Porites compressa growth.pdf,10,3,numeric_keyword_window,,text,17,"nificant difference after lesion closure (one-way ANOVA: / f = 8.13, P \ 0.001). A Tukey’s multiple comparisons test / indicated that the difference after lesion closure was 4-cm treatment (paired comparisons t-test: P = 0.05, / between the control versus 1-cm treatment, and between the respectively, P = 0.05), and clearly significant for the 2-cm / 4 versus 2-cm and 1-cm treatments. The difference in growth and the 1-cm treatment (paired comparisons t-test:",e08b447d7956b27ca9ba18c38f6d9a6c43de511ab4c70d6f093b38d19fb4076b
4cc9b30b-9ed8-4123-82aa-2f182db391b7,Jayewardene - 2010 - Experimental determination of the cost of lesion healing on Porites compressa growth.pdf,literature/META_ANALYSIS_POOL/Jayewardene - 2010 - Experimental determination of the cost of lesion healing on Porites compressa growth.pdf,11,3,numeric_keyword_window,,text,17,"undamaged controls, 4-cm treatment nubbins, 2-cm treatment nub- / and Bak 1995). Furthermore, as branched corals are more / bins, and 1-cm treatment nubbins over the course of the 3-month / monitoring period. The dashed line indicates the average time of scar prone to fragmentation, they tend to have rapid rates of / healing tissue regeneration (Hall 1997), which promotes successful",e08b447d7956b27ca9ba18c38f6d9a6c43de511ab4c70d6f093b38d19fb4076b
4cc9b30b-9ed8-4123-82aa-2f182db391b7,Jayewardene - 2010 - Experimental determination of the cost of lesion healing on Porites compressa growth.pdf,literature/META_ANALYSIS_POOL/Jayewardene - 2010 - Experimental determination of the cost of lesion healing on Porites compressa growth.pdf,12,3,numeric_keyword_window,,text,16,Treatment 3 0.0000604 2.74 0.047 / Healing and growth Period 1 0.0010294 46.64 \0.001 / Treatment 9 period 3 0.0001832 8.30 \0.001 / Complete lesions closure occurred within 39 ± 2 days Error 120 0.0000221,e08b447d7956b27ca9ba18c38f6d9a6c43de511ab4c70d6f093b38d19fb4076b
acf00158-0890-4388-9a0e-da9194664ef6,Kaufman et al. - 2021 - Thermal history influences lesion recovery of the threatened Caribbean staghorn coral Acropora cervi.pdf,literature/META_ANALYSIS_POOL/Kaufman et al. - 2021 - Thermal history influences lesion recovery of the threatened Caribbean staghorn coral Acropora cervi.pdf,1,3,caption_or_table_start,Fig. 2,figure,16,"Fig. 2 Incremental lesion healing scoring system including a 0% healed; b 25% healed; c 50% healed; d 75% healed; and e 100% healed fragments data were determined from 4-km resolution monthly sea which all ‘‘cool’’ genets are located and south of which all surface temperature climatology derived from harmonic the ‘‘warm’’ genets are located (Fig. 1). While corals were analysis of the advanced very high-resolution radiometer collected outside the period used to calculate historical (AVHRR) Pathfinder version 5.0 temperature time series temperature patterns (2014–2018), it is expected that the data for 1982–2008 (Casey et al. 2010). Genets from reefs temporal offset (maximum of 10 years) would not have with MMMs C 29.92 °C, the median MMM of the dataset resulted in a significant change in regional climatology of considering all fragments, were classified as from ‘‘warm’’ temperature patterns. We constructed a Cox proportional environments (10 genets), and those from reefs with lower h...",470e395fb192a5aa7ccdc64b6e3120166bd9c26baab601e2ab67ac3afe77d560
acf00158-0890-4388-9a0e-da9194664ef6,Kaufman et al. - 2021 - Thermal history influences lesion recovery of the threatened Caribbean staghorn coral Acropora cervi.pdf,literature/META_ANALYSIS_POOL/Kaufman et al. - 2021 - Thermal history influences lesion recovery of the threatened Caribbean staghorn coral Acropora cervi.pdf,2,2,numeric_keyword_window,,text,15,"et al. 2014) and disease resistance (Miller et al. 2019) after out the experiment. Corals were surveyed every other day / relocation to common garden conditions. Here, we used a following lesion generation, and the amount of lesion / temperature challenge experiment to evaluate patterns of healed was classified visually in 25% increments, from 0 to / lesion recovery among staghorn genets that were originally 100% healed (Fig. 2). To avoid excessive mortality, the / collected from a wide range of environments across the experiment was terminated when no additional fragments",470e395fb192a5aa7ccdc64b6e3120166bd9c26baab601e2ab67ac3afe77d560
acf00158-0890-4388-9a0e-da9194664ef6,Kaufman et al. - 2021 - Thermal history influences lesion recovery of the threatened Caribbean staghorn coral Acropora cervi.pdf,literature/META_ANALYSIS_POOL/Kaufman et al. - 2021 - Thermal history influences lesion recovery of the threatened Caribbean staghorn coral Acropora cervi.pdf,3,4,caption_or_table_start,Fig. 3,figure,14,"Fig. 3 Log(-log(survival)) curves as a function of time (log scale) In addition, we document for the first time that donor using separate Cox proportional hazard models for the ambient reef thermal history plays a role in efficient lesion recovery temperature treatment (solid lines) and the warm temperature under heat stress and provide evidence for thermal adap- treatment (dashed lines), with thermal history (red indicating being tation. There was a significant interaction between tem- from a warm reef and blue being from a cool reef) as a fixed effect. In this experiment, survival is analogous to not healing, the censored perature treatment and thermal history in the stratified Cox outcome. Negative log-log values indicate a higher survival proba- model (ß = 0.52, Z1,164 = 2.18, p \ 0.05). Corals from bility or higher probability of not healing, while higher log–log values warmer donor reefs demonstrated significantly greater indicate a greater probability of healing",470e395fb192a5aa7ccdc64b6e3120166bd9c26baab601e2ab67ac3afe77d560
acf00158-0890-4388-9a0e-da9194664ef6,Kaufman et al. - 2021 - Thermal history influences lesion recovery of the threatened Caribbean staghorn coral Acropora cervi.pdf,literature/META_ANALYSIS_POOL/Kaufman et al. - 2021 - Thermal history influences lesion recovery of the threatened Caribbean staghorn coral Acropora cervi.pdf,4,4,numeric_keyword_window,,text,14,"strong negative influence on the recovery of skeletal may experience temperature increases in the future would / lesions in A.cervicornis. By the end of the experiment enhance lesion recovery under heat stress and could be / (24 days), 64% more fragments had healed under ambient incorporated into strategies to increase climate resilience. / temperatures than under heat stress (v21,164 = 74.66, We also recommend avoiding fragmentation when seawa- / p \ 0.001). While colonies exposed to the heat treatment ter temperatures near the species’ bleaching threshold.",470e395fb192a5aa7ccdc64b6e3120166bd9c26baab601e2ab67ac3afe77d560
acf00158-0890-4388-9a0e-da9194664ef6,Kaufman et al. - 2021 - Thermal history influences lesion recovery of the threatened Caribbean staghorn coral Acropora cervi.pdf,literature/META_ANALYSIS_POOL/Kaufman et al. - 2021 - Thermal history influences lesion recovery of the threatened Caribbean staghorn coral Acropora cervi.pdf,5,2,numeric_keyword_window,,text,12,"relocation to common garden conditions. Here, we used a following lesion generation, and the amount of lesion / temperature challenge experiment to evaluate patterns of healed was classified visually in 25% increments, from 0 to / lesion recovery among staghorn genets that were originally 100% healed (Fig. 2). To avoid excessive mortality, the / collected from a wide range of environments across the experiment was terminated when no additional fragments / Florida Reef Tract that vary in their thermal regime. We within the warm tank were observed to heal for one week.",470e395fb192a5aa7ccdc64b6e3120166bd9c26baab601e2ab67ac3afe77d560
acf00158-0890-4388-9a0e-da9194664ef6,Kaufman et al. - 2021 - Thermal history influences lesion recovery of the threatened Caribbean staghorn coral Acropora cervi.pdf,literature/META_ANALYSIS_POOL/Kaufman et al. - 2021 - Thermal history influences lesion recovery of the threatened Caribbean staghorn coral Acropora cervi.pdf,6,3,numeric_keyword_window,,text,12,Fig. 2 Incremental lesion healing scoring system including a 0% healed; b 25% healed; c 50% healed; d 75% healed; and e 100% healed / fragments,470e395fb192a5aa7ccdc64b6e3120166bd9c26baab601e2ab67ac3afe77d560
acf00158-0890-4388-9a0e-da9194664ef6,Kaufman et al. - 2021 - Thermal history influences lesion recovery of the threatened Caribbean staghorn coral Acropora cervi.pdf,literature/META_ANALYSIS_POOL/Kaufman et al. - 2021 - Thermal history influences lesion recovery of the threatened Caribbean staghorn coral Acropora cervi.pdf,7,5,numeric_keyword_window,,text,12,"D’Alessandro, N. Rivas, J. Unsworth, and J. Carrick for their con- Lirman D (2000) Lesion regeneration in the branching coral Acropora / tributions to this project. This project was funded by NOAA’s palmata: effects of colonization, colony size, lesion size, and / Restoration Center (award OAA-NMFS-HCPO-2016-2004840). lesion shape. Mar Ecol Prog Ser 197:209–215 / Corals were collected under Florida’s Fish and Wildlife Commission Lirman D, Schopmeyer S (2016) Ecological solutions to reef / Permit SAL-19-1794-SCRP. MMM data were provided by GHRSST degradation: optimizing coral reef restoration in the Caribbean",470e395fb192a5aa7ccdc64b6e3120166bd9c26baab601e2ab67ac3afe77d560
acf00158-0890-4388-9a0e-da9194664ef6,Kaufman et al. - 2021 - Thermal history influences lesion recovery of the threatened Caribbean staghorn coral Acropora cervi.pdf,literature/META_ANALYSIS_POOL/Kaufman et al. - 2021 - Thermal history influences lesion recovery of the threatened Caribbean staghorn coral Acropora cervi.pdf,8,5,numeric_keyword_window,,text,12,"Restoration Center (award OAA-NMFS-HCPO-2016-2004840). lesion shape. Mar Ecol Prog Ser 197:209–215 / Corals were collected under Florida’s Fish and Wildlife Commission Lirman D, Schopmeyer S (2016) Ecological solutions to reef / Permit SAL-19-1794-SCRP. MMM data were provided by GHRSST degradation: optimizing coral reef restoration in the Caribbean / and the NOAA National Centers for Environmental Information. and Western Atlantic. PeerJ 4:e2597. https://doi.org/10.7717/ / peerj.2597",470e395fb192a5aa7ccdc64b6e3120166bd9c26baab601e2ab67ac3afe77d560
acf00158-0890-4388-9a0e-da9194664ef6,Kaufman et al. - 2021 - Thermal history influences lesion recovery of the threatened Caribbean staghorn coral Acropora cervi.pdf,literature/META_ANALYSIS_POOL/Kaufman et al. - 2021 - Thermal history influences lesion recovery of the threatened Caribbean staghorn coral Acropora cervi.pdf,9,1,numeric_keyword_window,,text,11,"Ocean Chemistry and Ecosystems Division, NOAA Atlantic / Oceanographic and Meteorological Laboratory, 4301 posed by Baums et al. (2019) to evaluate genotype per- / Rickenbacker Causeway, Miami, FL, 33149, USA formance include: (1) partial mortality; (2) lesion healing;",470e395fb192a5aa7ccdc64b6e3120166bd9c26baab601e2ab67ac3afe77d560
acf00158-0890-4388-9a0e-da9194664ef6,Kaufman et al. - 2021 - Thermal history influences lesion recovery of the threatened Caribbean staghorn coral Acropora cervi.pdf,literature/META_ANALYSIS_POOL/Kaufman et al. - 2021 - Thermal history influences lesion recovery of the threatened Caribbean staghorn coral Acropora cervi.pdf,10,1,numeric_keyword_window,,text,11,"different thermal regimes in a temperature challenge / experiment. Genets demonstrated significant variability in / healing, which greatly slowed under heat stress. Only 35% Introduction / of fragments healed at 31.5 °C compared to 99% at 28 °C. / Donor reef thermal regime significantly influenced lesion Coral reef ecosystems are experiencing unprecedented",470e395fb192a5aa7ccdc64b6e3120166bd9c26baab601e2ab67ac3afe77d560
acf00158-0890-4388-9a0e-da9194664ef6,Kaufman et al. - 2021 - Thermal history influences lesion recovery of the threatened Caribbean staghorn coral Acropora cervi.pdf,literature/META_ANALYSIS_POOL/Kaufman et al. - 2021 - Thermal history influences lesion recovery of the threatened Caribbean staghorn coral Acropora cervi.pdf,11,1,numeric_keyword_window,,text,11,"experiment. Genets demonstrated significant variability in / healing, which greatly slowed under heat stress. Only 35% Introduction / of fragments healed at 31.5 °C compared to 99% at 28 °C. / Donor reef thermal regime significantly influenced lesion Coral reef ecosystems are experiencing unprecedented / recovery under heat stress with corals from warmer reefs declines caused by interacting stressors that include pol-",470e395fb192a5aa7ccdc64b6e3120166bd9c26baab601e2ab67ac3afe77d560
acf00158-0890-4388-9a0e-da9194664ef6,Kaufman et al. - 2021 - Thermal history influences lesion recovery of the threatened Caribbean staghorn coral Acropora cervi.pdf,literature/META_ANALYSIS_POOL/Kaufman et al. - 2021 - Thermal history influences lesion recovery of the threatened Caribbean staghorn coral Acropora cervi.pdf,12,1,numeric_keyword_window,,text,11,"recovery under heat stress with corals from warmer reefs declines caused by interacting stressors that include pol- / demonstrating greater healing than corals from cooler lution, overfishing, diseases, and anthropogenic climate / reefs, but did not influence recovery under ambient con- change (Harborne et al. 2016). At global scales, high sea- / ditions. These findings should encourage practitioners to water temperatures have led to increases in the extent, / utilize rapidly healing genets, avoid fragmentation in high frequency, and duration of coral bleaching events that have",470e395fb192a5aa7ccdc64b6e3120166bd9c26baab601e2ab67ac3afe77d560
04e10b24-592e-4cf3-8f94-226c7904262d,Kramarsky-Winter and Loya - 2000 - Tissue regeneration in the coral Fungia granulosa  the effect of extrinsic and intrinsic factors.pdf,literature/META_ANALYSIS_POOL/Kramarsky-Winter and Loya - 2000 - Tissue regeneration in the coral Fungia granulosa  the effect of extrinsic and intrinsic factors.pdf,1,5,caption_or_table_start,Table 2,table,14,"Table 2 Fulgia granulosa. Average oocyte sizes and average both the polyps surrounding the lesion and those further fecundities 1 month after lesion in¯iction for regenerating and from it, had greatly reduced fecundities when compared control corals to control corals (Van Veghel and Bak 1994). Whale Oocyte size Oocyte No. of oocytes (1983) examined the eect of reproduction on tissue (lm  SD) stages gonad)1 (SD) repair rate in the gorgonian Plexeura homomalla, and showed that the regeneration rate of small lesions was Regenerating 29.91  14.9 II and III 17  1.15 (n = 5) independent of reproductive phase. He reasoned that Control (n = 3) 33.2  11.39 II and III 33  9.85 this coral possesses a permanent and independent ener- getic reserve for repair (Whale 1983). It is possible though that the lesions were small enough not to aect lesion size, as well as on the coral's reproductive state. the energetic reserves of this coral. This is not surprising since seasonal factors, such a...",9868f09918c363438c2aede18484964b21880ce2965bdfd678b84a39fb9b5f9b
04e10b24-592e-4cf3-8f94-226c7904262d,Kramarsky-Winter and Loya - 2000 - Tissue regeneration in the coral Fungia granulosa  the effect of extrinsic and intrinsic factors.pdf,literature/META_ANALYSIS_POOL/Kramarsky-Winter and Loya - 2000 - Tissue regeneration in the coral Fungia granulosa  the effect of extrinsic and intrinsic factors.pdf,2,2,numeric_keyword_window,,text,13,"at a depth of 8 m. All the corals were photographed before the Small individuals (<5.0 cm diameter), however, did not / in¯iction of a lesion, immediately after lesion formation, and at 1, always recover fully within 4 weeks (Fig. 1a to c), and / 4, 8, 12 and 16 weeks after lesion in¯iction. The percent tissue re- 40% of the small corals with large lesions died within 8 / moved, as well as the amount of tissue recovery, was recorded using / underwater photography (Nikonos V) and examined by computer-",9868f09918c363438c2aede18484964b21880ce2965bdfd678b84a39fb9b5f9b
04e10b24-592e-4cf3-8f94-226c7904262d,Kramarsky-Winter and Loya - 2000 - Tissue regeneration in the coral Fungia granulosa  the effect of extrinsic and intrinsic factors.pdf,literature/META_ANALYSIS_POOL/Kramarsky-Winter and Loya - 2000 - Tissue regeneration in the coral Fungia granulosa  the effect of extrinsic and intrinsic factors.pdf,3,2,numeric_keyword_window,,text,13,"controls. All the corals were placed randomly in open plastic crates, um-sized lesions were completely repaired within 1 week. / at a depth of 8 m. All the corals were photographed before the Small individuals (<5.0 cm diameter), however, did not / in¯iction of a lesion, immediately after lesion formation, and at 1, always recover fully within 4 weeks (Fig. 1a to c), and / 4, 8, 12 and 16 weeks after lesion in¯iction. The percent tissue re- 40% of the small corals with large lesions died within 8 / moved, as well as the amount of tissue recovery, was recorded using",9868f09918c363438c2aede18484964b21880ce2965bdfd678b84a39fb9b5f9b
04e10b24-592e-4cf3-8f94-226c7904262d,Kramarsky-Winter and Loya - 2000 - Tissue regeneration in the coral Fungia granulosa  the effect of extrinsic and intrinsic factors.pdf,literature/META_ANALYSIS_POOL/Kramarsky-Winter and Loya - 2000 - Tissue regeneration in the coral Fungia granulosa  the effect of extrinsic and intrinsic factors.pdf,4,1,numeric_keyword_window,,text,12,"of the small corals died. In laboratory experiments, and Loya 1989; Meesters et al. 1994; Van Veghel and / 83.3% of the corals kept at 25 °C and 16.7% of those Bak 1994; Ward 1995). The capacity of corals for re- / kept at 21 °C underwent repair during the fall. None of generation, therefore, plays an important role in the / the corals maintained at 21 °C and only 16.7% of those maintenance of coral health and thus aects the health / corals maintained at 25 °C underwent complete repair of the reef system as a whole.",9868f09918c363438c2aede18484964b21880ce2965bdfd678b84a39fb9b5f9b
04e10b24-592e-4cf3-8f94-226c7904262d,Kramarsky-Winter and Loya - 2000 - Tissue regeneration in the coral Fungia granulosa  the effect of extrinsic and intrinsic factors.pdf,literature/META_ANALYSIS_POOL/Kramarsky-Winter and Loya - 2000 - Tissue regeneration in the coral Fungia granulosa  the effect of extrinsic and intrinsic factors.pdf,5,1,numeric_keyword_window,,text,12,"went complete repair regardless of coral size, and many functions such as growth and reproduction (Rinkevich / of the small corals died. In laboratory experiments, and Loya 1989; Meesters et al. 1994; Van Veghel and / 83.3% of the corals kept at 25 °C and 16.7% of those Bak 1994; Ward 1995). The capacity of corals for re- / kept at 21 °C underwent repair during the fall. None of generation, therefore, plays an important role in the / the corals maintained at 21 °C and only 16.7% of those maintenance of coral health and thus aects the health",9868f09918c363438c2aede18484964b21880ce2965bdfd678b84a39fb9b5f9b
04e10b24-592e-4cf3-8f94-226c7904262d,Kramarsky-Winter and Loya - 2000 - Tissue regeneration in the coral Fungia granulosa  the effect of extrinsic and intrinsic factors.pdf,literature/META_ANALYSIS_POOL/Kramarsky-Winter and Loya - 2000 - Tissue regeneration in the coral Fungia granulosa  the effect of extrinsic and intrinsic factors.pdf,6,6,numeric_keyword_window,,text,12,">40% did not recuperate and eventually died. Fur- Highsmith RC (1980) Reproduction by fragmentation in corals. / thermore, in previous work on fungiid regeneration, it Mar Ecol Prog Ser 7: 207±226 / was found that when repair is not possible due to Hoeksema BW (1988) Mobility of free-living fungiid corals / (Scleractinia), a dispersion mechanism and survival strategy in / extreme tissue loss, or due to the absence of the original dynamic reef habitats. In: Chaat JH, et al (eds) Proc 6th int",9868f09918c363438c2aede18484964b21880ce2965bdfd678b84a39fb9b5f9b
04e10b24-592e-4cf3-8f94-226c7904262d,Kramarsky-Winter and Loya - 2000 - Tissue regeneration in the coral Fungia granulosa  the effect of extrinsic and intrinsic factors.pdf,literature/META_ANALYSIS_POOL/Kramarsky-Winter and Loya - 2000 - Tissue regeneration in the coral Fungia granulosa  the effect of extrinsic and intrinsic factors.pdf,7,6,numeric_keyword_window,,text,12,"ments, small corals with a large percent of tissue damage mar Sci 44: 1186±1194 / died, and may also explain why, in previous research Hall V (1997) Interspeci®c dierences in the regeneration of arti- / ®cial injuries on scleractinian corals. J exp mar Biol Ecol 212: / (Chadwick and Loya 1990), small corals with a mass loss 9±23 / >40% did not recuperate and eventually died. Fur- Highsmith RC (1980) Reproduction by fragmentation in corals.",9868f09918c363438c2aede18484964b21880ce2965bdfd678b84a39fb9b5f9b
04e10b24-592e-4cf3-8f94-226c7904262d,Kramarsky-Winter and Loya - 2000 - Tissue regeneration in the coral Fungia granulosa  the effect of extrinsic and intrinsic factors.pdf,literature/META_ANALYSIS_POOL/Kramarsky-Winter and Loya - 2000 - Tissue regeneration in the coral Fungia granulosa  the effect of extrinsic and intrinsic factors.pdf,8,6,numeric_keyword_window,,text,12,"®cial injuries on scleractinian corals. J exp mar Biol Ecol 212: / (Chadwick and Loya 1990), small corals with a mass loss 9±23 / >40% did not recuperate and eventually died. Fur- Highsmith RC (1980) Reproduction by fragmentation in corals. / thermore, in previous work on fungiid regeneration, it Mar Ecol Prog Ser 7: 207±226 / was found that when repair is not possible due to Hoeksema BW (1988) Mobility of free-living fungiid corals",9868f09918c363438c2aede18484964b21880ce2965bdfd678b84a39fb9b5f9b
04e10b24-592e-4cf3-8f94-226c7904262d,Kramarsky-Winter and Loya - 2000 - Tissue regeneration in the coral Fungia granulosa  the effect of extrinsic and intrinsic factors.pdf,literature/META_ANALYSIS_POOL/Kramarsky-Winter and Loya - 2000 - Tissue regeneration in the coral Fungia granulosa  the effect of extrinsic and intrinsic factors.pdf,9,5,numeric_keyword_window,,text,11,"to control corals (Van Veghel and Bak 1994). Whale / Oocyte size Oocyte No. of oocytes (1983) examined the eect of reproduction on tissue / (lm  SD) stages gonad)1 (SD) repair rate in the gorgonian Plexeura homomalla, and / showed that the regeneration rate of small lesions was / Regenerating 29.91  14.9 II and III 17  1.15",9868f09918c363438c2aede18484964b21880ce2965bdfd678b84a39fb9b5f9b
04e10b24-592e-4cf3-8f94-226c7904262d,Kramarsky-Winter and Loya - 2000 - Tissue regeneration in the coral Fungia granulosa  the effect of extrinsic and intrinsic factors.pdf,literature/META_ANALYSIS_POOL/Kramarsky-Winter and Loya - 2000 - Tissue regeneration in the coral Fungia granulosa  the effect of extrinsic and intrinsic factors.pdf,10,3,caption_or_table_start,Fig. 1,figure,9,"Fig. 1 Fungia granulosa. A comparison of repair rates of three lesion recovered fully regardless of lesion size (Fig. 1d to f ). Of sizes in large and small individuals during fall (September to the small corals, 30% with intermediate and 50% of November) 1994 and spring (March to May) 1995. a, b and c represent fall experiments with tissue lesions of 10, 30 and 50%, respectively. d, e those with large lesions died within 8 weeks (see Fig. 1). and f represent spring experiments with tissue lesions of 10, 30 and During this period large corals began to recover from 50%, respectively (empty diamonds small corals; ®lled squares large larger lesions (Fig. 1e and f ), repairing the torn edges corals) Bars represent standard deviations; n = 10 for each treatment. and growing new tissues, though complete recovery was Note: Survivorship was 100% in corals unless otherwise mentioned. During fall, small coral survivorship among specimens with large not evident, even in small lesions (Fig. 1d)...",9868f09918c363438c2aede18484964b21880ce2965bdfd678b84a39fb9b5f9b
04e10b24-592e-4cf3-8f94-226c7904262d,Kramarsky-Winter and Loya - 2000 - Tissue regeneration in the coral Fungia granulosa  the effect of extrinsic and intrinsic factors.pdf,literature/META_ANALYSIS_POOL/Kramarsky-Winter and Loya - 2000 - Tissue regeneration in the coral Fungia granulosa  the effect of extrinsic and intrinsic factors.pdf,11,4,caption_or_table_start,Fig. 2,figure,9,Fig. 2 Fungia granulosa. a 1 d following lesion in¯iction (arrow Spring 1 0 0 shows denuded area). b 4 weeks following lesion in¯iction; note the 2 0 0 light color of the newly regenerated tissues (arrow shows area 4 0 16.7 previously denuded). Coral diameter = 6.5 cm,9868f09918c363438c2aede18484964b21880ce2965bdfd678b84a39fb9b5f9b
04e10b24-592e-4cf3-8f94-226c7904262d,Kramarsky-Winter and Loya - 2000 - Tissue regeneration in the coral Fungia granulosa  the effect of extrinsic and intrinsic factors.pdf,literature/META_ANALYSIS_POOL/Kramarsky-Winter and Loya - 2000 - Tissue regeneration in the coral Fungia granulosa  the effect of extrinsic and intrinsic factors.pdf,12,4,caption_or_table_start,Table 1,table,9,Table 1 Fungia granulosa. Percent of large corals undergoing complete recovery during fall and spring at two dierent tem- perature regimes in the laboratory (n = 6 at each treatment),9868f09918c363438c2aede18484964b21880ce2965bdfd678b84a39fb9b5f9b
40359446-8345-4a72-8169-af86ad3de9d6,Lenihan and Edmunds - 2010 - Response of Pocillopora verrucosa to corallivory varies with environmental conditions.pdf,literature/META_ANALYSIS_POOL/Lenihan and Edmunds - 2010 - Response of Pocillopora verrucosa to corallivory varies with environmental conditions.pdf,1,6,numeric_keyword_window,,text,20,"and trial (n = 2) was the blocking factor. For the change almost identical in both trials, and mean light levels / in the size of the lesion (i.e. ‘healing’), we compared differing between trials by only 40 µmol photons m–2 / treatments using a 2-way blocked ANOVA in which s–1 in the high-temperature tank, and 111 µmol pho- / flow speed and temperature were crossed, fixed fac- tons m–2 s–1 in the low-temperature tank (Table 1). / tors, and trial (n = 2) was the blocking factor. A 1-way Mean temperature differed between treatment micro-",b39825c2fb221422d12a66fdbd7d251351f75c2cc934e4da55a2bbea91c2e6c6
40359446-8345-4a72-8169-af86ad3de9d6,Lenihan and Edmunds - 2010 - Response of Pocillopora verrucosa to corallivory varies with environmental conditions.pdf,literature/META_ANALYSIS_POOL/Lenihan and Edmunds - 2010 - Response of Pocillopora verrucosa to corallivory varies with environmental conditions.pdf,2,6,numeric_keyword_window,,text,20,"ture (high versus low), were orthogonal fixed factors, treatments, with seawater temperature remaining / and trial (n = 2) was the blocking factor. For the change almost identical in both trials, and mean light levels / in the size of the lesion (i.e. ‘healing’), we compared differing between trials by only 40 µmol photons m–2 / treatments using a 2-way blocked ANOVA in which s–1 in the high-temperature tank, and 111 µmol pho- / flow speed and temperature were crossed, fixed fac- tons m–2 s–1 in the low-temperature tank (Table 1).",b39825c2fb221422d12a66fdbd7d251351f75c2cc934e4da55a2bbea91c2e6c6
40359446-8345-4a72-8169-af86ad3de9d6,Lenihan and Edmunds - 2010 - Response of Pocillopora verrucosa to corallivory varies with environmental conditions.pdf,literature/META_ANALYSIS_POOL/Lenihan and Edmunds - 2010 - Response of Pocillopora verrucosa to corallivory varies with environmental conditions.pdf,3,7,numeric_keyword_window,,text,19,"combinations. The mean rate of change in the size of / lesions (i.e. ‘healing’) ranged from –1.3% d–1 (HH) to / –2.5% d–1 (LL), and differed significantly between trials / (F1, 78 = 20.98, p < 0.0001), with more rapid healing in / Fig. 1. Pocillopora verrucosa. Growth after 10 d incubation at Trial 1 (0.32 ± 0.06% d–1) compared to Trial 2 (0.07 ±",b39825c2fb221422d12a66fdbd7d251351f75c2cc934e4da55a2bbea91c2e6c6
40359446-8345-4a72-8169-af86ad3de9d6,Lenihan and Edmunds - 2010 - Response of Pocillopora verrucosa to corallivory varies with environmental conditions.pdf,literature/META_ANALYSIS_POOL/Lenihan and Edmunds - 2010 - Response of Pocillopora verrucosa to corallivory varies with environmental conditions.pdf,4,7,caption_or_table_start,Fig. 1,figure,18,"Fig. 1. Pocillopora verrucosa. Growth after 10 d incubation at Trial 1 (0.32 ± 0.06% d–1) compared to Trial 2 (0.07 ± high flow and high temperature (HH), high flow and low tem- 0.03% d–1). There was no significant influence on heal- perature (HL), low flow and high temperature (LH), and low ing of flow speed (F1, 78 = 0.19, p = 0.65), temperature flow and low temperature (LL) (summarized in Table 1), for (F1, 78 = 2.97, p = 0.09), or their interaction (F1, 78 = 0.03, p = corals that were injured or uninjured in 2 replicate trials (Trial 1 or Trial 2); means (+ SE) shown are pooled from 2 tri- 0.87). However, there was a nonsignificant trend across als (n = 20 for each bar). A–D: results of Student-Newman- both trials for greater healing in the low-temperature Keuls (SNK) post hoc tests (A > B > C > D) at p < 0.05 than high-temperature treatments (Fig. 2).",b39825c2fb221422d12a66fdbd7d251351f75c2cc934e4da55a2bbea91c2e6c6
40359446-8345-4a72-8169-af86ad3de9d6,Lenihan and Edmunds - 2010 - Response of Pocillopora verrucosa to corallivory varies with environmental conditions.pdf,literature/META_ANALYSIS_POOL/Lenihan and Edmunds - 2010 - Response of Pocillopora verrucosa to corallivory varies with environmental conditions.pdf,5,7,numeric_keyword_window,,text,18,"ter 10 d they had declined in area in all treatment/trial / combinations. The mean rate of change in the size of / lesions (i.e. ‘healing’) ranged from –1.3% d–1 (HH) to / –2.5% d–1 (LL), and differed significantly between trials / (F1, 78 = 20.98, p < 0.0001), with more rapid healing in",b39825c2fb221422d12a66fdbd7d251351f75c2cc934e4da55a2bbea91c2e6c6
40359446-8345-4a72-8169-af86ad3de9d6,Lenihan and Edmunds - 2010 - Response of Pocillopora verrucosa to corallivory varies with environmental conditions.pdf,literature/META_ANALYSIS_POOL/Lenihan and Edmunds - 2010 - Response of Pocillopora verrucosa to corallivory varies with environmental conditions.pdf,6,8,numeric_keyword_window,,text,16,"of the 23 bitten corals had 2 bite marks, 1 had 3 bite / marks, and the remaining 19 had 1 bite mark each; all / Fig. 2. Pocillopora verrucosa. Mean % (+ SE) of lesions healed / at the end of the 10 d trials; results from the 2 trials are pooled. bites removed the apices of branches, and were 16 to",b39825c2fb221422d12a66fdbd7d251351f75c2cc934e4da55a2bbea91c2e6c6
40359446-8345-4a72-8169-af86ad3de9d6,Lenihan and Edmunds - 2010 - Response of Pocillopora verrucosa to corallivory varies with environmental conditions.pdf,literature/META_ANALYSIS_POOL/Lenihan and Edmunds - 2010 - Response of Pocillopora verrucosa to corallivory varies with environmental conditions.pdf,7,3,numeric_keyword_window,,text,15,"Research Station in Moorea (17° 30’ S, 149° 50’ W), a sunny day, ensured that the daily integrated irradi- / French Polynesia. This experiment was designed to ance (∼30 E m–2 d–1 supplied as a square function over / test the prediction that injuries similar to those caused 12 h) was close to that experienced in the field (sup- / by corallivorous fishes in the excavating functional plied as a sine function over 12 h with a maximum of / group (Bellwood & Choat 1990) influence the growth 1200 µmol photons m–2 s–1). Two 170 cm long raceways",b39825c2fb221422d12a66fdbd7d251351f75c2cc934e4da55a2bbea91c2e6c6
40359446-8345-4a72-8169-af86ad3de9d6,Lenihan and Edmunds - 2010 - Response of Pocillopora verrucosa to corallivory varies with environmental conditions.pdf,literature/META_ANALYSIS_POOL/Lenihan and Edmunds - 2010 - Response of Pocillopora verrucosa to corallivory varies with environmental conditions.pdf,8,8,caption_or_table_start,Fig. 2,figure,15,"Fig. 2. Pocillopora verrucosa. Mean % (+ SE) of lesions healed at the end of the 10 d trials; results from the 2 trials are pooled. bites removed the apices of branches, and were 16 to There was no statistically significant difference among treat- 81 mm2 in size. We do not know how much biomass ments. Corals were the same as described in Fig. 1 was removed with each bite, but all affected corals grew. Although these predation events were not wit- nessed, we believe they were caused by porcupinefish, orange-striped triggerfish, and white-spotted puffer- fish, as these corallivores are frequently seen foraging in the study area (H. Lenihan unpubl. data). Growth rates of Pocillopora verrucosa were higher on the tops of bommies than on the adjacent seafloor (Fig. 3, Table 4; SNK, p < 0.05), and the corals grew more on bommies when protected from corallivores than when unprotected (SNK, p < 0.05). In January 2008, the mean flow speed on the tops of bommies was 14.3 ± 2.9 cm s–1 (± SE), w...",b39825c2fb221422d12a66fdbd7d251351f75c2cc934e4da55a2bbea91c2e6c6
40359446-8345-4a72-8169-af86ad3de9d6,Lenihan and Edmunds - 2010 - Response of Pocillopora verrucosa to corallivory varies with environmental conditions.pdf,literature/META_ANALYSIS_POOL/Lenihan and Edmunds - 2010 - Response of Pocillopora verrucosa to corallivory varies with environmental conditions.pdf,9,1,numeric_keyword_window,,text,14,"growth but influenced Fv /Fm, as did flow; Fv /Fm was 5% greater at 26.6°C than 29.6°C, and 3% higher / at 21 cm s–1 than 6 cm s–1. Injury had little effect on Fv /Fm, and neither temperature nor flow affected / the rate of healing that occurred at 17 to 25% of the lesion area in 10 d. Results from a field ex- / periment, in which growth of P. verrucosa was tested as a function of flow speed (~14 cm s–1 versus / ~3 cm s–1) and fish predation (predators versus no predators), but not temperature, supported results",b39825c2fb221422d12a66fdbd7d251351f75c2cc934e4da55a2bbea91c2e6c6
40359446-8345-4a72-8169-af86ad3de9d6,Lenihan and Edmunds - 2010 - Response of Pocillopora verrucosa to corallivory varies with environmental conditions.pdf,literature/META_ANALYSIS_POOL/Lenihan and Edmunds - 2010 - Response of Pocillopora verrucosa to corallivory varies with environmental conditions.pdf,10,1,numeric_keyword_window,,text,14,"vide optimal conditions for P. verrucosa (when not injured). Temperature alone had little effect on / growth but influenced Fv /Fm, as did flow; Fv /Fm was 5% greater at 26.6°C than 29.6°C, and 3% higher / at 21 cm s–1 than 6 cm s–1. Injury had little effect on Fv /Fm, and neither temperature nor flow affected / the rate of healing that occurred at 17 to 25% of the lesion area in 10 d. Results from a field ex- / periment, in which growth of P. verrucosa was tested as a function of flow speed (~14 cm s–1 versus",b39825c2fb221422d12a66fdbd7d251351f75c2cc934e4da55a2bbea91c2e6c6
40359446-8345-4a72-8169-af86ad3de9d6,Lenihan and Edmunds - 2010 - Response of Pocillopora verrucosa to corallivory varies with environmental conditions.pdf,literature/META_ANALYSIS_POOL/Lenihan and Edmunds - 2010 - Response of Pocillopora verrucosa to corallivory varies with environmental conditions.pdf,11,7,numeric_keyword_window,,text,14,"(F1, 78 = 20.98, p < 0.0001), with more rapid healing in / Fig. 1. Pocillopora verrucosa. Growth after 10 d incubation at Trial 1 (0.32 ± 0.06% d–1) compared to Trial 2 (0.07 ± / high flow and high temperature (HH), high flow and low tem- 0.03% d–1). There was no significant influence on heal- / perature (HL), low flow and high temperature (LH), and low ing of flow speed (F1, 78 = 0.19, p = 0.65), temperature / flow and low temperature (LL) (summarized in Table 1), for (F1, 78 = 2.97, p = 0.09), or their interaction (F1, 78 = 0.03, p =",b39825c2fb221422d12a66fdbd7d251351f75c2cc934e4da55a2bbea91c2e6c6
40359446-8345-4a72-8169-af86ad3de9d6,Lenihan and Edmunds - 2010 - Response of Pocillopora verrucosa to corallivory varies with environmental conditions.pdf,literature/META_ANALYSIS_POOL/Lenihan and Edmunds - 2010 - Response of Pocillopora verrucosa to corallivory varies with environmental conditions.pdf,12,7,numeric_keyword_window,,text,14,"lesions (i.e. ‘healing’) ranged from –1.3% d–1 (HH) to / –2.5% d–1 (LL), and differed significantly between trials / (F1, 78 = 20.98, p < 0.0001), with more rapid healing in / Fig. 1. Pocillopora verrucosa. Growth after 10 d incubation at Trial 1 (0.32 ± 0.06% d–1) compared to Trial 2 (0.07 ± / high flow and high temperature (HH), high flow and low tem- 0.03% d–1). There was no significant influence on heal-",b39825c2fb221422d12a66fdbd7d251351f75c2cc934e4da55a2bbea91c2e6c6
070cf5f2-ae03-4d99-8e1b-7e07f8428803,Loya - 1976 - Skeletal regeneration in a Red Sea scleractinian coral population.pdf,literature/META_ANALYSIS_POOL/Loya - 1976 - Skeletal regeneration in a Red Sea scleractinian coral population.pdf,1,1,numeric_keyword_window,,text,11,"function suggesting the applicability of a second order linear largest size group. The expected number of days of growth / required to regain original r after 25 % breakage are 104+ 14, / differential equation to plant movement analysis. Overall, the 86 ± I0, 90 ± 9 and 133 + 17 in order of smallest to / results obtained thus far suggest that the application of holo- largest size category. N, number of colonies measured. a, / graphic interferometry to plant movement analysis will make N = 11, i' - l.00-1.50; h, N = 14, r = 1.51-2.00; c, N = 16,",cd510a3e280d3c4d842357d18596a5d575c00414cef499819b90ee8c17ba2d13
070cf5f2-ae03-4d99-8e1b-7e07f8428803,Loya - 1976 - Skeletal regeneration in a Red Sea scleractinian coral population.pdf,literature/META_ANALYSIS_POOL/Loya - 1976 - Skeletal regeneration in a Red Sea scleractinian coral population.pdf,2,1,numeric_keyword_window,,text,11,"response to phototropic stimuli by what might be considered a in order of smallest to largest size group. The estimated number / sluggish plant. Perhaps the most important observation is the of days of growth (±s.d.) required to regain original r were / unexpected conformity of the velocity data to an exponential 122±17, 67±7, 51±5 and 116±15 in order of smallest to / function suggesting the applicability of a second order linear largest size group. The expected number of days of growth / required to regain original r after 25 % breakage are 104+ 14,",cd510a3e280d3c4d842357d18596a5d575c00414cef499819b90ee8c17ba2d13
070cf5f2-ae03-4d99-8e1b-7e07f8428803,Loya - 1976 - Skeletal regeneration in a Red Sea scleractinian coral population.pdf,literature/META_ANALYSIS_POOL/Loya - 1976 - Skeletal regeneration in a Red Sea scleractinian coral population.pdf,3,1,caption_or_table_start,Fig. 4,figure,10,"Fig. 4 Phototropic displacement undergone by a point 3.5 cm low tide that caused partial desiccation or death of many from the base of a 4.2-cm high plant in response to 0.02 mW cm- 2 , colonies of Red Sea scleractinian corals, regeneration in 450 nm blue light from a monochromator. Before I - 5 min the stapelia was undergoing a small constant motion in darkness. The blue light stimulus was applied at t = 5 min and removed at t = 50 min. a, Total tip displacement; b, tip velocity. The points Fig. I Skeletal growth rate in damaged colonies of S. pistillata. are experimentally determined, whereas the lines represent the The corals were divided into size groups according to their best fit assuming the velocity data are of the form l -e- 0 · 2 ' on geometric mean radius (r) after breakage. (i' = (Ix w x h) 11 ""/2 stimulus application and e- 0 · "" on stimulus removal. where/ is length, w is width, and his height (cm).) The r of each size group is given (in cm) by the height of the bars....",cd510a3e280d3c4d842357d18596a5d575c00414cef499819b90ee8c17ba2d13
070cf5f2-ae03-4d99-8e1b-7e07f8428803,Loya - 1976 - Skeletal regeneration in a Red Sea scleractinian coral population.pdf,literature/META_ANALYSIS_POOL/Loya - 1976 - Skeletal regeneration in a Red Sea scleractinian coral population.pdf,4,2,numeric_keyword_window,,text,9,"16 Roos, P. J.. Growth and O ccurrence of the Reef Co ral Po rites astreoides Lamarck / to exclude colonisation by fouling organisms, that may in Relation to Submarine Radiance Distribution (Drukkerij EHnkwijk, Utrecht, / ultimately kill the coral. Fifty-one out of seventy damaged 1967). / 17 Pearse, V. B .. and Muscatine. L., Biol. Bull., 141, 350-363 (1971). / colonies survived throughout the study (Fig. I). Most of the",cd510a3e280d3c4d842357d18596a5d575c00414cef499819b90ee8c17ba2d13
f7335f31-f560-4d42-9f0d-52fdbec8ece6,Meesters et al 1992 sedimentation and lesion position.pdf,literature/META_ANALYSIS_POOL/Meesters et al 1992 sedimentation and lesion position.pdf,1,5,caption_or_table_start,Table 1,table,17,"Table 1. Results of regression analyses and slope comparisons. Data were fitted to the line: Size = C * I Q<b""Timo>, in which C = constant, and b = slope. X0 = number of days till lesion closure according to regression line, N = number of data, R2 = coefficient of determination; Days = number of days included in regression; P,__ = Probability of regression, P,amp. Probability ofno difference between slopes:*** = P < 0.001, ** = P < 0.005, * = P < 0.025, n.s. = not significant.",11fe52066656129b03f5f69903cdc94103f778a0e67b0cbf17103ad5ee26a37f
f7335f31-f560-4d42-9f0d-52fdbec8ece6,Meesters et al 1992 sedimentation and lesion position.pdf,literature/META_ANALYSIS_POOL/Meesters et al 1992 sedimentation and lesion position.pdf,2,2,numeric_keyword_window,,text,15,"point that created flat circular patches of scraped tinction measurements were taken with an Inter- / skeleton, devoid of living tissue, of approximately national Light photometer, IL 1400A. Extinction / 1 cm diameter and 2 mm depth. In all experiments, coefficients for site High were sometimes twice as / lesion area was measured with a plexiglass ruler high as for site Low, ranging respectively from / divided into 0.04 cm2 squares. At the start of the -0.12 to -0.26, and -0.10 to -0.13 (Means ±",11fe52066656129b03f5f69903cdc94103f778a0e67b0cbf17103ad5ee26a37f
f7335f31-f560-4d42-9f0d-52fdbec8ece6,Meesters et al 1992 sedimentation and lesion position.pdf,literature/META_ANALYSIS_POOL/Meesters et al 1992 sedimentation and lesion position.pdf,3,5,numeric_keyword_window,,text,15,"Table 1. Results of regression analyses and slope comparisons. Data were fitted to the line: Size = C * I Q<b""Timo>, in which C / = constant, and b = slope. X0 = number of days till lesion closure according to regression line, N = number of data, R2 = / coefficient of determination; Days = number of days included in regression; P,__ = Probability of regression, P,amp. / Probability ofno difference between slopes:*** = P < 0.001, ** = P < 0.005, * = P < 0.025, n.s. = not significant.",11fe52066656129b03f5f69903cdc94103f778a0e67b0cbf17103ad5ee26a37f
f7335f31-f560-4d42-9f0d-52fdbec8ece6,Meesters et al 1992 sedimentation and lesion position.pdf,literature/META_ANALYSIS_POOL/Meesters et al 1992 sedimentation and lesion position.pdf,4,2,numeric_keyword_window,,text,12,"Acropora palmata (Lamarck), Agaricia spp., Diplo- and light extinction measurements (Fig. 1). They / ria clivosa (Ellis and Solander), D. strigosa (Dana), have an average sedimentation rate of 27, and 40 / Montastrea annularis (Ellis and Solander), M. cav- g dry weight m-2 d- 1, respectively (P = .0015, com- / ernosa (Linnaeus), Porites astreoides Lamarck, and parison of monthly values with Wilcoxon's signed- / Meandrina meandrites (Linnaeus). ranks test). Sedimentation data were collected using",11fe52066656129b03f5f69903cdc94103f778a0e67b0cbf17103ad5ee26a37f
f7335f31-f560-4d42-9f0d-52fdbec8ece6,Meesters et al 1992 sedimentation and lesion position.pdf,literature/META_ANALYSIS_POOL/Meesters et al 1992 sedimentation and lesion position.pdf,5,3,numeric_keyword_window,,text,12,"rates of Porites astreoides and Siderastrea siderea Short-Term Sedimentation / were not different at the two sites (Fig. 2, Table 1). / The regeneration rate of Diploria strigosa colonies Average sedimentation (g dry weight m-2 d- 1; N = / was faster under conditions of high sedimentation 2) during the the first, second and third 14 days was / (Fig. 2, Table 1). The regression however explains 24 vs 48 (P = .009, one-tailed t-test), 31 vs 37 (P",11fe52066656129b03f5f69903cdc94103f778a0e67b0cbf17103ad5ee26a37f
f7335f31-f560-4d42-9f0d-52fdbec8ece6,Meesters et al 1992 sedimentation and lesion position.pdf,literature/META_ANALYSIS_POOL/Meesters et al 1992 sedimentation and lesion position.pdf,6,3,numeric_keyword_window,,text,12,"were not different at the two sites (Fig. 2, Table 1). / The regeneration rate of Diploria strigosa colonies Average sedimentation (g dry weight m-2 d- 1; N = / was faster under conditions of high sedimentation 2) during the the first, second and third 14 days was / (Fig. 2, Table 1). The regression however explains 24 vs 48 (P = .009, one-tailed t-test), 31 vs 37 (P / only a very small part of the variation {R2 in Table = .049), and 83 vs 107 (P = .088) respectively for",11fe52066656129b03f5f69903cdc94103f778a0e67b0cbf17103ad5ee26a37f
f7335f31-f560-4d42-9f0d-52fdbec8ece6,Meesters et al 1992 sedimentation and lesion position.pdf,literature/META_ANALYSIS_POOL/Meesters et al 1992 sedimentation and lesion position.pdf,7,4,numeric_keyword_window,,text,12,0 10 20 30 40 50 60 0 10 20 30 40 50 60 / Time (days) Time (days) / Fig. 2. Regeneration of the four species used in the long-term sediment stress experiment. Lesion size is given as the mean / size of all lesions at a certain time. Fitted regression lines are drawn in graphs. Low: low sedimentation site; High: high / sedimentation site.,11fe52066656129b03f5f69903cdc94103f778a0e67b0cbf17103ad5ee26a37f
f7335f31-f560-4d42-9f0d-52fdbec8ece6,Meesters et al 1992 sedimentation and lesion position.pdf,literature/META_ANALYSIS_POOL/Meesters et al 1992 sedimentation and lesion position.pdf,8,2,numeric_keyword_window,,text,11,"lesion area was measured with a plexiglass ruler high as for site Low, ranging respectively from / divided into 0.04 cm2 squares. At the start of the -0.12 to -0.26, and -0.10 to -0.13 (Means ± / experiments lesion depth was measured with a pair SE: -0.179 ± 0.045 and -0.118 ± 0.002). / of callipers to calculate the surface area of the lesion Lesions on branches of Acropora palmata col- / wall. onies were made on the upper side at a distance of",11fe52066656129b03f5f69903cdc94103f778a0e67b0cbf17103ad5ee26a37f
f7335f31-f560-4d42-9f0d-52fdbec8ece6,Meesters et al 1992 sedimentation and lesion position.pdf,literature/META_ANALYSIS_POOL/Meesters et al 1992 sedimentation and lesion position.pdf,9,4,caption_or_table_start,Fig. 2,figure,11,Fig. 2. Regeneration of the four species used in the long-term sediment stress experiment. Lesion size is given as the mean size of all lesions at a certain time. Fitted regression lines are drawn in graphs. Low: low sedimentation site; High: high sedimentation site.,11fe52066656129b03f5f69903cdc94103f778a0e67b0cbf17103ad5ee26a37f
f7335f31-f560-4d42-9f0d-52fdbec8ece6,Meesters et al 1992 sedimentation and lesion position.pdf,literature/META_ANALYSIS_POOL/Meesters et al 1992 sedimentation and lesion position.pdf,10,5,caption_or_table_start,Fig. 3,figure,11,Fig. 3. Regeneration of Montastrea annularis up-current Fig. 4. Regeneration of lesions on the side and at the top (SedUp) and down-current (SedDown) of the construction of Porites astreoides colonies. Lesion size is given as the site of an articial beach. Lesion size is the mean size of all mean size of all lesions. Fitted regression lines are shown lesions at a given time. Fitted regression lines are drawn in in graph. graph.,11fe52066656129b03f5f69903cdc94103f778a0e67b0cbf17103ad5ee26a37f
f7335f31-f560-4d42-9f0d-52fdbec8ece6,Meesters et al 1992 sedimentation and lesion position.pdf,literature/META_ANALYSIS_POOL/Meesters et al 1992 sedimentation and lesion position.pdf,11,5,numeric_keyword_window,,text,10,"Effects of Sedimentation and Lesion Position on Coral Tissue Regeneration 675 / Table 1. Results of regression analyses and slope comparisons. Data were fitted to the line: Size = C * I Q<b""Timo>, in which C",11fe52066656129b03f5f69903cdc94103f778a0e67b0cbf17103ad5ee26a37f
f7335f31-f560-4d42-9f0d-52fdbec8ece6,Meesters et al 1992 sedimentation and lesion position.pdf,literature/META_ANALYSIS_POOL/Meesters et al 1992 sedimentation and lesion position.pdf,12,1,numeric_keyword_window,,text,9,"colonies subjected to long-term increased levels of Coral species regenerate lesions at different rates, / sedimentation than in control colonies. Diploria and this has been related to life history strategies / strigosa, Porites astreoides, and Siderastrea siderea, (Bak 1983). The rate at which a lesion recovers also / were not as sensitive as A. palmata. Regeneration appears to decrease exponentially through time / of Montastrea annularis, the main reef-building (Bak 1983). Because the energy surplus of corals",11fe52066656129b03f5f69903cdc94103f778a0e67b0cbf17103ad5ee26a37f
c84ce087-58f5-4e19-a373-34f57299f6d0,Meesters et al. - 1994 - Damage and regeneration links to growth in the reef-building coral Montastrea annularis.pdf,literature/META_ANALYSIS_POOL/Meesters et al. - 1994 - Damage and regeneration links to growth in the reef-building coral Montastrea annularis.pdf,1,6,caption_or_table_start,Table 2,table,19,Table 2. Estimated parameters (± SE) in the model: Lesion size = S„ + (Smax x io(slope x daYs'). The parameters were estimated by an iterative line fitting model using least squares. S„: the size to which an average lesion (of size S„ + Smax) in Montastrea annularis will be healed; Smax: the maximum lesion size that will completely regenerate; Slope: the slope of the regression -15 0 0 15 15 30 30 45 45 60 line; n = 240 Days after le,edd316b2f631ad134716f58a0f1bc8ff63301c8d0d30d5d732ec5c0e60727f0d
c84ce087-58f5-4e19-a373-34f57299f6d0,Meesters et al. - 1994 - Damage and regeneration links to growth in the reef-building coral Montastrea annularis.pdf,literature/META_ANALYSIS_POOL/Meesters et al. - 1994 - Damage and regeneration links to growth in the reef-building coral Montastrea annularis.pdf,2,7,numeric_keyword_window,,text,18,"creases in Montastrea annularis after lesion infliction / Days after lesion infliction / (Figs. 6 & 7, Table 3). A lesion of only 8.8% of the to / Fig. 7. Montastrea annularis. Mean difference in growth tissue area of the core suppressed growth by approxi / (mg cm-2 d""\ ± SE) between damaged and undamaged cores mately 32% during a period of at least 56 d. Growth",edd316b2f631ad134716f58a0f1bc8ff63301c8d0d30d5d732ec5c0e60727f0d
c84ce087-58f5-4e19-a373-34f57299f6d0,Meesters et al. - 1994 - Damage and regeneration links to growth in the reef-building coral Montastrea annularis.pdf,literature/META_ANALYSIS_POOL/Meesters et al. - 1994 - Damage and regeneration links to growth in the reef-building coral Montastrea annularis.pdf,3,8,numeric_keyword_window,,text,18,"area was approximately 9.75 cm2 [i.e. 10.75 minus the colonies there was large variation (Fig. 4). Because we / (projected) lesion area of 1 cm2]. A damaged core compared the average difference in growth between / would therefore calcify 14.5 mg d1. This can be the 2 cores from the same colony, we corrected for the / accounted for by 6.6 cm2 of tissue from an undamaged variation between colonies. Because the damaged and / core (mean growth of an undamaged core was 2.19 mg control group consisted of the same genetic material,",edd316b2f631ad134716f58a0f1bc8ff63301c8d0d30d5d732ec5c0e60727f0d
c84ce087-58f5-4e19-a373-34f57299f6d0,Meesters et al. - 1994 - Damage and regeneration links to growth in the reef-building coral Montastrea annularis.pdf,literature/META_ANALYSIS_POOL/Meesters et al. - 1994 - Damage and regeneration links to growth in the reef-building coral Montastrea annularis.pdf,4,6,numeric_keyword_window,,text,17,"(Fig. 5). Mean lesion size decreased with time (re / peated-measures ANOVA, p < 0.001), but no lesion aged cores. Growth remained suppressed in the / was closed during this study and mean lesion size regenerating cores even after lesion tissue regenera / reached an asymptote at approximately 35 mm2. tion (Fig. 5) stopped after approximately 30 d.",edd316b2f631ad134716f58a0f1bc8ff63301c8d0d30d5d732ec5c0e60727f0d
c84ce087-58f5-4e19-a373-34f57299f6d0,Meesters et al. - 1994 - Damage and regeneration links to growth in the reef-building coral Montastrea annularis.pdf,literature/META_ANALYSIS_POOL/Meesters et al. - 1994 - Damage and regeneration links to growth in the reef-building coral Montastrea annularis.pdf,5,6,numeric_keyword_window,,text,17,"started to recover the bare skeleton at a fast rate / (Fig. 5). Mean lesion size decreased with time (re / peated-measures ANOVA, p < 0.001), but no lesion aged cores. Growth remained suppressed in the / was closed during this study and mean lesion size regenerating cores even after lesion tissue regenera",edd316b2f631ad134716f58a0f1bc8ff63301c8d0d30d5d732ec5c0e60727f0d
c84ce087-58f5-4e19-a373-34f57299f6d0,Meesters et al. - 1994 - Damage and regeneration links to growth in the reef-building coral Montastrea annularis.pdf,literature/META_ANALYSIS_POOL/Meesters et al. - 1994 - Damage and regeneration links to growth in the reef-building coral Montastrea annularis.pdf,6,7,caption_or_table_start,Fig. 7,figure,17,"Fig. 7. Montastrea annularis. Mean difference in growth tissue area of the core suppressed growth by approxi (mg cm-2 d""\ ± SE) between damaged and undamaged cores mately 32% during a period of at least 56 d. Growth relative to the time of lesion infliction. Horizontal line repre remained suppressed even after regeneration, in terms sent equal growth of lesion tissue recovery, stopped (Figs. 5 & 7). The for mation of septa, polyps and internal structures that Growth of both groups, i.e. undamaged cores and emerge when tissue regeneration slows down is prob regenerating cores, appeared to be decreasing ably responsible for the prolonged reduction of growth. A similar prolonged impact of damage has through time (Fig. 6). This was affirmed by an ANOVA on the growth data of the cores without a lesion been recorded as a decrease in skeletal extension over",edd316b2f631ad134716f58a0f1bc8ff63301c8d0d30d5d732ec5c0e60727f0d
c84ce087-58f5-4e19-a373-34f57299f6d0,Meesters et al. - 1994 - Damage and regeneration links to growth in the reef-building coral Montastrea annularis.pdf,literature/META_ANALYSIS_POOL/Meesters et al. - 1994 - Damage and regeneration links to growth in the reef-building coral Montastrea annularis.pdf,7,7,caption_or_table_start,Table 4,table,16,"Table 4. Montastrea annularis. Repeated-measures ANOVA and regression of the growth of the cores without a lesion We do not know why regeneration stops before a through time (n = 240). Resulting linear regression equation: wound is fully closed. During the first week after lesion Growth = 3.36-(0.03xTime); r2 = 0.20. ""pcO.Ol; """"p<0.001 infliction the only organisms that settle in lesions are filamentous algae. They do not appear to slow down Source of variation SS df MS F regeneration. Corals are known to overgrow algae that have infested dead parts of colonies (Fishelson 1973, Cores 113.16 19 5.96 9.87""' Bak et al. 1977). Time 137.06 11 12.46 20.64""' Lesion size is important in regeneration, because Regression 74.26 1 74.26 11.87"" Deviations 62.79 10 6.28 10.40"""" lesions above a certain size will not be recovered by Error Error 126.16 209 0.60 new tissue and will be colonised by other organisms. Total 376.38 239 But even in large lesions there will be an initial phase of regenerati...",edd316b2f631ad134716f58a0f1bc8ff63301c8d0d30d5d732ec5c0e60727f0d
c84ce087-58f5-4e19-a373-34f57299f6d0,Meesters et al. - 1994 - Damage and regeneration links to growth in the reef-building coral Montastrea annularis.pdf,literature/META_ANALYSIS_POOL/Meesters et al. - 1994 - Damage and regeneration links to growth in the reef-building coral Montastrea annularis.pdf,8,8,numeric_keyword_window,,text,16,"aged core was 1.49 mg cm""2 d""1. Its total tissue surface showed very similar growth rates, but between / area was approximately 9.75 cm2 [i.e. 10.75 minus the colonies there was large variation (Fig. 4). Because we / (projected) lesion area of 1 cm2]. A damaged core compared the average difference in growth between / would therefore calcify 14.5 mg d1. This can be the 2 cores from the same colony, we corrected for the / accounted for by 6.6 cm2 of tissue from an undamaged variation between colonies. Because the damaged and",edd316b2f631ad134716f58a0f1bc8ff63301c8d0d30d5d732ec5c0e60727f0d
c84ce087-58f5-4e19-a373-34f57299f6d0,Meesters et al. - 1994 - Damage and regeneration links to growth in the reef-building coral Montastrea annularis.pdf,literature/META_ANALYSIS_POOL/Meesters et al. - 1994 - Damage and regeneration links to growth in the reef-building coral Montastrea annularis.pdf,9,8,numeric_keyword_window,,text,16,"the area of normally growing tissue is situated in a ring through time (Fig. 6). Large, possibly inherent, inter / from the outer edge inwardly. Subtracting the 6.6 cm2 colony variability has been reported before (Bak 1976, / from the total core area of 10.75 cm2 results in a total Barnes & Crossland 1982, Dodge et al. 1984). The / area, including the lesion, with a radius of 11.5 mm. coefficient of variation in this study was 27%, while / This means that the affected area stretches only 6 mm others have reported values of 35 % (Dodge et al. 1984)",edd316b2f631ad134716f58a0f1bc8ff63301c8d0d30d5d732ec5c0e60727f0d
c84ce087-58f5-4e19-a373-34f57299f6d0,Meesters et al. - 1994 - Damage and regeneration links to growth in the reef-building coral Montastrea annularis.pdf,literature/META_ANALYSIS_POOL/Meesters et al. - 1994 - Damage and regeneration links to growth in the reef-building coral Montastrea annularis.pdf,10,7,numeric_keyword_window,,text,15,"(Figs. 6 & 7, Table 3). A lesion of only 8.8% of the to / Fig. 7. Montastrea annularis. Mean difference in growth tissue area of the core suppressed growth by approxi / (mg cm-2 d""\ ± SE) between damaged and undamaged cores mately 32% during a period of at least 56 d. Growth / relative to the time of lesion infliction. Horizontal line repre / remained suppressed even after regeneration, in terms",edd316b2f631ad134716f58a0f1bc8ff63301c8d0d30d5d732ec5c0e60727f0d
c84ce087-58f5-4e19-a373-34f57299f6d0,Meesters et al. - 1994 - Damage and regeneration links to growth in the reef-building coral Montastrea annularis.pdf,literature/META_ANALYSIS_POOL/Meesters et al. - 1994 - Damage and regeneration links to growth in the reef-building coral Montastrea annularis.pdf,11,8,numeric_keyword_window,,text,15,"from the outer edge inwardly. Subtracting the 6.6 cm2 colony variability has been reported before (Bak 1976, / from the total core area of 10.75 cm2 results in a total Barnes & Crossland 1982, Dodge et al. 1984). The / area, including the lesion, with a radius of 11.5 mm. coefficient of variation in this study was 27%, while / This means that the affected area stretches only 6 mm others have reported values of 35 % (Dodge et al. 1984) / from the edge of the lesion, approximately the width of and 50% (Barnes & Crossland 1982). This difference in",edd316b2f631ad134716f58a0f1bc8ff63301c8d0d30d5d732ec5c0e60727f0d
c84ce087-58f5-4e19-a373-34f57299f6d0,Meesters et al. - 1994 - Damage and regeneration links to growth in the reef-building coral Montastrea annularis.pdf,literature/META_ANALYSIS_POOL/Meesters et al. - 1994 - Damage and regeneration links to growth in the reef-building coral Montastrea annularis.pdf,12,3,numeric_keyword_window,,text,14,"prevent lesion closure (Bak et al. 1977, Bak & Steward MATERIALS AND METHODS / van Es 1980, Meesters et al. 1992, Meesters & Bak / 1993). In such cases lesion size may never approach We studied the effects of lesion regeneration / zero (although the exponential regression line does). growth of the coral Montastrea annularis, the main / When the regeneration rate is lower, lesions remain reef-building coral in the Caribbean, at the island of",edd316b2f631ad134716f58a0f1bc8ff63301c8d0d30d5d732ec5c0e60727f0d
8c205a55-4093-46c5-a7c2-e356c8bf6a7c,Nagelkerken and Bak - 1998 - Differential regeneration of artificial lesions among sympatric morphs of the Caribbean corals Porit.pdf,literature/META_ANALYSIS_POOL/Nagelkerken and Bak - 1998 - Differential regeneration of artificial lesions among sympatric morphs of the Caribbean corals Porit.pdf,1,3,numeric_keyword_window,,text,17,"-0.066 0.010 (SE), n = 191 than for the brown morph Encrusting S. michelinii 4 0 -+ 0.4 X 106 7.9 0.9 / (slope = -0.037 + 0.014, n = 6). Massive S. michelinii 3.3 + 0.3 X 106 5.1 i 1.4 / Differences in lesion closure between the 2 morphs p-value (l-way ANOVA) 0.225 0.093 / of Stephanocoenia michelinii were observed after the / first 4 d following lesion infliction (Fig, l a ) . The mean",1c39dd86f40f57c460cbb061fd52540ade1601b9d01894549f8dec3876fddf27
8c205a55-4093-46c5-a7c2-e356c8bf6a7c,Nagelkerken and Bak - 1998 - Differential regeneration of artificial lesions among sympatric morphs of the Caribbean corals Porit.pdf,literature/META_ANALYSIS_POOL/Nagelkerken and Bak - 1998 - Differential regeneration of artificial lesions among sympatric morphs of the Caribbean corals Porit.pdf,2,3,numeric_keyword_window,,text,17,"Differences in lesion closure between the 2 morphs p-value (l-way ANOVA) 0.225 0.093 / of Stephanocoenia michelinii were observed after the / first 4 d following lesion infliction (Fig, l a ) . The mean / regression slope for the encrusting S. michelinii was Porites astreoides and Stephanocoenia michelinli / significantly steeper = 9.576, p = 0.008, l-way morphs. There is no conclusive data yet on the taxo-",1c39dd86f40f57c460cbb061fd52540ade1601b9d01894549f8dec3876fddf27
8c205a55-4093-46c5-a7c2-e356c8bf6a7c,Nagelkerken and Bak - 1998 - Differential regeneration of artificial lesions among sympatric morphs of the Caribbean corals Porit.pdf,literature/META_ANALYSIS_POOL/Nagelkerken and Bak - 1998 - Differential regeneration of artificial lesions among sympatric morphs of the Caribbean corals Porit.pdf,3,2,numeric_keyword_window,,text,15,"astreoides, 13.7 + 1.0 mm2 for the brown P. astreoides, morphs of Madracis, which served as a reference for / 16.1 * 0.7 mm2 for the massive Stephanocoenia miche- differences between species/morphs within 1 genus. / Linii and 15.1 & 0.9 mm2for the encrusting S. michelinii. This genus also has species/morphs with relatively / Tissue recovery following lesion infliction was deter- small polyps, and colonies occur in the same depth / mined over a tlme period of 9 d in P. astreoides and range as P. astreoides and S , michelinii. During Octo-",1c39dd86f40f57c460cbb061fd52540ade1601b9d01894549f8dec3876fddf27
8c205a55-4093-46c5-a7c2-e356c8bf6a7c,Nagelkerken and Bak - 1998 - Differential regeneration of artificial lesions among sympatric morphs of the Caribbean corals Porit.pdf,literature/META_ANALYSIS_POOL/Nagelkerken and Bak - 1998 - Differential regeneration of artificial lesions among sympatric morphs of the Caribbean corals Porit.pdf,4,2,numeric_keyword_window,,text,12,"For each lesion, the regression slope was calculated lected from each colony. Zooxanthellae and chloro- / for the curve of lesion size versus time. Although this phyll a densities were determined as in Szmant & / curve was exponential when the mean lesion size was Gassman (1990). / depicted versus time (see Fig. l ) ,the curve was linear Results. Differences in regeneration between the 2 / for individual lesions (mean r2 per species > 0.83).The morphs of Ponfes astreoides were observed during the",1c39dd86f40f57c460cbb061fd52540ade1601b9d01894549f8dec3876fddf27
8c205a55-4093-46c5-a7c2-e356c8bf6a7c,Nagelkerken and Bak - 1998 - Differential regeneration of artificial lesions among sympatric morphs of the Caribbean corals Porit.pdf,literature/META_ANALYSIS_POOL/Nagelkerken and Bak - 1998 - Differential regeneration of artificial lesions among sympatric morphs of the Caribbean corals Porit.pdf,5,2,numeric_keyword_window,,text,12,"depicted versus time (see Fig. l ) ,the curve was linear Results. Differences in regeneration between the 2 / for individual lesions (mean r2 per species > 0.83).The morphs of Ponfes astreoides were observed during the / slopes were calculated using least squares linear first 4 d following lesion infliction (Fig, l a ) . The mean / regression and were compared between species with a regression slope of the green P. astreoides was signifi- / l-way ANOVA or Mann-Whitney U-test (Sokal & Rohlf cantly higher (p = 0.005, Mann-Whitney U-test) com-",1c39dd86f40f57c460cbb061fd52540ade1601b9d01894549f8dec3876fddf27
8c205a55-4093-46c5-a7c2-e356c8bf6a7c,Nagelkerken and Bak - 1998 - Differential regeneration of artificial lesions among sympatric morphs of the Caribbean corals Porit.pdf,literature/META_ANALYSIS_POOL/Nagelkerken and Bak - 1998 - Differential regeneration of artificial lesions among sympatric morphs of the Caribbean corals Porit.pdf,6,3,caption_or_table_start,Fig. 2,figure,12,"Fig. 2. Regress~onslopes of lesion recovery (lesion size vs more surprising as our experimental lesions were rela- time) for the &ferent morphs of Porites astreoides and Steph- tively small, and small lesions are less likely to show anocoenia micheljnii and species/morphs of Madracis differentiation in regeneration rate than large ones",1c39dd86f40f57c460cbb061fd52540ade1601b9d01894549f8dec3876fddf27
8c205a55-4093-46c5-a7c2-e356c8bf6a7c,Nagelkerken and Bak - 1998 - Differential regeneration of artificial lesions among sympatric morphs of the Caribbean corals Porit.pdf,literature/META_ANALYSIS_POOL/Nagelkerken and Bak - 1998 - Differential regeneration of artificial lesions among sympatric morphs of the Caribbean corals Porit.pdf,7,3,numeric_keyword_window,,text,12,"also expressed as a difference between the number of logical variation between the 2 morphs. Likewise, Potts / lesions closed at the end of the experiment. All lesions et al. (1993) did not find any differences in morphome- / in the encrusting morph were closed after 11 d, while tric data. Other studies, however, did find differences / lesion closure in the massive morph took more than between the 2 morphs. Fusion only occurs in colonies / 21 d (Fig. l a ) . of similar colour (in Gleason 1993), while Potts et al.",1c39dd86f40f57c460cbb061fd52540ade1601b9d01894549f8dec3876fddf27
8c205a55-4093-46c5-a7c2-e356c8bf6a7c,Nagelkerken and Bak - 1998 - Differential regeneration of artificial lesions among sympatric morphs of the Caribbean corals Porit.pdf,literature/META_ANALYSIS_POOL/Nagelkerken and Bak - 1998 - Differential regeneration of artificial lesions among sympatric morphs of the Caribbean corals Porit.pdf,8,3,numeric_keyword_window,,text,12,"lesions closed at the end of the experiment. All lesions et al. (1993) did not find any differences in morphome- / in the encrusting morph were closed after 11 d, while tric data. Other studies, however, did find differences / lesion closure in the massive morph took more than between the 2 morphs. Fusion only occurs in colonies / 21 d (Fig. l a ) . of similar colour (in Gleason 1993), while Potts et al. / In contrast to the Porites astreoides and Stephano- (1993) found a difference in allele frequencies",1c39dd86f40f57c460cbb061fd52540ade1601b9d01894549f8dec3876fddf27
8c205a55-4093-46c5-a7c2-e356c8bf6a7c,Nagelkerken and Bak - 1998 - Differential regeneration of artificial lesions among sympatric morphs of the Caribbean corals Porit.pdf,literature/META_ANALYSIS_POOL/Nagelkerken and Bak - 1998 - Differential regeneration of artificial lesions among sympatric morphs of the Caribbean corals Porit.pdf,9,5,numeric_keyword_window,,text,12,"adapted colonies of the symbiotic coral Stylophora pistil- Wed E, Knowlton N (1994) A multi-character analysis of the / lata. Proc R Soc Lond B 222:181-202 Caribbean coral Montastrea annularis (Ellis and Solander, / Oren U , Benayahu Y, Loya Y (1997) Effect of lesion size and 1786) and its two sibling species, M. faveolata (Ellis and / shape on regeneration of the Red Sea coral Favia favus. Solander, 1786) and M. franks; (Gregory, 1895). Bull Mar / Mar Ecol Prog Ser 146:lOl-107 Sci55:151-175",1c39dd86f40f57c460cbb061fd52540ade1601b9d01894549f8dec3876fddf27
8c205a55-4093-46c5-a7c2-e356c8bf6a7c,Nagelkerken and Bak - 1998 - Differential regeneration of artificial lesions among sympatric morphs of the Caribbean corals Porit.pdf,literature/META_ANALYSIS_POOL/Nagelkerken and Bak - 1998 - Differential regeneration of artificial lesions among sympatric morphs of the Caribbean corals Porit.pdf,10,2,numeric_keyword_window,,text,11,"tom was measured. The regeneration of the lesions is species of Madracis in Wells 1973a, b). / quantified as the mean percent of the total lesion area At the end of the regeneration experiment a small / (i.e. to)recovered versus time. tissue sample (ca 0.5 X 1.0 cm) near the lesion was col- / For each lesion, the regression slope was calculated lected from each colony. Zooxanthellae and chloro- / for the curve of lesion size versus time. Although this phyll a densities were determined as in Szmant &",1c39dd86f40f57c460cbb061fd52540ade1601b9d01894549f8dec3876fddf27
8c205a55-4093-46c5-a7c2-e356c8bf6a7c,Nagelkerken and Bak - 1998 - Differential regeneration of artificial lesions among sympatric morphs of the Caribbean corals Porit.pdf,literature/META_ANALYSIS_POOL/Nagelkerken and Bak - 1998 - Differential regeneration of artificial lesions among sympatric morphs of the Caribbean corals Porit.pdf,11,3,numeric_keyword_window,,text,11,"ference in regeneration between the 2 morphs was (1992) did not find any significant genetic or morpho- / also expressed as a difference between the number of logical variation between the 2 morphs. Likewise, Potts / lesions closed at the end of the experiment. All lesions et al. (1993) did not find any differences in morphome- / in the encrusting morph were closed after 11 d, while tric data. Other studies, however, did find differences / lesion closure in the massive morph took more than between the 2 morphs. Fusion only occurs in colonies",1c39dd86f40f57c460cbb061fd52540ade1601b9d01894549f8dec3876fddf27
8c205a55-4093-46c5-a7c2-e356c8bf6a7c,Nagelkerken and Bak - 1998 - Differential regeneration of artificial lesions among sympatric morphs of the Caribbean corals Porit.pdf,literature/META_ANALYSIS_POOL/Nagelkerken and Bak - 1998 - Differential regeneration of artificial lesions among sympatric morphs of the Caribbean corals Porit.pdf,12,3,numeric_keyword_window,,text,10,"Stephanocoenia michelinu morphs and not between / the species/morphs of Madracis. This result is even / Fig. 2. Regress~onslopes of lesion recovery (lesion size vs more surprising as our experimental lesions were rela- / time) for the &ferent morphs of Porites astreoides and Steph- tively small, and small lesions are less likely to show / anocoenia micheljnii and species/morphs of Madracis differentiation in regeneration rate than large ones",1c39dd86f40f57c460cbb061fd52540ade1601b9d01894549f8dec3876fddf27
b2eaa7a6-c475-4f8e-bec2-2a52585da7c3,Nagelkerken et al. - 1999 - Depth-related variation in regeneration of artificial lesions in the Caribbean corals Porites ast.pdf,literature/META_ANALYSIS_POOL/Nagelkerken et al. - 1999 - Depth-related variation in regeneration of artificial lesions in the Caribbean corals Porites ast.pdf,1,5,numeric_keyword_window,,text,20,"end of the experiment. Considering all colonies along the entire depth range, only 15% / of all lesions in P. astreoides and 10% in S. michelinii were closed after 49 days. / The regression slopes of the regeneration curves (i.e. percent lesion area recovered vs / depth) were initially negative in Porites astreoides and Stephanocoenia michelinii, but",93ae86eca7b639fca9080256c483b83dae5e7e88f85f6471ef0197dd11ca9ec9
b2eaa7a6-c475-4f8e-bec2-2a52585da7c3,Nagelkerken et al. - 1999 - Depth-related variation in regeneration of artificial lesions in the Caribbean corals Porites ast.pdf,literature/META_ANALYSIS_POOL/Nagelkerken et al. - 1999 - Depth-related variation in regeneration of artificial lesions in the Caribbean corals Porites ast.pdf,2,4,caption_or_table_start,Fig. 1,figure,17,"Fig. 1. Lesion recovery as a function of time for shallow and deep water colonies of (a) Porites astreoides, (b) Stephanocoenia michelinii. and only 5% in the deep water Stephanocoenia michelinii (Fig. 1a,b). In both species, shallow and deep water colonies had regenerated an average of approximately 90% of the total lesion area after 49 days, and most lesions were not completely closed at the",93ae86eca7b639fca9080256c483b83dae5e7e88f85f6471ef0197dd11ca9ec9
b2eaa7a6-c475-4f8e-bec2-2a52585da7c3,Nagelkerken et al. - 1999 - Depth-related variation in regeneration of artificial lesions in the Caribbean corals Porites ast.pdf,literature/META_ANALYSIS_POOL/Nagelkerken et al. - 1999 - Depth-related variation in regeneration of artificial lesions in the Caribbean corals Porites ast.pdf,3,5,numeric_keyword_window,,text,16,"2). / The pattern of regeneration versus depth differed somewhat between Porites as- / treoides and Stephanocoenia michelinii. At days 4, 7 and 15, the regression slope was / steeper in S. michelinii than in P. astreoides (Fig. 2), indicating a larger difference in / recovery between shallow and deep water colonies in S. michelinii during the first 15",93ae86eca7b639fca9080256c483b83dae5e7e88f85f6471ef0197dd11ca9ec9
b2eaa7a6-c475-4f8e-bec2-2a52585da7c3,Nagelkerken et al. - 1999 - Depth-related variation in regeneration of artificial lesions in the Caribbean corals Porites ast.pdf,literature/META_ANALYSIS_POOL/Nagelkerken et al. - 1999 - Depth-related variation in regeneration of artificial lesions in the Caribbean corals Porites ast.pdf,4,5,numeric_keyword_window,,text,16,"treoides and Stephanocoenia michelinii. At days 4, 7 and 15, the regression slope was / steeper in S. michelinii than in P. astreoides (Fig. 2), indicating a larger difference in / recovery between shallow and deep water colonies in S. michelinii during the first 15 / days of the regeneration process.",93ae86eca7b639fca9080256c483b83dae5e7e88f85f6471ef0197dd11ca9ec9
b2eaa7a6-c475-4f8e-bec2-2a52585da7c3,Nagelkerken et al. - 1999 - Depth-related variation in regeneration of artificial lesions in the Caribbean corals Porites ast.pdf,literature/META_ANALYSIS_POOL/Nagelkerken et al. - 1999 - Depth-related variation in regeneration of artificial lesions in the Caribbean corals Porites ast.pdf,5,4,numeric_keyword_window,,text,15,"and only 5% in the deep water Stephanocoenia michelinii (Fig. 1a,b). In both species, / shallow and deep water colonies had regenerated an average of approximately 90% of / the total lesion area after 49 days, and most lesions were not completely closed at the",93ae86eca7b639fca9080256c483b83dae5e7e88f85f6471ef0197dd11ca9ec9
b2eaa7a6-c475-4f8e-bec2-2a52585da7c3,Nagelkerken et al. - 1999 - Depth-related variation in regeneration of artificial lesions in the Caribbean corals Porites ast.pdf,literature/META_ANALYSIS_POOL/Nagelkerken et al. - 1999 - Depth-related variation in regeneration of artificial lesions in the Caribbean corals Porites ast.pdf,6,5,numeric_keyword_window,,text,15,"michelinii is negatively related with water depth, but only during the initial phase of the / regeneration process. When the lesions are almost closed, however, the mean percentage / of recovered lesion area is similar for shallow and deep water colonies. Bak (1983) / studied the recovery of lesions in P. astreoides colonies at 10 and 23 m depth and found",93ae86eca7b639fca9080256c483b83dae5e7e88f85f6471ef0197dd11ca9ec9
b2eaa7a6-c475-4f8e-bec2-2a52585da7c3,Nagelkerken et al. - 1999 - Depth-related variation in regeneration of artificial lesions in the Caribbean corals Porites ast.pdf,literature/META_ANALYSIS_POOL/Nagelkerken et al. - 1999 - Depth-related variation in regeneration of artificial lesions in the Caribbean corals Porites ast.pdf,7,3,numeric_keyword_window,,text,13,"The data show that regeneration is influenced by depth in both coral species (Fig. 1, / 2). When lesion recovery is depicted versus time for the 10 shallowest (5–10 m for / Porites astreoides, 5–16 m for Stephanocoenia michelinii) and 10 deepest (24–34 m for / P. astreoides, 21–30 m for S. michelinii) experimental colonies, a consistent pattern is",93ae86eca7b639fca9080256c483b83dae5e7e88f85f6471ef0197dd11ca9ec9
b2eaa7a6-c475-4f8e-bec2-2a52585da7c3,Nagelkerken et al. - 1999 - Depth-related variation in regeneration of artificial lesions in the Caribbean corals Porites ast.pdf,literature/META_ANALYSIS_POOL/Nagelkerken et al. - 1999 - Depth-related variation in regeneration of artificial lesions in the Caribbean corals Porites ast.pdf,8,5,numeric_keyword_window,,text,13,"regeneration process. When the lesions are almost closed, however, the mean percentage / of recovered lesion area is similar for shallow and deep water colonies. Bak (1983) / studied the recovery of lesions in P. astreoides colonies at 10 and 23 m depth and found",93ae86eca7b639fca9080256c483b83dae5e7e88f85f6471ef0197dd11ca9ec9
b2eaa7a6-c475-4f8e-bec2-2a52585da7c3,Nagelkerken et al. - 1999 - Depth-related variation in regeneration of artificial lesions in the Caribbean corals Porites ast.pdf,literature/META_ANALYSIS_POOL/Nagelkerken et al. - 1999 - Depth-related variation in regeneration of artificial lesions in the Caribbean corals Porites ast.pdf,9,1,numeric_keyword_window,,text,11,"Regeneration of artificial lesions was studied along a depth gradient from 5–35 m in the / Caribbean corals Porites astreoides (brown morph) and Stephanocoenia michelinii (massive / morph). During the first 3–4 weeks of the regeneration process tissue recovery in both coral / species was higher in shallow water than in deep water colonies. After 7 weeks when the lesions / were almost closed, however, shallow as well as deep water colonies had restored the damage to",93ae86eca7b639fca9080256c483b83dae5e7e88f85f6471ef0197dd11ca9ec9
b2eaa7a6-c475-4f8e-bec2-2a52585da7c3,Nagelkerken et al. - 1999 - Depth-related variation in regeneration of artificial lesions in the Caribbean corals Porites ast.pdf,literature/META_ANALYSIS_POOL/Nagelkerken et al. - 1999 - Depth-related variation in regeneration of artificial lesions in the Caribbean corals Porites ast.pdf,10,3,numeric_keyword_window,,text,11,"small grinding stone attached to a pneumatic drill powered by a SCUBA tank. Mean / lesion size (6S.D.) after lesion infliction was 2.260.3 cm 2 for P. astreoides and 2.060.6 / cm 2 for S. michelinii. Recovery of lesions was assessed after approximately 4, 7, 15, 21, / 29, 36 and 49 days following lesion infliction and was measured as described by / Meesters and Bak (1993).",93ae86eca7b639fca9080256c483b83dae5e7e88f85f6471ef0197dd11ca9ec9
b2eaa7a6-c475-4f8e-bec2-2a52585da7c3,Nagelkerken et al. - 1999 - Depth-related variation in regeneration of artificial lesions in the Caribbean corals Porites ast.pdf,literature/META_ANALYSIS_POOL/Nagelkerken et al. - 1999 - Depth-related variation in regeneration of artificial lesions in the Caribbean corals Porites ast.pdf,11,3,numeric_keyword_window,,text,11,"top of the experimental colonies, during January 1993. The lesions were made with a / small grinding stone attached to a pneumatic drill powered by a SCUBA tank. Mean / lesion size (6S.D.) after lesion infliction was 2.260.3 cm 2 for P. astreoides and 2.060.6 / cm 2 for S. michelinii. Recovery of lesions was assessed after approximately 4, 7, 15, 21, / 29, 36 and 49 days following lesion infliction and was measured as described by",93ae86eca7b639fca9080256c483b83dae5e7e88f85f6471ef0197dd11ca9ec9
b2eaa7a6-c475-4f8e-bec2-2a52585da7c3,Nagelkerken et al. - 1999 - Depth-related variation in regeneration of artificial lesions in the Caribbean corals Porites ast.pdf,literature/META_ANALYSIS_POOL/Nagelkerken et al. - 1999 - Depth-related variation in regeneration of artificial lesions in the Caribbean corals Porites ast.pdf,12,9,numeric_keyword_window,,text,11,"photoacclimatization, shallow as well as deep water colonies of Porites astreoides and / Stephanocoenia michelinii had both regenerated an average lesion area of about 90% / after 49 days. As the recovery was faster in shallow water colonies during the initial / phase of lesion recovery, it is apparent that the regeneration rate must have been higher / in the deep water colonies during the last phase of the recovery in order to ultimately",93ae86eca7b639fca9080256c483b83dae5e7e88f85f6471ef0197dd11ca9ec9
d17e3c0b-32a1-4c10-94fa-7558d22f726e,Okubo - 2008 - Size-independent investment allocation to regeneration and growth of the branching coral Acropora mu.pdf,literature/META_ANALYSIS_POOL/Okubo - 2008 - Size-independent investment allocation to regeneration and growth of the branching coral Acropora mu.pdf,1,3,numeric_keyword_window,,text,21,"lowing observations were recorded: (1) survivorship 24 tension rates among the three fragment sizes (Table 2). / days after transplantation, (2) the day on which a wound These results show that the linear extension rate was also / fully closed, (3) the day when the first polyp and the axial independent of fragment size. One 5 cm fragment died / polyp appeared on a cut surface, (4) the number of polyps during experiment (Tables 2). During the first year after / on a cut surface 24 days after transplantation. The data for fragmentation, the 5 cm and 10 cm fragments did not",8039585f6a98edc39307ad76489a90752742992d1e51f02f422b472c7a4ab294
d17e3c0b-32a1-4c10-94fa-7558d22f726e,Okubo - 2008 - Size-independent investment allocation to regeneration and growth of the branching coral Acropora mu.pdf,literature/META_ANALYSIS_POOL/Okubo - 2008 - Size-independent investment allocation to regeneration and growth of the branching coral Acropora mu.pdf,2,4,caption_or_table_start,Table 2,table,19,"Table 2 Number of new polyps formed on the new layer on the cut surface 24 days after fragmentation. Fragmentation was conducted on 13 August 2000 perimeter length of the initial lesion) in Montastrea an- cm fragments. nularis. In the present study, the cuts were made to main- Combining these results, it appears that the energetic tain consistent dimensions in all fragments, thus the initial investment for regeneration and growth was constant and lesion perimeter length was similar in all fragments. It has the investment in reproduction was proportional to been reported that larger lesions stop healing after ap- fragment size. This is analogous to the theoretical optimal proximately the same period of time as smaller lesions dispersal strategy (Comins et al. 1980). The fragment al- (Bak et al. 1977; Bak and Steward van Es 1980). Also, locates its energetic investment to growth and reproduc- preliminary observations noted that one fragment that tion. Let x be the investment to regene...",8039585f6a98edc39307ad76489a90752742992d1e51f02f422b472c7a4ab294
d17e3c0b-32a1-4c10-94fa-7558d22f726e,Okubo - 2008 - Size-independent investment allocation to regeneration and growth of the branching coral Acropora mu.pdf,literature/META_ANALYSIS_POOL/Okubo - 2008 - Size-independent investment allocation to regeneration and growth of the branching coral Acropora mu.pdf,3,3,numeric_keyword_window,,text,17,"fully closed, (3) the day when the first polyp and the axial independent of fragment size. One 5 cm fragment died / polyp appeared on a cut surface, (4) the number of polyps during experiment (Tables 2). During the first year after / on a cut surface 24 days after transplantation. The data for fragmentation, the 5 cm and 10 cm fragments did not / (4) were analyzed using a one-way ANOVA, after nor- spawn; on 6 and 7 June 2001, only the 20 cm fragments / mality was confirmed using a chi-square goodness-of-fit spawned (Table 2). The linear extension rates (mm) during",8039585f6a98edc39307ad76489a90752742992d1e51f02f422b472c7a4ab294
d17e3c0b-32a1-4c10-94fa-7558d22f726e,Okubo - 2008 - Size-independent investment allocation to regeneration and growth of the branching coral Acropora mu.pdf,literature/META_ANALYSIS_POOL/Okubo - 2008 - Size-independent investment allocation to regeneration and growth of the branching coral Acropora mu.pdf,4,3,numeric_keyword_window,,text,15,"for 24 days after transplantation using SCUBA. The fol- No significant differences were observed in linear ex- / lowing observations were recorded: (1) survivorship 24 tension rates among the three fragment sizes (Table 2). / days after transplantation, (2) the day on which a wound These results show that the linear extension rate was also / fully closed, (3) the day when the first polyp and the axial independent of fragment size. One 5 cm fragment died / polyp appeared on a cut surface, (4) the number of polyps during experiment (Tables 2). During the first year after",8039585f6a98edc39307ad76489a90752742992d1e51f02f422b472c7a4ab294
d17e3c0b-32a1-4c10-94fa-7558d22f726e,Okubo - 2008 - Size-independent investment allocation to regeneration and growth of the branching coral Acropora mu.pdf,literature/META_ANALYSIS_POOL/Okubo - 2008 - Size-independent investment allocation to regeneration and growth of the branching coral Acropora mu.pdf,5,1,numeric_keyword_window,,text,14,"and 20 cm long) that were then transplanted onto coral survivorship, reproduction, growth, restoration / pavement. Regardless of the fragment size, a wound was / fully closed within 11 days after fragmentation. The num- / ber of newly formed polyps on the new tissue layer did / not differ significantly among fragment sizes. No sig- Introduction",8039585f6a98edc39307ad76489a90752742992d1e51f02f422b472c7a4ab294
d17e3c0b-32a1-4c10-94fa-7558d22f726e,Okubo - 2008 - Size-independent investment allocation to regeneration and growth of the branching coral Acropora mu.pdf,literature/META_ANALYSIS_POOL/Okubo - 2008 - Size-independent investment allocation to regeneration and growth of the branching coral Acropora mu.pdf,6,3,numeric_keyword_window,,text,12,"ber of fragments having bundles within the total fragment August 2000, the 11th day after fragmentation; new polyps / population. The survival rate was monitored within 24 emerged on the new tissue layers on 31 August 2000, the / days after transplantation. The data for (2) were analyzed 18th day after fragmentation (Table 1); and axial polyps / using a Kruskal-Wallis test. Where significant differences started emerging on 6 September 2000, the 20th day after / were established, Dunn’s multiple comparison test was fragmentation. The number of newly formed polyps did",8039585f6a98edc39307ad76489a90752742992d1e51f02f422b472c7a4ab294
d17e3c0b-32a1-4c10-94fa-7558d22f726e,Okubo - 2008 - Size-independent investment allocation to regeneration and growth of the branching coral Acropora mu.pdf,literature/META_ANALYSIS_POOL/Okubo - 2008 - Size-independent investment allocation to regeneration and growth of the branching coral Acropora mu.pdf,7,3,numeric_keyword_window,,text,10,"recorded: (1) survivorship, (2) linear extension rate (mm), generation involving the formation of a new tissue layer / and (3) spawning ratio (%) in the first period after frag- started on the day following fragmentation. Regardless of / mentation. The spawning ratio was expressed as the num- fragment size, all of the wounds were fully closed by 24 / ber of fragments having bundles within the total fragment August 2000, the 11th day after fragmentation; new polyps / population. The survival rate was monitored within 24 emerged on the new tissue layers on 31 August 2000, the",8039585f6a98edc39307ad76489a90752742992d1e51f02f422b472c7a4ab294
84a7b2a4-6982-4dce-a39a-2d4f07d0176b,Oren et al. - 1997 - Effect of lesion size and shape on regeneration of the Red Sea coral Favia favus.pdf,literature/META_ANALYSIS_POOL/Oren et al. - 1997 - Effect of lesion size and shape on regeneration of the Red Sea coral Favia favus.pdf,1,5,caption_or_table_start,Fig. 2,figure,25,"Fig. 2. Characteristics of the 5 different rates during lesionthis time interval types, (Table 1) (a) Aver The ratios age surface area (+SD); (b) average (NFT/P) between perimeter lengththe newly formed t (+SD); (c) average perimeter/surface area (in mm2) and (+SD) ratio (in mm) of each of the perimeter lesion types for each monthly interval are presen survey conducted 12 mo after inflicting the lesions Fig. 3. The highest NFT/P ratios for all lesions showed that all lesions except SQ-6 had completely obtained during the first month and a significant healed (data not shown). Furthermore, some of the SQ decrease with time was recorded in the following intervals (ANOVA with repeated mea sures, p = 0.0001; Fig. 3).",3d0adf6d0b1d452569bbf53286c7e55609f8d4ddb69d427d9145df906e1c1ad9
84a7b2a4-6982-4dce-a39a-2d4f07d0176b,Oren et al. - 1997 - Effect of lesion size and shape on regeneration of the Red Sea coral Favia favus.pdf,literature/META_ANALYSIS_POOL/Oren et al. - 1997 - Effect of lesion size and shape on regeneration of the Red Sea coral Favia favus.pdf,2,5,numeric_keyword_window,,text,18,"the perimeter / lesion types for each monthly interval are presen / survey conducted 12 mo after inflicting the lesions Fig. 3. The highest NFT/P ratios for all lesions / showed that all lesions except SQ-6 had completely obtained during the first month and a significant / healed (data not shown). Furthermore, some of the SQ decrease with time was recorded in the following",3d0adf6d0b1d452569bbf53286c7e55609f8d4ddb69d427d9145df906e1c1ad9
84a7b2a4-6982-4dce-a39a-2d4f07d0176b,Oren et al. - 1997 - Effect of lesion size and shape on regeneration of the Red Sea coral Favia favus.pdf,literature/META_ANALYSIS_POOL/Oren et al. - 1997 - Effect of lesion size and shape on regeneration of the Red Sea coral Favia favus.pdf,3,6,caption_or_table_start,Fig. 3,figure,14,"Fig. 3. Average ratios (+SD) between the newly formed tissue (in mm2) that types and perimeter length (mm) of each of the 5 lesion energetic resources during therequired first, for the re second and third month intervals covery of the EP lesions can also be trans",3d0adf6d0b1d452569bbf53286c7e55609f8d4ddb69d427d9145df906e1c1ad9
84a7b2a4-6982-4dce-a39a-2d4f07d0176b,Oren et al. - 1997 - Effect of lesion size and shape on regeneration of the Red Sea coral Favia favus.pdf,literature/META_ANALYSIS_POOL/Oren et al. - 1997 - Effect of lesion size and shape on regeneration of the Red Sea coral Favia favus.pdf,4,2,numeric_keyword_window,,text,12,"& Howard 1985, Hutchings 1986, Cameron et al. 1991). new septa start to emerge in this layer after approxi / In addition, corals suffer tissue damage from hurri mately 2 wk (Meesters et al. 1994). In general, the / canes (Rogers 1993), sedimentation (Rogers 1990), regeneration of a lesion, expressed in terms of a reduc / temperature extremes (Jokiel & Coles 1990), emersion at tion in lesion size, follows an exponentially decreasing / low tide (Loya 1972), competition (Lang & Chornesky curve (Bak 1983, Meesters et al. 1992, Meesters & Bak",3d0adf6d0b1d452569bbf53286c7e55609f8d4ddb69d427d9145df906e1c1ad9
84a7b2a4-6982-4dce-a39a-2d4f07d0176b,Oren et al. - 1997 - Effect of lesion size and shape on regeneration of the Red Sea coral Favia favus.pdf,literature/META_ANALYSIS_POOL/Oren et al. - 1997 - Effect of lesion size and shape on regeneration of the Red Sea coral Favia favus.pdf,5,2,numeric_keyword_window,,text,12,"In addition, corals suffer tissue damage from hurri mately 2 wk (Meesters et al. 1994). In general, the / canes (Rogers 1993), sedimentation (Rogers 1990), regeneration of a lesion, expressed in terms of a reduc / temperature extremes (Jokiel & Coles 1990), emersion at tion in lesion size, follows an exponentially decreasing / low tide (Loya 1972), competition (Lang & Chornesky curve (Bak 1983, Meesters et al. 1992, Meesters & Bak / 1990) and human activity (Brown & Howard 1985). 1993).",3d0adf6d0b1d452569bbf53286c7e55609f8d4ddb69d427d9145df906e1c1ad9
84a7b2a4-6982-4dce-a39a-2d4f07d0176b,Oren et al. - 1997 - Effect of lesion size and shape on regeneration of the Red Sea coral Favia favus.pdf,literature/META_ANALYSIS_POOL/Oren et al. - 1997 - Effect of lesion size and shape on regeneration of the Red Sea coral Favia favus.pdf,6,2,numeric_keyword_window,,text,12,"temperature extremes (Jokiel & Coles 1990), emersion at tion in lesion size, follows an exponentially decreasing / low tide (Loya 1972), competition (Lang & Chornesky curve (Bak 1983, Meesters et al. 1992, Meesters & Bak / 1990) and human activity (Brown & Howard 1985). 1993). / Damage to the coral surface is manifested in a variety Although regeneration in colonial corals has / of lesion shapes and sizes. The bare skeleton then attracted many researchers who have speculated on its",3d0adf6d0b1d452569bbf53286c7e55609f8d4ddb69d427d9145df906e1c1ad9
84a7b2a4-6982-4dce-a39a-2d4f07d0176b,Oren et al. - 1997 - Effect of lesion size and shape on regeneration of the Red Sea coral Favia favus.pdf,literature/META_ANALYSIS_POOL/Oren et al. - 1997 - Effect of lesion size and shape on regeneration of the Red Sea coral Favia favus.pdf,7,2,numeric_keyword_window,,text,12,"the activities of fish, echinoids, asteroids, molluscs, Regeneration of an injury starts with the formation of / polychaetes and microorganisms (Pearson 1981, Brown a new tissue layer by the surrounding polyps, and / & Howard 1985, Hutchings 1986, Cameron et al. 1991). new septa start to emerge in this layer after approxi / In addition, corals suffer tissue damage from hurri mately 2 wk (Meesters et al. 1994). In general, the / canes (Rogers 1993), sedimentation (Rogers 1990), regeneration of a lesion, expressed in terms of a reduc",3d0adf6d0b1d452569bbf53286c7e55609f8d4ddb69d427d9145df906e1c1ad9
84a7b2a4-6982-4dce-a39a-2d4f07d0176b,Oren et al. - 1997 - Effect of lesion size and shape on regeneration of the Red Sea coral Favia favus.pdf,literature/META_ANALYSIS_POOL/Oren et al. - 1997 - Effect of lesion size and shape on regeneration of the Red Sea coral Favia favus.pdf,8,6,numeric_keyword_window,,text,12,"Fig. 3. Average ratios (+SD) between the newly formed tissue (in mm2) / that types / and perimeter length (mm) of each of the 5 lesion energetic resources / during therequired / first, for the re",3d0adf6d0b1d452569bbf53286c7e55609f8d4ddb69d427d9145df906e1c1ad9
84a7b2a4-6982-4dce-a39a-2d4f07d0176b,Oren et al. - 1997 - Effect of lesion size and shape on regeneration of the Red Sea coral Favia favus.pdf,literature/META_ANALYSIS_POOL/Oren et al. - 1997 - Effect of lesion size and shape on regeneration of the Red Sea coral Favia favus.pdf,9,3,caption_or_table_start,Fig. I,figure,11,"Fig. Id), and (5) configurations of 3 elongated lesions composed of 6 polyps each, which were inflicted par The percent recovery achieved by each lesion type allel to each other with an interval of 2 undamaged during each month interval and throughout the polyps in between (EP, n = 8; Fig. le). All lesions were entire study period (relative to lesion size at t = 0) is photographed immediately after they were damaged presented in Table 1. The results presented in each (January 1995) by a Nikonos V camera with 35 mm column refer only to the changes in lesion size dur close-up attachment. Analyzing these slides with an ing a given month interval. The highest recovery image analyzer (Olympus, CUE-3), we calculated percentages of all lesion types were achieved during averages (±SD) of the surface areas of the lesions the (i.e.first month interval followed by a significant projected area), their perimeters and their perime decrease during the second and third month inter ter/surface area...",3d0adf6d0b1d452569bbf53286c7e55609f8d4ddb69d427d9145df906e1c1ad9
84a7b2a4-6982-4dce-a39a-2d4f07d0176b,Oren et al. - 1997 - Effect of lesion size and shape on regeneration of the Red Sea coral Favia favus.pdf,literature/META_ANALYSIS_POOL/Oren et al. - 1997 - Effect of lesion size and shape on regeneration of the Red Sea coral Favia favus.pdf,10,5,caption_or_table_start,Table 1,table,11,"Table 1. Percent reduction of lesion areas (±SD) during the first interval The NFT/P ratios obtained for the elon (30 d), second interval (31-60 d), and third interval (61-90 d) and during the gated lesions in the EP formation in the entire study period (0-90 d). SP: single polyp lesions (n = 10); E-3: elongated lesions composed of 3 polyps in a row (n = 9); SQ-6: square lesions composed first month interval were significantly the of 6 polyps (n = 8); E-6: elongated lesions composed of 6 polyps in a row (n = highest (Fisher's PLSD test, p < 0.05; 11); EP: configurations of 3 elongated lesions composed of 6 polyps each, Fig. 3, Table 3). The second highest NFT/P which were inflicted parallel to each other with an interval of 2 unharmed ratios were for the SP and E-6 lesions, polyps in between (n = 8) which did not differ significantly between them (Fisher's PLSD test, p > 0.05; Fig. 3, Lesion Lesiontype type Reduction Reduction of of lesion lesion area (%) area (%) 30 d 31-60 d 61-90...",3d0adf6d0b1d452569bbf53286c7e55609f8d4ddb69d427d9145df906e1c1ad9
84a7b2a4-6982-4dce-a39a-2d4f07d0176b,Oren et al. - 1997 - Effect of lesion size and shape on regeneration of the Red Sea coral Favia favus.pdf,literature/META_ANALYSIS_POOL/Oren et al. - 1997 - Effect of lesion size and shape on regeneration of the Red Sea coral Favia favus.pdf,11,6,caption_or_table_start,Table 3,table,11,"Table 3. One-way ANOVA of the NFT/P ratios (Fig. 3) E-6 and each of the elongated lesions in the EP for attained during the first month. ""Significance at 95%. For tion (Fig. 2a), attained different recovery rates despite definitions of lesion type abbreviations see Table 1 their size similarity (Table 1). The only lesions demonstrating negative recovery Lesion Lesiontype type Mean Difference Fisher PLSD rates during the second and third time intervals were SP vs E-3 0.359 0.183' the SQ-6. The major difference between these and the SP vs SQ-6 0.192 0.189* other lesion types is their relatively low perimeter/sur SP vs E-6 -0.001 0.174 face area ratio (Fig. 2c). We noticed that the tentacles SP vs EP -0.374 0.163' of the healthy polyps surrounding each of the elon E-3 vs SQ-6 -0.167 0.194 E-3 vs E-6 -0.360 0.179* gated (E-3, E-6 and EP; Fig. lb, d, e) and the SP lesions E-3 vs EP -0.733 0.168* (Fig. la) covered the damaged surface area of these SQ-6 vs E-6 -0.193 0.185"" lesions during...",3d0adf6d0b1d452569bbf53286c7e55609f8d4ddb69d427d9145df906e1c1ad9
84a7b2a4-6982-4dce-a39a-2d4f07d0176b,Oren et al. - 1997 - Effect of lesion size and shape on regeneration of the Red Sea coral Favia favus.pdf,literature/META_ANALYSIS_POOL/Oren et al. - 1997 - Effect of lesion size and shape on regeneration of the Red Sea coral Favia favus.pdf,12,6,numeric_keyword_window,,text,10,"(1980) found in both Agaricia agaricites and Pontes lesion perimeter and its surface area. The high recov / astreoides that small circular tissue lesions of about ery rates of the SP lesions, which obtained the highest / 1 cm2 recovered faster than 5 cm2 ones. We recorded a P/SA ratios (Fig. 2c), versus the low recovery rates of / similar pattern in F. favus, i.e. comparing the recovery the SQ-6 ones with the lowest P/SA ratios (Fig. 2c), / rates of the small SP lesions to the E-3, E-6 and SQ-6 support this presumption. However, in other cases",3d0adf6d0b1d452569bbf53286c7e55609f8d4ddb69d427d9145df906e1c1ad9
a3b88246-eb7f-49ed-a997-67c6d36e9413,Oren et al. - 2001 - Colony Integration during Regeneration in the Stony Coral Favia favus.pdf,literature/META_ANALYSIS_POOL/Oren et al. - 2001 - Colony Integration during Regeneration in the Stony Coral Favia favus.pdf,1,8,numeric_keyword_window,,text,20,"pothesis assumes that colony-wide integration is not re-inflicted monthly throughout the entire oogenesis phase. / Black bars present the fecundity of polyps sampled from in- / necessary for lesion healing, and assumes no interac- tact control colonies (n = 10), at distances of 1, 7, and 15 / tion between colony size and rate of healing. The lo- cm away from the colony center. Polyps for fecundity as- / calized regeneration hypothesis is based on experi- sessment were sampled in June 1996.",e67718125721d6992803ffa4a19f90e0e00ebe35b45d66a01fce4c7944997b5d
a3b88246-eb7f-49ed-a997-67c6d36e9413,Oren et al. - 2001 - Colony Integration during Regeneration in the Stony Coral Favia favus.pdf,literature/META_ANALYSIS_POOL/Oren et al. - 2001 - Colony Integration during Regeneration in the Stony Coral Favia favus.pdf,2,8,caption_or_table_start,TABLE 4,table,19,"TABLE 4. Two-way analysis of variance examining the ef- ments that focused mainly on healing of small, circular fect of lesion type and the distance from the lesion on polyp lesions of -1 cm2 (Wahle 1983, Lester and Bak 1985, fecundity of Favia favus (for details see Fig. 5). Meesters et al. 1992, Meesters and Bak 1993, Meesters Sum of Mean et al. 1994, Van Veghel and Bak 1994). The results of Source df squares square F P our study show that small lesions do not elicit the full Lesion type (A) 2 1050.5 525.3 168.1 0.0001 regenerative potential of F. favus colonies, since the Distance from lesions require a minor energy investment for their re- lesion (B) 2 901.5 450.8 144.2 0.0001 covery. The relatively small SP lesions examined in Interaction (AB) 4 446.8 111.7 35.7 0.0001 Error 63 196.8 3.1 our study (-1 cm2) were the only ones to support the localized regeneration hypothesis, since their recovery was unaffected by colony size (Fig. 3a). However, the larger E-2 and E-3 lesions con...",e67718125721d6992803ffa4a19f90e0e00ebe35b45d66a01fce4c7944997b5d
a3b88246-eb7f-49ed-a997-67c6d36e9413,Oren et al. - 2001 - Colony Integration during Regeneration in the Stony Coral Favia favus.pdf,literature/META_ANALYSIS_POOL/Oren et al. - 2001 - Colony Integration during Regeneration in the Stony Coral Favia favus.pdf,3,6,numeric_keyword_window,,text,18,"In addition, three pairs of polyps were similarly sam- and between the SP and E-3 lesions (SNK, P < 0.05). / pled from each of the 10 intact control colonies, at The recovery rates of the SP lesions do not appear to / equal sampling distances (1, 7, and 15 cm) away from be affected by colony size (Fig. 3a). The larger E-2 / the central polyp of each colony. In the laboratory, the lesions healed more slowly among small colonies com- / polyps were decalcified and five septa within each pol- pared to both intermediate and large colonies (Fig. 3b),",e67718125721d6992803ffa4a19f90e0e00ebe35b45d66a01fce4c7944997b5d
a3b88246-eb7f-49ed-a997-67c6d36e9413,Oren et al. - 2001 - Colony Integration during Regeneration in the Stony Coral Favia favus.pdf,literature/META_ANALYSIS_POOL/Oren et al. - 2001 - Colony Integration during Regeneration in the Stony Coral Favia favus.pdf,4,6,numeric_keyword_window,,text,18,"sides perpendicular to the elongated axis of the lesion. between the SP and the E-2 lesions (SNK, P < 0.05), / In addition, three pairs of polyps were similarly sam- and between the SP and E-3 lesions (SNK, P < 0.05). / pled from each of the 10 intact control colonies, at The recovery rates of the SP lesions do not appear to / equal sampling distances (1, 7, and 15 cm) away from be affected by colony size (Fig. 3a). The larger E-2 / the central polyp of each colony. In the laboratory, the lesions healed more slowly among small colonies com-",e67718125721d6992803ffa4a19f90e0e00ebe35b45d66a01fce4c7944997b5d
a3b88246-eb7f-49ed-a997-67c6d36e9413,Oren et al. - 2001 - Colony Integration during Regeneration in the Stony Coral Favia favus.pdf,literature/META_ANALYSIS_POOL/Oren et al. - 2001 - Colony Integration during Regeneration in the Stony Coral Favia favus.pdf,5,5,numeric_keyword_window,,text,17,"and 16 colonies with one E-10 lesion (Fig. 2d). This / TABLE 1. Average dimensions (? 1 SD) of the experimen- experiment was initiated in February 1996, during the / tally inflicted lesions (see Fig 2 for description of lesion / initial stages of F. favus oogenesis. It was expected / type).",e67718125721d6992803ffa4a19f90e0e00ebe35b45d66a01fce4c7944997b5d
a3b88246-eb7f-49ed-a997-67c6d36e9413,Oren et al. - 2001 - Colony Integration during Regeneration in the Stony Coral Favia favus.pdf,literature/META_ANALYSIS_POOL/Oren et al. - 2001 - Colony Integration during Regeneration in the Stony Coral Favia favus.pdf,6,9,numeric_keyword_window,,text,17,"gas exchange by increasing the drag imposed by water injury site (Fig. Sc). These findings indicate that small / movement (Connell 1973, Hughes and Jackson 1985, lesions induce only a localized energetic involvement / Ryland and Warner 1986, Babcock 1991, Hall and for their healing, while larger ones elicit a much higher / Hughes 1996). Colonial organisms exhibit considerable level of colony integration. / morphological plasticity, and the particular growth A decrease in regeneration rate over time is well",e67718125721d6992803ffa4a19f90e0e00ebe35b45d66a01fce4c7944997b5d
a3b88246-eb7f-49ed-a997-67c6d36e9413,Oren et al. - 2001 - Colony Integration during Regeneration in the Stony Coral Favia favus.pdf,literature/META_ANALYSIS_POOL/Oren et al. - 2001 - Colony Integration during Regeneration in the Stony Coral Favia favus.pdf,7,5,numeric_keyword_window,,text,15,"as follows: 16 colonies were inflicted with one SP le- / ters et al. 1992, 1997a, Van Woesik 1998), also recently / sion (Fig. 2a); 8 colonies with one E-3 lesion (Fig. 2c); / and 16 colonies with one E-10 lesion (Fig. 2d). This / TABLE 1. Average dimensions (? 1 SD) of the experimen- experiment was initiated in February 1996, during the",e67718125721d6992803ffa4a19f90e0e00ebe35b45d66a01fce4c7944997b5d
a3b88246-eb7f-49ed-a997-67c6d36e9413,Oren et al. - 2001 - Colony Integration during Regeneration in the Stony Coral Favia favus.pdf,literature/META_ANALYSIS_POOL/Oren et al. - 2001 - Colony Integration during Regeneration in the Stony Coral Favia favus.pdf,8,5,numeric_keyword_window,,text,15,"ters et al. 1992, 1997a, Van Woesik 1998), also recently / sion (Fig. 2a); 8 colonies with one E-3 lesion (Fig. 2c); / and 16 colonies with one E-10 lesion (Fig. 2d). This / TABLE 1. Average dimensions (? 1 SD) of the experimen- experiment was initiated in February 1996, during the / tally inflicted lesions (see Fig 2 for description of lesion",e67718125721d6992803ffa4a19f90e0e00ebe35b45d66a01fce4c7944997b5d
a3b88246-eb7f-49ed-a997-67c6d36e9413,Oren et al. - 2001 - Colony Integration during Regeneration in the Stony Coral Favia favus.pdf,literature/META_ANALYSIS_POOL/Oren et al. - 2001 - Colony Integration during Regeneration in the Stony Coral Favia favus.pdf,9,6,numeric_keyword_window,,text,15,"stainless-steel corer with a cross section of 1 cm2. Polyp class was significantly higher than in the small-colony / samples were taken from opposite sides of the different class (Student-Newman-Keuls test [SNK], P < 0.05). / lesions, at distances of 1, 7, and 15 cm from the center However, there was no significant difference between / of the lesion. In the colonies bearing the E-3 and E-10 the intermediate- and large-colony classes (SNK, P > / lesions, these samples were taken from the two opposite 0.05). In addition, there were significant differences",e67718125721d6992803ffa4a19f90e0e00ebe35b45d66a01fce4c7944997b5d
a3b88246-eb7f-49ed-a997-67c6d36e9413,Oren et al. - 2001 - Colony Integration during Regeneration in the Stony Coral Favia favus.pdf,literature/META_ANALYSIS_POOL/Oren et al. - 2001 - Colony Integration during Regeneration in the Stony Coral Favia favus.pdf,10,7,numeric_keyword_window,,text,15,"0 / and the mean fecundity of these colonies did not vary 1 7 15 / with respect to distance (1, 7, and 15 cm) from the Distance from lesion (cm) / colony center (14.1 ? 1.8, 14.4 + 1.9 and 14.4 ? 2.3 / oocytes/septum, respectively, one-way ANOVA, P > FIG. 4. Gray bars depict fecundity in terms of average",e67718125721d6992803ffa4a19f90e0e00ebe35b45d66a01fce4c7944997b5d
a3b88246-eb7f-49ed-a997-67c6d36e9413,Oren et al. - 2001 - Colony Integration during Regeneration in the Stony Coral Favia favus.pdf,literature/META_ANALYSIS_POOL/Oren et al. - 2001 - Colony Integration during Regeneration in the Stony Coral Favia favus.pdf,11,7,numeric_keyword_window,,text,15,"and the mean fecundity of these colonies did not vary 1 7 15 / with respect to distance (1, 7, and 15 cm) from the Distance from lesion (cm) / colony center (14.1 ? 1.8, 14.4 + 1.9 and 14.4 ? 2.3 / oocytes/septum, respectively, one-way ANOVA, P > FIG. 4. Gray bars depict fecundity in terms of average / oocytes per septum (+1 SD) recorded in Favia favus polyps",e67718125721d6992803ffa4a19f90e0e00ebe35b45d66a01fce4c7944997b5d
a3b88246-eb7f-49ed-a997-67c6d36e9413,Oren et al. - 2001 - Colony Integration during Regeneration in the Stony Coral Favia favus.pdf,literature/META_ANALYSIS_POOL/Oren et al. - 2001 - Colony Integration during Regeneration in the Stony Coral Favia favus.pdf,12,8,numeric_keyword_window,,text,15,"1993, Ward 1995). Previous studies of coral regener- FIG. 5. Gray bars depict fecundity in terms of average / ation indicated that lesion recovery is a localized pro- oocytes per septum (?- SD) recorded in Faviafavus polyps / sampled at distances of 1, 7, and 15 cm away from: (a) month- / cess, fueled energetically only by the polyps directly / ly repeated SP lesions (n = 8), (b) monthly repeated E-3",e67718125721d6992803ffa4a19f90e0e00ebe35b45d66a01fce4c7944997b5d
6f750c49-3261-482c-ade2-373835f7cf40,Paz-García - 2006 - Temporal variation in the regeneration rate of artificial lesions in two morphotypes of Porites pana.pdf,literature/META_ANALYSIS_POOL/Paz-García - 2006 - Temporal variation in the regeneration rate of artificial lesions in two morphotypes of Porites pana.pdf,1,6,numeric_keyword_window,,text,15,"tores de arrecifes ha sido evidenciada dado que el carbono que greater light availability provides more energy for the / es fijado fotosintéticamente es trasladado desde la zooxantela regeneration of wounds, explaining why the rate of recovery is / hasta el hospedero y aporta más del 100% de la energía diaria higher in hot seasons. / necesaria para la supervivencia (Davies 1984, 1991). Por ello One of the objectives of this study was to compare the / las condiciones termales resultan poco estresantes, y la prolon- regeneration rates of the columnar and massive forms of P.",85920fa2b5878fe15c3e8aba70617238c5b897d49b390cdfcda0c5854dafcc76
6f750c49-3261-482c-ade2-373835f7cf40,Paz-García - 2006 - Temporal variation in the regeneration rate of artificial lesions in two morphotypes of Porites pana.pdf,literature/META_ANALYSIS_POOL/Paz-García - 2006 - Temporal variation in the regeneration rate of artificial lesions in two morphotypes of Porites pana.pdf,2,4,numeric_keyword_window,,text,12,"las heridas. En ambas formas coloniales este comportamiento regeneration or had died. / siguió un modelo exponencial negativo (fig. 3). No se encon- The regeneration rate of the lesions was determined by / traron diferencias significativas entre las pendientes de las plotting lesion size (mm2, y-axis) vs time (number of days since / curvas linealizadas (equivalentes a la tasa de regeneración initiating the experiment, x-axis). Since the relationship / entre las formas), ni en la temporada fría (t56 = 0.563, P > 0.50) followed a negative exponential model, an exploratory analysis",85920fa2b5878fe15c3e8aba70617238c5b897d49b390cdfcda0c5854dafcc76
6f750c49-3261-482c-ade2-373835f7cf40,Paz-García - 2006 - Temporal variation in the regeneration rate of artificial lesions in two morphotypes of Porites pana.pdf,literature/META_ANALYSIS_POOL/Paz-García - 2006 - Temporal variation in the regeneration rate of artificial lesions in two morphotypes of Porites pana.pdf,3,4,numeric_keyword_window,,text,11,"entre las formas), ni en la temporada fría (t56 = 0.563, P > 0.50) followed a negative exponential model, an exploratory analysis / ni en la temporada cálida (t53 = 1.448, P = 0.14). En contraste, of the graphs was made and the curve was linearized by obtain- / se observaron diferencias significativas entre tasas de regene- ing the logarithm of the lesion area; 1 mm2 was added to avoid / ración cuando se compararon las distintas temporadas del año zeroes that would have prevented the regression (Van Woesik / para cada uno de los morfotipos (Punta Gaviotas: t56 = 2.719, P 1998). Finally, in order to determine the differences in the",85920fa2b5878fe15c3e8aba70617238c5b897d49b390cdfcda0c5854dafcc76
6f750c49-3261-482c-ade2-373835f7cf40,Paz-García - 2006 - Temporal variation in the regeneration rate of artificial lesions in two morphotypes of Porites pana.pdf,literature/META_ANALYSIS_POOL/Paz-García - 2006 - Temporal variation in the regeneration rate of artificial lesions in two morphotypes of Porites pana.pdf,4,8,numeric_keyword_window,,text,11,"Gulf of California: A historical and conservation perspective. III. Reproduction in damaged and regenerating colonies. Mar. / Ph.D. dissertation, University of California, Berkeley, 376 pp. Ecol. Prog. Ser. 109: 229–233. / López-Pérez RA, Reyes-Bonilla H, Budd AF, Correa-Sandoval F, Van Woesik R. 1998. Lesion healing on massive Porites spp. corals. / 2003. The taxonomic status of Porites sverdrupi, an endemic coral Mar. Ecol. Prog. Ser. 164: 213–220. / of the Gulf of California. Cienc. Mar. 29: 677–691. Veron JEN. 1995. Corals in Space and Time. Comstock/Cornell,",85920fa2b5878fe15c3e8aba70617238c5b897d49b390cdfcda0c5854dafcc76
6f750c49-3261-482c-ade2-373835f7cf40,Paz-García - 2006 - Temporal variation in the regeneration rate of artificial lesions in two morphotypes of Porites pana.pdf,literature/META_ANALYSIS_POOL/Paz-García - 2006 - Temporal variation in the regeneration rate of artificial lesions in two morphotypes of Porites pana.pdf,5,3,numeric_keyword_window,,text,10,"13 y 22, y la columnar en los días 12 y 21. El estudio se dió por Punta / 24º22’ Galeras / concluido una vez que más del 50% de las colonias presentaron / una regeneración completa o mortalidad total. Baja / *",85920fa2b5878fe15c3e8aba70617238c5b897d49b390cdfcda0c5854dafcc76
6f750c49-3261-482c-ade2-373835f7cf40,Paz-García - 2006 - Temporal variation in the regeneration rate of artificial lesions in two morphotypes of Porites pana.pdf,literature/META_ANALYSIS_POOL/Paz-García - 2006 - Temporal variation in the regeneration rate of artificial lesions in two morphotypes of Porites pana.pdf,6,1,numeric_keyword_window,,text,9,"compared, in order to contribute to the knowledge of the physiology of the species complex and to help clarify the taxonomic / situation of the phenoms. The study was carried out at Punta Gaviotas (24º17.134′ N, 110º19.870′ W) and Punta Galeras / (24º21.236′ N, 110º17.028′ W), in La Paz Bay, Mexico. One circular lesion per colony (0.70 ± 0.09 cm diameter and 0.5 cm / deep) was inflicted on 26 to 30 colonies at each site and the regeneration rate was compared during the cold season (19–22ºC, / March–April 2004) and the warm season (28–30ºC, September–October 2004). The regeneration rate followed a negative",85920fa2b5878fe15c3e8aba70617238c5b897d49b390cdfcda0c5854dafcc76
6f750c49-3261-482c-ade2-373835f7cf40,Paz-García - 2006 - Temporal variation in the regeneration rate of artificial lesions in two morphotypes of Porites pana.pdf,literature/META_ANALYSIS_POOL/Paz-García - 2006 - Temporal variation in the regeneration rate of artificial lesions in two morphotypes of Porites pana.pdf,7,5,caption_or_table_start,Figure 3,figure,9,"Figure 3. Curve of lesion regeneration in Porites panamensis morphotypes. (a) Massive colonies: (♦) cold season (n = 30) and (—) fitted model (y = – The literature indicates that there are interspecific differ- 0.0847x + 3.4467, R2 = 0.585); (z) warm season (n = 26) and (—) fitted ences in the regeneration capacity of corals (Hall 1997, 2001; model (y = –0.1379x + 3.6742, R2 = 0.7867). (b) Columnar colonies: (♦) Van Woesik 1998). In some species, the naturally or artificially cold season (n = 30) and (—) fitted model (y = –0.081x + 3.3172, R2 = inflicted lesions can be entirely covered by undifferentiated 0.5503); (z) warm season (n = 28) and (—) fitted model (y = –0.1573x + tissue before new polyps appear (Meesters et al. 1997). In 3.6411, R2 = 0.7358). others, the pigmented polyps and new layer of tissue develop almost simultaneously (Bak 1983, Meesters et al. 1997). In this formas de P. panamensis. En contraste con las anteriores estra- study, the first strategy was observed in t...",85920fa2b5878fe15c3e8aba70617238c5b897d49b390cdfcda0c5854dafcc76
0ccdd954-1740-44d7-a2c6-6280125057b5,Rice et al. - 2019 - Different nitrogen sources speed recovery from corallivory and uniquely alter the microbiome of a re.pdf,literature/META_ANALYSIS_POOL/Rice et al. - 2019 - Different nitrogen sources speed recovery from corallivory and uniquely alter the microbiome of a re.pdf,1,8,caption_or_table_start,Figure 2,figure,25,Figure 2 Wound healing rates of Pocillopora meandrina. The wound healing rates (mm2 day−1; mean ± SE) of wounded Pocillopora meandrina nubbins under different temperature and nutrient treatments. The points show the distribution of the data. Letters represent signiﬁcant difference among treatments. Full-size  DOI: 10.7717/peerj.8056/ﬁg-2,01eaa144ff494979a3c037c5bb27314794f8f5588392dbe4938568fdf6da60f8
0ccdd954-1740-44d7-a2c6-6280125057b5,Rice et al. - 2019 - Different nitrogen sources speed recovery from corallivory and uniquely alter the microbiome of a re.pdf,literature/META_ANALYSIS_POOL/Rice et al. - 2019 - Different nitrogen sources speed recovery from corallivory and uniquely alter the microbiome of a re.pdf,2,8,numeric_keyword_window,,text,23,26 29 26 29 26 29 / Temperature (°C) / Figure 2 Wound healing rates of Pocillopora meandrina. The wound healing rates (mm2 day−1; / mean ± SE) of wounded Pocillopora meandrina nubbins under different temperature and nutrient / treatments. The points show the distribution of the data. Letters represent signiﬁcant difference among,01eaa144ff494979a3c037c5bb27314794f8f5588392dbe4938568fdf6da60f8
0ccdd954-1740-44d7-a2c6-6280125057b5,Rice et al. - 2019 - Different nitrogen sources speed recovery from corallivory and uniquely alter the microbiome of a re.pdf,literature/META_ANALYSIS_POOL/Rice et al. - 2019 - Different nitrogen sources speed recovery from corallivory and uniquely alter the microbiome of a re.pdf,3,7,numeric_keyword_window,,text,21,"Growth rates of individual P. meandrina nubbins ranged from 0.49 to 2.38 mg cm−2 day−1. / We did not observe main effects or interactions among seawater warming, nitrogen source, / or simulated wounding on P. meandrina growth rates (Fig. 1; Table S2). For wound / healing, there were no main effects of temperature (LMM; F = 3.57, P = 0.065) or nitrogen / enrichment (LMM; F = 2.09, P = 0.14), yet there was a signiﬁcant interaction between",01eaa144ff494979a3c037c5bb27314794f8f5588392dbe4938568fdf6da60f8
0ccdd954-1740-44d7-a2c6-6280125057b5,Rice et al. - 2019 - Different nitrogen sources speed recovery from corallivory and uniquely alter the microbiome of a re.pdf,literature/META_ANALYSIS_POOL/Rice et al. - 2019 - Different nitrogen sources speed recovery from corallivory and uniquely alter the microbiome of a re.pdf,4,7,numeric_keyword_window,,text,21,"RESULTS / Growth rates, wound healing rates, and Symbiodiniaceae densities / Growth rates of individual P. meandrina nubbins ranged from 0.49 to 2.38 mg cm−2 day−1. / We did not observe main effects or interactions among seawater warming, nitrogen source, / or simulated wounding on P. meandrina growth rates (Fig. 1; Table S2). For wound",01eaa144ff494979a3c037c5bb27314794f8f5588392dbe4938568fdf6da60f8
0ccdd954-1740-44d7-a2c6-6280125057b5,Rice et al. - 2019 - Different nitrogen sources speed recovery from corallivory and uniquely alter the microbiome of a re.pdf,literature/META_ANALYSIS_POOL/Rice et al. - 2019 - Different nitrogen sources speed recovery from corallivory and uniquely alter the microbiome of a re.pdf,5,9,caption_or_table_start,Table 1,table,19,Table 1 Linear mixed-effects model results for healing rate (mm2 day−1) of wounded corals with Kenward-Roger approximation for degrees of freedom. Fixed effects df F P Temperature 1 3.566 0.0653 Nutrient 2 2.091 0.135 Temperature × Nutrient 2 6.505 <0.01 Note: P-values deﬁned as signiﬁcant at a threshold of 0.05 are highlighted in bold.,01eaa144ff494979a3c037c5bb27314794f8f5588392dbe4938568fdf6da60f8
0ccdd954-1740-44d7-a2c6-6280125057b5,Rice et al. - 2019 - Different nitrogen sources speed recovery from corallivory and uniquely alter the microbiome of a re.pdf,literature/META_ANALYSIS_POOL/Rice et al. - 2019 - Different nitrogen sources speed recovery from corallivory and uniquely alter the microbiome of a re.pdf,6,1,numeric_keyword_window,,text,17,"simultaneous stressors. Seawater warming suppressed wound healing rates by nearly / 66%. However, both ammonium and nitrate enrichment counteracted the effect of / Submitted 6 March 2019 higher temperatures on would healing rates. Elevated seawater temperature and / Accepted 18 October 2019 ammonium enrichment independently increased Symbiodiniaceae densities relative / Published 15 November 2019 to controls, yet there was no effect of nitrate enrichment on algal symbiont densities.",01eaa144ff494979a3c037c5bb27314794f8f5588392dbe4938568fdf6da60f8
0ccdd954-1740-44d7-a2c6-6280125057b5,Rice et al. - 2019 - Different nitrogen sources speed recovery from corallivory and uniquely alter the microbiome of a re.pdf,literature/META_ANALYSIS_POOL/Rice et al. - 2019 - Different nitrogen sources speed recovery from corallivory and uniquely alter the microbiome of a re.pdf,7,7,caption_or_table_start,Table S3,table,17,"Table S3). For corals at 29  C, nitrogen enrichment removed the negative effect of seawater warming on healing rate regardless of nitrogen source. When comparing the wound healing rates at 29  C, we found that both ammonium and nitrogen enrichment increased healing rates by ~63% compared to ambient conditions (P < 0.05; Table S3). However, there were no differences in the wound healing rates for P. meandrina nubbins enriched with either ammonium or nitrate across temperature treatments (P > 0.9 for all comparisons; Table S3). Symbiodiniaceae densities ranged from 1.03 to 10.7 × 105 cells cm−2. Seawater warming increased Symbiodiniaceae density (LMM; F = 7.91, P < 0.01; Fig. 3; Table 2). There was",01eaa144ff494979a3c037c5bb27314794f8f5588392dbe4938568fdf6da60f8
0ccdd954-1740-44d7-a2c6-6280125057b5,Rice et al. - 2019 - Different nitrogen sources speed recovery from corallivory and uniquely alter the microbiome of a re.pdf,literature/META_ANALYSIS_POOL/Rice et al. - 2019 - Different nitrogen sources speed recovery from corallivory and uniquely alter the microbiome of a re.pdf,8,9,numeric_keyword_window,,text,17,Table 1 Linear mixed-effects model results for healing rate (mm2 day−1) of wounded corals with / Kenward-Roger approximation for degrees of freedom. / Fixed effects df F P,01eaa144ff494979a3c037c5bb27314794f8f5588392dbe4938568fdf6da60f8
0ccdd954-1740-44d7-a2c6-6280125057b5,Rice et al. - 2019 - Different nitrogen sources speed recovery from corallivory and uniquely alter the microbiome of a re.pdf,literature/META_ANALYSIS_POOL/Rice et al. - 2019 - Different nitrogen sources speed recovery from corallivory and uniquely alter the microbiome of a re.pdf,9,4,numeric_keyword_window,,text,16,"At the beginning and end of the experiment, coral nubbins were buoyant weighed to / determine changes in mass for growth rates (Davies, 1989; Jokiel, Maragos & Frankzisket, / 1978). For measurements of wound healing rate, initial and ﬁnal photos were taken using / an Olympus TG-4 camera and ruler and processed in ImageJ for scar area. A wound / was considered healed if there were visible polyps in the wound area. After the experiment,",01eaa144ff494979a3c037c5bb27314794f8f5588392dbe4938568fdf6da60f8
0ccdd954-1740-44d7-a2c6-6280125057b5,Rice et al. - 2019 - Different nitrogen sources speed recovery from corallivory and uniquely alter the microbiome of a re.pdf,literature/META_ANALYSIS_POOL/Rice et al. - 2019 - Different nitrogen sources speed recovery from corallivory and uniquely alter the microbiome of a re.pdf,10,4,numeric_keyword_window,,text,16,"determine changes in mass for growth rates (Davies, 1989; Jokiel, Maragos & Frankzisket, / 1978). For measurements of wound healing rate, initial and ﬁnal photos were taken using / an Olympus TG-4 camera and ruler and processed in ImageJ for scar area. A wound / was considered healed if there were visible polyps in the wound area. After the experiment, / coral nubbins were frozen at −40  C for microbiome analysis. From each of the",01eaa144ff494979a3c037c5bb27314794f8f5588392dbe4938568fdf6da60f8
0ccdd954-1740-44d7-a2c6-6280125057b5,Rice et al. - 2019 - Different nitrogen sources speed recovery from corallivory and uniquely alter the microbiome of a re.pdf,literature/META_ANALYSIS_POOL/Rice et al. - 2019 - Different nitrogen sources speed recovery from corallivory and uniquely alter the microbiome of a re.pdf,11,8,caption_or_table_start,Figure 1,figure,16,"Figure 1 The growth rates of Pocillopora meandrina corals across treatments. Growth rates (mg cm−2 day−1; mean ± SE) of intact (gray bars) and wounded (white bars) Pocillopora meandrina nubbins under temperature (26  C, 29  C) and nutrient (control, ammonium, nitrate) treatments. The points show the distribution of the data. Full-size  DOI: 10.7717/peerj.8056/ﬁg-1",01eaa144ff494979a3c037c5bb27314794f8f5588392dbe4938568fdf6da60f8
0ccdd954-1740-44d7-a2c6-6280125057b5,Rice et al. - 2019 - Different nitrogen sources speed recovery from corallivory and uniquely alter the microbiome of a re.pdf,literature/META_ANALYSIS_POOL/Rice et al. - 2019 - Different nitrogen sources speed recovery from corallivory and uniquely alter the microbiome of a re.pdf,12,8,numeric_keyword_window,,text,16,Healing Rate (mm2 day−1) / 3 / a,01eaa144ff494979a3c037c5bb27314794f8f5588392dbe4938568fdf6da60f8
002a60bc-55c8-4fdb-860a-1169fc99b2a8,Rice et al. - 2021 - Complex interactions with nutrients and sediment a.pdf,literature/META_ANALYSIS_POOL/Rice et al. - 2021 - Complex interactions with nutrients and sediment a.pdf,1,10,numeric_keyword_window,,text,16,"and increased corallivorous snail densities co-­occurred. Even though phosphate; present study: ~4 µM nitrate, ~0.6 µM phosphate) and / nutrient enrichment reduced overall levels of tissue mortality, en- sediment (Cróquer et al., 2002: ~266 mg cm−2 day−1; present study: / richment increased the magnitude of the effect of snails on tissue ~100 mg cm−2 day−1) hinder the tissue regeneration capacity of cor- / mortality as compared to the effect on corals that were not enriched als independently. The disparities in these patterns may be explained / (compare enriched versus not enriched corals in Figure 4a). Thus, nu- by several non-­mutually exclusive mechanisms.",985079be5784f59425e88d9a55fd59a7a8397c899b38f3fb37596f6aeacb5157
002a60bc-55c8-4fdb-860a-1169fc99b2a8,Rice et al. - 2021 - Complex interactions with nutrients and sediment a.pdf,literature/META_ANALYSIS_POOL/Rice et al. - 2021 - Complex interactions with nutrients and sediment a.pdf,2,10,numeric_keyword_window,,text,15,"live coral tissue at the reef scale where higher nutrient availability nium, ~2 µM phosphate; Renegar et al., 2008: ~11 µM nitrate, ~4 µM / and increased corallivorous snail densities co-­occurred. Even though phosphate; present study: ~4 µM nitrate, ~0.6 µM phosphate) and / nutrient enrichment reduced overall levels of tissue mortality, en- sediment (Cróquer et al., 2002: ~266 mg cm−2 day−1; present study: / richment increased the magnitude of the effect of snails on tissue ~100 mg cm−2 day−1) hinder the tissue regeneration capacity of cor- / mortality as compared to the effect on corals that were not enriched als independently. The disparities in these patterns may be explained",985079be5784f59425e88d9a55fd59a7a8397c899b38f3fb37596f6aeacb5157
002a60bc-55c8-4fdb-860a-1169fc99b2a8,Rice et al. - 2021 - Complex interactions with nutrients and sediment a.pdf,literature/META_ANALYSIS_POOL/Rice et al. - 2021 - Complex interactions with nutrients and sediment a.pdf,3,7,numeric_keyword_window,,text,14,"all mean of 27.3 ± 0.5°C (±SE). PAR had an overall mean of before snail addition (0.3% overall) and increased after Coralliophila / 1,285.1 ± 17.0 µmol m−2 s−1. Sedimentation rates at the study site violacea were added (Figure S2). Five coral replicates, each from a / averaged 0.61 ± 0.087 mg cm−2 day−1. We were successful at el- different treatment combination, experienced complete mortality / evating the NO2− + NO3− nutrient concentrations for enriched cin- by the end of the experiment. There were no main effects of snail / derblocks approximately fourfold relative to controls (4.3 ± 1.4 μM predation, nutrient enrichment, or sedimentation on tissue mortality",985079be5784f59425e88d9a55fd59a7a8397c899b38f3fb37596f6aeacb5157
002a60bc-55c8-4fdb-860a-1169fc99b2a8,Rice et al. - 2021 - Complex interactions with nutrients and sediment a.pdf,literature/META_ANALYSIS_POOL/Rice et al. - 2021 - Complex interactions with nutrients and sediment a.pdf,4,5,numeric_keyword_window,,text,13,"ent levels throughout the duration of the experiment. We collected of the predation scars, including a ruler for scale, were taken with / seawater samples ~5 cm above the surface of each cinderblock be- an Olympus TG-­4 camera immediately following snail removal and / fore each diffuser swap using acid-­washed 20-­mL syringes. These again at the end of the experiment. Wound healing rates were deter- / seawater samples were kept on ice while transported by boat back mined by tracing the snail predation scar in ImageJ in the initial and / to the Gump Research Station within <1 hr of collection. All sam- final photographs. The percent tissue mortality for each coral was",985079be5784f59425e88d9a55fd59a7a8397c899b38f3fb37596f6aeacb5157
002a60bc-55c8-4fdb-860a-1169fc99b2a8,Rice et al. - 2021 - Complex interactions with nutrients and sediment a.pdf,literature/META_ANALYSIS_POOL/Rice et al. - 2021 - Complex interactions with nutrients and sediment a.pdf,5,9,numeric_keyword_window,,text,13,F I G U R E 5 Percent of each wound healed (mean ± SE; n = 10–­11 / per treatment) for massive Porites nubbins exposed to predation by / Coralliophila violacea. Corals were exposed to nutrient enrichment,985079be5784f59425e88d9a55fd59a7a8397c899b38f3fb37596f6aeacb5157
002a60bc-55c8-4fdb-860a-1169fc99b2a8,Rice et al. - 2021 - Complex interactions with nutrients and sediment a.pdf,literature/META_ANALYSIS_POOL/Rice et al. - 2021 - Complex interactions with nutrients and sediment a.pdf,6,2,numeric_keyword_window,,text,11,"Anthropocene. tissue recovery following predation (Cróquer et al., 2002). In fact, sim- / In the past several decades, the abundance of scleractinian corals ulated parrotfish and butterflyfish wounds on colonies of Orbicella an- / on tropical reefs has declined significantly in many regions due to a host nularis (Ellis and Solander, 1786) healed 2–­3 times slower at sites with / of anthropogenic stressors ranging from global climate change (e.g., ris- high sediment loads than at sites with low sediment loads (Cróquer / ing sea surface temperatures and ocean acidification) to local stress- et al., 2002). Anthropogenic sources of nutrient enrichment can",985079be5784f59425e88d9a55fd59a7a8397c899b38f3fb37596f6aeacb5157
002a60bc-55c8-4fdb-860a-1169fc99b2a8,Rice et al. - 2021 - Complex interactions with nutrients and sediment a.pdf,literature/META_ANALYSIS_POOL/Rice et al. - 2021 - Complex interactions with nutrients and sediment a.pdf,7,2,numeric_keyword_window,,text,11,"interactions on foundation species is critical to determining the imentation and nutrient pollution. For example, sediment exposure / trajectory of community structure for coastal ecosystems in the can deplete coral energy reserves (Sheridan et al., 2014) and inhibit / Anthropocene. tissue recovery following predation (Cróquer et al., 2002). In fact, sim- / In the past several decades, the abundance of scleractinian corals ulated parrotfish and butterflyfish wounds on colonies of Orbicella an- / on tropical reefs has declined significantly in many regions due to a host nularis (Ellis and Solander, 1786) healed 2–­3 times slower at sites with",985079be5784f59425e88d9a55fd59a7a8397c899b38f3fb37596f6aeacb5157
002a60bc-55c8-4fdb-860a-1169fc99b2a8,Rice et al. - 2021 - Complex interactions with nutrients and sediment a.pdf,literature/META_ANALYSIS_POOL/Rice et al. - 2021 - Complex interactions with nutrients and sediment a.pdf,8,2,numeric_keyword_window,,text,11,"ors such as overfishing and land-­ / based pollution (Hoegh-­ / Guldberg also reduce the wound healing capacity of corals (Koop et al., 2001; / et al., 2017; Hughes et al., 2017). Land-­based pollution from coastal de- Renegar et al., 2008). However, nutrient enrichment does not always / velopment, sewage, agriculture, and dredging can expose corals to sed- mediate how predators influence coral growth or mortality (Shaver",985079be5784f59425e88d9a55fd59a7a8397c899b38f3fb37596f6aeacb5157
002a60bc-55c8-4fdb-860a-1169fc99b2a8,Rice et al. - 2021 - Complex interactions with nutrients and sediment a.pdf,literature/META_ANALYSIS_POOL/Rice et al. - 2021 - Complex interactions with nutrients and sediment a.pdf,9,5,numeric_keyword_window,,text,11,"of each sediment treatment coral replicate with sediment particles / twice per week. This resulted in a maximum sedimentation rate of 2.3.1 | Densities of Symbiodiniaceae and chlorophyll / ~100 mg cm2 day−1 as a large portion of the sediment particles fell production in massive Porites / onto the cinderblock or were not filtered through the sieve due to / particle size. This sedimentation rate falls toward the high end of the At the end of the experiment, we analyzed coral tissue from all live",985079be5784f59425e88d9a55fd59a7a8397c899b38f3fb37596f6aeacb5157
002a60bc-55c8-4fdb-860a-1169fc99b2a8,Rice et al. - 2021 - Complex interactions with nutrients and sediment a.pdf,literature/META_ANALYSIS_POOL/Rice et al. - 2021 - Complex interactions with nutrients and sediment a.pdf,10,5,numeric_keyword_window,,text,11,"within each cinderblock to mimic the sediment regime of Mo'orean 5:1 (White, 1990). Sediment was collected weekly, dried at 60°C / fringing reefs where sediments are <500 µm (~99% of collected for ~48 hr, weighed to the nearest 0.01 g, and converted to sed- / sediments) (Gil et al., 2016). To simulate this sediment regime, we imentation rates (mg cm−2 day−1) using the inner diameter of the / filtered 5 ml sediment from the sandy sea floor adjacent to each cin- PVC tube. / derblock through a 500-­µ m nylon-­mesh sieve to cover the surface",985079be5784f59425e88d9a55fd59a7a8397c899b38f3fb37596f6aeacb5157
002a60bc-55c8-4fdb-860a-1169fc99b2a8,Rice et al. - 2021 - Complex interactions with nutrients and sediment a.pdf,literature/META_ANALYSIS_POOL/Rice et al. - 2021 - Complex interactions with nutrients and sediment a.pdf,11,6,numeric_keyword_window,,text,11,"corals in the factorial field experiment. The lmer function from the fixed effect and parent colony as a random effect. Chlorophyll a was / lmerTest package in R was used to create all LMMs (Kuznetsova log (x + 1) transformed to meet the assumptions of normality and ho- / et al., 2017). Initially, all LMMs included parent colony and cinder- moscedasticity. The percent of the predation wound that healed was / block as random effects fit with random intercepts to account for analyzed with a LMM with nutrient, sediment, and their interactions / variation within the experimental design. Akaike's information cri- as fixed effects as well as snail shell length as a fixed effect with cin-",985079be5784f59425e88d9a55fd59a7a8397c899b38f3fb37596f6aeacb5157
002a60bc-55c8-4fdb-860a-1169fc99b2a8,Rice et al. - 2021 - Complex interactions with nutrients and sediment a.pdf,literature/META_ANALYSIS_POOL/Rice et al. - 2021 - Complex interactions with nutrients and sediment a.pdf,12,10,numeric_keyword_window,,text,11,"snail densities. / In our field experiment, snail predation increased tissue mortal- Based on previous findings, we reasoned that nutrient enrichment / ity, particularly when nutrient enrichment and sedimentation were would accelerate wound healing (Rice, Maher, et al., 2019) and ex- / not present. Similarly, predation by the snail C. abbreviata led to pected that sedimentation would impair wound healing (Cróquer / ~30% higher mortality for Acropora cervicornis (Lamarck, 1816) nub- et al., 2002). Contrary to these hypotheses, nutrient enrichment",985079be5784f59425e88d9a55fd59a7a8397c899b38f3fb37596f6aeacb5157
6da70b1c-7428-4a76-904c-b69d981f2824,Sabine et al. - 2015 - Environmental conditions influence tissue regeneration rates in scleractinian corals.pdf,literature/META_ANALYSIS_POOL/Sabine et al. - 2015 - Environmental conditions influence tissue regeneration rates in scleractinian corals.pdf,1,5,numeric_keyword_window,,text,20,"Lesions began to show signs of healing within three days after Time 2 18 7.11 0.0053* / infliction. During the first week, a layer of new white tissue accu- Site* time 10 18 1.21 0.3465 / mulated at a rate of 11.1 ± 0.88 mm2 d!1 (mean ± SE). These initial Organic / rates varied by site, from 5.0 ± 1.44 mm2 d!1 at RR to Site 5 9 1.77 0.2162 / 17.5 ± 1.06 mm2 d!1 at SI, a difference of a factor of 3.5. Over the Time 1.13 10.19 27.22 0.0003*",aacd7bbd2b944288f612b1f2d0fbfc7925e801e72314cdd1d834fc526988a7e2
6da70b1c-7428-4a76-904c-b69d981f2824,Sabine et al. - 2015 - Environmental conditions influence tissue regeneration rates in scleractinian corals.pdf,literature/META_ANALYSIS_POOL/Sabine et al. - 2015 - Environmental conditions influence tissue regeneration rates in scleractinian corals.pdf,2,5,numeric_keyword_window,,text,20,"Terrestrial / Site 5 9 24.93 0.0001* / Lesions began to show signs of healing within three days after Time 2 18 7.11 0.0053* / infliction. During the first week, a layer of new white tissue accu- Site* time 10 18 1.21 0.3465 / mulated at a rate of 11.1 ± 0.88 mm2 d!1 (mean ± SE). These initial Organic",aacd7bbd2b944288f612b1f2d0fbfc7925e801e72314cdd1d834fc526988a7e2
6da70b1c-7428-4a76-904c-b69d981f2824,Sabine et al. - 2015 - Environmental conditions influence tissue regeneration rates in scleractinian corals.pdf,literature/META_ANALYSIS_POOL/Sabine et al. - 2015 - Environmental conditions influence tissue regeneration rates in scleractinian corals.pdf,3,6,caption_or_table_start,Table 5,table,20,"Table 5 Results of statistical analyses comparing CTD parameters across sites. were significantly different between SI (6.43 ± 0.95 mm2 d!1) and RR (2.34 ± 0.18 mm2 d!1), while the other sites were not different Parameter N F(v2a) P from either of these sites or each other (Fig. 6). Additionally, regen- Temperature 24 0.26a 0.9983 eration was fastest during the first three days at all sites, after Salinity 18 1.53a 0.9086 which rates dropped and remained steady similarly across all sites Dissolved oxygen 24 0.10 0.9910 Chlorophyll 24 1.97 0.1320 (Table 7, Fig. 7). Turbidity 18 7.77 0.0018* Although the ratio of initial lesion area to colony area differed a significantly among sites (F5,53 = 4.88, p = 0.0009), this parameter Indicates where Kruskal-Wallis (v2) test was performed rather than one-way ANOVA (F). Degrees of freedom were 5 for all comparisons. did not significantly affect lesion recovery rates when considered * Indicates significant result (p < 0.05). in the analysis (p >...",aacd7bbd2b944288f612b1f2d0fbfc7925e801e72314cdd1d834fc526988a7e2
6da70b1c-7428-4a76-904c-b69d981f2824,Sabine et al. - 2015 - Environmental conditions influence tissue regeneration rates in scleractinian corals.pdf,literature/META_ANALYSIS_POOL/Sabine et al. - 2015 - Environmental conditions influence tissue regeneration rates in scleractinian corals.pdf,4,9,numeric_keyword_window,,text,20,"authors reported exponentially decreasing recovery rates with Some studies have suggested correlations between lesion / time (e.g., Bak and Steward-Van Es, 1980; Meesters et al., 1997; recovery rates and parameters such as injury shape and size, lesion / Cróquer et al., 2002). We observed the fastest recovery during perimeter, and colony size (e.g., Meesters et al., 1997; Oren et al., / the first three to eight days, after which rates of healing remained 1997; van Woesik, 1998). We found mixed results when investi- / fairly constant. These observed differences may be due to differ- gating potential effects of these parameters. Our lesions were a",aacd7bbd2b944288f612b1f2d0fbfc7925e801e72314cdd1d834fc526988a7e2
6da70b1c-7428-4a76-904c-b69d981f2824,Sabine et al. - 2015 - Environmental conditions influence tissue regeneration rates in scleractinian corals.pdf,literature/META_ANALYSIS_POOL/Sabine et al. - 2015 - Environmental conditions influence tissue regeneration rates in scleractinian corals.pdf,5,9,numeric_keyword_window,,text,20,"employed mechanical methods such as using grinding stones on healing rates grouped lesions into size classes of wider ranges / attached to a pneumatic drill (Bak et al., 1977; Meesters et al., to specifically investigate how lesion size influences recovery / 1992, 1997; Nagelkerken et al., 1999). In contrast, we used a chisel (e.g., 0–5 cm2, 5–10 cm2, and 10–20 cm2, Lirman, 2000). The size / to create our lesions by hand, which may have impacted the corals differences among our lesions were not large enough to have any / differently and may have led to varying degrees of uniformity effect on recovery rates. Furthermore, by calculating the ratio of",aacd7bbd2b944288f612b1f2d0fbfc7925e801e72314cdd1d834fc526988a7e2
6da70b1c-7428-4a76-904c-b69d981f2824,Sabine et al. - 2015 - Environmental conditions influence tissue regeneration rates in scleractinian corals.pdf,literature/META_ANALYSIS_POOL/Sabine et al. - 2015 - Environmental conditions influence tissue regeneration rates in scleractinian corals.pdf,6,9,numeric_keyword_window,,text,20,"species (Meesters and Bak, 1993; Meesters et al., 1997). Many / authors reported exponentially decreasing recovery rates with Some studies have suggested correlations between lesion / time (e.g., Bak and Steward-Van Es, 1980; Meesters et al., 1997; recovery rates and parameters such as injury shape and size, lesion / Cróquer et al., 2002). We observed the fastest recovery during perimeter, and colony size (e.g., Meesters et al., 1997; Oren et al., / the first three to eight days, after which rates of healing remained 1997; van Woesik, 1998). We found mixed results when investi-",aacd7bbd2b944288f612b1f2d0fbfc7925e801e72314cdd1d834fc526988a7e2
6da70b1c-7428-4a76-904c-b69d981f2824,Sabine et al. - 2015 - Environmental conditions influence tissue regeneration rates in scleractinian corals.pdf,literature/META_ANALYSIS_POOL/Sabine et al. - 2015 - Environmental conditions influence tissue regeneration rates in scleractinian corals.pdf,7,9,numeric_keyword_window,,text,20,"studies. For example, many of the aforementioned studies perimeter. Other studies that showed an effect of injury extent / employed mechanical methods such as using grinding stones on healing rates grouped lesions into size classes of wider ranges / attached to a pneumatic drill (Bak et al., 1977; Meesters et al., to specifically investigate how lesion size influences recovery / 1992, 1997; Nagelkerken et al., 1999). In contrast, we used a chisel (e.g., 0–5 cm2, 5–10 cm2, and 10–20 cm2, Lirman, 2000). The size / to create our lesions by hand, which may have impacted the corals differences among our lesions were not large enough to have any",aacd7bbd2b944288f612b1f2d0fbfc7925e801e72314cdd1d834fc526988a7e2
6da70b1c-7428-4a76-904c-b69d981f2824,Sabine et al. - 2015 - Environmental conditions influence tissue regeneration rates in scleractinian corals.pdf,literature/META_ANALYSIS_POOL/Sabine et al. - 2015 - Environmental conditions influence tissue regeneration rates in scleractinian corals.pdf,8,9,numeric_keyword_window,,text,20,"time (e.g., Bak and Steward-Van Es, 1980; Meesters et al., 1997; recovery rates and parameters such as injury shape and size, lesion / Cróquer et al., 2002). We observed the fastest recovery during perimeter, and colony size (e.g., Meesters et al., 1997; Oren et al., / the first three to eight days, after which rates of healing remained 1997; van Woesik, 1998). We found mixed results when investi- / fairly constant. These observed differences may be due to differ- gating potential effects of these parameters. Our lesions were a / ences in techniques used to inflict the lesions among the various small range of sizes with small standard errors for both area and",aacd7bbd2b944288f612b1f2d0fbfc7925e801e72314cdd1d834fc526988a7e2
6da70b1c-7428-4a76-904c-b69d981f2824,Sabine et al. - 2015 - Environmental conditions influence tissue regeneration rates in scleractinian corals.pdf,literature/META_ANALYSIS_POOL/Sabine et al. - 2015 - Environmental conditions influence tissue regeneration rates in scleractinian corals.pdf,9,3,numeric_keyword_window,,text,19,"scraping laceration was inflicted on each colony using a 1.5 cm measured fluorometrically with an attached fluorometer (WETLabs / diameter chisel to remove a roughly circular area of tissue about Model ECO-FLU). Conductivity and pressure served as proxies for / 3 mm deep down to the skeleton. Mean initial lesion area was salinity and depth, respectively. The instrument was deployed / 3.7 ± 0.09 cm2 (hereafter, mean ± SE), which resulted in removal from the boat to the depth of the reef to record a full profile from / of polyps to the skeleton. Mean ratio of lesion area to overall col- surface to substrate. The data were clipped to analyze the bottom",aacd7bbd2b944288f612b1f2d0fbfc7925e801e72314cdd1d834fc526988a7e2
6da70b1c-7428-4a76-904c-b69d981f2824,Sabine et al. - 2015 - Environmental conditions influence tissue regeneration rates in scleractinian corals.pdf,literature/META_ANALYSIS_POOL/Sabine et al. - 2015 - Environmental conditions influence tissue regeneration rates in scleractinian corals.pdf,10,5,numeric_keyword_window,,text,19,"infliction. During the first week, a layer of new white tissue accu- Site* time 10 18 1.21 0.3465 / mulated at a rate of 11.1 ± 0.88 mm2 d!1 (mean ± SE). These initial Organic / rates varied by site, from 5.0 ± 1.44 mm2 d!1 at RR to Site 5 9 1.77 0.2162 / 17.5 ± 1.06 mm2 d!1 at SI, a difference of a factor of 3.5. Over the Time 1.13 10.19 27.22 0.0003* / following weeks, recovery slowed as the tissue began to take shape Site* time 5.66 10.19 0.91 0.5231",aacd7bbd2b944288f612b1f2d0fbfc7925e801e72314cdd1d834fc526988a7e2
6da70b1c-7428-4a76-904c-b69d981f2824,Sabine et al. - 2015 - Environmental conditions influence tissue regeneration rates in scleractinian corals.pdf,literature/META_ANALYSIS_POOL/Sabine et al. - 2015 - Environmental conditions influence tissue regeneration rates in scleractinian corals.pdf,11,5,numeric_keyword_window,,text,19,"mulated at a rate of 11.1 ± 0.88 mm2 d!1 (mean ± SE). These initial Organic / rates varied by site, from 5.0 ± 1.44 mm2 d!1 at RR to Site 5 9 1.77 0.2162 / 17.5 ± 1.06 mm2 d!1 at SI, a difference of a factor of 3.5. Over the Time 1.13 10.19 27.22 0.0003* / following weeks, recovery slowed as the tissue began to take shape Site* time 5.66 10.19 0.91 0.5231",aacd7bbd2b944288f612b1f2d0fbfc7925e801e72314cdd1d834fc526988a7e2
6da70b1c-7428-4a76-904c-b69d981f2824,Sabine et al. - 2015 - Environmental conditions influence tissue regeneration rates in scleractinian corals.pdf,literature/META_ANALYSIS_POOL/Sabine et al. - 2015 - Environmental conditions influence tissue regeneration rates in scleractinian corals.pdf,12,1,numeric_keyword_window,,text,17,"Article history: Natural and anthropogenic factors may influence corals’ ability to recover from partial mortality. To / Received 17 October 2014 examine how environmental conditions affect lesion healing, we assessed several water quality param- / Revised 5 April 2015 eters and tissue regeneration rates in corals at six reefs around St. Thomas, US Virgin Islands. We hypoth- / Accepted 10 April 2015",aacd7bbd2b944288f612b1f2d0fbfc7925e801e72314cdd1d834fc526988a7e2
2059b598-335f-4890-8512-6e1f86fed557,Sani et al. - 2024 - Ocean warming and acidification detrimentally affect coral tissue regeneration at a Mediterranean CO.pdf,literature/META_ANALYSIS_POOL/Sani et al. - 2024 - Ocean warming and acidification detrimentally affect coral tissue regeneration at a Mediterranean CO.pdf,1,2,numeric_keyword_window,,text,15,"have increases by 0.8 ◦ C and 1.3 ◦ C, respectively (IPCC, 2021). Thus, 16–24 ◦ C) on the tissue regeneration rate of the Symbiodiniaceae / unless deep reductions in CO2 and other greenhouse gas emissions occur bearing solitary scleractinian (i.e., stony) coral Balanophyllia europaea / in the coming decades, global warming is projected to exceed 1.5–2 ◦ C (Risso 1826), the solitary asymbiotic stony coral Leptopsammia pruvoti / during the 21st century (IPCC, 2021). (Lacaze-Duthiers 1897), and the colonial asymbiotic stony coral / Ocean warming and acidification are two of the main stressors Astroides calycularis (Pallas 1766) transplanted along a natural pH",c4fb2f8d5626f2a4c78e699e8bfa6d64fa0b3e37e9b0552354c3af97b8b4fae0
2059b598-335f-4890-8512-6e1f86fed557,Sani et al. - 2024 - Ocean warming and acidification detrimentally affect coral tissue regeneration at a Mediterranean CO.pdf,literature/META_ANALYSIS_POOL/Sani et al. - 2024 - Ocean warming and acidification detrimentally affect coral tissue regeneration at a Mediterranean CO.pdf,2,2,numeric_keyword_window,,text,15,"temperatures, each of the last four decades has been successively investigated, for the first time, the effects of in situ exposure to different / warmer. From 1850 to 1900 to 2010–2019, global surface temperatures pH levels (range pHTS 7.4–8.1) and seasonal temperatures (range / have increases by 0.8 ◦ C and 1.3 ◦ C, respectively (IPCC, 2021). Thus, 16–24 ◦ C) on the tissue regeneration rate of the Symbiodiniaceae / unless deep reductions in CO2 and other greenhouse gas emissions occur bearing solitary scleractinian (i.e., stony) coral Balanophyllia europaea / in the coming decades, global warming is projected to exceed 1.5–2 ◦ C (Risso 1826), the solitary asymbiotic stony coral Leptopsammia pruvoti",c4fb2f8d5626f2a4c78e699e8bfa6d64fa0b3e37e9b0552354c3af97b8b4fae0
2059b598-335f-4890-8512-6e1f86fed557,Sani et al. - 2024 - Ocean warming and acidification detrimentally affect coral tissue regeneration at a Mediterranean CO.pdf,literature/META_ANALYSIS_POOL/Sani et al. - 2024 - Ocean warming and acidification detrimentally affect coral tissue regeneration at a Mediterranean CO.pdf,3,4,caption_or_table_start,Fig. 3,figure,12,"Fig. 3. Tissue regeneration rates in Balanophyllia europaea. Variation in tissue regeneration rate in Balanophyllia europaea, was lower at the low pH regeneration rates with average pH in the solitary zooxanthellate B. europaea Sites in the coldest and warmest periods (Kruskal Wallis test, p < 0.001; analyzed at the four Sites in two experimental periods. Data for August–De­",c4fb2f8d5626f2a4c78e699e8bfa6d64fa0b3e37e9b0552354c3af97b8b4fae0
2059b598-335f-4890-8512-6e1f86fed557,Sani et al. - 2024 - Ocean warming and acidification detrimentally affect coral tissue regeneration at a Mediterranean CO.pdf,literature/META_ANALYSIS_POOL/Sani et al. - 2024 - Ocean warming and acidification detrimentally affect coral tissue regeneration at a Mediterranean CO.pdf,4,4,caption_or_table_start,Table S1,table,12,"Table S1) and significantly correlated with pH in both periods, with pH cember 2011 (intermediate period) is missing because a storm swept away part explaining ca. 30 % of the variation in tissue regeneration in the coldest of the experiment. r Spearman's correlation coefficient, n number of individuals. period and ca. 50 % in the warmest one (Fig. 3). Data for the interme­ (Photograph by Francesco Sesso). diate period are missing for this species because samples were swept away by a storm. The slope for the warmest period was significantly (B. europaea vs L. pruvoti, ANCOVA, F1 = 30.436, n = 71, p < 0.001, F1 = steeper than for the coldest period (ANCOVA, F1 = 4.347, n = 69 p < 16.187, n = 66, p < 0.001 respectively; Figs. 3 and 4). Slopes within the 0.01). warmest period were significantly steeper for the colonial than for the Tissue regeneration rate in Leptopsammia pruvoti was lower at the low solitary species (L. pruvoti vs A. calycularis, ANCOVA, F1 = 9.847, n = 55, pH Sites i...",c4fb2f8d5626f2a4c78e699e8bfa6d64fa0b3e37e9b0552354c3af97b8b4fae0
2059b598-335f-4890-8512-6e1f86fed557,Sani et al. - 2024 - Ocean warming and acidification detrimentally affect coral tissue regeneration at a Mediterranean CO.pdf,literature/META_ANALYSIS_POOL/Sani et al. - 2024 - Ocean warming and acidification detrimentally affect coral tissue regeneration at a Mediterranean CO.pdf,5,5,caption_or_table_start,Fig. 4,figure,12,"Fig. 4. Tissue regeneration rates in Leptopsammia pruvoti. Variation in tissue photosynthetic performance of B. europaea exposed to different tem­ regeneration rates with average pH in the solitary non-zooxanthellate L. pruvoti perature regimes in aquaria showed that the optimal temperature for analyzed at the four Sites in three experimental periods. r Spearman's correla­ photosynthesis in this species ranges between 20.0 and 21.6 ◦ C. At tion coefficient, n number of individuals. (Photograph by Francesco Sesso). temperatures >21.6 ◦ C all parameters analyzed indicate a reduction in photosynthetic efficiency (Caroselli et al., 2015a). Thus, considering that the average temperature of the warmest period analyzed (23.5 ◦ C) exceeds this physiological threshold, this could potentially explain the stronger decline in tissue regeneration rate observed in B. europaea in the warmest period compared to the non-zooxanthellate species. Addi­ tionally, tissue recovery occurs in stages, with a...",c4fb2f8d5626f2a4c78e699e8bfa6d64fa0b3e37e9b0552354c3af97b8b4fae0
2059b598-335f-4890-8512-6e1f86fed557,Sani et al. - 2024 - Ocean warming and acidification detrimentally affect coral tissue regeneration at a Mediterranean CO.pdf,literature/META_ANALYSIS_POOL/Sani et al. - 2024 - Ocean warming and acidification detrimentally affect coral tissue regeneration at a Mediterranean CO.pdf,6,2,numeric_keyword_window,,text,11,"covery (Meesters et al., 1997; Nagelkerken et al., 1999; Rempel et al., rim of the crater, that exceeds the most pessimistic scenario (IPCC, / 2020). Thus, determining how ocean warming and acidification influ­ 2021). Data were collected in the following experimental periods / ence tissue repair in corals characterized by different energy intake (duration; average temperature (95 % CI) from Prada et al., 2017): 4 / strategies (zooxanthellate - i.e., mixotrophic, able to fix inorganic car­ March – 6 June 2011 (94 days; 16.2 (16.0–16.3) ◦ C), 31 July – 2 / bon through the activity of their Symbiodiniaceae endosymbionts and December 2011 (124 days; 22.8 (22.6–23.0) ◦ C), 6 June – 31 July 2011",c4fb2f8d5626f2a4c78e699e8bfa6d64fa0b3e37e9b0552354c3af97b8b4fae0
2059b598-335f-4890-8512-6e1f86fed557,Sani et al. - 2024 - Ocean warming and acidification detrimentally affect coral tissue regeneration at a Mediterranean CO.pdf,literature/META_ANALYSIS_POOL/Sani et al. - 2024 - Ocean warming and acidification detrimentally affect coral tissue regeneration at a Mediterranean CO.pdf,7,8,numeric_keyword_window,,text,11,"350–372. Tremblay, P., Grover, R., Maguer, J.F., Legendre, L., Ferrier-Pagès, C., 2012. Autotrophic / Rempel, H.S., Bodwin, K.N., Ruttenberg, B.I., 2020. Impacts of parrotfish predation on a carbon budget in coral tissue: a new 13C-based model of photosynthate / major reef-building coral: quantifying healing rates and thresholds of coral recovery. translocation. J. Exp. Biol. 215, 1384–1393. https://doi.org/10.1242/jeb.065201. / Coral Reefs 39, 1441–1452. https://doi.org/10.1007/s00338-020-01977-9. Vinn, O., Ten Hove, H.A., Mutvei, H., Kirsimaee, K., 2008. Ultrastructure and mineral / Richter, K., Haslbeck, M., Buchner, J., 2010. The heat shock response: life on the verge of composition of serpulid tubes (Polychaeta, Annelida). Zool. J. Linn. Soc. 154,",c4fb2f8d5626f2a4c78e699e8bfa6d64fa0b3e37e9b0552354c3af97b8b4fae0
2059b598-335f-4890-8512-6e1f86fed557,Sani et al. - 2024 - Ocean warming and acidification detrimentally affect coral tissue regeneration at a Mediterranean CO.pdf,literature/META_ANALYSIS_POOL/Sani et al. - 2024 - Ocean warming and acidification detrimentally affect coral tissue regeneration at a Mediterranean CO.pdf,8,8,numeric_keyword_window,,text,11,"Prada, F., et al., 2017. Ocean warming and acidification synergistically increase coral distribution ranges and metabolic costs. J. Exp. Biol. 213, 971–979. https://doi.org/ / mortality. Sci. Rep. 7, 40842. https://doi.org/10.1038/srep40842. 10.1242/jeb.038034. / Prada, F., et al., 2023. Acclimatization of a coral-dinoflagellate mutualism at a CO2 vent. Traylor-Knowles, N., 2016. Distinctive wound-healing characteristics in the corals / Commun. Biol. 6, 66. https://doi.org/10.1038/s42003-022-04327-3. Pocillopora damicornis and Acropora hyacinthus found in two different temperature / Ramanujan, S., 1914. Modular equations and approximations to π. Quart. J. Math 45, regimes. Mar. Biol. 163, 1–6. https://doi.org/10.1007/s00227-016-3011-y.",c4fb2f8d5626f2a4c78e699e8bfa6d64fa0b3e37e9b0552354c3af97b8b4fae0
2059b598-335f-4890-8512-6e1f86fed557,Sani et al. - 2024 - Ocean warming and acidification detrimentally affect coral tissue regeneration at a Mediterranean CO.pdf,literature/META_ANALYSIS_POOL/Sani et al. - 2024 - Ocean warming and acidification detrimentally affect coral tissue regeneration at a Mediterranean CO.pdf,9,8,numeric_keyword_window,,text,11,"S1068162020050234. Atlantic Canadian fisheries. PloS One 15, e0226544. https://doi.org/10.1371/ / Somero, G.N., 2012. The physiology of global change: linking patterns to mechanisms. journal.pone.0226544. / Ann. Rev. Mar. Sci. 4, 39–61. https://doi.org/10.1146/annurev-marine-120710- van Woesik, R., 1998. Lesion healing on massive Porites spp. corals. Mar. Ecol. Prog. Ser. / 100935. 164, 213–220. https://doi.org/10.3354/meps164213.",c4fb2f8d5626f2a4c78e699e8bfa6d64fa0b3e37e9b0552354c3af97b8b4fae0
2059b598-335f-4890-8512-6e1f86fed557,Sani et al. - 2024 - Ocean warming and acidification detrimentally affect coral tissue regeneration at a Mediterranean CO.pdf,literature/META_ANALYSIS_POOL/Sani et al. - 2024 - Ocean warming and acidification detrimentally affect coral tissue regeneration at a Mediterranean CO.pdf,10,2,numeric_keyword_window,,text,10,"surface oceanic pH, a phenomenon known as ocean acidification (Fig­ 60–120 days (Horwitz and Fine, 2014). Likewise, a study conducted on / uerola et al., 2021). When atmospheric carbon dioxide is absorbed by small and large fragments from Porites porites and P. astreoides incubated / the oceans it reacts with seawater to form carbonic acid which rapidly at pH 7.6 and 8.1 for almost 3 months revealed lower recovery rates / dissociates into hydrogen ions (H+) and bicarbonate ions (HCO−3 ). The under low pH for both fragments sizes in the former species and only in / increase in H+ ions leads to a reduction in pH and carbonate ion (CO2− 3 ) larger fragments for the latter species (Hall et al., 2015).",c4fb2f8d5626f2a4c78e699e8bfa6d64fa0b3e37e9b0552354c3af97b8b4fae0
2059b598-335f-4890-8512-6e1f86fed557,Sani et al. - 2024 - Ocean warming and acidification detrimentally affect coral tissue regeneration at a Mediterranean CO.pdf,literature/META_ANALYSIS_POOL/Sani et al. - 2024 - Ocean warming and acidification detrimentally affect coral tissue regeneration at a Mediterranean CO.pdf,11,4,numeric_keyword_window,,text,10,"ances were not met, therefore the non-parametric Kruskal-Wallis and / pair-wise Mann-Whitney tests were used for all comparisons. Tissue / Fig. 3. Tissue regeneration rates in Balanophyllia europaea. Variation in tissue / regeneration rate in Balanophyllia europaea, was lower at the low pH / regeneration rates with average pH in the solitary zooxanthellate B. europaea",c4fb2f8d5626f2a4c78e699e8bfa6d64fa0b3e37e9b0552354c3af97b8b4fae0
2059b598-335f-4890-8512-6e1f86fed557,Sani et al. - 2024 - Ocean warming and acidification detrimentally affect coral tissue regeneration at a Mediterranean CO.pdf,literature/META_ANALYSIS_POOL/Sani et al. - 2024 - Ocean warming and acidification detrimentally affect coral tissue regeneration at a Mediterranean CO.pdf,12,4,caption_or_table_start,Fig. 2,figure,9,"Fig. 2. Lesion recovery of a representative B. europaea specimen from Site 1 (control) photographed (a) at the beginning of one of the transplant periods (March 2011), thus immediately after scraping the tissue (the injured area is enclosed within the red line) and (b) at the end of the transplant period (June 2011), showing full tissue recovery. The recovered area was less pigmented (i.e., reduced Symbiodiniaceae) than uninjured areas (Photographs by co-author Erik Caroselli).",c4fb2f8d5626f2a4c78e699e8bfa6d64fa0b3e37e9b0552354c3af97b8b4fae0
292bbd72-e4b1-422c-8fbb-5b3201d2cd0c,Titlyanov and Titlyanova - 2009 - The dynamics of the restoration of mechanical damage to colonies of the scleractinian coral Porites.pdf,literature/META_ANALYSIS_POOL/Titlyanov and Titlyanova - 2009 - The dynamics of the restoration of mechanical damage to colonies of the scleractinian coral Porites.pdf,1,2,numeric_keyword_window,,text,15,29°N in summer. The photosynthetically active radiation “weight” methods [1]. Photographs of coral lesions / falling on the water surface in a mid sunny day was 800– were printed out on a dense thick paper of fine quality / 1400 µmol/(m2 s) in winter and 1100–1600 µmol/(m2 s) in (Epson KA45OPM) with an enlargement to 3–5 times / summer. the original size. The printed images of the dead part of / the wound were cut out and weighed; the algal image,190b214fd3729b6b4d1367217d0c934ef86eaa738ab68341208a08e72de801b7
292bbd72-e4b1-422c-8fbb-5b3201d2cd0c,Titlyanov and Titlyanova - 2009 - The dynamics of the restoration of mechanical damage to colonies of the scleractinian coral Porites.pdf,literature/META_ANALYSIS_POOL/Titlyanov and Titlyanova - 2009 - The dynamics of the restoration of mechanical damage to colonies of the scleractinian coral Porites.pdf,2,5,numeric_keyword_window,,text,14,"chemical [20] obstacle to this expansion of the coral tis- 369. / sue. Consequently, the rate of the polyp tissue regener- / ation (or the rate of wound healing) is gradually 4. Bruckner, A.W., and Bruckner, R.J., Condition of / Restored Acropora palmata Fragments of Mona Island, / reduced. Puerto Rico, 2 Years After the Fortuna Reefer Ship",190b214fd3729b6b4d1367217d0c934ef86eaa738ab68341208a08e72de801b7
292bbd72-e4b1-422c-8fbb-5b3201d2cd0c,Titlyanov and Titlyanova - 2009 - The dynamics of the restoration of mechanical damage to colonies of the scleractinian coral Porites.pdf,literature/META_ANALYSIS_POOL/Titlyanov and Titlyanova - 2009 - The dynamics of the restoration of mechanical damage to colonies of the scleractinian coral Porites.pdf,3,1,numeric_keyword_window,,text,12,community. Communities of red calcareous crusts and fleshy algae were mainly formed on damaged corals / under low light. A comparison of experimental results showed that damaged colonies maintained in aquaria in / the absence of herbivorous and corallivorous animals recovered 1.5 times faster than in the sea. We hypothesize / that herbivorous fish have a negative rather than positive influence on the recovery of damaged colonies.,190b214fd3729b6b4d1367217d0c934ef86eaa738ab68341208a08e72de801b7
292bbd72-e4b1-422c-8fbb-5b3201d2cd0c,Titlyanov and Titlyanova - 2009 - The dynamics of the restoration of mechanical damage to colonies of the scleractinian coral Porites.pdf,literature/META_ANALYSIS_POOL/Titlyanov and Titlyanova - 2009 - The dynamics of the restoration of mechanical damage to colonies of the scleractinian coral Porites.pdf,4,1,numeric_keyword_window,,text,11,"and dead colonies of the coral Porites lutea on the young parts of the thalli [2, 3], and the others, such as / fringing reef of Sesoko Island (Okinawa, Japan) and parrot-fishes, scrape live tissues and the skeleton sur- / investigated the pattern and the rate of regeneration of face (to 2–3 mm deep) off damaged coral colonies. / this damage [24]. It has been shown that the first settlers Moreover, algae grown on wounds can be eaten by sea / on damaged portions of coral colonies and on coral urchins, crabs and mollusks; and the young regenerat-",190b214fd3729b6b4d1367217d0c934ef86eaa738ab68341208a08e72de801b7
292bbd72-e4b1-422c-8fbb-5b3201d2cd0c,Titlyanov and Titlyanova - 2009 - The dynamics of the restoration of mechanical damage to colonies of the scleractinian coral Porites.pdf,literature/META_ANALYSIS_POOL/Titlyanov and Titlyanova - 2009 - The dynamics of the restoration of mechanical damage to colonies of the scleractinian coral Porites.pdf,5,2,numeric_keyword_window,,text,11,"colonies of the scleractinian coral Porites lutea under Olympus C5050Z digital camera immediately after / different conditions of illumination and in the absence injury and in 1 and 3 months afterwards. In the print, / of herbivorous and corallivorous animals; (2) to esti- the distance was measured from the lesion center to the / mate the pattern, dynamics and the rate of restoration of edge of the live coral tissue. From six to ten measure- / coral polyps on damaged surfaces of the colonies; and ments were made and the mean rate of regeneration or",190b214fd3729b6b4d1367217d0c934ef86eaa738ab68341208a08e72de801b7
292bbd72-e4b1-422c-8fbb-5b3201d2cd0c,Titlyanov and Titlyanova - 2009 - The dynamics of the restoration of mechanical damage to colonies of the scleractinian coral Porites.pdf,literature/META_ANALYSIS_POOL/Titlyanov and Titlyanova - 2009 - The dynamics of the restoration of mechanical damage to colonies of the scleractinian coral Porites.pdf,6,2,numeric_keyword_window,,text,11,"rous and corallivorous animals can be traced in two ments were placed in each aquarium. / ways: first, by isolating the damaged colonies from The water temperature in the aquaria was 20–26°C in / these animals with a fine net or, secondly, by placing winter and spring in the day time and 18–24°C at night, / the damaged colonies in an aquarium. But the first in summer it was 28–31 and 26–28°C, correspondingly, / method does not protect corals and algae from minor i.e. the water temperature at night was 2–3°C lower and",190b214fd3729b6b4d1367217d0c934ef86eaa738ab68341208a08e72de801b7
292bbd72-e4b1-422c-8fbb-5b3201d2cd0c,Titlyanov and Titlyanova - 2009 - The dynamics of the restoration of mechanical damage to colonies of the scleractinian coral Porites.pdf,literature/META_ANALYSIS_POOL/Titlyanov and Titlyanova - 2009 - The dynamics of the restoration of mechanical damage to colonies of the scleractinian coral Porites.pdf,7,3,numeric_keyword_window,,text,11,"aquaria (photosynthetically active radiation, PAR) was increased to 40–90% (figure, C). After 6 months of the / measured with the use of a LiCor (LI-192 CB) photom- maintenance, the lesions were completely overgrown / eter at 9:00–10:00, 13:00–14:00, and 17:00–18:00 with coral polyps (figure, D) if the colony was exposed / o’clock. The relative radiation (PAR) at the sample was to bright and moderate light, and partly overgrown in / calculated as the percentage of the PAR0. dim light.",190b214fd3729b6b4d1367217d0c934ef86eaa738ab68341208a08e72de801b7
292bbd72-e4b1-422c-8fbb-5b3201d2cd0c,Titlyanov and Titlyanova - 2009 - The dynamics of the restoration of mechanical damage to colonies of the scleractinian coral Porites.pdf,literature/META_ANALYSIS_POOL/Titlyanov and Titlyanova - 2009 - The dynamics of the restoration of mechanical damage to colonies of the scleractinian coral Porites.pdf,8,4,numeric_keyword_window,,text,11,"intricata (Rh) at low illumination. nation conditions. The predominance of blue–green / algae among first settlers was earlier recorded on corals / The highest mean rate of recovery of the coral tissue subjected to bleaching [7] or an impact of thin water jet / on damaged surfaces, 0.22 ± 0.06 mm per day, was or an osmotic shock [20]. After 3 months of observa- / recorded in the first month of maintenance of coral colo- tions, the projective covering of the dead surface of",190b214fd3729b6b4d1367217d0c934ef86eaa738ab68341208a08e72de801b7
292bbd72-e4b1-422c-8fbb-5b3201d2cd0c,Titlyanov and Titlyanova - 2009 - The dynamics of the restoration of mechanical damage to colonies of the scleractinian coral Porites.pdf,literature/META_ANALYSIS_POOL/Titlyanov and Titlyanova - 2009 - The dynamics of the restoration of mechanical damage to colonies of the scleractinian coral Porites.pdf,9,2,numeric_keyword_window,,text,9,"damaged coral colonies and to estimate the rate of from 2 to 5 and from 20 to 30% PAR0 in aquaria covered / regeneration of coral polyps under conditions of differ- with a plastic net. The rates of restoration of the colonies / ent illumination and in the absence of herbivorous and or coral tissue regeneration were measured during the 1st / corallivorous animals, we have chosen the method of and the 3rd months of the experiment. The species vari- / maintenance of corals in a run-through aquaria. With ety of algae-settlers, the projective covering of the sub-",190b214fd3729b6b4d1367217d0c934ef86eaa738ab68341208a08e72de801b7
292bbd72-e4b1-422c-8fbb-5b3201d2cd0c,Titlyanov and Titlyanova - 2009 - The dynamics of the restoration of mechanical damage to colonies of the scleractinian coral Porites.pdf,literature/META_ANALYSIS_POOL/Titlyanov and Titlyanova - 2009 - The dynamics of the restoration of mechanical damage to colonies of the scleractinian coral Porites.pdf,10,2,numeric_keyword_window,,text,9,"dynamics of algal settling on mechanically damaged lesions of coral colonies were photographed with an / colonies of the scleractinian coral Porites lutea under Olympus C5050Z digital camera immediately after / different conditions of illumination and in the absence injury and in 1 and 3 months afterwards. In the print, / of herbivorous and corallivorous animals; (2) to esti- the distance was measured from the lesion center to the / mate the pattern, dynamics and the rate of restoration of edge of the live coral tissue. From six to ten measure-",190b214fd3729b6b4d1367217d0c934ef86eaa738ab68341208a08e72de801b7
292bbd72-e4b1-422c-8fbb-5b3201d2cd0c,Titlyanov and Titlyanova - 2009 - The dynamics of the restoration of mechanical damage to colonies of the scleractinian coral Porites.pdf,literature/META_ANALYSIS_POOL/Titlyanov and Titlyanova - 2009 - The dynamics of the restoration of mechanical damage to colonies of the scleractinian coral Porites.pdf,11,2,numeric_keyword_window,,text,9,"perature, content of nutrients or zooplankton concen- Measurement of the Rate of Colony Recovery / tration. / The aims of the study were: (1) to investigate the To determine the rate of recovery from damage, the / dynamics of algal settling on mechanically damaged lesions of coral colonies were photographed with an / colonies of the scleractinian coral Porites lutea under Olympus C5050Z digital camera immediately after",190b214fd3729b6b4d1367217d0c934ef86eaa738ab68341208a08e72de801b7
b269f689-c2c5-48a1-8ecb-f284c3ed7edc,Titlyanov et al. - 2005 - Regeneration of artificial injuries on scleractinian corals and coralalgal competition for newly fo.pdf,literature/META_ANALYSIS_POOL/Titlyanov et al. - 2005 - Regeneration of artificial injuries on scleractinian corals and coralalgal competition for newly fo.pdf,1,3,numeric_keyword_window,,text,17,"injuries as follows: a chisel injury over the surface in damaged and healed areas. For five coral fragments, / the middle part of the fragment to remove superficial distance from the center to the edge of lesions was / layer of tissue and skeleton 1–2 mm depth from the measured immediately after the damage and then / coenosteum. Breakage was simulated with pincers after one, two or some months of the lesions / (for P. cylindrica) or with a small hand-saw (for P. regeneration. Every time, 10 measurements were",3f2179d77a34cc9dcc781e803bb546b1d558b6e54a5b191a3b753d7a4ac134d7
b269f689-c2c5-48a1-8ecb-f284c3ed7edc,Titlyanov et al. - 2005 - Regeneration of artificial injuries on scleractinian corals and coralalgal competition for newly fo.pdf,literature/META_ANALYSIS_POOL/Titlyanov et al. - 2005 - Regeneration of artificial injuries on scleractinian corals and coralalgal competition for newly fo.pdf,2,4,numeric_keyword_window,,text,16,"in the open aquaria and near the upper parts of the expressed as a percentage of the injury size for both / coral fragments in both the open and shaded coral species are presented in Table 1. During the / aquaria with a Li-Cor radiation sensor (Model LI- first 60 days of the experiment, all the injury types / 192 SB). The measurements were performed three were colonized mainly by algae (approximately 5– / times a day: at 9–10 h, 13–14 h and 17–18 h. 20% of the whole injured area). After 150 days of",3f2179d77a34cc9dcc781e803bb546b1d558b6e54a5b191a3b753d7a4ac134d7
b269f689-c2c5-48a1-8ecb-f284c3ed7edc,Titlyanov et al. - 2005 - Regeneration of artificial injuries on scleractinian corals and coralalgal competition for newly fo.pdf,literature/META_ANALYSIS_POOL/Titlyanov et al. - 2005 - Regeneration of artificial injuries on scleractinian corals and coralalgal competition for newly fo.pdf,3,4,numeric_keyword_window,,text,15,"aquaria with a Li-Cor radiation sensor (Model LI- first 60 days of the experiment, all the injury types / 192 SB). The measurements were performed three were colonized mainly by algae (approximately 5– / times a day: at 9–10 h, 13–14 h and 17–18 h. 20% of the whole injured area). After 150 days of / Relative light intensity near the corals was calcu- the maintenance, the overgrowth of chisel, file and / lated from these measurements and represented in WP injuries by algae amounted to 80–100% of the",3f2179d77a34cc9dcc781e803bb546b1d558b6e54a5b191a3b753d7a4ac134d7
b269f689-c2c5-48a1-8ecb-f284c3ed7edc,Titlyanov et al. - 2005 - Regeneration of artificial injuries on scleractinian corals and coralalgal competition for newly fo.pdf,literature/META_ANALYSIS_POOL/Titlyanov et al. - 2005 - Regeneration of artificial injuries on scleractinian corals and coralalgal competition for newly fo.pdf,4,4,numeric_keyword_window,,text,15,"times a day: at 9–10 h, 13–14 h and 17–18 h. 20% of the whole injured area). After 150 days of / Relative light intensity near the corals was calcu- the maintenance, the overgrowth of chisel, file and / lated from these measurements and represented in WP injuries by algae amounted to 80–100% of the / percent of incident surface photosynthetic active total injured area. The cement injuries were over- / radiation (PAR0). grown with the algae by almost 30%. The chisel and",3f2179d77a34cc9dcc781e803bb546b1d558b6e54a5b191a3b753d7a4ac134d7
b269f689-c2c5-48a1-8ecb-f284c3ed7edc,Titlyanov et al. - 2005 - Regeneration of artificial injuries on scleractinian corals and coralalgal competition for newly fo.pdf,literature/META_ANALYSIS_POOL/Titlyanov et al. - 2005 - Regeneration of artificial injuries on scleractinian corals and coralalgal competition for newly fo.pdf,5,13,numeric_keyword_window,,text,15,"into the skeleton (Fig. 2F). coral tissue, although, they impeded the tissue growth / Long-term experiments showed that the regener- via physical obstacles. Recent studies (Jompa and / ation rate for all injury types dropped 2–3 times within McCook, 2003a,b) have reported that the red algae / summer compared to spring. During these periods, Corallophila huysmansii and Anotrichium tenue were / lesion healing was occurred via formation of new able to colonize and overgrow live tissue of the",3f2179d77a34cc9dcc781e803bb546b1d558b6e54a5b191a3b753d7a4ac134d7
b269f689-c2c5-48a1-8ecb-f284c3ed7edc,Titlyanov et al. - 2005 - Regeneration of artificial injuries on scleractinian corals and coralalgal competition for newly fo.pdf,literature/META_ANALYSIS_POOL/Titlyanov et al. - 2005 - Regeneration of artificial injuries on scleractinian corals and coralalgal competition for newly fo.pdf,6,4,numeric_keyword_window,,text,14,"percent of incident surface photosynthetic active total injured area. The cement injuries were over- / radiation (PAR0). grown with the algae by almost 30%. The chisel and / file injuries were occupied with animals about 2–3% / 2.8. Statistical analyses of the injured area. On the 240th day of the / experiment, chisel lesions healed whereas the OS,",3f2179d77a34cc9dcc781e803bb546b1d558b6e54a5b191a3b753d7a4ac134d7
b269f689-c2c5-48a1-8ecb-f284c3ed7edc,Titlyanov et al. - 2005 - Regeneration of artificial injuries on scleractinian corals and coralalgal competition for newly fo.pdf,literature/META_ANALYSIS_POOL/Titlyanov et al. - 2005 - Regeneration of artificial injuries on scleractinian corals and coralalgal competition for newly fo.pdf,7,15,numeric_keyword_window,,text,14,"Some ephemeral algae (e.g., L. majuscula) temporally Ser. 212, 9 – 23. / impeded the recovery due to allelopathic effect. The Hall, V.R., 2001. The response of Acropora hyacinthus and / average rate of lesion healing (about 4 mm/year) Montipora tuberculosa to three different types of colony / damage: scraping injury, tissue mortality and breakage. J. Exp. / supports the idea that corals damaged during the 1998 Mar. Biol. Ecol. 264, 209 – 223.",3f2179d77a34cc9dcc781e803bb546b1d558b6e54a5b191a3b753d7a4ac134d7
b269f689-c2c5-48a1-8ecb-f284c3ed7edc,Titlyanov et al. - 2005 - Regeneration of artificial injuries on scleractinian corals and coralalgal competition for newly fo.pdf,literature/META_ANALYSIS_POOL/Titlyanov et al. - 2005 - Regeneration of artificial injuries on scleractinian corals and coralalgal competition for newly fo.pdf,8,15,numeric_keyword_window,,text,14,"the rate of occupation of the substrate by the polyps. artificial injuries on scleractinian corals. J. Exp. Mar. Ecol. Prog. / Some ephemeral algae (e.g., L. majuscula) temporally Ser. 212, 9 – 23. / impeded the recovery due to allelopathic effect. The Hall, V.R., 2001. The response of Acropora hyacinthus and / average rate of lesion healing (about 4 mm/year) Montipora tuberculosa to three different types of colony / damage: scraping injury, tissue mortality and breakage. J. Exp.",3f2179d77a34cc9dcc781e803bb546b1d558b6e54a5b191a3b753d7a4ac134d7
b269f689-c2c5-48a1-8ecb-f284c3ed7edc,Titlyanov et al. - 2005 - Regeneration of artificial injuries on scleractinian corals and coralalgal competition for newly fo.pdf,literature/META_ANALYSIS_POOL/Titlyanov et al. - 2005 - Regeneration of artificial injuries on scleractinian corals and coralalgal competition for newly fo.pdf,9,2,numeric_keyword_window,,text,12,"1997, 2001; Oren et al., 1997; Marshall, 2000). 127852V E) from November 2002 to August 2003. In / However, to the best of our knowledge, the influence the winter and spring periods, water temperature in / of the settled organisms (algae and animals) on the the aquaria was 20–26 8C and 18–24 8C during the / recovery of injuries, especially in relation to light daytime and at night, respectively. In the summer / intensity has largely been ignored (McCook et al., season, the temperature was 28–31 8C and 26–28 8C",3f2179d77a34cc9dcc781e803bb546b1d558b6e54a5b191a3b753d7a4ac134d7
b269f689-c2c5-48a1-8ecb-f284c3ed7edc,Titlyanov et al. - 2005 - Regeneration of artificial injuries on scleractinian corals and coralalgal competition for newly fo.pdf,literature/META_ANALYSIS_POOL/Titlyanov et al. - 2005 - Regeneration of artificial injuries on scleractinian corals and coralalgal competition for newly fo.pdf,10,6,caption_or_table_start,Fig. 2,figure,12,"Fig. 2. (A) Bleaching and overgrowth of P. lutea polyps by the cyanobacterium L. majuscula colonized OS injury by the 120th day of the maintenance under 30–50% PAR0 in the spring period. (B) Expansion of coral tissue around Acetabularia parvula stalk on file injury of P. lutea. (C) Overgrowth of turf algae (Coelothrix irregularis and C. clavulatum) by live tissue of the coral P. cylindrica on WP injury. (D) Overgrowth of entwined epilithic bfeltQ with sediments onto cement injury by live tissue of the coral P. lutea. (E) Impediment of the recovery of file injury on P. lutea by the colonizer L. majuscula. (F) Overgrowth of Dictyota sp. thallus on coral surface by the live tissue and entombing into calcium carbonate secret. For Fig. 1A, scale bar = 1 cm and for Fig. 1B–F, scale bars = 1 mm.",3f2179d77a34cc9dcc781e803bb546b1d558b6e54a5b191a3b753d7a4ac134d7
b269f689-c2c5-48a1-8ecb-f284c3ed7edc,Titlyanov et al. - 2005 - Regeneration of artificial injuries on scleractinian corals and coralalgal competition for newly fo.pdf,literature/META_ANALYSIS_POOL/Titlyanov et al. - 2005 - Regeneration of artificial injuries on scleractinian corals and coralalgal competition for newly fo.pdf,11,7,caption_or_table_start,Table 1,table,12,"Table 1 Means and standard deviations of relative algal and animal cover (%) on injured areas of coral fragments maintained under moderate light intensity (30–70% PAR0) during 60, 150 and 240 days Coral species Injury type Settlers From 26.11.02 to From 26.11.02 to 26.04.03, From 26.11.02 to 26.01.03, 60 days 150 days 26.07.03, 240 days Porites lutea chisel algal 16.3 F 2.1 80.6 F 9.0 animal b1 1.7 F 1.5 OS algal 8.3 F 1.5 100 100 animal 0 0 0 cement algal 7.0 F 2.6 32.6 F 11.3 52.0 F 11.1 animal 0 0 b1 Porites cylindrica file algal 19.7 F 3.2 70.7 F 11.6 87.0 F 8.2 animal b1 2.0 F 1.0 1.3 F 0.6 WP algal 24.0 F 9.8 100 100 animal 0 0 0",3f2179d77a34cc9dcc781e803bb546b1d558b6e54a5b191a3b753d7a4ac134d7
b269f689-c2c5-48a1-8ecb-f284c3ed7edc,Titlyanov et al. - 2005 - Regeneration of artificial injuries on scleractinian corals and coralalgal competition for newly fo.pdf,literature/META_ANALYSIS_POOL/Titlyanov et al. - 2005 - Regeneration of artificial injuries on scleractinian corals and coralalgal competition for newly fo.pdf,12,12,caption_or_table_start,Table 3,table,12,"Table 3 Means and standard deviations of relative algal and animal cover (%) on injured areas after 30 and 90 days maintenance in aquaria under different light regimes Coral species Injury Light intensity From 06.02.03 to 06.03.03, 30 days From 06.02.03 to 06.05.03, 90 days type %, PAR0 Algae Animals Algae Animals Porites lutea File 70–90 7.7 F 2.5 b1 71.6 F 7.6 b1 10–20 8.3 F 1.5 b1 88.3 F 7.6 6.3 F 1.5 2–5 6.0 F 2.0 b1 51.3 F 12.0 2.7 F 1.5 WP 70–90 3.7 F 2.0 0 100 0 10–20 14.0 F 2.6 0 89.6 F 5.5 b1 2–5 0.83 F 0.28 b1 32.3 F 7.8 1.3 F 0.6 Porites cylindrica File 70–90 16.6 F 5.0 b1 82.6 F 10.4 b1 10–20 5.7 F 3.2 1.2 F 0.3 73.0 F 8.0 3.7 F 2.08 2–5 2.3 F 0.6 b1 27.6 F 10.6 4.3 F 1.15 WP 70–30 12.0 F 10.6 b1 100 0 10–20 11.3 F 1.5 1.3 F 0.6 74.0 F 8.8 3.0 F 1.7 2–5 1.7 F 0.7 3.7 F 2.1 36.0 F 9.1 2.2 F 0.3",3f2179d77a34cc9dcc781e803bb546b1d558b6e54a5b191a3b753d7a4ac134d7
9c887b4c-dae5-4725-96db-948c2491e53d,Titlyanov et al. - 2006 - Three stages of injuries regeneration on scleractinian corals.pdf,literature/META_ANALYSIS_POOL/Titlyanov et al. - 2006 - Three stages of injuries regeneration on scleractinian corals.pdf,1,4,numeric_keyword_window,,text,24,"experiments, the areas of initial lesions and the eration of lesions on the fragments of Porites / lesions after their partial healing were measured lutea and P. cylindrica inflicted with the different / and the regeneration rate was calculated in mm2 injury types and maintained under 30% PAR0 / cm 2 day'. Means and standard deviations were during two winter months. The growth rates of / calculated on the basis of five fragments (n=5). coral fragments differed insignificantly between",0ab0f30a406a854459cd45f5baa88c748847a1e1bb24f051efcf40505b550b44
9c887b4c-dae5-4725-96db-948c2491e53d,Titlyanov et al. - 2006 - Three stages of injuries regeneration on scleractinian corals.pdf,literature/META_ANALYSIS_POOL/Titlyanov et al. - 2006 - Three stages of injuries regeneration on scleractinian corals.pdf,2,4,numeric_keyword_window,,text,23,"the border between dead area and live tissue dur- The recovery dynamics of damaged tissue and colo- / ing the maintenance), the average regeneration nization of the injuries by algae and animals / rate was calculated in mm day'. In the summer Figure 2 shows the rate of growth and regen- / experiments, the areas of initial lesions and the eration of lesions on the fragments of Porites / lesions after their partial healing were measured lutea and P. cylindrica inflicted with the different",0ab0f30a406a854459cd45f5baa88c748847a1e1bb24f051efcf40505b550b44
9c887b4c-dae5-4725-96db-948c2491e53d,Titlyanov et al. - 2006 - Three stages of injuries regeneration on scleractinian corals.pdf,literature/META_ANALYSIS_POOL/Titlyanov et al. - 2006 - Three stages of injuries regeneration on scleractinian corals.pdf,3,1,numeric_keyword_window,,text,22,"covered at three stages (1) coral tissue recovery with the formation of a border between / the regenerating live tissue and dead area, (2) growth and expansion of the live tissue / on the substrate, and (3) new polyps development on the healed area. At the first stage / of the regeneration, the rate of lesion healing was highest it varied in respect to injury / type and averaged 0.2-0.05 and 0.1-0.02 mm day 1 for P. lutea and P. cylindrica, respec-",0ab0f30a406a854459cd45f5baa88c748847a1e1bb24f051efcf40505b550b44
9c887b4c-dae5-4725-96db-948c2491e53d,Titlyanov et al. - 2006 - Three stages of injuries regeneration on scleractinian corals.pdf,literature/META_ANALYSIS_POOL/Titlyanov et al. - 2006 - Three stages of injuries regeneration on scleractinian corals.pdf,4,1,numeric_keyword_window,,text,22,"on the substrate, and (3) new polyps development on the healed area. At the first stage / of the regeneration, the rate of lesion healing was highest it varied in respect to injury / type and averaged 0.2-0.05 and 0.1-0.02 mm day 1 for P. lutea and P. cylindrica, respec- / tively. The regeneration rate mostly depended on morphology of corals and injury type. / Coral entombed spores and thalli fragments of algae settled onto partially damaged live",0ab0f30a406a854459cd45f5baa88c748847a1e1bb24f051efcf40505b550b44
9c887b4c-dae5-4725-96db-948c2491e53d,Titlyanov et al. - 2006 - Three stages of injuries regeneration on scleractinian corals.pdf,literature/META_ANALYSIS_POOL/Titlyanov et al. - 2006 - Three stages of injuries regeneration on scleractinian corals.pdf,5,4,numeric_keyword_window,,text,22,"lesions after their partial healing were measured lutea and P. cylindrica inflicted with the different / and the regeneration rate was calculated in mm2 injury types and maintained under 30% PAR0 / cm 2 day'. Means and standard deviations were during two winter months. The growth rates of / calculated on the basis of five fragments (n=5). coral fragments differed insignificantly between / the species and time treatments and, amounted",0ab0f30a406a854459cd45f5baa88c748847a1e1bb24f051efcf40505b550b44
9c887b4c-dae5-4725-96db-948c2491e53d,Titlyanov et al. - 2006 - Three stages of injuries regeneration on scleractinian corals.pdf,literature/META_ANALYSIS_POOL/Titlyanov et al. - 2006 - Three stages of injuries regeneration on scleractinian corals.pdf,6,1,numeric_keyword_window,,text,20,"Coral entombed spores and thalli fragments of algae settled onto partially damaged live / tissue and skeleton. At the second stage, the rate of lesion healing sharply decreased / and varied from 0.1 to 0.03 mm day-1 for P. lutea and from 0.05 to 0.02 mm day-1 for P. / cylindrica. Position of the injuries within the colony, light intensity, as well as the com- / position and abundance of algae and animals settled onto the damaged areas had a sig-",0ab0f30a406a854459cd45f5baa88c748847a1e1bb24f051efcf40505b550b44
9c887b4c-dae5-4725-96db-948c2491e53d,Titlyanov et al. - 2006 - Three stages of injuries regeneration on scleractinian corals.pdf,literature/META_ANALYSIS_POOL/Titlyanov et al. - 2006 - Three stages of injuries regeneration on scleractinian corals.pdf,7,7,numeric_keyword_window,,text,16,"20% (Fig. 1F), whereas OS injuries were covered Position of lesions within the fragments of / to more than 80%. Enteromorpha spp. (Chlorophyta) Porites lutea colonies had a significant effect on / and Spyridia filamentosa (Rhodophyta) were com- the regeneration rates of WP injuries (Fig. 3). / mon algae observed on the injuries. Hincksia During the first month of maintenance (period 1), / mitchelliae (Phaeophyta), Rhipidosiphon javensis the regeneration rate differed insignificantly",0ab0f30a406a854459cd45f5baa88c748847a1e1bb24f051efcf40505b550b44
9c887b4c-dae5-4725-96db-948c2491e53d,Titlyanov et al. - 2006 - Three stages of injuries regeneration on scleractinian corals.pdf,literature/META_ANALYSIS_POOL/Titlyanov et al. - 2006 - Three stages of injuries regeneration on scleractinian corals.pdf,8,7,numeric_keyword_window,,text,16,"to more than 80%. Enteromorpha spp. (Chlorophyta) Porites lutea colonies had a significant effect on / and Spyridia filamentosa (Rhodophyta) were com- the regeneration rates of WP injuries (Fig. 3). / mon algae observed on the injuries. Hincksia During the first month of maintenance (period 1), / mitchelliae (Phaeophyta), Rhipidosiphon javensis the regeneration rate differed insignificantly / (Chlorophyta), Spirulina sp. (Cyanobacteria) and between the lesions located at the upper, lateral",0ab0f30a406a854459cd45f5baa88c748847a1e1bb24f051efcf40505b550b44
9c887b4c-dae5-4725-96db-948c2491e53d,Titlyanov et al. - 2006 - Three stages of injuries regeneration on scleractinian corals.pdf,literature/META_ANALYSIS_POOL/Titlyanov et al. - 2006 - Three stages of injuries regeneration on scleractinian corals.pdf,9,5,caption_or_table_start,Fig. 2,figure,14,"Fig. 2. Growth rate (A) and regeneration of lesions on fragments of the corals Porites lutea (B-F) and Porites cylindrica (B-D, F) inflicted with different injury types (breakage; chisel; WP - Water Pik; OS - osmotic shock; ce- ment) and maintained in the aquaria under moderate light intensity (30% PAR0) during two winter months. Means ± SD, n = 8.",0ab0f30a406a854459cd45f5baa88c748847a1e1bb24f051efcf40505b550b44
9c887b4c-dae5-4725-96db-948c2491e53d,Titlyanov et al. - 2006 - Three stages of injuries regeneration on scleractinian corals.pdf,literature/META_ANALYSIS_POOL/Titlyanov et al. - 2006 - Three stages of injuries regeneration on scleractinian corals.pdf,10,7,numeric_keyword_window,,text,14,"ries of both coral species significantly differed II), the regeneration rate of the injuries in all / in the composition of the settlers but not in their parts of the colonies significantly dropped, es- / abundance. The most common settlers were pecially at the upper part (4-5 times). Injuries / Phormidium tenue, Enteromorpha compressa,Feidmannia located at the upper parts of the colonies healed / irregularis, Ectocarpus sp., Centrocerasclavulatum and approximately two times slower than those lo-",0ab0f30a406a854459cd45f5baa88c748847a1e1bb24f051efcf40505b550b44
9c887b4c-dae5-4725-96db-948c2491e53d,Titlyanov et al. - 2006 - Three stages of injuries regeneration on scleractinian corals.pdf,literature/META_ANALYSIS_POOL/Titlyanov et al. - 2006 - Three stages of injuries regeneration on scleractinian corals.pdf,11,8,caption_or_table_start,Fig. 3,figure,14,"Fig. 3. Regeneration rate of Water-Pik (WP) injury at the different positions on the fragments of Porites lutea maintained in aquaria at 30% PAR0 during the winter and spring periods. Means ± SD, n = 5.",0ab0f30a406a854459cd45f5baa88c748847a1e1bb24f051efcf40505b550b44
9c887b4c-dae5-4725-96db-948c2491e53d,Titlyanov et al. - 2006 - Three stages of injuries regeneration on scleractinian corals.pdf,literature/META_ANALYSIS_POOL/Titlyanov et al. - 2006 - Three stages of injuries regeneration on scleractinian corals.pdf,12,8,caption_or_table_start,Fig. 4,figure,14,"Fig. 4. Regeneration rate of Water-Pik (WP) injury at the different position of lesions on the fragments of Porites lutea maintained in aquaria at different irradiance levels during the experiment from May 10, 2003 to July 10, 2003. Means ± SD, n = 5.",0ab0f30a406a854459cd45f5baa88c748847a1e1bb24f051efcf40505b550b44
347f789a-ef73-4089-aa77-0e46f2b2d196,Townsend et al. - 2023 - Differing lesion recovery rates of two Caribbean stony coral species across a shallow water to mesop.pdf,literature/META_ANALYSIS_POOL/Townsend et al. - 2023 - Differing lesion recovery rates of two Caribbean stony coral species across a shallow water to mesop.pdf,1,3,numeric_keyword_window,,text,16,"from a haphazardly placed marker at each site, colonies of the amount of regenerated or recovered tissue. Considering / O. franksi and A. lamarcki (n = 3 for each species at each the variability in initial lesion size, a second recovery met- / site) greater than 10 cm in max diameter were identified and ric that removed the effect of lesion size was used. Lesion / tagged using a cork tied to substrate using biodegradable Closure Rate (LCR) measured the change in re-drawn poly- / twine. All colonies were upright, healthy, with no visible gon areas as a relative proportion to the area of the original",8a7c3c6f895e91094e0aecff2df6270978df6d844afacb89765672e7c53e2de6
347f789a-ef73-4089-aa77-0e46f2b2d196,Townsend et al. - 2023 - Differing lesion recovery rates of two Caribbean stony coral species across a shallow water to mesop.pdf,literature/META_ANALYSIS_POOL/Townsend et al. - 2023 - Differing lesion recovery rates of two Caribbean stony coral species across a shallow water to mesop.pdf,2,3,numeric_keyword_window,,text,16,"sortium (NOAA 2016). Moving out in a random direction traces and the measured initial lesion area was considered / from a haphazardly placed marker at each site, colonies of the amount of regenerated or recovered tissue. Considering / O. franksi and A. lamarcki (n = 3 for each species at each the variability in initial lesion size, a second recovery met- / site) greater than 10 cm in max diameter were identified and ric that removed the effect of lesion size was used. Lesion / tagged using a cork tied to substrate using biodegradable Closure Rate (LCR) measured the change in re-drawn poly-",8a7c3c6f895e91094e0aecff2df6270978df6d844afacb89765672e7c53e2de6
347f789a-ef73-4089-aa77-0e46f2b2d196,Townsend et al. - 2023 - Differing lesion recovery rates of two Caribbean stony coral species across a shallow water to mesop.pdf,literature/META_ANALYSIS_POOL/Townsend et al. - 2023 - Differing lesion recovery rates of two Caribbean stony coral species across a shallow water to mesop.pdf,3,8,numeric_keyword_window,,text,16,Coral colony Size 0.024 0.000009 / Fitted 0.683 0.003 Initial lesion Size 0.002 0.009170 / Lesion closure rate (LCR) Null 0.138 0.086 None / Saturated 0.979 0.002 Coral colony Size 0.002 0.000245 / Fitted 0.210 0.216 None,8a7c3c6f895e91094e0aecff2df6270978df6d844afacb89765672e7c53e2de6
347f789a-ef73-4089-aa77-0e46f2b2d196,Townsend et al. - 2023 - Differing lesion recovery rates of two Caribbean stony coral species across a shallow water to mesop.pdf,literature/META_ANALYSIS_POOL/Townsend et al. - 2023 - Differing lesion recovery rates of two Caribbean stony coral species across a shallow water to mesop.pdf,4,8,numeric_keyword_window,,text,16,Saturated 0.980 0.001 Initial lesion Size 0.001 0.007646 / Coral colony Size 0.024 0.000009 / Fitted 0.683 0.003 Initial lesion Size 0.002 0.009170 / Lesion closure rate (LCR) Null 0.138 0.086 None / Saturated 0.979 0.002 Coral colony Size 0.002 0.000245,8a7c3c6f895e91094e0aecff2df6270978df6d844afacb89765672e7c53e2de6
347f789a-ef73-4089-aa77-0e46f2b2d196,Townsend et al. - 2023 - Differing lesion recovery rates of two Caribbean stony coral species across a shallow water to mesop.pdf,literature/META_ANALYSIS_POOL/Townsend et al. - 2023 - Differing lesion recovery rates of two Caribbean stony coral species across a shallow water to mesop.pdf,5,6,numeric_keyword_window,,text,14,Saturated 0.890 0.097 None / Fitted N/A- No additional terms / Lesion closure rate (LCR) Null 0.025 0.563 None / Saturated 0.785 0.071 None / Fitted N/A- No additional terms,8a7c3c6f895e91094e0aecff2df6270978df6d844afacb89765672e7c53e2de6
347f789a-ef73-4089-aa77-0e46f2b2d196,Townsend et al. - 2023 - Differing lesion recovery rates of two Caribbean stony coral species across a shallow water to mesop.pdf,literature/META_ANALYSIS_POOL/Townsend et al. - 2023 - Differing lesion recovery rates of two Caribbean stony coral species across a shallow water to mesop.pdf,6,6,numeric_keyword_window,,text,14,"ues, suggesting that increased depth ultimately benefitted regeneration or lesion closure that was directly associ- / pigmentation recovery. There was no significant change in ated with changing depth, however there was a significant / model fit with the addition of any other variables. Of the 24 increase in pigmentation recovery rate with depth. It is / coral symbiont samples, only four A. lamarcki (one from important to note that this study range does not include the / each mesophotic location- Hind Bank, Grammanik Bank, maximum depths for A. lamarcki, which has been observed",8a7c3c6f895e91094e0aecff2df6270978df6d844afacb89765672e7c53e2de6
347f789a-ef73-4089-aa77-0e46f2b2d196,Townsend et al. - 2023 - Differing lesion recovery rates of two Caribbean stony coral species across a shallow water to mesop.pdf,literature/META_ANALYSIS_POOL/Townsend et al. - 2023 - Differing lesion recovery rates of two Caribbean stony coral species across a shallow water to mesop.pdf,7,7,caption_or_table_start,Fig. 2,figure,14,"Fig. 2 Tissue regeneration rates, lesion closure rates, and pigmenta- best-fit regression modeling outputs. For both points and lines, blue tion recovery rates for O. franksi individuals (top) and A. lamarcki represents individuals in shallow water, red represents individuals in individuals (bottom). Points indicate actual values, lines indicate MCEs. For clarity, only significant regression lines are included",8a7c3c6f895e91094e0aecff2df6270978df6d844afacb89765672e7c53e2de6
347f789a-ef73-4089-aa77-0e46f2b2d196,Townsend et al. - 2023 - Differing lesion recovery rates of two Caribbean stony coral species across a shallow water to mesop.pdf,literature/META_ANALYSIS_POOL/Townsend et al. - 2023 - Differing lesion recovery rates of two Caribbean stony coral species across a shallow water to mesop.pdf,8,4,caption_or_table_start,Fig. 1,figure,13,"Fig. 1 Sample images of lesion generation and recovery on an O. image depict the approximate lesion boundaries, used for determin- franksi individual (a–d), and an A. lamarcki individual e–h through ing TRR and LCR. White polygons indicate the original lesion area time. The first image in each series (a, e) contains an image of the across the time series, used to measure average grayscale value of the lesion generated by the researchers with a scale bar. The second lesioned area through time. Second white polygons of the same size image in each series (b, f) is the same image that has been scaled to and shape are added to measure average grayscale value of healthy black and white according to the parameters of healthy tissue and tissue of the same area, which is then compared to the lesion area for lesioned tissue. Subsequent images (c–d, g–h) depict the same coral relative difference in lesion pigment level compared to healthy tissue individuals as lesions recover through time. Red...",8a7c3c6f895e91094e0aecff2df6270978df6d844afacb89765672e7c53e2de6
347f789a-ef73-4089-aa77-0e46f2b2d196,Townsend et al. - 2023 - Differing lesion recovery rates of two Caribbean stony coral species across a shallow water to mesop.pdf,literature/META_ANALYSIS_POOL/Townsend et al. - 2023 - Differing lesion recovery rates of two Caribbean stony coral species across a shallow water to mesop.pdf,9,5,numeric_keyword_window,,text,12,"then compared to “null” models of standard linear regres- Modeled TRR and LCR were not affected by changes in / sions of each recovery metric and depth alone using a Wald’s depth. All colonies regardless of depth showed regenera- / Chi-square comparison to assess for significantly increased tion of tissue and lesion closure (Fig. 2). Multiple regression / model fit with additional terms. Nonsignificant terms in each with additional variables significantly increased model fit / of the saturated models were then removed for new multiple for TRR (Wald’s Chi-square comparison p = 0.013), specifi-",8a7c3c6f895e91094e0aecff2df6270978df6d844afacb89765672e7c53e2de6
347f789a-ef73-4089-aa77-0e46f2b2d196,Townsend et al. - 2023 - Differing lesion recovery rates of two Caribbean stony coral species across a shallow water to mesop.pdf,literature/META_ANALYSIS_POOL/Townsend et al. - 2023 - Differing lesion recovery rates of two Caribbean stony coral species across a shallow water to mesop.pdf,10,6,caption_or_table_start,Table 1,table,12,"Table 1 Slope, significant terms and r2 value of all linear regressions tested for O. franksi Orbicella franksi recovery model summaries Recovery metric Model type r2 value Model p-value Significant terms Term p-value Slope of terms",8a7c3c6f895e91094e0aecff2df6270978df6d844afacb89765672e7c53e2de6
347f789a-ef73-4089-aa77-0e46f2b2d196,Townsend et al. - 2023 - Differing lesion recovery rates of two Caribbean stony coral species across a shallow water to mesop.pdf,literature/META_ANALYSIS_POOL/Townsend et al. - 2023 - Differing lesion recovery rates of two Caribbean stony coral species across a shallow water to mesop.pdf,11,7,numeric_keyword_window,,text,12,"Fig. 2 Tissue regeneration rates, lesion closure rates, and pigmenta- best-fit regression modeling outputs. For both points and lines, blue / tion recovery rates for O. franksi individuals (top) and A. lamarcki represents individuals in shallow water, red represents individuals in / individuals (bottom). Points indicate actual values, lines indicate MCEs. For clarity, only significant regression lines are included",8a7c3c6f895e91094e0aecff2df6270978df6d844afacb89765672e7c53e2de6
347f789a-ef73-4089-aa77-0e46f2b2d196,Townsend et al. - 2023 - Differing lesion recovery rates of two Caribbean stony coral species across a shallow water to mesop.pdf,literature/META_ANALYSIS_POOL/Townsend et al. - 2023 - Differing lesion recovery rates of two Caribbean stony coral species across a shallow water to mesop.pdf,12,8,caption_or_table_start,Table 2,table,12,"Table 2 Slope, significant terms and r2 value of all linear regressions tested for A. lamarcki Agaricia lamarcki recovery model summaries Recovery metric Model type r2 value Model p-value Significant terms Term p-value Slope of terms",8a7c3c6f895e91094e0aecff2df6270978df6d844afacb89765672e7c53e2de6
26d408bb-bf97-4b1a-8b59-a62f74d3d475,Van Woesik - 1998 - Lesion healing on massive Porites spp. corals.pdf,literature/META_ANALYSIS_POOL/Van Woesik - 1998 - Lesion healing on massive Porites spp. corals.pdf,1,3,numeric_keyword_window,,text,23,"351 and 1310 mm2 the healing rate is - 0 . 0 1 2 ~mm2 d-'. / All lesions were covered with approximately 3 0 % These functions show that the rate of healing / filamentous algae after 2 wk and with at least 60% decreases as the size of the lesion increases (Fig. 1). / algae and conspicuous deposits of sediment after 1 mo. Lesions progressively healed from variable shapes to / Regeneration commenced with an initial 2 to 3 mm ovals and circles, consequently inducing a higher",28875897220487c2d3239c7c424d998c304e188e3f8c04b355df43351b0a51ef
26d408bb-bf97-4b1a-8b59-a62f74d3d475,Van Woesik - 1998 - Lesion healing on massive Porites spp. corals.pdf,literature/META_ANALYSIS_POOL/Van Woesik - 1998 - Lesion healing on massive Porites spp. corals.pdf,2,3,numeric_keyword_window,,text,23,"All lesions were covered with approximately 3 0 % These functions show that the rate of healing / filamentous algae after 2 wk and with at least 60% decreases as the size of the lesion increases (Fig. 1). / algae and conspicuous deposits of sediment after 1 mo. Lesions progressively healed from variable shapes to / Regeneration commenced with an initial 2 to 3 mm ovals and circles, consequently inducing a higher / upward growth of the healing edge followed by lateral perimeter to surface area ratio. Indeed, leslons with a",28875897220487c2d3239c7c424d998c304e188e3f8c04b355df43351b0a51ef
26d408bb-bf97-4b1a-8b59-a62f74d3d475,Van Woesik - 1998 - Lesion healing on massive Porites spp. corals.pdf,literature/META_ANALYSIS_POOL/Van Woesik - 1998 - Lesion healing on massive Porites spp. corals.pdf,3,2,numeric_keyword_window,,text,22,"dance with the lesion size class. Nails were set 10 cm culations. To calculate the rate of change in healing / apart for A size lesions, 12 cm apart for B size lesions over time, Eq. (1) was differentiated to get / and 15 cm apart for C size leslons. / Lesion recovery, together with algal density and / abundance of sediment on each lesion, were moni- To test the hypothesis that a lesion's perimeter to sur-",28875897220487c2d3239c7c424d998c304e188e3f8c04b355df43351b0a51ef
26d408bb-bf97-4b1a-8b59-a62f74d3d475,Van Woesik - 1998 - Lesion healing on massive Porites spp. corals.pdf,literature/META_ANALYSIS_POOL/Van Woesik - 1998 - Lesion healing on massive Porites spp. corals.pdf,4,2,numeric_keyword_window,,text,22,"of each lesion along its central axis. The distance area estimates were amalgamated for each size class at / between the nail markers varied consistently in accor- each observation time and used as replicates in the cal- / dance with the lesion size class. Nails were set 10 cm culations. To calculate the rate of change in healing / apart for A size lesions, 12 cm apart for B size lesions over time, Eq. (1) was differentiated to get / and 15 cm apart for C size leslons.",28875897220487c2d3239c7c424d998c304e188e3f8c04b355df43351b0a51ef
26d408bb-bf97-4b1a-8b59-a62f74d3d475,Van Woesik - 1998 - Lesion healing on massive Porites spp. corals.pdf,literature/META_ANALYSIS_POOL/Van Woesik - 1998 - Lesion healing on massive Porites spp. corals.pdf,5,3,numeric_keyword_window,,text,21,RESULTS healing rate is -O.O1?y mm2 d-'; for a lesion y between / 351 and 1310 mm2 the healing rate is - 0 . 0 1 2 ~mm2 d-'. / All lesions were covered with approximately 3 0 % These functions show that the rate of healing / filamentous algae after 2 wk and with at least 60% decreases as the size of the lesion increases (Fig. 1). / algae and conspicuous deposits of sediment after 1 mo. Lesions progressively healed from variable shapes to,28875897220487c2d3239c7c424d998c304e188e3f8c04b355df43351b0a51ef
26d408bb-bf97-4b1a-8b59-a62f74d3d475,Van Woesik - 1998 - Lesion healing on massive Porites spp. corals.pdf,literature/META_ANALYSIS_POOL/Van Woesik - 1998 - Lesion healing on massive Porites spp. corals.pdf,6,3,numeric_keyword_window,,text,21,mm2 d-'; for a lesion y between 151 and 350 mm2 the / RESULTS healing rate is -O.O1?y mm2 d-'; for a lesion y between / 351 and 1310 mm2 the healing rate is - 0 . 0 1 2 ~mm2 d-'. / All lesions were covered with approximately 3 0 % These functions show that the rate of healing / filamentous algae after 2 wk and with at least 60% decreases as the size of the lesion increases (Fig. 1).,28875897220487c2d3239c7c424d998c304e188e3f8c04b355df43351b0a51ef
26d408bb-bf97-4b1a-8b59-a62f74d3d475,Van Woesik - 1998 - Lesion healing on massive Porites spp. corals.pdf,literature/META_ANALYSIS_POOL/Van Woesik - 1998 - Lesion healing on massive Porites spp. corals.pdf,7,3,numeric_keyword_window,,text,20,"(Sokal & Rohlf 1995). ative of the negative exponential function, the healing / rate for a lesion y between 15 and 150 mm2 is - 0 . 0 2 9 ~ / mm2 d-'; for a lesion y between 151 and 350 mm2 the / RESULTS healing rate is -O.O1?y mm2 d-'; for a lesion y between / 351 and 1310 mm2 the healing rate is - 0 . 0 1 2 ~mm2 d-'.",28875897220487c2d3239c7c424d998c304e188e3f8c04b355df43351b0a51ef
26d408bb-bf97-4b1a-8b59-a62f74d3d475,Van Woesik - 1998 - Lesion healing on massive Porites spp. corals.pdf,literature/META_ANALYSIS_POOL/Van Woesik - 1998 - Lesion healing on massive Porites spp. corals.pdf,8,3,numeric_keyword_window,,text,20,rate for a lesion y between 15 and 150 mm2 is - 0 . 0 2 9 ~ / mm2 d-'; for a lesion y between 151 and 350 mm2 the / RESULTS healing rate is -O.O1?y mm2 d-'; for a lesion y between / 351 and 1310 mm2 the healing rate is - 0 . 0 1 2 ~mm2 d-'. / All lesions were covered with approximately 3 0 % These functions show that the rate of healing,28875897220487c2d3239c7c424d998c304e188e3f8c04b355df43351b0a51ef
26d408bb-bf97-4b1a-8b59-a62f74d3d475,Van Woesik - 1998 - Lesion healing on massive Porites spp. corals.pdf,literature/META_ANALYSIS_POOL/Van Woesik - 1998 - Lesion healing on massive Porites spp. corals.pdf,9,3,numeric_keyword_window,,text,20,"were analysed for concordance via Kendall's r statistic nentially in size through time. Using Eq. ( 3 ) ,the deriv- / (Sokal & Rohlf 1995). ative of the negative exponential function, the healing / rate for a lesion y between 15 and 150 mm2 is - 0 . 0 2 9 ~ / mm2 d-'; for a lesion y between 151 and 350 mm2 the / RESULTS healing rate is -O.O1?y mm2 d-'; for a lesion y between",28875897220487c2d3239c7c424d998c304e188e3f8c04b355df43351b0a51ef
26d408bb-bf97-4b1a-8b59-a62f74d3d475,Van Woesik - 1998 - Lesion healing on massive Porites spp. corals.pdf,literature/META_ANALYSIS_POOL/Van Woesik - 1998 - Lesion healing on massive Porites spp. corals.pdf,10,4,caption_or_table_start,Fig. 1,figure,20,"Fig. 1. Regeneration of lesions on massive Pontes spp using the exponential equation y = be ""'and its equivalent Iny = Inb - at, fitted regressions and 95% confidence llrn~ts(dashed lines) are drawn on each graph. (a) (Size A) Lesion size y = 3.36 - 0.029 X days (SE for b is 0.21, SE for a is 0.003, R',,, = 0.641, p < 0.001). Note overlap of 2 (*)and 6 (t)data points at 0 on the left y-axls (b) (Size B) Lesion size y = 4.89 - 0.017 X days (SE for b is 0.23, SE for a is 0.002, RZad,= 0.625, p < 0.001). Note instances of over- lap of 3 data points each (*,t, *)at 0 on the left y-axis. (c) (Size C) Lesion size y = 5.91 - 0.012 X days (SE for b is 0.22, SE for a is 0.001, ~ ' , d , = 0.690, p < 0.001). Note overlap of 4 (*) and 3 (t)data points at 0 on the left y-axis. Lesion A from Colony 4 and lesion C from Colony 9 were removed from the model because of their considerable expansion in winter; these lesions were at the most shallow depths, i.e. at -13 cm and -11 cm low water datum, re...",28875897220487c2d3239c7c424d998c304e188e3f8c04b355df43351b0a51ef
26d408bb-bf97-4b1a-8b59-a62f74d3d475,Van Woesik - 1998 - Lesion healing on massive Porites spp. corals.pdf,literature/META_ANALYSIS_POOL/Van Woesik - 1998 - Lesion healing on massive Porites spp. corals.pdf,11,4,numeric_keyword_window,,text,18,"(b) (Size B) Lesion size y = 4.89 - 0.017 X days (SE for b is 0.23, SE for a is 0.002, RZad,= 0.625, p < 0.001). Note instances of over- / lap of 3 data points each (*,t, *)at 0 on the left y-axis. (c) (Size C) Lesion size y = 5.91 - 0.012 X days (SE for b is 0.22, SE for a is / 0.001, ~ ' , d , = 0.690, p < 0.001). Note overlap of 4 (*) and 3 (t)data points at 0 on the left y-axis. Lesion A from Colony 4 and lesion / C from Colony 9 were removed from the model because of their considerable expansion in winter; these lesions were at the most / shallow depths, i.e. at -13 cm and -11 cm low water datum, respectively (Table 2). The time constants I/a for (a), (b),and (c) are",28875897220487c2d3239c7c424d998c304e188e3f8c04b355df43351b0a51ef
26d408bb-bf97-4b1a-8b59-a62f74d3d475,Van Woesik - 1998 - Lesion healing on massive Porites spp. corals.pdf,literature/META_ANALYSIS_POOL/Van Woesik - 1998 - Lesion healing on massive Porites spp. corals.pdf,12,3,caption_or_table_start,Table l,table,17,"Table l . Porites lutea and P. lobata. Regression analyses and slope comparisons for lesion healing on massive corals. Data were fltted to the equation Inp = lnb - at, where Iny is natural logarithm transformation of the lesion size + 1, b is the intercept, a is the slope of the Line, and t the time in days, n is the number of data points, R'lddl is the percentage variance accounted for, p,,., is the probab~htyof regression, and p,,,, is the probability of no difference between slopes. ""'p < 0.001, ns: not significant",28875897220487c2d3239c7c424d998c304e188e3f8c04b355df43351b0a51ef
